movie,trackname,musicDirector,singers,cast,releaseYear
Kaho Naa... Pyaar Hai,Kaho Naa Pyaar Hai,Rajesh Roshan,Udit Narayan & Alka Yagnik,"Hrithik Roshan, Ameesha Patel, Anupam Kher, Dalip Tahil, Mohnish Behl, Ashish Vidhyarthi, Tannaz Irani, Johny Lever, Satish Shah, Farida Jalal",2000
Kaho Naa... Pyaar Hai,Na Tum Jano Na Hum,Rajesh Roshan,Lucky Ali & Ramya,"Hrithik Roshan, Ameesha Patel, Anupam Kher, Dalip Tahil, Mohnish Behl, Ashish Vidhyarthi, Tannaz Irani, Johny Lever, Satish Shah, Farida Jalal",2000
Kaho Naa... Pyaar Hai,Pyaar Ki Kashti Mein,Rajesh Roshan,Udit Narayan & Alka Yagnik,"Hrithik Roshan, Ameesha Patel, Anupam Kher, Dalip Tahil, Mohnish Behl, Ashish Vidhyarthi, Tannaz Irani, Johny Lever, Satish Shah, Farida Jalal",2000
Kaho Naa... Pyaar Hai,Janeman Janeman,Rajesh Roshan,Asha Bhosle,"Hrithik Roshan, Ameesha Patel, Anupam Kher, Dalip Tahil, Mohnish Behl, Ashish Vidhyarthi, Tannaz Irani, Johny Lever, Satish Shah, Farida Jalal",2000
Kaho Naa... Pyaar Hai,Chand Sitaare,Rajesh Roshan,"Sachin-Jigar, Varun Jain, Shadab Faridi, Altamash Faridi & Amitabh Bhattacharya","Hrithik Roshan, Ameesha Patel, Anupam Kher, Dalip Tahil, Mohnish Behl, Ashish Vidhyarthi, Tannaz Irani, Johny Lever, Satish Shah, Farida Jalal",2000
Kaho Naa... Pyaar Hai,Dil Ne Dil Ko Pukara,Rajesh Roshan,Babul Supriyo,"Hrithik Roshan, Ameesha Patel, Anupam Kher, Dalip Tahil, Mohnish Behl, Ashish Vidhyarthi, Tannaz Irani, Johny Lever, Satish Shah, Farida Jalal",2000
Kaho Naa... Pyaar Hai,"Kaho Naa Pyaar Hai"" (Sad Version)",Rajesh Roshan,Lucky Ali,"Hrithik Roshan, Ameesha Patel, Anupam Kher, Dalip Tahil, Mohnish Behl, Ashish Vidhyarthi, Tannaz Irani, Johny Lever, Satish Shah, Farida Jalal",2000
Kaho Naa... Pyaar Hai,Ek Pal Ka Jeena,Rajesh Roshan,Lucky Ali,"Hrithik Roshan, Ameesha Patel, Anupam Kher, Dalip Tahil, Mohnish Behl, Ashish Vidhyarthi, Tannaz Irani, Johny Lever, Satish Shah, Farida Jalal",2000
Kaho Naa... Pyaar Hai,"Believe in Love"" (Theme Music)",Rajesh Roshan,Rajesh Roshan,"Hrithik Roshan, Ameesha Patel, Anupam Kher, Dalip Tahil, Mohnish Behl, Ashish Vidhyarthi, Tannaz Irani, Johny Lever, Satish Shah, Farida Jalal",2000
Mohabbatein,Humko Humise Chura Lo,Jatin–Lalit,Lata Mangeshkar & Udit Narayan,"Amitabh Bachchan, Shah Rukh Khan, Uday Chopra, Jugal Hansraj, Jimmy Shergill, Aishwarya Rai Bachchan, Preeti Jhangiani, Shamita Shetty, Kim Sharma, Anupam Kher",2000
Mohabbatein,"Chalte Chalte"" (Part 1)",Jatin–Lalit,Kishore Kumar,"Amitabh Bachchan, Shah Rukh Khan, Uday Chopra, Jugal Hansraj, Jimmy Shergill, Aishwarya Rai Bachchan, Preeti Jhangiani, Shamita Shetty, Kim Sharma, Anupam Kher",2000
Mohabbatein,Pairon Mein Bandhan Hai (Part 1),Jatin–Lalit,"Ishaan, Manohar Shetty, Pritha Mazumdar, Shweta Pandit, Sonali Bhatawdekar & Udbhav","Amitabh Bachchan, Shah Rukh Khan, Uday Chopra, Jugal Hansraj, Jimmy Shergill, Aishwarya Rai Bachchan, Preeti Jhangiani, Shamita Shetty, Kim Sharma, Anupam Kher",2000
Mohabbatein,Aankhein Khuli,Jatin–Lalit,"Ishaan, Lata Mangeshkar, Manohar Shetty, Pritha Mazumdar, Shah Rukh Khan, Shweta Pandit, Sonali Bhatawdekar, Udbhav & Udit Narayan","Amitabh Bachchan, Shah Rukh Khan, Uday Chopra, Jugal Hansraj, Jimmy Shergill, Aishwarya Rai Bachchan, Preeti Jhangiani, Shamita Shetty, Kim Sharma, Anupam Kher",2000
Mohabbatein,Soni Soni,Jatin–Lalit,"Darshan Raval, Jonita Gandhi & Rochak Kohli","Amitabh Bachchan, Shah Rukh Khan, Uday Chopra, Jugal Hansraj, Jimmy Shergill, Aishwarya Rai Bachchan, Preeti Jhangiani, Shamita Shetty, Kim Sharma, Anupam Kher",2000
Mohabbatein,"Chalte Chalte"" (Part 2 (Not in the film))",Jatin–Lalit,"Ishaan, Manohar Shetty, Pritha Mazumdar, Shweta Pandit, Sonali Bhatawdekar & Udbhav","Amitabh Bachchan, Shah Rukh Khan, Uday Chopra, Jugal Hansraj, Jimmy Shergill, Aishwarya Rai Bachchan, Preeti Jhangiani, Shamita Shetty, Kim Sharma, Anupam Kher",2000
Mohabbatein,Zinda Rehti Hain Mohabbatein (Part 2 of Pairon Mein Bandhan Hai),Jatin–Lalit,Not Found,"Amitabh Bachchan, Shah Rukh Khan, Uday Chopra, Jugal Hansraj, Jimmy Shergill, Aishwarya Rai Bachchan, Preeti Jhangiani, Shamita Shetty, Kim Sharma, Anupam Kher",2000
Mohabbatein,"Mohabbatein Love Themes"" (Instrumental)",Jatin–Lalit,Jatin-Lalit,"Amitabh Bachchan, Shah Rukh Khan, Uday Chopra, Jugal Hansraj, Jimmy Shergill, Aishwarya Rai Bachchan, Preeti Jhangiani, Shamita Shetty, Kim Sharma, Anupam Kher",2000
Mohabbatein,"Rhythms of Mohabbatein"" (Instrumental)",Jatin–Lalit,Jatin-Lalit,"Amitabh Bachchan, Shah Rukh Khan, Uday Chopra, Jugal Hansraj, Jimmy Shergill, Aishwarya Rai Bachchan, Preeti Jhangiani, Shamita Shetty, Kim Sharma, Anupam Kher",2000
Mission Kashmir,Bumbro,Shankar-Ehsaan-Loy,"Shankar Mahadevan, Sunidhi Chauhan & Jaspinder Narula","Sanjay Dutt, Hrithik Roshan, Preity Zinta, Jackie Shroff, Sonali Kulkarni, Puru Raaj Kumar, Rajendra Gupta, Abhay Chopra, Vineet Sharma, Ashok Banthia",2000
Mission Kashmir,Chupke Se Sun,Shankar-Ehsaan-Loy,"Murtuza, Qadir & Sadhana Sargam","Sanjay Dutt, Hrithik Roshan, Preity Zinta, Jackie Shroff, Sonali Kulkarni, Puru Raaj Kumar, Rajendra Gupta, Abhay Chopra, Vineet Sharma, Ashok Banthia",2000
Mission Kashmir,Rind Posh Maal,Shankar-Ehsaan-Loy,Shankar Mahadevan,"Sanjay Dutt, Hrithik Roshan, Preity Zinta, Jackie Shroff, Sonali Kulkarni, Puru Raaj Kumar, Rajendra Gupta, Abhay Chopra, Vineet Sharma, Ashok Banthia",2000
Mission Kashmir,Socho Ke Jheelon Ka,Shankar-Ehsaan-Loy,Udit Narayan & Alka Yagnik,"Sanjay Dutt, Hrithik Roshan, Preity Zinta, Jackie Shroff, Sonali Kulkarni, Puru Raaj Kumar, Rajendra Gupta, Abhay Chopra, Vineet Sharma, Ashok Banthia",2000
Mission Kashmir,Maaf Karo,Shankar-Ehsaan-Loy,Vinod Rathod & Anuradha Paudwal,"Sanjay Dutt, Hrithik Roshan, Preity Zinta, Jackie Shroff, Sonali Kulkarni, Puru Raaj Kumar, Rajendra Gupta, Abhay Chopra, Vineet Sharma, Ashok Banthia",2000
Mission Kashmir,So Ja Chanda,Shankar-Ehsaan-Loy,Mahalakshmi Iyer,"Sanjay Dutt, Hrithik Roshan, Preity Zinta, Jackie Shroff, Sonali Kulkarni, Puru Raaj Kumar, Rajendra Gupta, Abhay Chopra, Vineet Sharma, Ashok Banthia",2000
Mission Kashmir,Dhuan Dhuan,Shankar-Ehsaan-Loy,"Rochak Kohli, Sanjith Hegde & Gurpreet Saini","Sanjay Dutt, Hrithik Roshan, Preity Zinta, Jackie Shroff, Sonali Kulkarni, Puru Raaj Kumar, Rajendra Gupta, Abhay Chopra, Vineet Sharma, Ashok Banthia",2000
Hera Pheri,"Mujhse Milti Hai Ek Ladki Rozana"" (Not used in the film)","Anu Malik, Guest Composers:, Lalit Sen, Bally Sagoo, Background Score:, Surinder Sodhi","Udit Narayan, Alka Yagnik & Sameer","Akshay Kumar, Suniel Shetty, Paresh Rawal, Tabu, Om Puri, Gulshan Grover, Kulbhushan Kharbanda, Mukesh Khanna, Asrani, Razak Khan",2000
Hera Pheri,Jab Bhi Koi Haseena,"Anu Malik, Guest Composers:, Lalit Sen, Bally Sagoo, Background Score:, Surinder Sodhi",KK & Sameer,"Akshay Kumar, Suniel Shetty, Paresh Rawal, Tabu, Om Puri, Gulshan Grover, Kulbhushan Kharbanda, Mukesh Khanna, Asrani, Razak Khan",2000
Hera Pheri,Main Ladki Pom Pom,"Anu Malik, Guest Composers:, Lalit Sen, Bally Sagoo, Background Score:, Surinder Sodhi",Not Found,"Akshay Kumar, Suniel Shetty, Paresh Rawal, Tabu, Om Puri, Gulshan Grover, Kulbhushan Kharbanda, Mukesh Khanna, Asrani, Razak Khan",2000
Hera Pheri,Denewala Jab Bhi Deta Deta Chhappar Phaad Ke,"Anu Malik, Guest Composers:, Lalit Sen, Bally Sagoo, Background Score:, Surinder Sodhi",Not Found,"Akshay Kumar, Suniel Shetty, Paresh Rawal, Tabu, Om Puri, Gulshan Grover, Kulbhushan Kharbanda, Mukesh Khanna, Asrani, Razak Khan",2000
Hera Pheri,Humba Leela,"Anu Malik, Guest Composers:, Lalit Sen, Bally Sagoo, Background Score:, Surinder Sodhi","Abhijeet, Hariharan, Vinod Rathod & Sameer","Akshay Kumar, Suniel Shetty, Paresh Rawal, Tabu, Om Puri, Gulshan Grover, Kulbhushan Kharbanda, Mukesh Khanna, Asrani, Razak Khan",2000
Hera Pheri,Tun Tunak Tun,"Anu Malik, Guest Composers:, Lalit Sen, Bally Sagoo, Background Score:, Surinder Sodhi",Daler Mehndi,"Akshay Kumar, Suniel Shetty, Paresh Rawal, Tabu, Om Puri, Gulshan Grover, Kulbhushan Kharbanda, Mukesh Khanna, Asrani, Razak Khan",2000
Hera Pheri,"Sun Zara"" (Not used in the film)","Anu Malik, Guest Composers:, Lalit Sen, Bally Sagoo, Background Score:, Surinder Sodhi",Sonu Nigam,"Akshay Kumar, Suniel Shetty, Paresh Rawal, Tabu, Om Puri, Gulshan Grover, Kulbhushan Kharbanda, Mukesh Khanna, Asrani, Razak Khan",2000
Hera Pheri,Tun Tunak Tun (Dance Mix),"Anu Malik, Guest Composers:, Lalit Sen, Bally Sagoo, Background Score:, Surinder Sodhi",Daler Mehndi,"Akshay Kumar, Suniel Shetty, Paresh Rawal, Tabu, Om Puri, Gulshan Grover, Kulbhushan Kharbanda, Mukesh Khanna, Asrani, Razak Khan",2000
Kabhi Khushi Kabhie Gham,Kabhi Khushi Kabhie Gham,"Jatin-Lalit, Sandesh Shandilya, Aadesh Shrivastava",Jatin-Lalit & Lata Mangeshkar,"Amitabh Bachchan, Shah Rukh Khan, Hrithik Roshan, Kajol, Jaya Bachchan, Kareena Kapoor Khan, Rani Mukerji, Farida Jalal, Jugal Hansraj, Alok Nath",2001
Kabhi Khushi Kabhie Gham,Bole Chudiyan,"Jatin-Lalit, Sandesh Shandilya, Aadesh Shrivastava","Amit Kumar, Jatin-Lalit, Sonu Nigam, Alka Yagnik, Udit Narayan & Kavita Krishnamurthy","Amitabh Bachchan, Shah Rukh Khan, Hrithik Roshan, Kajol, Jaya Bachchan, Kareena Kapoor Khan, Rani Mukerji, Farida Jalal, Jugal Hansraj, Alok Nath",2001
Kabhi Khushi Kabhie Gham,You Are My Soniya,"Jatin-Lalit, Sandesh Shandilya, Aadesh Shrivastava","Sandesh Shandilya, Sonu Nigam & Alka Yagnik","Amitabh Bachchan, Shah Rukh Khan, Hrithik Roshan, Kajol, Jaya Bachchan, Kareena Kapoor Khan, Rani Mukerji, Farida Jalal, Jugal Hansraj, Alok Nath",2001
Kabhi Khushi Kabhie Gham,Suraj Hua Maddham,"Jatin-Lalit, Sandesh Shandilya, Aadesh Shrivastava","Sandesh Shandilya, Sonu Nigam & Alka Yagnik","Amitabh Bachchan, Shah Rukh Khan, Hrithik Roshan, Kajol, Jaya Bachchan, Kareena Kapoor Khan, Rani Mukerji, Farida Jalal, Jugal Hansraj, Alok Nath",2001
Kabhi Khushi Kabhie Gham,Say Shava Shava,"Jatin-Lalit, Sandesh Shandilya, Aadesh Shrivastava","Aadesh Shrivastava, Sudesh Bhosle, Alka Yagnik, Amitabh Bachchan, Sunidhi Chauhan & Udit Narayan","Amitabh Bachchan, Shah Rukh Khan, Hrithik Roshan, Kajol, Jaya Bachchan, Kareena Kapoor Khan, Rani Mukerji, Farida Jalal, Jugal Hansraj, Alok Nath",2001
Kabhi Khushi Kabhie Gham,Yeh Ladka Hai Allah,"Jatin-Lalit, Sandesh Shandilya, Aadesh Shrivastava","Jatin-Lalit, Udit Narayan & Alka Yagnik","Amitabh Bachchan, Shah Rukh Khan, Hrithik Roshan, Kajol, Jaya Bachchan, Kareena Kapoor Khan, Rani Mukerji, Farida Jalal, Jugal Hansraj, Alok Nath",2001
Kabhi Khushi Kabhie Gham,"Kabhi Khushi Kabhie Gham"" (Sad) (Part 1)","Jatin-Lalit, Sandesh Shandilya, Aadesh Shrivastava",Kris Bowers,"Amitabh Bachchan, Shah Rukh Khan, Hrithik Roshan, Kajol, Jaya Bachchan, Kareena Kapoor Khan, Rani Mukerji, Farida Jalal, Jugal Hansraj, Alok Nath",2001
Kabhi Khushi Kabhie Gham,Deewana Hai Dekho,"Jatin-Lalit, Sandesh Shandilya, Aadesh Shrivastava","Alka Yagnik, Sandesh Shandilya, Sonu Nigam & Kareena Kapoor","Amitabh Bachchan, Shah Rukh Khan, Hrithik Roshan, Kajol, Jaya Bachchan, Kareena Kapoor Khan, Rani Mukerji, Farida Jalal, Jugal Hansraj, Alok Nath",2001
Kabhi Khushi Kabhie Gham,"Kabhi Khushi Kabhie Gham"" (Sad) (Part 2)","Jatin-Lalit, Sandesh Shandilya, Aadesh Shrivastava",Kris Bowers,"Amitabh Bachchan, Shah Rukh Khan, Hrithik Roshan, Kajol, Jaya Bachchan, Kareena Kapoor Khan, Rani Mukerji, Farida Jalal, Jugal Hansraj, Alok Nath",2001
Kabhi Khushi Kabhie Gham,Soul of K3G,"Jatin-Lalit, Sandesh Shandilya, Aadesh Shrivastava",Sandesh Shandilya,"Amitabh Bachchan, Shah Rukh Khan, Hrithik Roshan, Kajol, Jaya Bachchan, Kareena Kapoor Khan, Rani Mukerji, Farida Jalal, Jugal Hansraj, Alok Nath",2001
Kabhi Khushi Kabhie Gham,Vande Mataram[a],"Jatin-Lalit, Sandesh Shandilya, Aadesh Shrivastava","Sandesh Shandilya, Usha Uthup & Kavita Krishnamurthy","Amitabh Bachchan, Shah Rukh Khan, Hrithik Roshan, Kajol, Jaya Bachchan, Kareena Kapoor Khan, Rani Mukerji, Farida Jalal, Jugal Hansraj, Alok Nath",2001
Gadar: Ek Prem Katha,"Udja Kale Kawan"" (Folk)",Uttam Singh,Alka Yagnik & Udit Narayan,"Sunny Deol, Ameesha Patel, Amrish Puri, Lillete Dubey, Vivek Shauq, Utkarsh Sharma, Suresh Oberoi, Madhumalti Kapoor, Pramod Moutho, Mushtaq Khan",2001
Gadar: Ek Prem Katha,Musafir Jaane Wale,Uttam Singh,Udit Narayan & Preeti Uttam Singh,"Sunny Deol, Ameesha Patel, Amrish Puri, Lillete Dubey, Vivek Shauq, Utkarsh Sharma, Suresh Oberoi, Madhumalti Kapoor, Pramod Moutho, Mushtaq Khan",2001
Gadar: Ek Prem Katha,Main Nikla Gaddi Leke,Uttam Singh,"Mithoon, Udit Narayan & Aditya Narayan","Sunny Deol, Ameesha Patel, Amrish Puri, Lillete Dubey, Vivek Shauq, Utkarsh Sharma, Suresh Oberoi, Madhumalti Kapoor, Pramod Moutho, Mushtaq Khan",2001
Gadar: Ek Prem Katha,"Udja Kale Kawan"" (Marriage)",Uttam Singh,Alka Yagnik & Udit Narayan,"Sunny Deol, Ameesha Patel, Amrish Puri, Lillete Dubey, Vivek Shauq, Utkarsh Sharma, Suresh Oberoi, Madhumalti Kapoor, Pramod Moutho, Mushtaq Khan",2001
Gadar: Ek Prem Katha,Hum Juda Ho Gaye,Uttam Singh,Udit Narayan & Preeti Uttam Singh,"Sunny Deol, Ameesha Patel, Amrish Puri, Lillete Dubey, Vivek Shauq, Utkarsh Sharma, Suresh Oberoi, Madhumalti Kapoor, Pramod Moutho, Mushtaq Khan",2001
Gadar: Ek Prem Katha,"Udja Kale Kawan"" (Search)",Uttam Singh,Alka Yagnik & Udit Narayan,"Sunny Deol, Ameesha Patel, Amrish Puri, Lillete Dubey, Vivek Shauq, Utkarsh Sharma, Suresh Oberoi, Madhumalti Kapoor, Pramod Moutho, Mushtaq Khan",2001
Gadar: Ek Prem Katha,Aan Milo Sajna,Uttam Singh,Ajoy Chakraborthy & Parveen Sultana,"Sunny Deol, Ameesha Patel, Amrish Puri, Lillete Dubey, Vivek Shauq, Utkarsh Sharma, Suresh Oberoi, Madhumalti Kapoor, Pramod Moutho, Mushtaq Khan",2001
Gadar: Ek Prem Katha,"Udja Kale Kawan"" (Victory)",Uttam Singh,Alka Yagnik & Udit Narayan,"Sunny Deol, Ameesha Patel, Amrish Puri, Lillete Dubey, Vivek Shauq, Utkarsh Sharma, Suresh Oberoi, Madhumalti Kapoor, Pramod Moutho, Mushtaq Khan",2001
Gadar: Ek Prem Katha,Traditional Shaadi Geet,Uttam Singh,Preeti Uttam Singh,"Sunny Deol, Ameesha Patel, Amrish Puri, Lillete Dubey, Vivek Shauq, Utkarsh Sharma, Suresh Oberoi, Madhumalti Kapoor, Pramod Moutho, Mushtaq Khan",2001
Lagaan,Ghanan Ghanan,A. R. Rahman,"A.R. Rahman, Alka Yagnik, Sehar, Shaan, Shankar Mahadevan, Sukhwinder Singh & Udit Narayan","Aamir Khan, Gracy Singh, Rachel Shelley, Paul Blackthorne, Suhasini Mulay, Kulbhushan Kharbanda, Raghubir Yadav, Rajesh Vivek, Raj Zutshi, Pradeep Ram Singh Rawat",2001
Lagaan,Mitwa,A. R. Rahman,"Caralisa Monteiro, Shafqat Amanat Ali, Shankar Mahadevan & Shankar Ehsaan Loy","Aamir Khan, Gracy Singh, Rachel Shelley, Paul Blackthorne, Suhasini Mulay, Kulbhushan Kharbanda, Raghubir Yadav, Rajesh Vivek, Raj Zutshi, Pradeep Ram Singh Rawat",2001
Lagaan,Radha Kaise Na Jale,A. R. Rahman,"A.R. Rahman, Asha Bhosle, Udit Narayan & Vaishali Samant","Aamir Khan, Gracy Singh, Rachel Shelley, Paul Blackthorne, Suhasini Mulay, Kulbhushan Kharbanda, Raghubir Yadav, Rajesh Vivek, Raj Zutshi, Pradeep Ram Singh Rawat",2001
Lagaan,O Rey Chhori,A. R. Rahman,"A.R. Rahman, Alka Yagnik, Udit Narayan & Vasundhara Das","Aamir Khan, Gracy Singh, Rachel Shelley, Paul Blackthorne, Suhasini Mulay, Kulbhushan Kharbanda, Raghubir Yadav, Rajesh Vivek, Raj Zutshi, Pradeep Ram Singh Rawat",2001
Lagaan,Chale Chalo,A. R. Rahman,A.R. Rahman & Srinivas,"Aamir Khan, Gracy Singh, Rachel Shelley, Paul Blackthorne, Suhasini Mulay, Kulbhushan Kharbanda, Raghubir Yadav, Rajesh Vivek, Raj Zutshi, Pradeep Ram Singh Rawat",2001
Lagaan,O Paalanhaare,A. R. Rahman,"A.R. Rahman, Lata Mangeshkar & Udit Narayan","Aamir Khan, Gracy Singh, Rachel Shelley, Paul Blackthorne, Suhasini Mulay, Kulbhushan Kharbanda, Raghubir Yadav, Rajesh Vivek, Raj Zutshi, Pradeep Ram Singh Rawat",2001
Lagaan,Lagaan...Once Upon a Time in India,A. R. Rahman,A.R. Rahman & Anuradha Sriram,"Aamir Khan, Gracy Singh, Rachel Shelley, Paul Blackthorne, Suhasini Mulay, Kulbhushan Kharbanda, Raghubir Yadav, Rajesh Vivek, Raj Zutshi, Pradeep Ram Singh Rawat",2001
Lagaan,Waltz for a Romance,A. R. Rahman,A.R. Rahman,"Aamir Khan, Gracy Singh, Rachel Shelley, Paul Blackthorne, Suhasini Mulay, Kulbhushan Kharbanda, Raghubir Yadav, Rajesh Vivek, Raj Zutshi, Pradeep Ram Singh Rawat",2001
Dil Chahta Hai,Dil Chahta Hai,Shankar–Ehsaan–Loy,Shankar Mahadevan,"Aamir Khan, Akshaye Khanna, Saif Ali Khan, Preity Zinta, Dimple Kapadia, Sonali Kulkarni, Ayub Khan, Rajat Kapoor, Samantha Tremayne, Suchitra Pillai",2001
Dil Chahta Hai,Jane Kyun Log Pyar Karte Hain,Shankar–Ehsaan–Loy,Udit Narayan & Alka Yagnik,"Aamir Khan, Akshaye Khanna, Saif Ali Khan, Preity Zinta, Dimple Kapadia, Sonali Kulkarni, Ayub Khan, Rajat Kapoor, Samantha Tremayne, Suchitra Pillai",2001
Dil Chahta Hai,Woh Ladki Hai Kahan,Shankar–Ehsaan–Loy,Shaan & Kavita Subrahmanyam,"Aamir Khan, Akshaye Khanna, Saif Ali Khan, Preity Zinta, Dimple Kapadia, Sonali Kulkarni, Ayub Khan, Rajat Kapoor, Samantha Tremayne, Suchitra Pillai",2001
Dil Chahta Hai,Kaisi Hai Ye Rut,Shankar–Ehsaan–Loy,Srinivas,"Aamir Khan, Akshaye Khanna, Saif Ali Khan, Preity Zinta, Dimple Kapadia, Sonali Kulkarni, Ayub Khan, Rajat Kapoor, Samantha Tremayne, Suchitra Pillai",2001
Dil Chahta Hai,Koi Kahe Kehta Rahe,Shankar–Ehsaan–Loy,"Shankar Mahadevan, Shaan & KK","Aamir Khan, Akshaye Khanna, Saif Ali Khan, Preity Zinta, Dimple Kapadia, Sonali Kulkarni, Ayub Khan, Rajat Kapoor, Samantha Tremayne, Suchitra Pillai",2001
Dil Chahta Hai,Akash's Love Theme,Shankar–Ehsaan–Loy,Mike Harvey,"Aamir Khan, Akshaye Khanna, Saif Ali Khan, Preity Zinta, Dimple Kapadia, Sonali Kulkarni, Ayub Khan, Rajat Kapoor, Samantha Tremayne, Suchitra Pillai",2001
Dil Chahta Hai,Tanhayee,Shankar–Ehsaan–Loy,Sonu Nigam,"Aamir Khan, Akshaye Khanna, Saif Ali Khan, Preity Zinta, Dimple Kapadia, Sonali Kulkarni, Ayub Khan, Rajat Kapoor, Samantha Tremayne, Suchitra Pillai",2001
Dil Chahta Hai,Dil Chahta Hai (Reprise),Shankar–Ehsaan–Loy,Shankar Mahadevan,"Aamir Khan, Akshaye Khanna, Saif Ali Khan, Preity Zinta, Dimple Kapadia, Sonali Kulkarni, Ayub Khan, Rajat Kapoor, Samantha Tremayne, Suchitra Pillai",2001
Dil Chahta Hai,Rocking Goa,Shankar–Ehsaan–Loy,Akhil & Dhvani Bhanushali,"Aamir Khan, Akshaye Khanna, Saif Ali Khan, Preity Zinta, Dimple Kapadia, Sonali Kulkarni, Ayub Khan, Rajat Kapoor, Samantha Tremayne, Suchitra Pillai",2001
Devdas,Silsila Ye Chahat Ka,Ismail Darbar,Sonakshi Kar,"Shah Rukh Khan, Aishwarya Rai Bachchan, Madhuri Dixit, Jackie Shroff, Smita Jaykar, Manoj Joshi, Ananya Khare, Milind Gunaji, Dina Pathak, Kirron Kher",2002
Devdas,Kaahe Chhed,Ismail Darbar,"Birju Maharaj, Kavita Krishnamurthy & Madhuri Dixit","Shah Rukh Khan, Aishwarya Rai Bachchan, Madhuri Dixit, Jackie Shroff, Smita Jaykar, Manoj Joshi, Ananya Khare, Milind Gunaji, Dina Pathak, Kirron Kher",2002
Devdas,Bairi Piya,Ismail Darbar,Not Found,"Shah Rukh Khan, Aishwarya Rai Bachchan, Madhuri Dixit, Jackie Shroff, Smita Jaykar, Manoj Joshi, Ananya Khare, Milind Gunaji, Dina Pathak, Kirron Kher",2002
Devdas,Maar Daala,Ismail Darbar,Kavita Krishnamurthy & KK,"Shah Rukh Khan, Aishwarya Rai Bachchan, Madhuri Dixit, Jackie Shroff, Smita Jaykar, Manoj Joshi, Ananya Khare, Milind Gunaji, Dina Pathak, Kirron Kher",2002
Devdas,Chalak Chalak,Ismail Darbar,Sukhwinder Singh & Sapna Awasthi,"Shah Rukh Khan, Aishwarya Rai Bachchan, Madhuri Dixit, Jackie Shroff, Smita Jaykar, Manoj Joshi, Ananya Khare, Milind Gunaji, Dina Pathak, Kirron Kher",2002
Devdas,Hamesha Tumko Chaha,Ismail Darbar,"Soundtrack, Kavita Krishnamurthy & Udit Narayan","Shah Rukh Khan, Aishwarya Rai Bachchan, Madhuri Dixit, Jackie Shroff, Smita Jaykar, Manoj Joshi, Ananya Khare, Milind Gunaji, Dina Pathak, Kirron Kher",2002
Devdas,Woh Chand Jaisi Ladki,Ismail Darbar,Udit Narayan,"Shah Rukh Khan, Aishwarya Rai Bachchan, Madhuri Dixit, Jackie Shroff, Smita Jaykar, Manoj Joshi, Ananya Khare, Milind Gunaji, Dina Pathak, Kirron Kher",2002
Devdas,Morey Piya,Ismail Darbar,Jaspinder Narula & Shreya Ghoshal,"Shah Rukh Khan, Aishwarya Rai Bachchan, Madhuri Dixit, Jackie Shroff, Smita Jaykar, Manoj Joshi, Ananya Khare, Milind Gunaji, Dina Pathak, Kirron Kher",2002
Devdas,"Dev's Last Journey"" (Background score)",Ismail Darbar,Suvarna Tiwari,"Shah Rukh Khan, Aishwarya Rai Bachchan, Madhuri Dixit, Jackie Shroff, Smita Jaykar, Manoj Joshi, Ananya Khare, Milind Gunaji, Dina Pathak, Kirron Kher",2002
Devdas,Dola Re Dola,Ismail Darbar,"Kavita Krishnamurthy, Shreya Ghoshal & KK","Shah Rukh Khan, Aishwarya Rai Bachchan, Madhuri Dixit, Jackie Shroff, Smita Jaykar, Manoj Joshi, Ananya Khare, Milind Gunaji, Dina Pathak, Kirron Kher",2002
Raaz,Aapke Pyaar Mein Hum,Nadeem-Shravan,Alka Yagnik,"Bipasha Basu, Dino Morea, Ashutosh Rana, Malini Sharma, Shruti Ulfat, Vishwajeet Pradhan, Mink Brar, Ali Asgar, Anang Desai, Murali Sharma",2002
Raaz,Jo Bhi Kasmein,Nadeem-Shravan,Alka Yagnik & Udit Narayan,"Bipasha Basu, Dino Morea, Ashutosh Rana, Malini Sharma, Shruti Ulfat, Vishwajeet Pradhan, Mink Brar, Ali Asgar, Anang Desai, Murali Sharma",2002
Raaz,Kitna Pyaara Hai,Nadeem-Shravan,Alka Yagnik & Udit Narayan,"Bipasha Basu, Dino Morea, Ashutosh Rana, Malini Sharma, Shruti Ulfat, Vishwajeet Pradhan, Mink Brar, Ali Asgar, Anang Desai, Murali Sharma",2002
Raaz,Main Agar Saamne,Nadeem-Shravan,Abhijeet & Alka Yagnik,"Bipasha Basu, Dino Morea, Ashutosh Rana, Malini Sharma, Shruti Ulfat, Vishwajeet Pradhan, Mink Brar, Ali Asgar, Anang Desai, Murali Sharma",2002
Raaz,Itna Main Chaahoon,Nadeem-Shravan,Alka Yagnik & Udit Narayan,"Bipasha Basu, Dino Morea, Ashutosh Rana, Malini Sharma, Shruti Ulfat, Vishwajeet Pradhan, Mink Brar, Ali Asgar, Anang Desai, Murali Sharma",2002
Raaz,Mujhe Tere Jaise,Nadeem-Shravan,Udit Narayan & Sarika Kapoor,"Bipasha Basu, Dino Morea, Ashutosh Rana, Malini Sharma, Shruti Ulfat, Vishwajeet Pradhan, Mink Brar, Ali Asgar, Anang Desai, Murali Sharma",2002
Raaz,Yeh Sheher Hai,Nadeem-Shravan,"Suzzan, Bali Brahmbhatt & Jolly Mukherjee","Bipasha Basu, Dino Morea, Ashutosh Rana, Malini Sharma, Shruti Ulfat, Vishwajeet Pradhan, Mink Brar, Ali Asgar, Anang Desai, Murali Sharma",2002
Raaz,Pyaar Se Pyar Hum,Nadeem-Shravan,Abhijeet,"Bipasha Basu, Dino Morea, Ashutosh Rana, Malini Sharma, Shruti Ulfat, Vishwajeet Pradhan, Mink Brar, Ali Asgar, Anang Desai, Murali Sharma",2002
Raaz,Yeh Sheher Hai (Remix),Nadeem-Shravan,"Suzzan, Bali Brahmbhatt & Jolly Mukherjee","Bipasha Basu, Dino Morea, Ashutosh Rana, Malini Sharma, Shruti Ulfat, Vishwajeet Pradhan, Mink Brar, Ali Asgar, Anang Desai, Murali Sharma",2002
Hum Tumhare Hain Sanam,Hum Tumhare Hain Sanam,"Nadeem-Shravan, Daboo Malik, Bappi Lahiri, Nikhil-Vinay, Bali Brahmbhatt, Sajid-Wajid, Background Score:, Uttam Singh",Anuradha Paudwal & Udit Narayan,"Shah Rukh Khan, Salman Khan, Madhuri Dixit, Atul Agnihotri, Suman Ranganathan, Alok Nath, Aruna Irani, Laxmikant Berde, Vikas Anand, Dinesh Hingoo",2002
Hum Tumhare Hain Sanam,Khoye Khoye Din Hain,"Nadeem-Shravan, Daboo Malik, Bappi Lahiri, Nikhil-Vinay, Bali Brahmbhatt, Sajid-Wajid, Background Score:, Uttam Singh",Sonu Nigam & Anuradha Paudwal,"Shah Rukh Khan, Salman Khan, Madhuri Dixit, Atul Agnihotri, Suman Ranganathan, Alok Nath, Aruna Irani, Laxmikant Berde, Vikas Anand, Dinesh Hingoo",2002
Hum Tumhare Hain Sanam,Gale Mein Laal Taai,"Nadeem-Shravan, Daboo Malik, Bappi Lahiri, Nikhil-Vinay, Bali Brahmbhatt, Sajid-Wajid, Background Score:, Uttam Singh",Kumar Sanu & Bela Sulakhe,"Shah Rukh Khan, Salman Khan, Madhuri Dixit, Atul Agnihotri, Suman Ranganathan, Alok Nath, Aruna Irani, Laxmikant Berde, Vikas Anand, Dinesh Hingoo",2002
Hum Tumhare Hain Sanam,Sab Kuchh Bhula Diya,"Nadeem-Shravan, Daboo Malik, Bappi Lahiri, Nikhil-Vinay, Bali Brahmbhatt, Sajid-Wajid, Background Score:, Uttam Singh",Sonu Nigam & Sapna Awasthi,"Shah Rukh Khan, Salman Khan, Madhuri Dixit, Atul Agnihotri, Suman Ranganathan, Alok Nath, Aruna Irani, Laxmikant Berde, Vikas Anand, Dinesh Hingoo",2002
Hum Tumhare Hain Sanam,Taaron Ka Chamakta,"Nadeem-Shravan, Daboo Malik, Bappi Lahiri, Nikhil-Vinay, Bali Brahmbhatt, Sajid-Wajid, Background Score:, Uttam Singh",Udit Narayan & Bali Brahambhatt,"Shah Rukh Khan, Salman Khan, Madhuri Dixit, Atul Agnihotri, Suman Ranganathan, Alok Nath, Aruna Irani, Laxmikant Berde, Vikas Anand, Dinesh Hingoo",2002
Hum Tumhare Hain Sanam,Hum Tumhare Hain Sanam (Sad),"Nadeem-Shravan, Daboo Malik, Bappi Lahiri, Nikhil-Vinay, Bali Brahmbhatt, Sajid-Wajid, Background Score:, Uttam Singh",Sonu Nigam,"Shah Rukh Khan, Salman Khan, Madhuri Dixit, Atul Agnihotri, Suman Ranganathan, Alok Nath, Aruna Irani, Laxmikant Berde, Vikas Anand, Dinesh Hingoo",2002
Hum Tumhare Hain Sanam,Na Na Nana,"Nadeem-Shravan, Daboo Malik, Bappi Lahiri, Nikhil-Vinay, Bali Brahmbhatt, Sajid-Wajid, Background Score:, Uttam Singh",Sonu Nigam,"Shah Rukh Khan, Salman Khan, Madhuri Dixit, Atul Agnihotri, Suman Ranganathan, Alok Nath, Aruna Irani, Laxmikant Berde, Vikas Anand, Dinesh Hingoo",2002
Hum Tumhare Hain Sanam,Dil Chhod Aaya,"Nadeem-Shravan, Daboo Malik, Bappi Lahiri, Nikhil-Vinay, Bali Brahmbhatt, Sajid-Wajid, Background Score:, Uttam Singh",Pritam & Arijit Singh,"Shah Rukh Khan, Salman Khan, Madhuri Dixit, Atul Agnihotri, Suman Ranganathan, Alok Nath, Aruna Irani, Laxmikant Berde, Vikas Anand, Dinesh Hingoo",2002
Hum Tumhare Hain Sanam,Aa Gaya Aa Gaya,"Nadeem-Shravan, Daboo Malik, Bappi Lahiri, Nikhil-Vinay, Bali Brahmbhatt, Sajid-Wajid, Background Score:, Uttam Singh",Udit Narayan,"Shah Rukh Khan, Salman Khan, Madhuri Dixit, Atul Agnihotri, Suman Ranganathan, Alok Nath, Aruna Irani, Laxmikant Berde, Vikas Anand, Dinesh Hingoo",2002
Hum Tumhare Hain Sanam,Sab Kuchh Bhula Diya,"Nadeem-Shravan, Daboo Malik, Bappi Lahiri, Nikhil-Vinay, Bali Brahmbhatt, Sajid-Wajid, Background Score:, Uttam Singh",Sonu Nigam & Sapna Awasthi,"Shah Rukh Khan, Salman Khan, Madhuri Dixit, Atul Agnihotri, Suman Ranganathan, Alok Nath, Aruna Irani, Laxmikant Berde, Vikas Anand, Dinesh Hingoo",2002
Hum Tumhare Hain Sanam,Theme Music,"Nadeem-Shravan, Daboo Malik, Bappi Lahiri, Nikhil-Vinay, Bali Brahmbhatt, Sajid-Wajid, Background Score:, Uttam Singh",Anand-Milind,"Shah Rukh Khan, Salman Khan, Madhuri Dixit, Atul Agnihotri, Suman Ranganathan, Alok Nath, Aruna Irani, Laxmikant Berde, Vikas Anand, Dinesh Hingoo",2002
Aankhen,Amitabh Soliloquy,"Jatin–Lalit, Aadesh Shrivastava, Nitin Raikwar",Not Found,"Amitabh Bachchan, Akshay Kumar, Arjun Rampal, Paresh Rawal, Sushmita Sen, Bipasha Basu, Aditya Pancholi, Kashmera Shah, Ajit Vachani, Arun Bali",2002
Aankhen,Gustakhiyan,"Jatin–Lalit, Aadesh Shrivastava, Nitin Raikwar",Aadesh Shrivastava & Vasundara,"Amitabh Bachchan, Akshay Kumar, Arjun Rampal, Paresh Rawal, Sushmita Sen, Bipasha Basu, Aditya Pancholi, Kashmera Shah, Ajit Vachani, Arun Bali",2002
Aankhen,Kuchh Kasme,"Jatin–Lalit, Aadesh Shrivastava, Nitin Raikwar",Alka Yagnik & Sonu Nigam,"Amitabh Bachchan, Akshay Kumar, Arjun Rampal, Paresh Rawal, Sushmita Sen, Bipasha Basu, Aditya Pancholi, Kashmera Shah, Ajit Vachani, Arun Bali",2002
Aankhen,Theme Song,"Jatin–Lalit, Aadesh Shrivastava, Nitin Raikwar",Akhil,"Amitabh Bachchan, Akshay Kumar, Arjun Rampal, Paresh Rawal, Sushmita Sen, Bipasha Basu, Aditya Pancholi, Kashmera Shah, Ajit Vachani, Arun Bali",2002
Aankhen,Phatela Jeb,"Jatin–Lalit, Aadesh Shrivastava, Nitin Raikwar","Aadesh Shrivastava, Arun Bakshi & Nitin Raikar","Amitabh Bachchan, Akshay Kumar, Arjun Rampal, Paresh Rawal, Sushmita Sen, Bipasha Basu, Aditya Pancholi, Kashmera Shah, Ajit Vachani, Arun Bali",2002
Aankhen,Chalka Chalka,"Jatin–Lalit, Aadesh Shrivastava, Nitin Raikwar",Alka Yagnik & Javed,"Amitabh Bachchan, Akshay Kumar, Arjun Rampal, Paresh Rawal, Sushmita Sen, Bipasha Basu, Aditya Pancholi, Kashmera Shah, Ajit Vachani, Arun Bali",2002
Aankhen,Nazron Ne Teri,"Jatin–Lalit, Aadesh Shrivastava, Nitin Raikwar",Kavita Krishnamurthy & Udit Narayan,"Amitabh Bachchan, Akshay Kumar, Arjun Rampal, Paresh Rawal, Sushmita Sen, Bipasha Basu, Aditya Pancholi, Kashmera Shah, Ajit Vachani, Arun Bali",2002
Aankhen,All The Best,"Jatin–Lalit, Aadesh Shrivastava, Nitin Raikwar","Pritam, Rana, Soham & Antara","Amitabh Bachchan, Akshay Kumar, Arjun Rampal, Paresh Rawal, Sushmita Sen, Bipasha Basu, Aditya Pancholi, Kashmera Shah, Ajit Vachani, Arun Bali",2002
Aankhen,Title Song,"Jatin–Lalit, Aadesh Shrivastava, Nitin Raikwar","Raghav, Tanishk Bagchi, Asees Kaur & Nina Mathur","Amitabh Bachchan, Akshay Kumar, Arjun Rampal, Paresh Rawal, Sushmita Sen, Bipasha Basu, Aditya Pancholi, Kashmera Shah, Ajit Vachani, Arun Bali",2002
Mujhse Dosti Karoge!,Andekhi Anjaani,Rahul Sharma,Lata Mangeshkar & Udit Narayan,"Hrithik Roshan, Rani Mukerji, Kareena Kapoor Khan, Satish Shah, Himani Shivpuri, Kiran Kumar, Smita Jaykar, Sachin Khedekar, Uday Chopra, Parikshat Sahni",2002
Mujhse Dosti Karoge!,"Jaane Dil Mein"" (Part 1)",Rahul Sharma,Lata Mangeshkar & Sonu Nigam,"Hrithik Roshan, Rani Mukerji, Kareena Kapoor Khan, Satish Shah, Himani Shivpuri, Kiran Kumar, Smita Jaykar, Sachin Khedekar, Uday Chopra, Parikshat Sahni",2002
Mujhse Dosti Karoge!,Saanwali Si Ek Ladki,Rahul Sharma,Udit Narayan,"Hrithik Roshan, Rani Mukerji, Kareena Kapoor Khan, Satish Shah, Himani Shivpuri, Kiran Kumar, Smita Jaykar, Sachin Khedekar, Uday Chopra, Parikshat Sahni",2002
Mujhse Dosti Karoge!,Oh My Darling,Rahul Sharma,Alisha Chinai & Sonu Nigam,"Hrithik Roshan, Rani Mukerji, Kareena Kapoor Khan, Satish Shah, Himani Shivpuri, Kiran Kumar, Smita Jaykar, Sachin Khedekar, Uday Chopra, Parikshat Sahni",2002
Mujhse Dosti Karoge!,Mujhse Dosti Karoge!,Rahul Sharma,"Alka Yagnik, Asha Bhosle & Udit Narayan","Hrithik Roshan, Rani Mukerji, Kareena Kapoor Khan, Satish Shah, Himani Shivpuri, Kiran Kumar, Smita Jaykar, Sachin Khedekar, Uday Chopra, Parikshat Sahni",2002
Mujhse Dosti Karoge!,"Jaane Dil Mein"" (Part 2)",Rahul Sharma,Lata Mangeshkar & Sonu Nigam,"Hrithik Roshan, Rani Mukerji, Kareena Kapoor Khan, Satish Shah, Himani Shivpuri, Kiran Kumar, Smita Jaykar, Sachin Khedekar, Uday Chopra, Parikshat Sahni",2002
Mujhse Dosti Karoge!,"Terrific Tina"" (Instrumental)",Rahul Sharma,Rahul Sharma,"Hrithik Roshan, Rani Mukerji, Kareena Kapoor Khan, Satish Shah, Himani Shivpuri, Kiran Kumar, Smita Jaykar, Sachin Khedekar, Uday Chopra, Parikshat Sahni",2002
Mujhse Dosti Karoge!,The Medley,Rahul Sharma,"Hema Sardesai, Kumar Sanu, Hariharan, Alka Yagnik, Aditya Narayan, K.S. Chithra, Sabri Brothers & Sonu Nigam","Hrithik Roshan, Rani Mukerji, Kareena Kapoor Khan, Satish Shah, Himani Shivpuri, Kiran Kumar, Smita Jaykar, Sachin Khedekar, Uday Chopra, Parikshat Sahni",2002
Humraaz,Dil Ne Kar Liya,"Himesh Reshammiya, Background Score:, Aadesh Shrivastava",Udit Narayan & Alka Yagnik,"Bobby Deol, Akshaye Khanna, Ameesha Patel, Suhasini Mulay, Dinesh Hingoo, Johny Lever, Dilip Joshi, Sheela Sharma, Sudhir, Jeetu Verma",2002
Humraaz,Tune Zindagi Mein – Male,"Himesh Reshammiya, Background Score:, Aadesh Shrivastava",Udit Narayan,"Bobby Deol, Akshaye Khanna, Ameesha Patel, Suhasini Mulay, Dinesh Hingoo, Johny Lever, Dilip Joshi, Sheela Sharma, Sudhir, Jeetu Verma",2002
Humraaz,Pyaar Kar,"Himesh Reshammiya, Background Score:, Aadesh Shrivastava","Udit Narayan, Shaan & Kavita Krishnamurthy","Bobby Deol, Akshaye Khanna, Ameesha Patel, Suhasini Mulay, Dinesh Hingoo, Johny Lever, Dilip Joshi, Sheela Sharma, Sudhir, Jeetu Verma",2002
Humraaz,Bardaasht Nahi Kar Sakta,"Himesh Reshammiya, Background Score:, Aadesh Shrivastava",Not Found,"Bobby Deol, Akshaye Khanna, Ameesha Patel, Suhasini Mulay, Dinesh Hingoo, Johny Lever, Dilip Joshi, Sheela Sharma, Sudhir, Jeetu Verma",2002
Humraaz,Sanam Mere Humraaz,"Himesh Reshammiya, Background Score:, Aadesh Shrivastava",Kumar Sanu & Alka Yagnik,"Bobby Deol, Akshaye Khanna, Ameesha Patel, Suhasini Mulay, Dinesh Hingoo, Johny Lever, Dilip Joshi, Sheela Sharma, Sudhir, Jeetu Verma",2002
Humraaz,Life Ban Jayegi,"Himesh Reshammiya, Background Score:, Aadesh Shrivastava",Sonu Nigam & Jaspinder Narula,"Bobby Deol, Akshaye Khanna, Ameesha Patel, Suhasini Mulay, Dinesh Hingoo, Johny Lever, Dilip Joshi, Sheela Sharma, Sudhir, Jeetu Verma",2002
Humraaz,Tune Zindagi Mein,"Himesh Reshammiya, Background Score:, Aadesh Shrivastava",Udit Narayan,"Bobby Deol, Akshaye Khanna, Ameesha Patel, Suhasini Mulay, Dinesh Hingoo, Johny Lever, Dilip Joshi, Sheela Sharma, Sudhir, Jeetu Verma",2002
Humraaz,Bardaasht Nahi Kar Sakta – Remix,"Himesh Reshammiya, Background Score:, Aadesh Shrivastava",Not Found,"Bobby Deol, Akshaye Khanna, Ameesha Patel, Suhasini Mulay, Dinesh Hingoo, Johny Lever, Dilip Joshi, Sheela Sharma, Sudhir, Jeetu Verma",2002
Humraaz,Tune Zindagi Mein – Sad,"Himesh Reshammiya, Background Score:, Aadesh Shrivastava",Udit Narayan,"Bobby Deol, Akshaye Khanna, Ameesha Patel, Suhasini Mulay, Dinesh Hingoo, Johny Lever, Dilip Joshi, Sheela Sharma, Sudhir, Jeetu Verma",2002
Humraaz,Theme Music (Instrumental),"Himesh Reshammiya, Background Score:, Aadesh Shrivastava",Anu Malik,"Bobby Deol, Akshaye Khanna, Ameesha Patel, Suhasini Mulay, Dinesh Hingoo, Johny Lever, Dilip Joshi, Sheela Sharma, Sudhir, Jeetu Verma",2002
Saathiya,Saathiya,A. R. Rahman,Sonu Nigam,"Vivek Oberoi, Rani Mukerji, Tanuja Samarth, Sharat Saxena, Satish Shah, Swaroop Sampat, Shah Rukh Khan, Tabu, Anju Mahendru, Sandhya Mridul",2002
Saathiya,"Chhalka, Chhalka Re",A. R. Rahman,"Mahalaxmi, Richa Sharma, Shoma & Vaishali","Vivek Oberoi, Rani Mukerji, Tanuja Samarth, Sharat Saxena, Satish Shah, Swaroop Sampat, Shah Rukh Khan, Tabu, Anju Mahendru, Sandhya Mridul",2002
Saathiya,Aye Udi Udi,A. R. Rahman,Adnan Sami,"Vivek Oberoi, Rani Mukerji, Tanuja Samarth, Sharat Saxena, Satish Shah, Swaroop Sampat, Shah Rukh Khan, Tabu, Anju Mahendru, Sandhya Mridul",2002
Saathiya,Chupke Se,A. R. Rahman,"Murtuza, Qadir & Sadhana Sargam","Vivek Oberoi, Rani Mukerji, Tanuja Samarth, Sharat Saxena, Satish Shah, Swaroop Sampat, Shah Rukh Khan, Tabu, Anju Mahendru, Sandhya Mridul",2002
Saathiya,O Humdum Soniyo Re,A. R. Rahman,"KK, Kunal Ganjawala, Shaan & Pravin Mani","Vivek Oberoi, Rani Mukerji, Tanuja Samarth, Sharat Saxena, Satish Shah, Swaroop Sampat, Shah Rukh Khan, Tabu, Anju Mahendru, Sandhya Mridul",2002
Saathiya,Mere Yaar Mila De,A. R. Rahman,Zack Knight & Jasmin Walia,"Vivek Oberoi, Rani Mukerji, Tanuja Samarth, Sharat Saxena, Satish Shah, Swaroop Sampat, Shah Rukh Khan, Tabu, Anju Mahendru, Sandhya Mridul",2002
Saathiya,Naina Milaike,A. R. Rahman,Madhushree & Sadhana Sargam,"Vivek Oberoi, Rani Mukerji, Tanuja Samarth, Sharat Saxena, Satish Shah, Swaroop Sampat, Shah Rukh Khan, Tabu, Anju Mahendru, Sandhya Mridul",2002
Saathiya,Maangalyam,A. R. Rahman,Not Found,"Vivek Oberoi, Rani Mukerji, Tanuja Samarth, Sharat Saxena, Satish Shah, Swaroop Sampat, Shah Rukh Khan, Tabu, Anju Mahendru, Sandhya Mridul",2002
Saathiya,"Chori Pe Chori"" (Rap lyrics and vocals:Blaazé)",A. R. Rahman,Not Found,"Vivek Oberoi, Rani Mukerji, Tanuja Samarth, Sharat Saxena, Satish Shah, Swaroop Sampat, Shah Rukh Khan, Tabu, Anju Mahendru, Sandhya Mridul",2002
Awara Paagal Deewana,Awara Paagal Deewana,Anu Malik,Shaan & Sunidhi Chauhan,"Akshay Kumar, Aftab Shivdasani, Paresh Rawal, Preeti Jhangiani, Aarti Chabria, Amrita Arora, Suniel Shetty, Johny Lever, Om Puri",2002
Awara Paagal Deewana,Jise Hasna Rona,Anu Malik,"Sonu Nigam, Alka Yagnik, Shaan, Udit Narayan, Sarika Kapoor & Sunidhi Chauhan","Akshay Kumar, Aftab Shivdasani, Paresh Rawal, Preeti Jhangiani, Aarti Chabria, Amrita Arora, Suniel Shetty, Johny Lever, Om Puri",2002
Awara Paagal Deewana,"Love"" (Theme)",Anu Malik,Shankar Mahadevan & Kavita Krishnamurthy,"Akshay Kumar, Aftab Shivdasani, Paresh Rawal, Preeti Jhangiani, Aarti Chabria, Amrita Arora, Suniel Shetty, Johny Lever, Om Puri",2002
Awara Paagal Deewana,Maine To Khai Kasam,Anu Malik,Sunidhi Chauhan & Abhijeet,"Akshay Kumar, Aftab Shivdasani, Paresh Rawal, Preeti Jhangiani, Aarti Chabria, Amrita Arora, Suniel Shetty, Johny Lever, Om Puri",2002
Awara Paagal Deewana,More Sawariya,Anu Malik,Sunidhi Chauhan & Shanu Malik,"Akshay Kumar, Aftab Shivdasani, Paresh Rawal, Preeti Jhangiani, Aarti Chabria, Amrita Arora, Suniel Shetty, Johny Lever, Om Puri",2002
Awara Paagal Deewana,Ya Habibi,Anu Malik,"Adnan Sami, Shaan, Sunidhi Chauhan & Shabbir Kumar","Akshay Kumar, Aftab Shivdasani, Paresh Rawal, Preeti Jhangiani, Aarti Chabria, Amrita Arora, Suniel Shetty, Johny Lever, Om Puri",2002
Awara Paagal Deewana,Yeh Tune Kya Kiya (not used in the film),Anu Malik,Pritam & Javed Bashir,"Akshay Kumar, Aftab Shivdasani, Paresh Rawal, Preeti Jhangiani, Aarti Chabria, Amrita Arora, Suniel Shetty, Johny Lever, Om Puri",2002
23rd March 1931: Shaheed,Mera Rang De Basanti Chola,Anand Raaj Anand,"A.R. Rahman, Daler Mehndi & K.S. Chithra","Bobby Deol, Sunny Deol, Amrita Singh, Rahul Dev, Vicky Ahuja, Divya Dutta, Vivek Shauq, Sachin Khedekar, Suresh Oberoi, Shakti Kapoor",2002
23rd March 1931: Shaheed,Deshnu Challo,Anand Raaj Anand,Hans Raj Hans,"Bobby Deol, Sunny Deol, Amrita Singh, Rahul Dev, Vicky Ahuja, Divya Dutta, Vivek Shauq, Sachin Khedekar, Suresh Oberoi, Shakti Kapoor",2002
23rd March 1931: Shaheed,Jogiya Ve,Anand Raaj Anand,Alka Yagnik,"Bobby Deol, Sunny Deol, Amrita Singh, Rahul Dev, Vicky Ahuja, Divya Dutta, Vivek Shauq, Sachin Khedekar, Suresh Oberoi, Shakti Kapoor",2002
23rd March 1931: Shaheed,Watanparaston Ki,Anand Raaj Anand,Hans Raj Hans & Veer Rajinder,"Bobby Deol, Sunny Deol, Amrita Singh, Rahul Dev, Vicky Ahuja, Divya Dutta, Vivek Shauq, Sachin Khedekar, Suresh Oberoi, Shakti Kapoor",2002
23rd March 1931: Shaheed,Pagadi Sambhal,Anand Raaj Anand,Not Found,"Bobby Deol, Sunny Deol, Amrita Singh, Rahul Dev, Vicky Ahuja, Divya Dutta, Vivek Shauq, Sachin Khedekar, Suresh Oberoi, Shakti Kapoor",2002
23rd March 1931: Shaheed,Sarfaroshi Ki Tamanna,Anand Raaj Anand,Sonu Nigam & Hariharan,"Bobby Deol, Sunny Deol, Amrita Singh, Rahul Dev, Vicky Ahuja, Divya Dutta, Vivek Shauq, Sachin Khedekar, Suresh Oberoi, Shakti Kapoor",2002
23rd March 1931: Shaheed,Aye Watan,Anand Raaj Anand,Veer Rajinder,"Bobby Deol, Sunny Deol, Amrita Singh, Rahul Dev, Vicky Ahuja, Divya Dutta, Vivek Shauq, Sachin Khedekar, Suresh Oberoi, Shakti Kapoor",2002
23rd March 1931: Shaheed,Khush Raho,Anand Raaj Anand,Veer Rajinder,"Bobby Deol, Sunny Deol, Amrita Singh, Rahul Dev, Vicky Ahuja, Divya Dutta, Vivek Shauq, Sachin Khedekar, Suresh Oberoi, Shakti Kapoor",2002
Akhiyon Se Goli Maare,Akkh Jo Tujh Se Lad Gayi Hai,"Anand–Milind, Daboo Malik, Dilip Sen-Sameer Sen, Background Score:, Sanjoy Chowdhury",Not Found,"Govinda, Raveena Tandon, Govinda, Kader Khan, Johny Lever, Asrani, Shakti Kapoor, Dinesh Hingoo, Avtar Gill, Sharat Saxena",2002
Akhiyon Se Goli Maare,Dehradun Ka Chuna Lagaya,"Anand–Milind, Daboo Malik, Dilip Sen-Sameer Sen, Background Score:, Sanjoy Chowdhury",Not Found,"Govinda, Raveena Tandon, Govinda, Kader Khan, Johny Lever, Asrani, Shakti Kapoor, Dinesh Hingoo, Avtar Gill, Sharat Saxena",2002
Akhiyon Se Goli Maare,Gore Tan Se Sarakta Jaye,"Anand–Milind, Daboo Malik, Dilip Sen-Sameer Sen, Background Score:, Sanjoy Chowdhury","Sonu Nigam, Alka Yagnik & Sanjeevani","Govinda, Raveena Tandon, Govinda, Kader Khan, Johny Lever, Asrani, Shakti Kapoor, Dinesh Hingoo, Avtar Gill, Sharat Saxena",2002
Akhiyon Se Goli Maare,Ladki Mud Mud Ke Maare,"Anand–Milind, Daboo Malik, Dilip Sen-Sameer Sen, Background Score:, Sanjoy Chowdhury",Not Found,"Govinda, Raveena Tandon, Govinda, Kader Khan, Johny Lever, Asrani, Shakti Kapoor, Dinesh Hingoo, Avtar Gill, Sharat Saxena",2002
Akhiyon Se Goli Maare,Maine Tujhe Dekha,"Anand–Milind, Daboo Malik, Dilip Sen-Sameer Sen, Background Score:, Sanjoy Chowdhury",Sonu Nigam & Alka Yagnik,"Govinda, Raveena Tandon, Govinda, Kader Khan, Johny Lever, Asrani, Shakti Kapoor, Dinesh Hingoo, Avtar Gill, Sharat Saxena",2002
Akhiyon Se Goli Maare,O Chhori Gori Gori,"Anand–Milind, Daboo Malik, Dilip Sen-Sameer Sen, Background Score:, Sanjoy Chowdhury",Sonu Nigam & Jaspinder Narula,"Govinda, Raveena Tandon, Govinda, Kader Khan, Johny Lever, Asrani, Shakti Kapoor, Dinesh Hingoo, Avtar Gill, Sharat Saxena",2002
Akhiyon Se Goli Maare,Rabba O Rabba,"Anand–Milind, Daboo Malik, Dilip Sen-Sameer Sen, Background Score:, Sanjoy Chowdhury",Mohit Chauhan,"Govinda, Raveena Tandon, Govinda, Kader Khan, Johny Lever, Asrani, Shakti Kapoor, Dinesh Hingoo, Avtar Gill, Sharat Saxena",2002
Akhiyon Se Goli Maare,Thumka Lagake Naachlo,"Anand–Milind, Daboo Malik, Dilip Sen-Sameer Sen, Background Score:, Sanjoy Chowdhury",Not Found,"Govinda, Raveena Tandon, Govinda, Kader Khan, Johny Lever, Asrani, Shakti Kapoor, Dinesh Hingoo, Avtar Gill, Sharat Saxena",2002
Badhaai Ho Badhaai,Raag Banke,Anu Malik,"Jessie J, Ariana Grande & Nicki Minaj","Anil Kapoor, Keerthi Reddy, Shilpa Shetty Kundra, Amrish Puri, K. Viswanath, Suresh Menon, Kader Khan, Farida Jalal, Anang Desai, Rohini Hattangadi",2002
Badhaai Ho Badhaai,Teri Zindagi Mein Pyar Hai,Anu Malik,Anuradha Paudwal & Kumar Sanu,"Anil Kapoor, Keerthi Reddy, Shilpa Shetty Kundra, Amrish Puri, K. Viswanath, Suresh Menon, Kader Khan, Farida Jalal, Anang Desai, Rohini Hattangadi",2002
Badhaai Ho Badhaai,Dil Bata Mere Dil Bata,Anu Malik,"Diljit Dosanjh, Badshah & Raj Ranjodh","Anil Kapoor, Keerthi Reddy, Shilpa Shetty Kundra, Amrish Puri, K. Viswanath, Suresh Menon, Kader Khan, Farida Jalal, Anang Desai, Rohini Hattangadi",2002
Badhaai Ho Badhaai,Badhaai Ho Badhaai,Anu Malik,Udit Narayan,"Anil Kapoor, Keerthi Reddy, Shilpa Shetty Kundra, Amrish Puri, K. Viswanath, Suresh Menon, Kader Khan, Farida Jalal, Anang Desai, Rohini Hattangadi",2002
Badhaai Ho Badhaai,Jogan Jogan,Anu Malik,"Parag Chhabra, Raj Shekhar, Romy, Rupali Jagga & Nikhita Gandhi","Anil Kapoor, Keerthi Reddy, Shilpa Shetty Kundra, Amrish Puri, K. Viswanath, Suresh Menon, Kader Khan, Farida Jalal, Anang Desai, Rohini Hattangadi",2002
Badhaai Ho Badhaai,Tehro Zaraa,Anu Malik,Not Found,"Anil Kapoor, Keerthi Reddy, Shilpa Shetty Kundra, Amrish Puri, K. Viswanath, Suresh Menon, Kader Khan, Farida Jalal, Anang Desai, Rohini Hattangadi",2002
Chor Machaaye Shor,"""Kaan Ke Neeche"" -Vinod Rathod,Anuradha Sriram",Anu Malik,Vinod Rathod & Anuradha Sriram,"Bobby Deol, Shilpa Shetty Kundra, Bipasha Basu, Om Puri, Rajpal Yadav, Paresh Rawal, Rajat Bedi, Ashish Vidhyarthi, Shekhar Suman, Razak Khan",2002
Chor Machaaye Shor,"""Aankhein Hain Teri"" -Udit Narayan, Dimple Verma",Anu Malik,Udit Narayan & Dimple Verma,"Bobby Deol, Shilpa Shetty Kundra, Bipasha Basu, Om Puri, Rajpal Yadav, Paresh Rawal, Rajat Bedi, Ashish Vidhyarthi, Shekhar Suman, Razak Khan",2002
Chor Machaaye Shor,"""Chor Machaaye Shor"" -Sonu Nigam",Anu Malik,Sonu Nigam & Anuradha Sriram,"Bobby Deol, Shilpa Shetty Kundra, Bipasha Basu, Om Puri, Rajpal Yadav, Paresh Rawal, Rajat Bedi, Ashish Vidhyarthi, Shekhar Suman, Razak Khan",2002
Chor Machaaye Shor,"""Chadh Gayi Chadh Gayi"" -Sonu Nigam,Anuradha Sriram",Anu Malik,Not Found,"Bobby Deol, Shilpa Shetty Kundra, Bipasha Basu, Om Puri, Rajpal Yadav, Paresh Rawal, Rajat Bedi, Ashish Vidhyarthi, Shekhar Suman, Razak Khan",2002
Chor Machaaye Shor,Ishqan Ishqan,Anu Malik,Adnan Sami & Sunidhi Chauhan,"Bobby Deol, Shilpa Shetty Kundra, Bipasha Basu, Om Puri, Rajpal Yadav, Paresh Rawal, Rajat Bedi, Ashish Vidhyarthi, Shekhar Suman, Razak Khan",2002
Chor Machaaye Shor,"""Tum Tata Ho Ya Birla"" -Vinod Rathod,Anuradha Sriram",Anu Malik,Vinod Rathod & Anuradha Sriram,"Bobby Deol, Shilpa Shetty Kundra, Bipasha Basu, Om Puri, Rajpal Yadav, Paresh Rawal, Rajat Bedi, Ashish Vidhyarthi, Shekhar Suman, Razak Khan",2002
Deewangee,Pyar Se Pyare Tum Ho,Ismail Darbar,Sonu Nigam & Kavita Krishnamurthy,"Ajay Devgn, Akshaye Khanna, Urmila Matondkar, Farida Jalal, Seema Biswas, Tiku Talsania, Tannaz Irani, Neelam Kothari, Vijayendra Ghatge, Nirmal Pandey",2002
Deewangee,Yeh Taazgi Yeh Saadgi,Ismail Darbar,Not Found,"Ajay Devgn, Akshaye Khanna, Urmila Matondkar, Farida Jalal, Seema Biswas, Tiku Talsania, Tannaz Irani, Neelam Kothari, Vijayendra Ghatge, Nirmal Pandey",2002
Deewangee,Saasein Saasein Hain,Ismail Darbar,Rochak Kohli,"Ajay Devgn, Akshaye Khanna, Urmila Matondkar, Farida Jalal, Seema Biswas, Tiku Talsania, Tannaz Irani, Neelam Kothari, Vijayendra Ghatge, Nirmal Pandey",2002
Deewangee,Saat Suron Ka,Ismail Darbar,Udit Narayan & Kavita Krishnamurthy,"Ajay Devgn, Akshaye Khanna, Urmila Matondkar, Farida Jalal, Seema Biswas, Tiku Talsania, Tannaz Irani, Neelam Kothari, Vijayendra Ghatge, Nirmal Pandey",2002
Deewangee,Pyar Se Pyare Tum Ho,Ismail Darbar,Sonu Nigam & Kavita Krishnamurthy,"Ajay Devgn, Akshaye Khanna, Urmila Matondkar, Farida Jalal, Seema Biswas, Tiku Talsania, Tannaz Irani, Neelam Kothari, Vijayendra Ghatge, Nirmal Pandey",2002
Deewangee,Ai Ajnabi,Ismail Darbar,Sunidhi Chauhan,"Ajay Devgn, Akshaye Khanna, Urmila Matondkar, Farida Jalal, Seema Biswas, Tiku Talsania, Tannaz Irani, Neelam Kothari, Vijayendra Ghatge, Nirmal Pandey",2002
Deewangee,Dholi O Dholi,Ismail Darbar,Babul Supriyo & Kavita Krishnamurthy,"Ajay Devgn, Akshaye Khanna, Urmila Matondkar, Farida Jalal, Seema Biswas, Tiku Talsania, Tannaz Irani, Neelam Kothari, Vijayendra Ghatge, Nirmal Pandey",2002
Deewangee,Saat Suron Ka,Ismail Darbar,Udit Narayan & Kavita Krishnamurthy,"Ajay Devgn, Akshaye Khanna, Urmila Matondkar, Farida Jalal, Seema Biswas, Tiku Talsania, Tannaz Irani, Neelam Kothari, Vijayendra Ghatge, Nirmal Pandey",2002
Deewangee,Yeh Taazgi Yeh Saadgi,Ismail Darbar,Not Found,"Ajay Devgn, Akshaye Khanna, Urmila Matondkar, Farida Jalal, Seema Biswas, Tiku Talsania, Tannaz Irani, Neelam Kothari, Vijayendra Ghatge, Nirmal Pandey",2002
Deewangee,Pyar Se Pyare Tum Ho (Sad),Ismail Darbar,Sonu Nigam,"Ajay Devgn, Akshaye Khanna, Urmila Matondkar, Farida Jalal, Seema Biswas, Tiku Talsania, Tannaz Irani, Neelam Kothari, Vijayendra Ghatge, Nirmal Pandey",2002
Deewangee,Hai Ishq Khata,Ismail Darbar,Jaspinder Narula,"Ajay Devgn, Akshaye Khanna, Urmila Matondkar, Farida Jalal, Seema Biswas, Tiku Talsania, Tannaz Irani, Neelam Kothari, Vijayendra Ghatge, Nirmal Pandey",2002
Dil Hai Tumhaara,Dil Laga Liya Maine,"Nadeem-Shravan, Background score:, Surinder Sodhi",Jernade Miah,"Preity Zinta, Mahima Chaudhry, Rekha, Arjun Rampal, Jimmy Shergill, Alok Nath, Sachin Khedekar, Govind Namdeo, Aanjjan Srivastav, Dilip Joshi",2002
Dil Hai Tumhaara,Dil Hai Tumhaara,"Nadeem-Shravan, Background score:, Surinder Sodhi","Alka Yagnik, Udit Narayan & Kumar Sanu","Preity Zinta, Mahima Chaudhry, Rekha, Arjun Rampal, Jimmy Shergill, Alok Nath, Sachin Khedekar, Govind Namdeo, Aanjjan Srivastav, Dilip Joshi",2002
Dil Hai Tumhaara,Chaaya Hai Jo Dil Pe,"Nadeem-Shravan, Background score:, Surinder Sodhi",Kabita Krishnamurti & Shaan,"Preity Zinta, Mahima Chaudhry, Rekha, Arjun Rampal, Jimmy Shergill, Alok Nath, Sachin Khedekar, Govind Namdeo, Aanjjan Srivastav, Dilip Joshi",2002
Dil Hai Tumhaara,Chaahe Zubaan,"Nadeem-Shravan, Background score:, Surinder Sodhi",Alka Yagnik & Sonu Nigam,"Preity Zinta, Mahima Chaudhry, Rekha, Arjun Rampal, Jimmy Shergill, Alok Nath, Sachin Khedekar, Govind Namdeo, Aanjjan Srivastav, Dilip Joshi",2002
Dil Hai Tumhaara,Kasam Khake Kaho,"Nadeem-Shravan, Background score:, Surinder Sodhi",Alka Yagnik & Kumar Sanu,"Preity Zinta, Mahima Chaudhry, Rekha, Arjun Rampal, Jimmy Shergill, Alok Nath, Sachin Khedekar, Govind Namdeo, Aanjjan Srivastav, Dilip Joshi",2002
Dil Hai Tumhaara,Mohabbat Dil Ka Sakoon,"Nadeem-Shravan, Background score:, Surinder Sodhi","Alka Yagnik, Kumar Sanu & Udit Narayan","Preity Zinta, Mahima Chaudhry, Rekha, Arjun Rampal, Jimmy Shergill, Alok Nath, Sachin Khedekar, Govind Namdeo, Aanjjan Srivastav, Dilip Joshi",2002
Dil Hai Tumhaara,O Sahiba O Sahiba,"Nadeem-Shravan, Background score:, Surinder Sodhi",Ravi Kumar,"Preity Zinta, Mahima Chaudhry, Rekha, Arjun Rampal, Jimmy Shergill, Alok Nath, Sachin Khedekar, Govind Namdeo, Aanjjan Srivastav, Dilip Joshi",2002
Dil Hai Tumhaara,Kabhi Hasna Hai Kabhi,"Nadeem-Shravan, Background score:, Surinder Sodhi",Tauseef Akhtar,"Preity Zinta, Mahima Chaudhry, Rekha, Arjun Rampal, Jimmy Shergill, Alok Nath, Sachin Khedekar, Govind Namdeo, Aanjjan Srivastav, Dilip Joshi",2002
Dil Hai Tumhaara,Betabi Ka Khamoshi Ka,"Nadeem-Shravan, Background score:, Surinder Sodhi",Error,"Preity Zinta, Mahima Chaudhry, Rekha, Arjun Rampal, Jimmy Shergill, Alok Nath, Sachin Khedekar, Govind Namdeo, Aanjjan Srivastav, Dilip Joshi",2002
Dil Vil Pyar Vyar,Ab Ke Saawan Mein,Babloo Chakravorthy,Sadhana Sargam & Babul Supriyo,"R. Madhavan, Jimmy Shergill, Sanjay Suri, Namrata Shirodkar, Sonali Kulkarni, Hrishitaa Bhatt, Raqesh Bapat, Bhavna Pani, Asrani, Gulshan Grover",2002
Dil Vil Pyar Vyar,Barsaat Bhi Aakar,Babloo Chakravorthy,Abhijeet,"R. Madhavan, Jimmy Shergill, Sanjay Suri, Namrata Shirodkar, Sonali Kulkarni, Hrishitaa Bhatt, Raqesh Bapat, Bhavna Pani, Asrani, Gulshan Grover",2002
Dil Vil Pyar Vyar,Gum Hai Kisi Ke Pyar Mein,Babloo Chakravorthy,Nitin Bali & Pâmela,"R. Madhavan, Jimmy Shergill, Sanjay Suri, Namrata Shirodkar, Sonali Kulkarni, Hrishitaa Bhatt, Raqesh Bapat, Bhavna Pani, Asrani, Gulshan Grover",2002
Dil Vil Pyar Vyar,O Hansini,Babloo Chakravorthy,Hariharan,"R. Madhavan, Jimmy Shergill, Sanjay Suri, Namrata Shirodkar, Sonali Kulkarni, Hrishitaa Bhatt, Raqesh Bapat, Bhavna Pani, Asrani, Gulshan Grover",2002
Dil Vil Pyar Vyar,"O Hansini"" (Instrumental)",Babloo Chakravorthy,R.D. Burman,"R. Madhavan, Jimmy Shergill, Sanjay Suri, Namrata Shirodkar, Sonali Kulkarni, Hrishitaa Bhatt, Raqesh Bapat, Bhavna Pani, Asrani, Gulshan Grover",2002
Dil Vil Pyar Vyar,O Haseena Zulfonwali,Babloo Chakravorthy,Abhijeet & Sunidhi Chauhan,"R. Madhavan, Jimmy Shergill, Sanjay Suri, Namrata Shirodkar, Sonali Kulkarni, Hrishitaa Bhatt, Raqesh Bapat, Bhavna Pani, Asrani, Gulshan Grover",2002
Dil Vil Pyar Vyar,"O Haseena Zulfonwali"" (Instrumental)",Babloo Chakravorthy,R.D. Burman,"R. Madhavan, Jimmy Shergill, Sanjay Suri, Namrata Shirodkar, Sonali Kulkarni, Hrishitaa Bhatt, Raqesh Bapat, Bhavna Pani, Asrani, Gulshan Grover",2002
Dil Vil Pyar Vyar,Kehna Hai,Babloo Chakravorthy,Babul Supriyo & Pritha Mazumder,"R. Madhavan, Jimmy Shergill, Sanjay Suri, Namrata Shirodkar, Sonali Kulkarni, Hrishitaa Bhatt, Raqesh Bapat, Bhavna Pani, Asrani, Gulshan Grover",2002
Dil Vil Pyar Vyar,"Kehna Hai"" (Solo)",Babloo Chakravorthy,Babul Supriyo & Pritha Mazumder,"R. Madhavan, Jimmy Shergill, Sanjay Suri, Namrata Shirodkar, Sonali Kulkarni, Hrishitaa Bhatt, Raqesh Bapat, Bhavna Pani, Asrani, Gulshan Grover",2002
Dil Vil Pyar Vyar,Kya Janoo Sajan,Babloo Chakravorthy,R.D. Burman,"R. Madhavan, Jimmy Shergill, Sanjay Suri, Namrata Shirodkar, Sonali Kulkarni, Hrishitaa Bhatt, Raqesh Bapat, Bhavna Pani, Asrani, Gulshan Grover",2002
Dil Vil Pyar Vyar,Mere Samnewali Khidki Mein,Babloo Chakravorthy,Kishore Kumar,"R. Madhavan, Jimmy Shergill, Sanjay Suri, Namrata Shirodkar, Sonali Kulkarni, Hrishitaa Bhatt, Raqesh Bapat, Bhavna Pani, Asrani, Gulshan Grover",2002
Dil Vil Pyar Vyar,Raat Kali Ek Khwab,Babloo Chakravorthy,Kumar Sanu,"R. Madhavan, Jimmy Shergill, Sanjay Suri, Namrata Shirodkar, Sonali Kulkarni, Hrishitaa Bhatt, Raqesh Bapat, Bhavna Pani, Asrani, Gulshan Grover",2002
Dil Vil Pyar Vyar,Tere Bina Zindagi Se,Babloo Chakravorthy,Lata Mangeshkar & Kishore Kumar,"R. Madhavan, Jimmy Shergill, Sanjay Suri, Namrata Shirodkar, Sonali Kulkarni, Hrishitaa Bhatt, Raqesh Bapat, Bhavna Pani, Asrani, Gulshan Grover",2002
Dil Vil Pyar Vyar,Tum Bin Jaaon Kahan,Babloo Chakravorthy,Mohd. Rafi,"R. Madhavan, Jimmy Shergill, Sanjay Suri, Namrata Shirodkar, Sonali Kulkarni, Hrishitaa Bhatt, Raqesh Bapat, Bhavna Pani, Asrani, Gulshan Grover",2002
Dil Vil Pyar Vyar,Yaadon Ki Baaraat,Babloo Chakravorthy,Kumar Sanu,"R. Madhavan, Jimmy Shergill, Sanjay Suri, Namrata Shirodkar, Sonali Kulkarni, Hrishitaa Bhatt, Raqesh Bapat, Bhavna Pani, Asrani, Gulshan Grover",2002
Dil Vil Pyar Vyar,Yeh Jo Mohabbat Hai,Babloo Chakravorthy,Kishore Kumar,"R. Madhavan, Jimmy Shergill, Sanjay Suri, Namrata Shirodkar, Sonali Kulkarni, Hrishitaa Bhatt, Raqesh Bapat, Bhavna Pani, Asrani, Gulshan Grover",2002
Filhaal,Filhaal,Anu Malik,Anu Malik,"Sushmita Sen, Tabu, Sanjay Suri, Palash Sen",2002
Filhaal,Dil Ke Sannate,Anu Malik,Palash Sen,"Sushmita Sen, Tabu, Sanjay Suri, Palash Sen",2002
Filhaal,Kyun Baar Baar,Anu Malik,K.S. Chithra,"Sushmita Sen, Tabu, Sanjay Suri, Palash Sen",2002
Filhaal,Le Chale Doliyon Mein,Anu Malik,Not Found,"Sushmita Sen, Tabu, Sanjay Suri, Palash Sen",2002
Filhaal,Sola Singaar Kar,Anu Malik,"Sachin Gupta, Jaspinder Narula & Palash Sen","Sushmita Sen, Tabu, Sanjay Suri, Palash Sen",2002
Filhaal,Naya Naya,Anu Malik,K. K & K.S. Chithra,"Sushmita Sen, Tabu, Sanjay Suri, Palash Sen",2002
Filhaal,Filhaal,Anu Malik,Anu Malik,"Sushmita Sen, Tabu, Sanjay Suri, Palash Sen",2002
Kranti,Dil Mein Dard Sa,Jatin–Lalit,Udit Narayan & Alka Yagnik,"Bobby Deol, Ameesha Patel, Vinod Khanna, Rati Agnihotri, Kabir Bedi, Dalip Tahil, Yunus Parvez, Om Puri, Madan Jain, Gavin Packard",2002
Kranti,Ishq Jadu Ishq Tona,Jatin–Lalit,Amit Kumar & Sunidhi Chauhan,"Bobby Deol, Ameesha Patel, Vinod Khanna, Rati Agnihotri, Kabir Bedi, Dalip Tahil, Yunus Parvez, Om Puri, Madan Jain, Gavin Packard",2002
Kranti,O Naukar Sarkari,Jatin–Lalit,Udit Narayan & Alka Yagnik,"Bobby Deol, Ameesha Patel, Vinod Khanna, Rati Agnihotri, Kabir Bedi, Dalip Tahil, Yunus Parvez, Om Puri, Madan Jain, Gavin Packard",2002
Kranti,Mera Dil Tu,Jatin–Lalit,Kaushik-Guddu & Raghav Chaitanya,"Bobby Deol, Ameesha Patel, Vinod Khanna, Rati Agnihotri, Kabir Bedi, Dalip Tahil, Yunus Parvez, Om Puri, Madan Jain, Gavin Packard",2002
Kranti,Hayo Rabba,Jatin–Lalit,Suvarna Tiwari,"Bobby Deol, Ameesha Patel, Vinod Khanna, Rati Agnihotri, Kabir Bedi, Dalip Tahil, Yunus Parvez, Om Puri, Madan Jain, Gavin Packard",2002
Kranti,Jung Ho Ya Pyar,Jatin–Lalit,Asha Bhosle,"Bobby Deol, Ameesha Patel, Vinod Khanna, Rati Agnihotri, Kabir Bedi, Dalip Tahil, Yunus Parvez, Om Puri, Madan Jain, Gavin Packard",2002
Kya Yehi Pyaar Hai,Dil Ki Nazar Mein (Female),Sajid–Wajid,Kumar Sanu,"Jackie Shroff, Aftab Shivdasani, Ameesha Patel, Ashish Vidhyarthi, Vrajesh Hirjee, Anupama Verma",2002
Kya Yehi Pyaar Hai,Dil Ki Nazar Mein (Male),Sajid–Wajid,Kumar Sanu,"Jackie Shroff, Aftab Shivdasani, Ameesha Patel, Ashish Vidhyarthi, Vrajesh Hirjee, Anupama Verma",2002
Kya Yehi Pyaar Hai,Dil Pe Chaane Laga,Sajid–Wajid,Sunidhi Chauhan & KK,"Jackie Shroff, Aftab Shivdasani, Ameesha Patel, Ashish Vidhyarthi, Vrajesh Hirjee, Anupama Verma",2002
Kya Yehi Pyaar Hai,O Mahive,Sajid–Wajid,Alka Yagnik & Sonu Nigam,"Jackie Shroff, Aftab Shivdasani, Ameesha Patel, Ashish Vidhyarthi, Vrajesh Hirjee, Anupama Verma",2002
Kya Yehi Pyaar Hai,Pehli Pehli Baar Hai,Sajid–Wajid,Sukriti Kakkar & Siddharth Mahadevan,"Jackie Shroff, Aftab Shivdasani, Ameesha Patel, Ashish Vidhyarthi, Vrajesh Hirjee, Anupama Verma",2002
Kya Yehi Pyaar Hai,Meri Tarah Tum Bhi,Sajid–Wajid,Alka Yagnik & Babul Supriyo,"Jackie Shroff, Aftab Shivdasani, Ameesha Patel, Ashish Vidhyarthi, Vrajesh Hirjee, Anupama Verma",2002
Kya Yehi Pyaar Hai,Aashiq Hoon (Deewana Mujhe Kehta Hai Sara Jamana),Sajid–Wajid,Not Found,"Jackie Shroff, Aftab Shivdasani, Ameesha Patel, Ashish Vidhyarthi, Vrajesh Hirjee, Anupama Verma",2002
Kya Yehi Pyaar Hai,Sochoon Tumhein,Sajid–Wajid,Not Found,"Jackie Shroff, Aftab Shivdasani, Ameesha Patel, Ashish Vidhyarthi, Vrajesh Hirjee, Anupama Verma",2002
Kya Yehi Pyaar Hai,Tujhe Dekhkar Jeeta,Sajid–Wajid,Not Found,"Jackie Shroff, Aftab Shivdasani, Ameesha Patel, Ashish Vidhyarthi, Vrajesh Hirjee, Anupama Verma",2002
Kya Yehi Pyaar Hai,Chahtoon Kee Duniya (Qawali),Sajid–Wajid,Not Found,"Jackie Shroff, Aftab Shivdasani, Ameesha Patel, Ashish Vidhyarthi, Vrajesh Hirjee, Anupama Verma",2002
Maine Dil Tujhko Diya,Thoda Sa Pyar Hua Hai,Daboo Malik,Udit Narayan & Alka Yagnik,"Sohail Khan, Sameera Reddy, Sanjay Dutt, Kabir Bedi, Dalip Tahil, Amrita Prakash, Rajpal Yadav, Sarfaraz Khan, Neeraj Vora, Archana Puran Singh",2002
Maine Dil Tujhko Diya,"Thoda Sa Pyar"" (Sad)",Daboo Malik,Sonu Nigam,"Sohail Khan, Sameera Reddy, Sanjay Dutt, Kabir Bedi, Dalip Tahil, Amrita Prakash, Rajpal Yadav, Sarfaraz Khan, Neeraj Vora, Archana Puran Singh",2002
Maine Dil Tujhko Diya,Aaja Ve Saajan,Daboo Malik,Error,"Sohail Khan, Sameera Reddy, Sanjay Dutt, Kabir Bedi, Dalip Tahil, Amrita Prakash, Rajpal Yadav, Sarfaraz Khan, Neeraj Vora, Archana Puran Singh",2002
Maine Dil Tujhko Diya,Dil Churane Lagi,Daboo Malik,Sonu Nigam & Anuradha Paudwal,"Sohail Khan, Sameera Reddy, Sanjay Dutt, Kabir Bedi, Dalip Tahil, Amrita Prakash, Rajpal Yadav, Sarfaraz Khan, Neeraj Vora, Archana Puran Singh",2002
Maine Dil Tujhko Diya,Shanana Na,Daboo Malik,John Travolta & Olivia Newton-John,"Sohail Khan, Sameera Reddy, Sanjay Dutt, Kabir Bedi, Dalip Tahil, Amrita Prakash, Rajpal Yadav, Sarfaraz Khan, Neeraj Vora, Archana Puran Singh",2002
Maine Dil Tujhko Diya,Maine Dil Tuhjko Diya,Daboo Malik,Not Found,"Sohail Khan, Sameera Reddy, Sanjay Dutt, Kabir Bedi, Dalip Tahil, Amrita Prakash, Rajpal Yadav, Sarfaraz Khan, Neeraj Vora, Archana Puran Singh",2002
Maine Dil Tujhko Diya,Kuchh Bhi Nahin Kuchh Nahin,Daboo Malik,Udit Narayan & Alka Yagnik,"Sohail Khan, Sameera Reddy, Sanjay Dutt, Kabir Bedi, Dalip Tahil, Amrita Prakash, Rajpal Yadav, Sarfaraz Khan, Neeraj Vora, Archana Puran Singh",2002
Mere Yaar Ki Shaadi Hai,Ek Ladki,Jeet–Pritam,Alka Yagnik & Udit Narayan,"Uday Chopra, Tulip Joshi, Jimmy Shergill, Bipasha Basu",2002
Mere Yaar Ki Shaadi Hai,Humne Suna Hai,Jeet–Pritam,"Alka Yagnik, Jaspinder Narula, Sudesh Bhosle & Udit Narayan","Uday Chopra, Tulip Joshi, Jimmy Shergill, Bipasha Basu",2002
Mere Yaar Ki Shaadi Hai,Sharara,Jeet–Pritam,Error,"Uday Chopra, Tulip Joshi, Jimmy Shergill, Bipasha Basu",2002
Mere Yaar Ki Shaadi Hai,Jaage Jaage (Resham Si Hai Yeh),Jeet–Pritam,Jeet-Pritam,"Uday Chopra, Tulip Joshi, Jimmy Shergill, Bipasha Basu",2002
Mere Yaar Ki Shaadi Hai,Hum Dono Jaise Kaun Yahan,Jeet–Pritam,Not Found,"Uday Chopra, Tulip Joshi, Jimmy Shergill, Bipasha Basu",2002
Mere Yaar Ki Shaadi Hai,Mere Yaar Ki Shaadi Hai,Jeet–Pritam,"Alka Yagnik, Sonu Nigam & Udit Narayan","Uday Chopra, Tulip Joshi, Jimmy Shergill, Bipasha Basu",2002
Mere Yaar Ki Shaadi Hai,Mere Yaar Ki Shaadi Hai (Version 2),Jeet–Pritam,"Alka Yagnik, Sonu Nigam & Udit Narayan","Uday Chopra, Tulip Joshi, Jimmy Shergill, Bipasha Basu",2002
Na Tum Jaano Na Hum,Jaa Sanam Mujhko Hai,"Rajesh Roshan, Background Score:, Raju Singh",Dr. Gangadhar Mirdha,"Saif Ali Khan, Hrithik Roshan, Esha Deol, Alok Nath, Ashima Bhalla, Bhavna Ruparel, Shilarna Vaze, Anang Desai, Smita Jaykar, Rati Agnihotri",2002
Na Tum Jaano Na Hum,Hai Ram Ye Kya Kar Daala (Not in the film),"Rajesh Roshan, Background Score:, Raju Singh",Manraj Deewana Rajmana,"Saif Ali Khan, Hrithik Roshan, Esha Deol, Alok Nath, Ashima Bhalla, Bhavna Ruparel, Shilarna Vaze, Anang Desai, Smita Jaykar, Rati Agnihotri",2002
Na Tum Jaano Na Hum,Ye Betiyan To Babul Ki,"Rajesh Roshan, Background Score:, Raju Singh",Not Found,"Saif Ali Khan, Hrithik Roshan, Esha Deol, Alok Nath, Ashima Bhalla, Bhavna Ruparel, Shilarna Vaze, Anang Desai, Smita Jaykar, Rati Agnihotri",2002
Na Tum Jaano Na Hum,Dil Leke Jaan Leke,"Rajesh Roshan, Background Score:, Raju Singh",Nabeel Shaukat Ali,"Saif Ali Khan, Hrithik Roshan, Esha Deol, Alok Nath, Ashima Bhalla, Bhavna Ruparel, Shilarna Vaze, Anang Desai, Smita Jaykar, Rati Agnihotri",2002
Na Tum Jaano Na Hum,Tum Meri Baahon Mein Aa Na Sake,"Rajesh Roshan, Background Score:, Raju Singh","Dominique Cerejo, Clinton Cerejo & Loy Mendonsa","Saif Ali Khan, Hrithik Roshan, Esha Deol, Alok Nath, Ashima Bhalla, Bhavna Ruparel, Shilarna Vaze, Anang Desai, Smita Jaykar, Rati Agnihotri",2002
Na Tum Jaano Na Hum,Aha Aha,"Rajesh Roshan, Background Score:, Raju Singh",Falguni Pathak,"Saif Ali Khan, Hrithik Roshan, Esha Deol, Alok Nath, Ashima Bhalla, Bhavna Ruparel, Shilarna Vaze, Anang Desai, Smita Jaykar, Rati Agnihotri",2002
Na Tum Jaano Na Hum,Chunariya,"Rajesh Roshan, Background Score:, Raju Singh",Shivang Mathur & Prateeksha Srivastava,"Saif Ali Khan, Hrithik Roshan, Esha Deol, Alok Nath, Ashima Bhalla, Bhavna Ruparel, Shilarna Vaze, Anang Desai, Smita Jaykar, Rati Agnihotri",2002
Na Tum Jaano Na Hum,Hai Ram Ye Kya Kar Daala – II (Not in the film),"Rajesh Roshan, Background Score:, Raju Singh",Not Found,"Saif Ali Khan, Hrithik Roshan, Esha Deol, Alok Nath, Ashima Bhalla, Bhavna Ruparel, Shilarna Vaze, Anang Desai, Smita Jaykar, Rati Agnihotri",2002
Om Jai Jagadish,Om Jai Jagadish,Anu Malik,"Abhijeet, Hariharan, KK, Alka Yagnik & Shaan","Waheeda Rehman, Anil Kapoor, Fardeen Khan, Abhishek Bachchan, Mahima Chaudhry, Urmila Matondkar, Tara Sharma, Annu Kapoor, Parmeet Sethi, Rakesh Bedi",2002
Om Jai Jagadish,Chori Chori,Anu Malik,Alka Yagnik & Sonu Nigam,"Waheeda Rehman, Anil Kapoor, Fardeen Khan, Abhishek Bachchan, Mahima Chaudhry, Urmila Matondkar, Tara Sharma, Annu Kapoor, Parmeet Sethi, Rakesh Bedi",2002
Om Jai Jagadish,Jeena Kya,Anu Malik,KK,"Waheeda Rehman, Anil Kapoor, Fardeen Khan, Abhishek Bachchan, Mahima Chaudhry, Urmila Matondkar, Tara Sharma, Annu Kapoor, Parmeet Sethi, Rakesh Bedi",2002
Om Jai Jagadish,Happy Days,Anu Malik,Young the Giant,"Waheeda Rehman, Anil Kapoor, Fardeen Khan, Abhishek Bachchan, Mahima Chaudhry, Urmila Matondkar, Tara Sharma, Annu Kapoor, Parmeet Sethi, Rakesh Bedi",2002
Om Jai Jagadish,Shaadi,Anu Malik,"Arijit Singh, Shilpa Rao & Vishal & Shekhar","Waheeda Rehman, Anil Kapoor, Fardeen Khan, Abhishek Bachchan, Mahima Chaudhry, Urmila Matondkar, Tara Sharma, Annu Kapoor, Parmeet Sethi, Rakesh Bedi",2002
Om Jai Jagadish,Love Story,Anu Malik,Taylor Swift,"Waheeda Rehman, Anil Kapoor, Fardeen Khan, Abhishek Bachchan, Mahima Chaudhry, Urmila Matondkar, Tara Sharma, Annu Kapoor, Parmeet Sethi, Rakesh Bedi",2002
Om Jai Jagadish,Pyar Ka Matlab,Anu Malik,"Sonu Nigam, Alka Yagnik, Udit Narayan & Kavita Krishnamurthy","Waheeda Rehman, Anil Kapoor, Fardeen Khan, Abhishek Bachchan, Mahima Chaudhry, Urmila Matondkar, Tara Sharma, Annu Kapoor, Parmeet Sethi, Rakesh Bedi",2002
Shakti - The Power,Dil Ne Pukara Hai,"Ismail Darbar, Guest Composition:, Anu Malik",Error,"Karisma Kapoor, Nana Patekar, Sanjay Kapoor, Shah Rukh Khan, Deepti Naval, Tara Deshpande, Ritu Shivpuri, Prakash Raj, Vijay Raaz, Tiku Talsania",2002
Shakti - The Power,Dumroo Baje,"Ismail Darbar, Guest Composition:, Anu Malik",Error,"Karisma Kapoor, Nana Patekar, Sanjay Kapoor, Shah Rukh Khan, Deepti Naval, Tara Deshpande, Ritu Shivpuri, Prakash Raj, Vijay Raaz, Tiku Talsania",2002
Shakti - The Power,"Hum Tum Mile"" (Male)","Ismail Darbar, Guest Composition:, Anu Malik",Error,"Karisma Kapoor, Nana Patekar, Sanjay Kapoor, Shah Rukh Khan, Deepti Naval, Tara Deshpande, Ritu Shivpuri, Prakash Raj, Vijay Raaz, Tiku Talsania",2002
Shakti - The Power,"Hum Tum Mile"" (Female)","Ismail Darbar, Guest Composition:, Anu Malik",Error,"Karisma Kapoor, Nana Patekar, Sanjay Kapoor, Shah Rukh Khan, Deepti Naval, Tara Deshpande, Ritu Shivpuri, Prakash Raj, Vijay Raaz, Tiku Talsania",2002
Shakti - The Power,Ishq Kamina,"Ismail Darbar, Guest Composition:, Anu Malik",Error,"Karisma Kapoor, Nana Patekar, Sanjay Kapoor, Shah Rukh Khan, Deepti Naval, Tara Deshpande, Ritu Shivpuri, Prakash Raj, Vijay Raaz, Tiku Talsania",2002
Shakti - The Power,Jhoomti Gataon Mein,"Ismail Darbar, Guest Composition:, Anu Malik",Not Found,"Karisma Kapoor, Nana Patekar, Sanjay Kapoor, Shah Rukh Khan, Deepti Naval, Tara Deshpande, Ritu Shivpuri, Prakash Raj, Vijay Raaz, Tiku Talsania",2002
Shakti - The Power,Mere Munna Raja,"Ismail Darbar, Guest Composition:, Anu Malik",Error,"Karisma Kapoor, Nana Patekar, Sanjay Kapoor, Shah Rukh Khan, Deepti Naval, Tara Deshpande, Ritu Shivpuri, Prakash Raj, Vijay Raaz, Tiku Talsania",2002
Shakti - The Power,Aye Chand Dil Ke,"Ismail Darbar, Guest Composition:, Anu Malik",Jasleen Royal & B. Praak,"Karisma Kapoor, Nana Patekar, Sanjay Kapoor, Shah Rukh Khan, Deepti Naval, Tara Deshpande, Ritu Shivpuri, Prakash Raj, Vijay Raaz, Tiku Talsania",2002
Shakti - The Power,Jhoomati Ghata Mein,"Ismail Darbar, Guest Composition:, Anu Malik",Not Found,"Karisma Kapoor, Nana Patekar, Sanjay Kapoor, Shah Rukh Khan, Deepti Naval, Tara Deshpande, Ritu Shivpuri, Prakash Raj, Vijay Raaz, Tiku Talsania",2002
Sur: The Melody of Life,Aa Bhi Jaa Aa Bhi Jaa,M. M. Kreem,Atif Aslam,"Lucky Ali, Simone Singh, Achint Kaur, Divya Dutta, Pravesh Kumar, Ehsan Khan, Harsh Vasisht",2002
Sur: The Melody of Life,Aao Tumhe Ek Nayi Baat,M. M. Kreem,Not Found,"Lucky Ali, Simone Singh, Achint Kaur, Divya Dutta, Pravesh Kumar, Ehsan Khan, Harsh Vasisht",2002
Sur: The Melody of Life,Ave Maria,M. M. Kreem,"London Philharmonic Orchestra, David Parry & London Philharmonic Choir","Lucky Ali, Simone Singh, Achint Kaur, Divya Dutta, Pravesh Kumar, Ehsan Khan, Harsh Vasisht",2002
Sur: The Melody of Life,Dil Mein Jagi Dhadkan Aise,M. M. Kreem,Sonu Nigam & Ajay-Atul,"Lucky Ali, Simone Singh, Achint Kaur, Divya Dutta, Pravesh Kumar, Ehsan Khan, Harsh Vasisht",2002
Sur: The Melody of Life,Jaane Kya Dhoondhta Hai,M. M. Kreem,Siddharth Gupta,"Lucky Ali, Simone Singh, Achint Kaur, Divya Dutta, Pravesh Kumar, Ehsan Khan, Harsh Vasisht",2002
Sur: The Melody of Life,Kabhi Shaam Dhale,M. M. Kreem,Mohammad Faiz & Jaani,"Lucky Ali, Simone Singh, Achint Kaur, Divya Dutta, Pravesh Kumar, Ehsan Khan, Harsh Vasisht",2002
Sur: The Melody of Life,Khoya Hai Tune Jo Ae Dil,M. M. Kreem,Lucky Ali,"Lucky Ali, Simone Singh, Achint Kaur, Divya Dutta, Pravesh Kumar, Ehsan Khan, Harsh Vasisht",2002
Sur: The Melody of Life,"Sur (Theme)"" (Instrumental)",M. M. Kreem,Jatin-Lalit,"Lucky Ali, Simone Singh, Achint Kaur, Divya Dutta, Pravesh Kumar, Ehsan Khan, Harsh Vasisht",2002
Sur: The Melody of Life,Tu Dil Ki Khushi,M. M. Kreem,Lucky Ali & Sunidhi Chauhan,"Lucky Ali, Simone Singh, Achint Kaur, Divya Dutta, Pravesh Kumar, Ehsan Khan, Harsh Vasisht",2002
The Legend of Bhagat Singh,Jogiya Jogiya,A. R. Rahman,Alka Yagnik & Udit Narayan,"Ajay Devgn, Amrita Rao, Sushant Singh, Akhilendra Mishra, D. Santosh, Bhaswar Chatterjee, Raj Babbar, Farida Jalal, Mukesh Tiwari, Sitaram Panchal",2002
The Legend of Bhagat Singh,Mera Rang De Basanti,A. R. Rahman,"A.R. Rahman, Daler Mehndi & K.S. Chithra","Ajay Devgn, Amrita Rao, Sushant Singh, Akhilendra Mishra, D. Santosh, Bhaswar Chatterjee, Raj Babbar, Farida Jalal, Mukesh Tiwari, Sitaram Panchal",2002
The Legend of Bhagat Singh,Pagdi Sambhal Jatta,A. R. Rahman,Sukhwinder Singh,"Ajay Devgn, Amrita Rao, Sushant Singh, Akhilendra Mishra, D. Santosh, Bhaswar Chatterjee, Raj Babbar, Farida Jalal, Mukesh Tiwari, Sitaram Panchal",2002
The Legend of Bhagat Singh,Sarfaroshi Ki Tamanna,A. R. Rahman,Sonu Nigam & Hariharan,"Ajay Devgn, Amrita Rao, Sushant Singh, Akhilendra Mishra, D. Santosh, Bhaswar Chatterjee, Raj Babbar, Farida Jalal, Mukesh Tiwari, Sitaram Panchal",2002
The Legend of Bhagat Singh,Mahive Mahive,A. R. Rahman,Alka Yagnik & Udit Narayan,"Ajay Devgn, Amrita Rao, Sushant Singh, Akhilendra Mishra, D. Santosh, Bhaswar Chatterjee, Raj Babbar, Farida Jalal, Mukesh Tiwari, Sitaram Panchal",2002
The Legend of Bhagat Singh,Des Mere Des,A. R. Rahman,A.R. Rahman & Sukhwinder Singh,"Ajay Devgn, Amrita Rao, Sushant Singh, Akhilendra Mishra, D. Santosh, Bhaswar Chatterjee, Raj Babbar, Farida Jalal, Mukesh Tiwari, Sitaram Panchal",2002
The Legend of Bhagat Singh,Kasam Tumko Watan,A. R. Rahman,Sukhwinder Singh,"Ajay Devgn, Amrita Rao, Sushant Singh, Akhilendra Mishra, D. Santosh, Bhaswar Chatterjee, Raj Babbar, Farida Jalal, Mukesh Tiwari, Sitaram Panchal",2002
The Legend of Bhagat Singh,Dil Se Niklegi,A. R. Rahman,Sukhwinder Singh,"Ajay Devgn, Amrita Rao, Sushant Singh, Akhilendra Mishra, D. Santosh, Bhaswar Chatterjee, Raj Babbar, Farida Jalal, Mukesh Tiwari, Sitaram Panchal",2002
The Legend of Bhagat Singh,Shora So Pehchaniye,A. R. Rahman,"Karthik, Raquib & Sukhwinder Singh","Ajay Devgn, Amrita Rao, Sushant Singh, Akhilendra Mishra, D. Santosh, Bhaswar Chatterjee, Raj Babbar, Farida Jalal, Mukesh Tiwari, Sitaram Panchal",2002
The Legend of Bhagat Singh,"Sarfaroshi Ki Tamanna"" (Sad)",A. R. Rahman,Sonu Nigam & Hariharan,"Ajay Devgn, Amrita Rao, Sushant Singh, Akhilendra Mishra, D. Santosh, Bhaswar Chatterjee, Raj Babbar, Farida Jalal, Mukesh Tiwari, Sitaram Panchal",2002
Tumko Na Bhool Paayenge,Bindiya Chamke Choodi Khanke,"Sajid–Wajid, Daboo Malik",Not Found,"Salman Khan, Sushmita Sen, Dia Mirza, Sharat Saxena, Inder Kumar, Nishigandha Wad, Mukesh Rishi, Rajpal Yadav, Aanjjan Srivastav, Pankaj Dheer",2002
Tumko Na Bhool Paayenge,Kya Hua Tujhe,"Sajid–Wajid, Daboo Malik",Alka Yagnik & Sonu Nigam,"Salman Khan, Sushmita Sen, Dia Mirza, Sharat Saxena, Inder Kumar, Nishigandha Wad, Mukesh Rishi, Rajpal Yadav, Aanjjan Srivastav, Pankaj Dheer",2002
Tumko Na Bhool Paayenge,Yeh Bekhudi Deewangi,"Sajid–Wajid, Daboo Malik",Not Found,"Salman Khan, Sushmita Sen, Dia Mirza, Sharat Saxena, Inder Kumar, Nishigandha Wad, Mukesh Rishi, Rajpal Yadav, Aanjjan Srivastav, Pankaj Dheer",2002
Tumko Na Bhool Paayenge,Mubarak Eid Mubarak,"Sajid–Wajid, Daboo Malik",Shabab Sabri & Tanvir Hussain,"Salman Khan, Sushmita Sen, Dia Mirza, Sharat Saxena, Inder Kumar, Nishigandha Wad, Mukesh Rishi, Rajpal Yadav, Aanjjan Srivastav, Pankaj Dheer",2002
Tumko Na Bhool Paayenge,Kyon Khanke Teri Choodi,"Sajid–Wajid, Daboo Malik",Alka Yagnik & Kamaal Khan,"Salman Khan, Sushmita Sen, Dia Mirza, Sharat Saxena, Inder Kumar, Nishigandha Wad, Mukesh Rishi, Rajpal Yadav, Aanjjan Srivastav, Pankaj Dheer",2002
Tumko Na Bhool Paayenge,Mehendi Hai Rachi Mere Haanthon Mein,"Sajid–Wajid, Daboo Malik",Not Found,"Salman Khan, Sushmita Sen, Dia Mirza, Sharat Saxena, Inder Kumar, Nishigandha Wad, Mukesh Rishi, Rajpal Yadav, Aanjjan Srivastav, Pankaj Dheer",2002
Tumko Na Bhool Paayenge,Ye Bekhudi Deewangi,"Sajid–Wajid, Daboo Malik",Not Found,"Salman Khan, Sushmita Sen, Dia Mirza, Sharat Saxena, Inder Kumar, Nishigandha Wad, Mukesh Rishi, Rajpal Yadav, Aanjjan Srivastav, Pankaj Dheer",2002
Tumko Na Bhool Paayenge,Main To Ladki Kunwari,"Sajid–Wajid, Daboo Malik",Jaspinder Narula & Abhijeet,"Salman Khan, Sushmita Sen, Dia Mirza, Sharat Saxena, Inder Kumar, Nishigandha Wad, Mukesh Rishi, Rajpal Yadav, Aanjjan Srivastav, Pankaj Dheer",2002
Tumko Na Bhool Paayenge,"Kyon Khanke Teri Choodi"" (Club Mix)","Sajid–Wajid, Daboo Malik",Alka Yagnik & Kamaal Khan,"Salman Khan, Sushmita Sen, Dia Mirza, Sharat Saxena, Inder Kumar, Nishigandha Wad, Mukesh Rishi, Rajpal Yadav, Aanjjan Srivastav, Pankaj Dheer",2002
Kal Ho Naa Ho,Kal Ho Naa Ho,Shankar–Ehsaan–Loy,"Shah Rukh Khan, Saif Ali Khan & Preity Zinta","Shah Rukh Khan, Preity Zinta, Saif Ali Khan, Jaya Bachchan, Sushma Seth, Reema Lagoo, Athit Naik, Jhanak Shukla, Delnaaz Irani, Lillete Dubey",2003
Kal Ho Naa Ho,Maahi Ve,Shankar–Ehsaan–Loy,"Shankar Ehsaan Loy, Shankar Mahadevan, Sadhana Sargam, Sujata Bhattacharya, Udit Narayan & Sonu Nigam","Shah Rukh Khan, Preity Zinta, Saif Ali Khan, Jaya Bachchan, Sushma Seth, Reema Lagoo, Athit Naik, Jhanak Shukla, Delnaaz Irani, Lillete Dubey",2003
Kal Ho Naa Ho,It's the Time to Disco,Shankar–Ehsaan–Loy,"Shankar Ehsaan Loy, KK, Vasundhara Das, Loy Mendonsa & Shaan","Shah Rukh Khan, Preity Zinta, Saif Ali Khan, Jaya Bachchan, Sushma Seth, Reema Lagoo, Athit Naik, Jhanak Shukla, Delnaaz Irani, Lillete Dubey",2003
Kal Ho Naa Ho,Kuch To Hua Hai,Shankar–Ehsaan–Loy,"Shankar Ehsaan Loy, Alka Yagnik & Shaan","Shah Rukh Khan, Preity Zinta, Saif Ali Khan, Jaya Bachchan, Sushma Seth, Reema Lagoo, Athit Naik, Jhanak Shukla, Delnaaz Irani, Lillete Dubey",2003
Kal Ho Naa Ho,"Kal Ho Naa Ho"" (Sad)",Shankar–Ehsaan–Loy,"Shankar Ehsaan Loy, Alka Yagnik, Richa Sharma & Sonu Nigam","Shah Rukh Khan, Preity Zinta, Saif Ali Khan, Jaya Bachchan, Sushma Seth, Reema Lagoo, Athit Naik, Jhanak Shukla, Delnaaz Irani, Lillete Dubey",2003
Kal Ho Naa Ho,Pretty Woman,Shankar–Ehsaan–Loy,"Shankar Ehsaan Loy, Shankar Mahadevan & Ravi 'Rags' Khote","Shah Rukh Khan, Preity Zinta, Saif Ali Khan, Jaya Bachchan, Sushma Seth, Reema Lagoo, Athit Naik, Jhanak Shukla, Delnaaz Irani, Lillete Dubey",2003
Kal Ho Naa Ho,"Heartbeat[d]"" (Instrumental)",Shankar–Ehsaan–Loy,Shankar Ehsaan Loy,"Shah Rukh Khan, Preity Zinta, Saif Ali Khan, Jaya Bachchan, Sushma Seth, Reema Lagoo, Athit Naik, Jhanak Shukla, Delnaaz Irani, Lillete Dubey",2003
Koi... Mil Gaya,Koi Mil Gaya,Rajesh Roshan,"Jatin-Lalit, Kavita Krishnamurthy, Udit Narayan & Alka Yagnik","Hrithik Roshan, Preity Zinta, Rekha, Indravardhan Purohit, Anuj Pandit Sharma, Hansika Motwani, Mohit Makkad, Jay Choksi, Omkar Purohit, Pranita Bishnoi",2003
Koi... Mil Gaya,Idhar Chala Mein Udhar Chala,Rajesh Roshan,"Alka Yagnik, Udit Narayan, Rajesh Roshan & Ibrahim Ashk","Hrithik Roshan, Preity Zinta, Rekha, Indravardhan Purohit, Anuj Pandit Sharma, Hansika Motwani, Mohit Makkad, Jay Choksi, Omkar Purohit, Pranita Bishnoi",2003
Koi... Mil Gaya,"Jaadoo Jaadoo"" (Part 1)",Rajesh Roshan,Not Found,"Hrithik Roshan, Preity Zinta, Rekha, Indravardhan Purohit, Anuj Pandit Sharma, Hansika Motwani, Mohit Makkad, Jay Choksi, Omkar Purohit, Pranita Bishnoi",2003
Koi... Mil Gaya,Instrumental Theme,Rajesh Roshan,Akhil,"Hrithik Roshan, Preity Zinta, Rekha, Indravardhan Purohit, Anuj Pandit Sharma, Hansika Motwani, Mohit Makkad, Jay Choksi, Omkar Purohit, Pranita Bishnoi",2003
Koi... Mil Gaya,It's Magic,Rajesh Roshan,Kane Brown,"Hrithik Roshan, Preity Zinta, Rekha, Indravardhan Purohit, Anuj Pandit Sharma, Hansika Motwani, Mohit Makkad, Jay Choksi, Omkar Purohit, Pranita Bishnoi",2003
Koi... Mil Gaya,In Panchiyon Ko Dekh Kar,Rajesh Roshan,Not Found,"Hrithik Roshan, Preity Zinta, Rekha, Indravardhan Purohit, Anuj Pandit Sharma, Hansika Motwani, Mohit Makkad, Jay Choksi, Omkar Purohit, Pranita Bishnoi",2003
Koi... Mil Gaya,"Jaadoo Jaadoo"" (Part 2)",Rajesh Roshan,Not Found,"Hrithik Roshan, Preity Zinta, Rekha, Indravardhan Purohit, Anuj Pandit Sharma, Hansika Motwani, Mohit Makkad, Jay Choksi, Omkar Purohit, Pranita Bishnoi",2003
Koi... Mil Gaya,Haila Haila,Rajesh Roshan,Udit Narayan & Alka Yagnik,"Hrithik Roshan, Preity Zinta, Rekha, Indravardhan Purohit, Anuj Pandit Sharma, Hansika Motwani, Mohit Makkad, Jay Choksi, Omkar Purohit, Pranita Bishnoi",2003
The Hero: Love Story of a Spy,Dil Main Hai Pyaar,Uttam Singh,Kaushik-Guddu & Raghav Chaitanya,"Sunny Deol, Preity Zinta, Priyanka Chopra Jonas, Amrish Puri, Kabir Bedi, Parvin Dabas, Rajpal Yadav, Yvonne Maverick, Rajat Bedi, Eva Crawford",2003
The Hero: Love Story of a Spy,Tere Shehar Ka Kya Hai Naam,Uttam Singh,Aura Music,"Sunny Deol, Preity Zinta, Priyanka Chopra Jonas, Amrish Puri, Kabir Bedi, Parvin Dabas, Rajpal Yadav, Yvonne Maverick, Rajat Bedi, Eva Crawford",2003
The Hero: Love Story of a Spy,In Mast Nigahon Se,Uttam Singh,Arijit Singh & Chinmayi Sripada,"Sunny Deol, Preity Zinta, Priyanka Chopra Jonas, Amrish Puri, Kabir Bedi, Parvin Dabas, Rajpal Yadav, Yvonne Maverick, Rajat Bedi, Eva Crawford",2003
The Hero: Love Story of a Spy,Mari Koyal Ne Aisi Cook,Uttam Singh,Not Found,"Sunny Deol, Preity Zinta, Priyanka Chopra Jonas, Amrish Puri, Kabir Bedi, Parvin Dabas, Rajpal Yadav, Yvonne Maverick, Rajat Bedi, Eva Crawford",2003
The Hero: Love Story of a Spy,Tum Bhi Na Mano,Uttam Singh,Mithoon & Arijit Singh,"Sunny Deol, Preity Zinta, Priyanka Chopra Jonas, Amrish Puri, Kabir Bedi, Parvin Dabas, Rajpal Yadav, Yvonne Maverick, Rajat Bedi, Eva Crawford",2003
The Hero: Love Story of a Spy,Dil Main Hai Pyaar 2,Uttam Singh,Pritam & Arijit Singh,"Sunny Deol, Preity Zinta, Priyanka Chopra Jonas, Amrish Puri, Kabir Bedi, Parvin Dabas, Rajpal Yadav, Yvonne Maverick, Rajat Bedi, Eva Crawford",2003
The Hero: Love Story of a Spy,Tu Hai,Uttam Singh,A.R. Rahman & Sanah Moidutty,"Sunny Deol, Preity Zinta, Priyanka Chopra Jonas, Amrish Puri, Kabir Bedi, Parvin Dabas, Rajpal Yadav, Yvonne Maverick, Rajat Bedi, Eva Crawford",2003
The Hero: Love Story of a Spy,Tu Hai 2,Uttam Singh,A.R. Rahman & Sanah Moidutty,"Sunny Deol, Preity Zinta, Priyanka Chopra Jonas, Amrish Puri, Kabir Bedi, Parvin Dabas, Rajpal Yadav, Yvonne Maverick, Rajat Bedi, Eva Crawford",2003
Munna Bhai M.B.B.S.,Chann Chann,Score:Sanjay WandrekarSongs:Anu Malik,Shreya Ghoshal & Vinod Rathod,"Sanjay Dutt, Arshad Warsi, Boman Irani, Gracy Singh, Sunil Dutt, Rohini Hattangadi, Jimmy Shergill, Kurush Deboo, Yatin Karyekar, Mumaith Khan",2003
Munna Bhai M.B.B.S.,Dekh Le,Score:Sanjay WandrekarSongs:Anu Malik,Anu Malik & Sunidhi Chauhan,"Sanjay Dutt, Arshad Warsi, Boman Irani, Gracy Singh, Sunil Dutt, Rohini Hattangadi, Jimmy Shergill, Kurush Deboo, Yatin Karyekar, Mumaith Khan",2003
Munna Bhai M.B.B.S.,M Bole To,Score:Sanjay WandrekarSongs:Anu Malik,"Prachi Mayekar, Priya Mayekar, Sanjay Dutt & Vinod Rathod","Sanjay Dutt, Arshad Warsi, Boman Irani, Gracy Singh, Sunil Dutt, Rohini Hattangadi, Jimmy Shergill, Kurush Deboo, Yatin Karyekar, Mumaith Khan",2003
Munna Bhai M.B.B.S.,Subha Ho Gayee Mamu,Score:Sanjay WandrekarSongs:Anu Malik,Not Found,"Sanjay Dutt, Arshad Warsi, Boman Irani, Gracy Singh, Sunil Dutt, Rohini Hattangadi, Jimmy Shergill, Kurush Deboo, Yatin Karyekar, Mumaith Khan",2003
Munna Bhai M.B.B.S.,Apun Jaise Tapori,Score:Sanjay WandrekarSongs:Anu Malik,"Vinod Rathod, Sanjay Dutt, Arshad Warsi","Sanjay Dutt, Arshad Warsi, Boman Irani, Gracy Singh, Sunil Dutt, Rohini Hattangadi, Jimmy Shergill, Kurush Deboo, Yatin Karyekar, Mumaith Khan",2003
Munna Bhai M.B.B.S.,Dekh Le (Remix by Jatin Sharma),Score:Sanjay WandrekarSongs:Anu Malik,"Anu Malik, Jatin Sharma & Sunidhi Chauhan","Sanjay Dutt, Arshad Warsi, Boman Irani, Gracy Singh, Sunil Dutt, Rohini Hattangadi, Jimmy Shergill, Kurush Deboo, Yatin Karyekar, Mumaith Khan",2003
Main Prem Ki Diwani Hoon,Chali Aayee,Anu Malik,Chitra & Kay Kay,"Hrithik Roshan, Kareena Kapoor Khan, Abhishek Bachchan, Himani Shivpuri, Johny Lever, Pankaj Kapur, Raju Srivastava, Reema Lagoo, Upasna Singh, Tannaz Irani",2003
Main Prem Ki Diwani Hoon,Sanjana I Love You,Anu Malik,"Chitra, Kay Kay & Sunidhi Chauhan","Hrithik Roshan, Kareena Kapoor Khan, Abhishek Bachchan, Himani Shivpuri, Johny Lever, Pankaj Kapur, Raju Srivastava, Reema Lagoo, Upasna Singh, Tannaz Irani",2003
Main Prem Ki Diwani Hoon,Bani Bani,Anu Malik,Chitra,"Hrithik Roshan, Kareena Kapoor Khan, Abhishek Bachchan, Himani Shivpuri, Johny Lever, Pankaj Kapur, Raju Srivastava, Reema Lagoo, Upasna Singh, Tannaz Irani",2003
Main Prem Ki Diwani Hoon,Aur Mohabbat Hai,Anu Malik,Error,"Hrithik Roshan, Kareena Kapoor Khan, Abhishek Bachchan, Himani Shivpuri, Johny Lever, Pankaj Kapur, Raju Srivastava, Reema Lagoo, Upasna Singh, Tannaz Irani",2003
Main Prem Ki Diwani Hoon,"O Ajnabi"" (happy)",Anu Malik,Chitra & Kay Kay,"Hrithik Roshan, Kareena Kapoor Khan, Abhishek Bachchan, Himani Shivpuri, Johny Lever, Pankaj Kapur, Raju Srivastava, Reema Lagoo, Upasna Singh, Tannaz Irani",2003
Main Prem Ki Diwani Hoon,Kasam Ki Kasam,Anu Malik,Chitra & Shaan,"Hrithik Roshan, Kareena Kapoor Khan, Abhishek Bachchan, Himani Shivpuri, Johny Lever, Pankaj Kapur, Raju Srivastava, Reema Lagoo, Upasna Singh, Tannaz Irani",2003
Main Prem Ki Diwani Hoon,Papa Ki Pari,Anu Malik,Sunidhi Chauhan & Kareena Kapoor,"Hrithik Roshan, Kareena Kapoor Khan, Abhishek Bachchan, Himani Shivpuri, Johny Lever, Pankaj Kapur, Raju Srivastava, Reema Lagoo, Upasna Singh, Tannaz Irani",2003
Main Prem Ki Diwani Hoon,Ladka Yeh Kehta Hai,Anu Malik,Kay Kay,"Hrithik Roshan, Kareena Kapoor Khan, Abhishek Bachchan, Himani Shivpuri, Johny Lever, Pankaj Kapur, Raju Srivastava, Reema Lagoo, Upasna Singh, Tannaz Irani",2003
Main Prem Ki Diwani Hoon,"O Ajnabi"" (sad)",Anu Malik,Chitra,"Hrithik Roshan, Kareena Kapoor Khan, Abhishek Bachchan, Himani Shivpuri, Johny Lever, Pankaj Kapur, Raju Srivastava, Reema Lagoo, Upasna Singh, Tannaz Irani",2003
Main Prem Ki Diwani Hoon,Bhatke Panchhi,Anu Malik,Chitra,"Hrithik Roshan, Kareena Kapoor Khan, Abhishek Bachchan, Himani Shivpuri, Johny Lever, Pankaj Kapur, Raju Srivastava, Reema Lagoo, Upasna Singh, Tannaz Irani",2003
Main Prem Ki Diwani Hoon,"Prem! Prem! Prem!"" (bonus title track)",Anu Malik,"Chitra, Kay Kay & Shaan","Hrithik Roshan, Kareena Kapoor Khan, Abhishek Bachchan, Himani Shivpuri, Johny Lever, Pankaj Kapur, Raju Srivastava, Reema Lagoo, Upasna Singh, Tannaz Irani",2003
LOC: Kargil,Pyar Bhare Geet,Anu Malik,Akhtar Ali,"Sanjay Dutt, Ajay Devgn, Saif Ali Khan, Suniel Shetty, Sanjay Kapoor, Abhishek Bachchan, Akshaye Khanna, Nagarjuna Akkineni, Ashutosh Rana, Rani Mukerji",2003
LOC: Kargil,Main Kahin Bhi Rahoon,Anu Malik,"Roop Kumar Rathod, Sukhwinder Singh, Hariharan, Udit Narayan & Sonu Nigam","Sanjay Dutt, Ajay Devgn, Saif Ali Khan, Suniel Shetty, Sanjay Kapoor, Abhishek Bachchan, Akshaye Khanna, Nagarjuna Akkineni, Ashutosh Rana, Rani Mukerji",2003
LOC: Kargil,Ek Saathi Aur Bhi Tha,Anu Malik,Sonu Nigam,"Sanjay Dutt, Ajay Devgn, Saif Ali Khan, Suniel Shetty, Sanjay Kapoor, Abhishek Bachchan, Akshaye Khanna, Nagarjuna Akkineni, Ashutosh Rana, Rani Mukerji",2003
LOC: Kargil,Seemaaye Bulaaye,Anu Malik,Not Found,"Sanjay Dutt, Ajay Devgn, Saif Ali Khan, Suniel Shetty, Sanjay Kapoor, Abhishek Bachchan, Akshaye Khanna, Nagarjuna Akkineni, Ashutosh Rana, Rani Mukerji",2003
LOC: Kargil,Khush Rehena,Anu Malik,I'MAM,"Sanjay Dutt, Ajay Devgn, Saif Ali Khan, Suniel Shetty, Sanjay Kapoor, Abhishek Bachchan, Akshaye Khanna, Nagarjuna Akkineni, Ashutosh Rana, Rani Mukerji",2003
LOC: Kargil,Before We Forget,Anu Malik,Anu Malik,"Sanjay Dutt, Ajay Devgn, Saif Ali Khan, Suniel Shetty, Sanjay Kapoor, Abhishek Bachchan, Akshaye Khanna, Nagarjuna Akkineni, Ashutosh Rana, Rani Mukerji",2003
Andaaz,Tere Bin Kahin Dil Na Lagey,Nadeem Saifi,"Mohammed Irfan, Palak Muchhal & Nadeem","Akshay Kumar, Lara Dutta, Priyanka Chopra Jonas, Rajeev Verma, Pankaj Dheer, Gajendra Chouhan, Vivek Shauq, Vishwajeet Pradhan, Prithvi Zutshi, Ghanshyam Rohera",2003
Andaaz,You Are Beautiful,Nadeem Saifi,Bazzi,"Akshay Kumar, Lara Dutta, Priyanka Chopra Jonas, Rajeev Verma, Pankaj Dheer, Gajendra Chouhan, Vivek Shauq, Vishwajeet Pradhan, Prithvi Zutshi, Ghanshyam Rohera",2003
Andaaz,Ishq Junooni Hai,Nadeem Saifi,Neeraj Shridhar & Nadeem Saifi,"Akshay Kumar, Lara Dutta, Priyanka Chopra Jonas, Rajeev Verma, Pankaj Dheer, Gajendra Chouhan, Vivek Shauq, Vishwajeet Pradhan, Prithvi Zutshi, Ghanshyam Rohera",2003
Andaaz,Rabba Ishq Na Hove 2.0,Nadeem Saifi,"Palak Muchhal, Asees Kaur, Shadab Faridi & Nadeem","Akshay Kumar, Lara Dutta, Priyanka Chopra Jonas, Rajeev Verma, Pankaj Dheer, Gajendra Chouhan, Vivek Shauq, Vishwajeet Pradhan, Prithvi Zutshi, Ghanshyam Rohera",2003
Andaaz,Kitni Pyaari Si,Nadeem Saifi,Javed Ali & Nadeem,"Akshay Kumar, Lara Dutta, Priyanka Chopra Jonas, Rajeev Verma, Pankaj Dheer, Gajendra Chouhan, Vivek Shauq, Vishwajeet Pradhan, Prithvi Zutshi, Ghanshyam Rohera",2003
Andaaz,Hum Jaise Jee Rahe Hain,Nadeem Saifi,Amit Mishra & Nadeem,"Akshay Kumar, Lara Dutta, Priyanka Chopra Jonas, Rajeev Verma, Pankaj Dheer, Gajendra Chouhan, Vivek Shauq, Vishwajeet Pradhan, Prithvi Zutshi, Ghanshyam Rohera",2003
Andaaz,Waqt Ne Kiya Iss Qadar Sitam,Nadeem Saifi,"Mohammed Irfan, Palak Muchhal & Nadeem","Akshay Kumar, Lara Dutta, Priyanka Chopra Jonas, Rajeev Verma, Pankaj Dheer, Gajendra Chouhan, Vivek Shauq, Vishwajeet Pradhan, Prithvi Zutshi, Ghanshyam Rohera",2003
Andaaz,Shammak,Nadeem Saifi,"Shaan, Nadeem & Debanjali B Joshi","Akshay Kumar, Lara Dutta, Priyanka Chopra Jonas, Rajeev Verma, Pankaj Dheer, Gajendra Chouhan, Vivek Shauq, Vishwajeet Pradhan, Prithvi Zutshi, Ghanshyam Rohera",2003
Qayamat: City Under Threat,Woh Ladki Bahut Yaad Aati,Nadeem-Shravan,Kumar Sanu & Alka Yagnik,"Ajay Devgn, Suniel Shetty, Sanjay Kapoor, Arbaaz Khan, Chunky Panday, Isha Koppikar, Riya Sen, Neha Dhupia, Aanjjan Srivastav, Govind Namdeo",2003
Qayamat: City Under Threat,Dil Chura Liya,Nadeem-Shravan,Abhijeet & Kavita Krishnamurthy,"Ajay Devgn, Suniel Shetty, Sanjay Kapoor, Arbaaz Khan, Chunky Panday, Isha Koppikar, Riya Sen, Neha Dhupia, Aanjjan Srivastav, Govind Namdeo",2003
Qayamat: City Under Threat,Aitbaar Nahi Karna,Nadeem-Shravan,Abhijeet & Sadhana Sargam,"Ajay Devgn, Suniel Shetty, Sanjay Kapoor, Arbaaz Khan, Chunky Panday, Isha Koppikar, Riya Sen, Neha Dhupia, Aanjjan Srivastav, Govind Namdeo",2003
Qayamat: City Under Threat,Mujhe Tumse Mohabbat Hai,Nadeem-Shravan,Kumar Sanu & Mahalaxmi,"Ajay Devgn, Suniel Shetty, Sanjay Kapoor, Arbaaz Khan, Chunky Panday, Isha Koppikar, Riya Sen, Neha Dhupia, Aanjjan Srivastav, Govind Namdeo",2003
Qayamat: City Under Threat,Yaar Pyaar Ho Gaya,Nadeem-Shravan,Abhijeet & Alisha Chinoy,"Ajay Devgn, Suniel Shetty, Sanjay Kapoor, Arbaaz Khan, Chunky Panday, Isha Koppikar, Riya Sen, Neha Dhupia, Aanjjan Srivastav, Govind Namdeo",2003
Qayamat: City Under Threat,Aitbaar Nahi Karna,Nadeem-Shravan,Abhijeet & Sadhana Sargam,"Ajay Devgn, Suniel Shetty, Sanjay Kapoor, Arbaaz Khan, Chunky Panday, Isha Koppikar, Riya Sen, Neha Dhupia, Aanjjan Srivastav, Govind Namdeo",2003
Qayamat: City Under Threat,Mera Dil Dil Tu Lele,Nadeem-Shravan,Shaan & Mahalaxmi,"Ajay Devgn, Suniel Shetty, Sanjay Kapoor, Arbaaz Khan, Chunky Panday, Isha Koppikar, Riya Sen, Neha Dhupia, Aanjjan Srivastav, Govind Namdeo",2003
Qayamat: City Under Threat,"Woh Ladki Bahut Yaad Aati"" (Sad)",Nadeem-Shravan,Kumar Sanu & Alka Yagnik,"Ajay Devgn, Suniel Shetty, Sanjay Kapoor, Arbaaz Khan, Chunky Panday, Isha Koppikar, Riya Sen, Neha Dhupia, Aanjjan Srivastav, Govind Namdeo",2003
Qayamat: City Under Threat,Qayamat Qayamat,Nadeem-Shravan,"White Noise Collectives, Neeraj Shridhar, Shruti Dhasmana & Som","Ajay Devgn, Suniel Shetty, Sanjay Kapoor, Arbaaz Khan, Chunky Panday, Isha Koppikar, Riya Sen, Neha Dhupia, Aanjjan Srivastav, Govind Namdeo",2003
Armaan,Aao Milke Gaayen Aisa Gaana,Shankar–Ehsaan–Loy,"Amitabh Bachchan, Udit Narayan, Mahalakshmi Iyer & Shankar Mahadevan","Amitabh Bachchan, Anil Kapoor, Preity Zinta, Gracy Singh, Aamir Bashir, Randhir Kapoor, Mangala Kenkre, Suhita Thatte",2003
Armaan,Jaane Ye Kya Ho Gaya,Shankar–Ehsaan–Loy,Shankar Mahadevan & Alka Yagnik,"Amitabh Bachchan, Anil Kapoor, Preity Zinta, Gracy Singh, Aamir Bashir, Randhir Kapoor, Mangala Kenkre, Suhita Thatte",2003
Armaan,"Jugalbandi"" (Instrumental)",Shankar–Ehsaan–Loy,Pt. Samta Prasad & Gopikrishna,"Amitabh Bachchan, Anil Kapoor, Preity Zinta, Gracy Singh, Aamir Bashir, Randhir Kapoor, Mangala Kenkre, Suhita Thatte",2003
Armaan,Meri Zindagi Mein Aaye Ho,Shankar–Ehsaan–Loy,Sonu Nigam & Sunidhi Chauhan,"Amitabh Bachchan, Anil Kapoor, Preity Zinta, Gracy Singh, Aamir Bashir, Randhir Kapoor, Mangala Kenkre, Suhita Thatte",2003
Armaan,Mere Dil Ka Tumse,Shankar–Ehsaan–Loy,K.S. Chithra,"Amitabh Bachchan, Anil Kapoor, Preity Zinta, Gracy Singh, Aamir Bashir, Randhir Kapoor, Mangala Kenkre, Suhita Thatte",2003
Armaan,Main Gaoon Tum Gao,Shankar–Ehsaan–Loy,"Udit Narayan, Mahalakshmi Iyer & Shaan","Amitabh Bachchan, Anil Kapoor, Preity Zinta, Gracy Singh, Aamir Bashir, Randhir Kapoor, Mangala Kenkre, Suhita Thatte",2003
Armaan,Tu Hi Bata Zindagi,Shankar–Ehsaan–Loy,Shreya Ghoshal,"Amitabh Bachchan, Anil Kapoor, Preity Zinta, Gracy Singh, Aamir Bashir, Randhir Kapoor, Mangala Kenkre, Suhita Thatte",2003
Armaan,"Tu Hi Bata Zindagi"" (Male Version)",Shankar–Ehsaan–Loy,Roop Kumar Rathod,"Amitabh Bachchan, Anil Kapoor, Preity Zinta, Gracy Singh, Aamir Bashir, Randhir Kapoor, Mangala Kenkre, Suhita Thatte",2003
Armaan,Dialogues,Shankar–Ehsaan–Loy,Lata Mangeshkar & Kumar Sanu,"Amitabh Bachchan, Anil Kapoor, Preity Zinta, Gracy Singh, Aamir Bashir, Randhir Kapoor, Mangala Kenkre, Suhita Thatte",2003
Bhoot,"Bhoot Hoon Main"" (Remix)","Salim–Sulaiman, Amar Mohile, Anand Raaj Anand, Bapi-Tutul, Background Score:, Salim–Sulaiman","Sunidhi Chauhan, Vijay Prakash & Salim Merchant","Ajay Devgn, Urmila Matondkar, Nana Patekar, Rekha, Seema Biswas, Victor Banerjee, Fardeen Khan, Tanuja Samarth, Sabir Masani, Rajendra Sethi",2003
Bhoot,Bhoot Hai Yahan Koi,"Salim–Sulaiman, Amar Mohile, Anand Raaj Anand, Bapi-Tutul, Background Score:, Salim–Sulaiman",Asha Bhosle,"Ajay Devgn, Urmila Matondkar, Nana Patekar, Rekha, Seema Biswas, Victor Banerjee, Fardeen Khan, Tanuja Samarth, Sabir Masani, Rajendra Sethi",2003
Bhoot,Ghor Andhere,"Salim–Sulaiman, Amar Mohile, Anand Raaj Anand, Bapi-Tutul, Background Score:, Salim–Sulaiman","Vijay Prakash, Sunidhi Chauhan, Clinton Cerejo & Salim Merchant","Ajay Devgn, Urmila Matondkar, Nana Patekar, Rekha, Seema Biswas, Victor Banerjee, Fardeen Khan, Tanuja Samarth, Sabir Masani, Rajendra Sethi",2003
Bhoot,Yeh Sard,"Salim–Sulaiman, Amar Mohile, Anand Raaj Anand, Bapi-Tutul, Background Score:, Salim–Sulaiman",Gayatri Iyer,"Ajay Devgn, Urmila Matondkar, Nana Patekar, Rekha, Seema Biswas, Victor Banerjee, Fardeen Khan, Tanuja Samarth, Sabir Masani, Rajendra Sethi",2003
Bhoot,Bhoot Hai Yahan Koi,"Salim–Sulaiman, Amar Mohile, Anand Raaj Anand, Bapi-Tutul, Background Score:, Salim–Sulaiman",Asha Bhosle,"Ajay Devgn, Urmila Matondkar, Nana Patekar, Rekha, Seema Biswas, Victor Banerjee, Fardeen Khan, Tanuja Samarth, Sabir Masani, Rajendra Sethi",2003
Bhoot,Dead But Not Asleep,"Salim–Sulaiman, Amar Mohile, Anand Raaj Anand, Bapi-Tutul, Background Score:, Salim–Sulaiman",Asha Bhosle,"Ajay Devgn, Urmila Matondkar, Nana Patekar, Rekha, Seema Biswas, Victor Banerjee, Fardeen Khan, Tanuja Samarth, Sabir Masani, Rajendra Sethi",2003
Bhoot,Bhoot Hoon Main,"Salim–Sulaiman, Amar Mohile, Anand Raaj Anand, Bapi-Tutul, Background Score:, Salim–Sulaiman",Sunidhi Chauhan & Vicky-Hardik,"Ajay Devgn, Urmila Matondkar, Nana Patekar, Rekha, Seema Biswas, Victor Banerjee, Fardeen Khan, Tanuja Samarth, Sabir Masani, Rajendra Sethi",2003
Bhoot,Din Hai Na Ye Raat,"Salim–Sulaiman, Amar Mohile, Anand Raaj Anand, Bapi-Tutul, Background Score:, Salim–Sulaiman",Usha Uthup & Pervez Qadir,"Ajay Devgn, Urmila Matondkar, Nana Patekar, Rekha, Seema Biswas, Victor Banerjee, Fardeen Khan, Tanuja Samarth, Sabir Masani, Rajendra Sethi",2003
Bhoot,Yeh Sard,"Salim–Sulaiman, Amar Mohile, Anand Raaj Anand, Bapi-Tutul, Background Score:, Salim–Sulaiman",Gayatri Iyer,"Ajay Devgn, Urmila Matondkar, Nana Patekar, Rekha, Seema Biswas, Victor Banerjee, Fardeen Khan, Tanuja Samarth, Sabir Masani, Rajendra Sethi",2003
Calcutta Mail,Zindagi Hai Kya Pyar Ke Bina,"Anand Raj Anand, Viju Shah",Alka Yagnik & Udit Narayan,"Anil Kapoor, Rani Mukerji, Manisha Koirala, Rajendra Sethi, Tiku Talsania, Deven Verma, Harish Patel, Satish Kaushik, Shivaji Satham, Saurabh Shukla",2003
Calcutta Mail,Tum Agar Mauj Ho Koi To Kinara Hu,"Anand Raj Anand, Viju Shah",Udit Narayan,"Anil Kapoor, Rani Mukerji, Manisha Koirala, Rajendra Sethi, Tiku Talsania, Deven Verma, Harish Patel, Satish Kaushik, Shivaji Satham, Saurabh Shukla",2003
Calcutta Mail,Kahan Pe Meri Jaan Jaogi,"Anand Raj Anand, Viju Shah",Pamela Jain & Adnan Sami,"Anil Kapoor, Rani Mukerji, Manisha Koirala, Rajendra Sethi, Tiku Talsania, Deven Verma, Harish Patel, Satish Kaushik, Shivaji Satham, Saurabh Shukla",2003
Calcutta Mail,Pyar Se Dekh Le Ek Nazar,"Anand Raj Anand, Viju Shah",Hamsika Iyer & Sonu Nigam,"Anil Kapoor, Rani Mukerji, Manisha Koirala, Rajendra Sethi, Tiku Talsania, Deven Verma, Harish Patel, Satish Kaushik, Shivaji Satham, Saurabh Shukla",2003
Calcutta Mail,Ye Saaheb Ajeeb Hai,"Anand Raj Anand, Viju Shah",Sujata Trivedi,"Anil Kapoor, Rani Mukerji, Manisha Koirala, Rajendra Sethi, Tiku Talsania, Deven Verma, Harish Patel, Satish Kaushik, Shivaji Satham, Saurabh Shukla",2003
Calcutta Mail,Bheegi Bheegi Hawa Hai,"Anand Raj Anand, Viju Shah",Lata Mangeshkar & Mukesh,"Anil Kapoor, Rani Mukerji, Manisha Koirala, Rajendra Sethi, Tiku Talsania, Deven Verma, Harish Patel, Satish Kaushik, Shivaji Satham, Saurabh Shukla",2003
Calcutta Mail,Intezar Hai Tera,"Anand Raj Anand, Viju Shah","Atif Aslam, Alisha Chinai & Pritam","Anil Kapoor, Rani Mukerji, Manisha Koirala, Rajendra Sethi, Tiku Talsania, Deven Verma, Harish Patel, Satish Kaushik, Shivaji Satham, Saurabh Shukla",2003
Calcutta Mail,Meri Jaan Meri Jaana,"Anand Raj Anand, Viju Shah",King & Nick Jonas,"Anil Kapoor, Rani Mukerji, Manisha Koirala, Rajendra Sethi, Tiku Talsania, Deven Verma, Harish Patel, Satish Kaushik, Shivaji Satham, Saurabh Shukla",2003
Chupke Se,Kajrare Kajrare Nainawale,"Vishal Bhardwaj, Ranjit Barot",Not Found,"Reema Lagoo, Rati Agnihotri, Tinnu Anand, Om Puri, Masumeh Makhija, Zulfi Syed, Peeya Rai Chowdhary",2003
Chupke Se,Kehte Kehte Ruk Jatee Hai,"Vishal Bhardwaj, Ranjit Barot",Not Found,"Reema Lagoo, Rati Agnihotri, Tinnu Anand, Om Puri, Masumeh Makhija, Zulfi Syed, Peeya Rai Chowdhary",2003
Chupke Se,Koi Toh Ho Jiske Liye Jina Ho,"Vishal Bhardwaj, Ranjit Barot",Not Found,"Reema Lagoo, Rati Agnihotri, Tinnu Anand, Om Puri, Masumeh Makhija, Zulfi Syed, Peeya Rai Chowdhary",2003
Chupke Se,"Dildara"" (Mano Agar Dil Se Toh Khuda)","Vishal Bhardwaj, Ranjit Barot",Not Found,"Reema Lagoo, Rati Agnihotri, Tinnu Anand, Om Puri, Masumeh Makhija, Zulfi Syed, Peeya Rai Chowdhary",2003
Chupke Se,Jeele Jeele Jeene De,"Vishal Bhardwaj, Ranjit Barot",Not Found,"Reema Lagoo, Rati Agnihotri, Tinnu Anand, Om Puri, Masumeh Makhija, Zulfi Syed, Peeya Rai Chowdhary",2003
Chupke Se,Kafi Nahin Jo Bhi Hai,"Vishal Bhardwaj, Ranjit Barot",The Loner,"Reema Lagoo, Rati Agnihotri, Tinnu Anand, Om Puri, Masumeh Makhija, Zulfi Syed, Peeya Rai Chowdhary",2003
Darna Mana Hai,"""Darna Mana Hai"" (4:20) –Sunidhi Chauhan,Ninad Kamat, Naresh Kamat",Salim–Sulaiman,Not Found,"Sameera Reddy, Gaurav Kapur, Peeya Rai Chowdhary, Kiku Sharda, Malavika, Antara Mali, Sohail Khan, Saif Ali Khan, Boman Irani, Raghubir Yadav",2003
Darna Mana Hai,"Darna Mana Hai Remix"" (4:15)",Salim–Sulaiman,Not Found,"Sameera Reddy, Gaurav Kapur, Peeya Rai Chowdhary, Kiku Sharda, Malavika, Antara Mali, Sohail Khan, Saif Ali Khan, Boman Irani, Raghubir Yadav",2003
Darna Mana Hai,"""Homework"" (5:11) –Clinton Cerejo, Aparna Jha, Vijay",Salim–Sulaiman,Not Found,"Sameera Reddy, Gaurav Kapur, Peeya Rai Chowdhary, Kiku Sharda, Malavika, Antara Mali, Sohail Khan, Saif Ali Khan, Boman Irani, Raghubir Yadav",2003
Darna Mana Hai,"Jo Dar Gaya Voh Mar Gaya"" (4:45)",Salim–Sulaiman,Not Found,"Sameera Reddy, Gaurav Kapur, Peeya Rai Chowdhary, Kiku Sharda, Malavika, Antara Mali, Sohail Khan, Saif Ali Khan, Boman Irani, Raghubir Yadav",2003
Darna Mana Hai,"No Smoking"" (4:56)",Salim–Sulaiman,Vishal Bhardwaj & Rekha Bhardwaj,"Sameera Reddy, Gaurav Kapur, Peeya Rai Chowdhary, Kiku Sharda, Malavika, Antara Mali, Sohail Khan, Saif Ali Khan, Boman Irani, Raghubir Yadav",2003
Darna Mana Hai,"""Stop"" (4:27) –Sonu Nigam, Sunidhi Chauhan",Salim–Sulaiman,Error,"Sameera Reddy, Gaurav Kapur, Peeya Rai Chowdhary, Kiku Sharda, Malavika, Antara Mali, Sohail Khan, Saif Ali Khan, Boman Irani, Raghubir Yadav",2003
Footpath,Kitna Pyaara Pyaara Hai Sama,Nadeem-ShravanHimesh Reshammiya,"Alka Yagnik, Nadeem Shravan & Sameer Anjaan","Aftab Shivdasani, Bipasha Basu, Rahul Dev, Emraan Hashmi, Anupama Verma, Irrfan Khan, Anup Soni, Arif Zakaria, Aparna Tilak",2003
Footpath,Zara Dekh Mera Deewanapan,Nadeem-ShravanHimesh Reshammiya,"Udit Narayan, Nadeem Shravan, Alka Yagnik & Praveen Bhardwaj","Aftab Shivdasani, Bipasha Basu, Rahul Dev, Emraan Hashmi, Anupama Verma, Irrfan Khan, Anup Soni, Arif Zakaria, Aparna Tilak",2003
Footpath,Saari Raat Teri Yaad,Nadeem-ShravanHimesh Reshammiya,"Alka Yagnik, Nadeem Shravan, Sameer Anjaan & Udit Narayan","Aftab Shivdasani, Bipasha Basu, Rahul Dev, Emraan Hashmi, Anupama Verma, Irrfan Khan, Anup Soni, Arif Zakaria, Aparna Tilak",2003
Footpath,Chain Aapko Mila,Nadeem-ShravanHimesh Reshammiya,"Asha Bhosle, S.P. Balasubrahmanyam, Sameer Anjaan & Nadeem Shravan","Aftab Shivdasani, Bipasha Basu, Rahul Dev, Emraan Hashmi, Anupama Verma, Irrfan Khan, Anup Soni, Arif Zakaria, Aparna Tilak",2003
Footpath,Dil Toh Milte Hai,Nadeem-ShravanHimesh Reshammiya,"Alka Yagnik, Nadeem Shravan & Sameer Anjaan","Aftab Shivdasani, Bipasha Basu, Rahul Dev, Emraan Hashmi, Anupama Verma, Irrfan Khan, Anup Soni, Arif Zakaria, Aparna Tilak",2003
Footpath,Soorat Pe Teri Pyar Aave (composed byHimesh Reshammiya),Nadeem-ShravanHimesh Reshammiya,Not Found,"Aftab Shivdasani, Bipasha Basu, Rahul Dev, Emraan Hashmi, Anupama Verma, Irrfan Khan, Anup Soni, Arif Zakaria, Aparna Tilak",2003
Footpath,Dost Milte Hai,Nadeem-ShravanHimesh Reshammiya,"Kumar Sanu, Nadeem Shravan & Sameer Anjaan","Aftab Shivdasani, Bipasha Basu, Rahul Dev, Emraan Hashmi, Anupama Verma, Irrfan Khan, Anup Soni, Arif Zakaria, Aparna Tilak",2003
Gangaajal,Maya Thagni,Salim–Sulaiman,Pravesh Mallick & Manoj Muntashir,"Ajay Devgn, Gracy Singh, Mohan Joshi, Yashpal Sharma, Mukesh Tiwari, Akhilendra Mishra, Mohan Agashe, Anup Soni, Ayub Khan, Daya Shankar Pandey",2003
Gangaajal,Tetua,Salim–Sulaiman,Sukhwinder Singh & Manoj Muntashir,"Ajay Devgn, Gracy Singh, Mohan Joshi, Yashpal Sharma, Mukesh Tiwari, Akhilendra Mishra, Mohan Agashe, Anup Soni, Ayub Khan, Daya Shankar Pandey",2003
Gangaajal,Joganiya,Salim–Sulaiman,"Mamta Sharma, Chhaila Bihari & Siddhant Madhav","Ajay Devgn, Gracy Singh, Mohan Joshi, Yashpal Sharma, Mukesh Tiwari, Akhilendra Mishra, Mohan Agashe, Anup Soni, Ayub Khan, Daya Shankar Pandey",2003
Gangaajal,Dheere Dheere,Salim–Sulaiman,Zack Knight & Kumar Sanu,"Ajay Devgn, Gracy Singh, Mohan Joshi, Yashpal Sharma, Mukesh Tiwari, Akhilendra Mishra, Mohan Agashe, Anup Soni, Ayub Khan, Daya Shankar Pandey",2003
Gangaajal,Ghanghor Ghana Ghan,Salim–Sulaiman,Keerthi Sagathia & Manoj Muntashir,"Ajay Devgn, Gracy Singh, Mohan Joshi, Yashpal Sharma, Mukesh Tiwari, Akhilendra Mishra, Mohan Agashe, Anup Soni, Ayub Khan, Daya Shankar Pandey",2003
Gangaajal,Najar Tori Raja,Salim–Sulaiman,Richa Sharma,"Ajay Devgn, Gracy Singh, Mohan Joshi, Yashpal Sharma, Mukesh Tiwari, Akhilendra Mishra, Mohan Agashe, Anup Soni, Ayub Khan, Daya Shankar Pandey",2003
Gangaajal,Binu Baadar,Salim–Sulaiman,Divya Kumar & Manoj Muntashir,"Ajay Devgn, Gracy Singh, Mohan Joshi, Yashpal Sharma, Mukesh Tiwari, Akhilendra Mishra, Mohan Agashe, Anup Soni, Ayub Khan, Daya Shankar Pandey",2003
Gangaajal,Sanke Hai San San,Salim–Sulaiman,Bappi Lahiri & Manoj Muntashir,"Ajay Devgn, Gracy Singh, Mohan Joshi, Yashpal Sharma, Mukesh Tiwari, Akhilendra Mishra, Mohan Agashe, Anup Soni, Ayub Khan, Daya Shankar Pandey",2003
Gangaajal,Maai,Salim–Sulaiman,Sugandha Date & Manoj Muntashir,"Ajay Devgn, Gracy Singh, Mohan Joshi, Yashpal Sharma, Mukesh Tiwari, Akhilendra Mishra, Mohan Agashe, Anup Soni, Ayub Khan, Daya Shankar Pandey",2003
Gangaajal,Sab Dhan Maati (Radio Mix),Salim–Sulaiman,Arijit Singh,"Ajay Devgn, Gracy Singh, Mohan Joshi, Yashpal Sharma, Mukesh Tiwari, Akhilendra Mishra, Mohan Agashe, Anup Soni, Ayub Khan, Daya Shankar Pandey",2003
Gangaajal,Sab Dhan Maati,Salim–Sulaiman,Arijit Singh,"Ajay Devgn, Gracy Singh, Mohan Joshi, Yashpal Sharma, Mukesh Tiwari, Akhilendra Mishra, Mohan Agashe, Anup Soni, Ayub Khan, Daya Shankar Pandey",2003
Haasil,Aankhen Bhi Hoti Hai Dil Ki Zuban,Jatin–Lalit,Abhijeet,"Jimmy Shergill, Hrishitaa Bhatt, Irrfan Khan, Ashutosh Rana, Varun Badola, Sudhir Pandey, Tinnu Anand, Sharat Saxena, Brijendra Kala, Raj Zutshi",2003
Haasil,Aankhon Mein Tumhari,Jatin–Lalit,"Shaan, Shweta & Shraddha Pandit","Jimmy Shergill, Hrishitaa Bhatt, Irrfan Khan, Ashutosh Rana, Varun Badola, Sudhir Pandey, Tinnu Anand, Sharat Saxena, Brijendra Kala, Raj Zutshi",2003
Haasil,Zindagi Ko Nayi Zindagi,Jatin–Lalit,Udit Narayan & Sonali Bajpai,"Jimmy Shergill, Hrishitaa Bhatt, Irrfan Khan, Ashutosh Rana, Varun Badola, Sudhir Pandey, Tinnu Anand, Sharat Saxena, Brijendra Kala, Raj Zutshi",2003
Haasil,Kisi Ne Mera,Jatin–Lalit,Shaan,"Jimmy Shergill, Hrishitaa Bhatt, Irrfan Khan, Ashutosh Rana, Varun Badola, Sudhir Pandey, Tinnu Anand, Sharat Saxena, Brijendra Kala, Raj Zutshi",2003
Haasil,Ab Ghar Aaja,Jatin–Lalit,Javed Ali,"Jimmy Shergill, Hrishitaa Bhatt, Irrfan Khan, Ashutosh Rana, Varun Badola, Sudhir Pandey, Tinnu Anand, Sharat Saxena, Brijendra Kala, Raj Zutshi",2003
Haasil,Police Case Na Ban Jaye,Jatin–Lalit,Richa Sharma,"Jimmy Shergill, Hrishitaa Bhatt, Irrfan Khan, Ashutosh Rana, Varun Badola, Sudhir Pandey, Tinnu Anand, Sharat Saxena, Brijendra Kala, Raj Zutshi",2003
Haasil,Tu Hi Tu,Jatin–Lalit,Mohammed Irfan & Mayur Puri,"Jimmy Shergill, Hrishitaa Bhatt, Irrfan Khan, Ashutosh Rana, Varun Badola, Sudhir Pandey, Tinnu Anand, Sharat Saxena, Brijendra Kala, Raj Zutshi",2003
Hungama,Pari Pari,Nadeem-Shravan,Babul Supriyo,"Akshaye Khanna, Aftab Shivdasani, Rimi Sen, Paresh Rawal, Shoma Anand, Shakti Kapoor, Rajpal Yadav, Tiku Talsania, Upasna Singh, Sanjay Narvekar",2003
Hungama,Tera Dil,Nadeem-Shravan,Udit Narayan & Alka Yagnik,"Akshaye Khanna, Aftab Shivdasani, Rimi Sen, Paresh Rawal, Shoma Anand, Shakti Kapoor, Rajpal Yadav, Tiku Talsania, Upasna Singh, Sanjay Narvekar",2003
Hungama,"Ishq Jab"" (Female Version)",Nadeem-Shravan,Richa Sharma,"Akshaye Khanna, Aftab Shivdasani, Rimi Sen, Paresh Rawal, Shoma Anand, Shakti Kapoor, Rajpal Yadav, Tiku Talsania, Upasna Singh, Sanjay Narvekar",2003
Hungama,"Hungama"" (Title Song)",Nadeem-Shravan,Sinewave,"Akshaye Khanna, Aftab Shivdasani, Rimi Sen, Paresh Rawal, Shoma Anand, Shakti Kapoor, Rajpal Yadav, Tiku Talsania, Upasna Singh, Sanjay Narvekar",2003
Hungama,Hum Nahin,Nadeem-Shravan,"Abhijeet, Alka Yagnik & Sonu Nigam","Akshaye Khanna, Aftab Shivdasani, Rimi Sen, Paresh Rawal, Shoma Anand, Shakti Kapoor, Rajpal Yadav, Tiku Talsania, Upasna Singh, Sanjay Narvekar",2003
Hungama,Chain Aap Ko,Nadeem-Shravan,Sinewave & Sadhana Sargam,"Akshaye Khanna, Aftab Shivdasani, Rimi Sen, Paresh Rawal, Shoma Anand, Shakti Kapoor, Rajpal Yadav, Tiku Talsania, Upasna Singh, Sanjay Narvekar",2003
Hungama,"Ishq Jab"" (Male Version)",Nadeem-Shravan,Kumar Sanu,"Akshaye Khanna, Aftab Shivdasani, Rimi Sen, Paresh Rawal, Shoma Anand, Shakti Kapoor, Rajpal Yadav, Tiku Talsania, Upasna Singh, Sanjay Narvekar",2003
Ishq Vishk,Aankhon Ne Tumhari,"Anu Malik, Background Score:, Raju Singh",Alka Yagnik & Kumar Sanu,"Shahid Kapoor, Amrita Rao, Shenaz Treasury, Yash Tonk, Satish Shah, Vishal Malhotra, Upasna Singh, Neelima Azim, Vivek Vaswani, Omung Kumar",2003
Ishq Vishk,Aisa Kyun Hota Hai,"Anu Malik, Background Score:, Raju Singh",Alka Yagnik,"Shahid Kapoor, Amrita Rao, Shenaz Treasury, Yash Tonk, Satish Shah, Vishal Malhotra, Upasna Singh, Neelima Azim, Vivek Vaswani, Omung Kumar",2003
Ishq Vishk,Chot Dil Pe Lagi,"Anu Malik, Background Score:, Raju Singh","Asees Kaur, Varun Jain, Rochak Kohli, Gurpreet Saini, Anu Malik & Sameer Anjaan","Shahid Kapoor, Amrita Rao, Shenaz Treasury, Yash Tonk, Satish Shah, Vishal Malhotra, Upasna Singh, Neelima Azim, Vivek Vaswani, Omung Kumar",2003
Ishq Vishk,Dooba Re Dooba,"Anu Malik, Background Score:, Raju Singh",Alka Yagnik & Sonu Nigam,"Shahid Kapoor, Amrita Rao, Shenaz Treasury, Yash Tonk, Satish Shah, Vishal Malhotra, Upasna Singh, Neelima Azim, Vivek Vaswani, Omung Kumar",2003
Ishq Vishk,Ishq Vishk Pyaar Vyaar,"Anu Malik, Background Score:, Raju Singh","Rochak Kohli, Sonu Nigam & Nikhita Gandhi","Shahid Kapoor, Amrita Rao, Shenaz Treasury, Yash Tonk, Satish Shah, Vishal Malhotra, Upasna Singh, Neelima Azim, Vivek Vaswani, Omung Kumar",2003
Ishq Vishk,Kaun Hai Woh,"Anu Malik, Background Score:, Raju Singh",Alisha Chinai & Udit Narayan,"Shahid Kapoor, Amrita Rao, Shenaz Treasury, Yash Tonk, Satish Shah, Vishal Malhotra, Upasna Singh, Neelima Azim, Vivek Vaswani, Omung Kumar",2003
Ishq Vishk,Love Love Tum Karo,"Anu Malik, Background Score:, Raju Singh","Sonu Nigam, Priya & Prachi","Shahid Kapoor, Amrita Rao, Shenaz Treasury, Yash Tonk, Satish Shah, Vishal Malhotra, Upasna Singh, Neelima Azim, Vivek Vaswani, Omung Kumar",2003
Ishq Vishk,Mujhpe Har Haseena,"Anu Malik, Background Score:, Raju Singh","Alisha Chinai, Kumar Sanu & Sonu Nigam","Shahid Kapoor, Amrita Rao, Shenaz Treasury, Yash Tonk, Satish Shah, Vishal Malhotra, Upasna Singh, Neelima Azim, Vivek Vaswani, Omung Kumar",2003
Ishq Vishk,Mujhse Huee Bas Yeh,"Anu Malik, Background Score:, Raju Singh",Not Found,"Shahid Kapoor, Amrita Rao, Shenaz Treasury, Yash Tonk, Satish Shah, Vishal Malhotra, Upasna Singh, Neelima Azim, Vivek Vaswani, Omung Kumar",2003
Ishq Vishk,Theme Piece,"Anu Malik, Background Score:, Raju Singh",Anu Malik,"Shahid Kapoor, Amrita Rao, Shenaz Treasury, Yash Tonk, Satish Shah, Vishal Malhotra, Upasna Singh, Neelima Azim, Vivek Vaswani, Omung Kumar",2003
Janasheen,Pyar Hone Laga Hai,"Anand Raj Anand, Channi Singh, Mrunal Sampath, Sukhwinder Singh, Biddu",Sonu Nigam & Alka Yagnik,"Fardeen Khan, Feroz Khan, Celina Jaitly, Archana Puran Singh, Yash Tonk, Kashmera Shah, Johny Lever, Harsha Chayya, Monica Patel",2003
Janasheen,Nashe Nashe Mein Yaar,"Anand Raj Anand, Channi Singh, Mrunal Sampath, Sukhwinder Singh, Biddu",Adnan Sami & Sunidhi Chauhan,"Fardeen Khan, Feroz Khan, Celina Jaitly, Archana Puran Singh, Yash Tonk, Kashmera Shah, Johny Lever, Harsha Chayya, Monica Patel",2003
Janasheen,Deewani Hoon Deewani Hoon,"Anand Raj Anand, Channi Singh, Mrunal Sampath, Sukhwinder Singh, Biddu","Sonu Nigam, Jaspinder Narula & Gauri Bapat","Fardeen Khan, Feroz Khan, Celina Jaitly, Archana Puran Singh, Yash Tonk, Kashmera Shah, Johny Lever, Harsha Chayya, Monica Patel",2003
Janasheen,Marhaba,"Anand Raj Anand, Channi Singh, Mrunal Sampath, Sukhwinder Singh, Biddu",Sukhwinder Singh & Muskaan,"Fardeen Khan, Feroz Khan, Celina Jaitly, Archana Puran Singh, Yash Tonk, Kashmera Shah, Johny Lever, Harsha Chayya, Monica Patel",2003
Janasheen,Ishq Fitrat Hai Meri,"Anand Raj Anand, Channi Singh, Mrunal Sampath, Sukhwinder Singh, Biddu",Sukhwinder Singh & Sunidhi Chauhan,"Fardeen Khan, Feroz Khan, Celina Jaitly, Archana Puran Singh, Yash Tonk, Kashmera Shah, Johny Lever, Harsha Chayya, Monica Patel",2003
Janasheen,Ankhiyan Ankhiyan,"Anand Raj Anand, Channi Singh, Mrunal Sampath, Sukhwinder Singh, Biddu",Palak Muchhal,"Fardeen Khan, Feroz Khan, Celina Jaitly, Archana Puran Singh, Yash Tonk, Kashmera Shah, Johny Lever, Harsha Chayya, Monica Patel",2003
Janasheen,Dil Ne Dil Se Tujhe Pukara,"Anand Raj Anand, Channi Singh, Mrunal Sampath, Sukhwinder Singh, Biddu",Gauri Bapat,"Fardeen Khan, Feroz Khan, Celina Jaitly, Archana Puran Singh, Yash Tonk, Kashmera Shah, Johny Lever, Harsha Chayya, Monica Patel",2003
Janasheen,Ab Ke Baar Poonam Mein,"Anand Raj Anand, Channi Singh, Mrunal Sampath, Sukhwinder Singh, Biddu",Babul Supriyo & Gauri Bapat,"Fardeen Khan, Feroz Khan, Celina Jaitly, Archana Puran Singh, Yash Tonk, Kashmera Shah, Johny Lever, Harsha Chayya, Monica Patel",2003
Jhankaar Beats,Boss Kaun Tha,Vishal–Shekhar,Palak Muchhal,"Shayan Munshi, Juhi Chawla Mehta, Sanjay Suri, Rahul Bose, Rinke Khanna, Riya Sen, Archana Puran Singh, Vijayendra Ghatge, Shashikala, Parmeet Sethi",2003
Jhankaar Beats,Jo Gaya Woh Gaya,Vishal–Shekhar,"Atif Aslam, Shreya Ghoshal & Sachin-Jigar","Shayan Munshi, Juhi Chawla Mehta, Sanjay Suri, Rahul Bose, Rinke Khanna, Riya Sen, Archana Puran Singh, Vijayendra Ghatge, Shashikala, Parmeet Sethi",2003
Jhankaar Beats,Sahi Hai Re (Bonus Track),Vishal–Shekhar,Vishal & Shekhar & Udit Narayan,"Shayan Munshi, Juhi Chawla Mehta, Sanjay Suri, Rahul Bose, Rinke Khanna, Riya Sen, Archana Puran Singh, Vijayendra Ghatge, Shashikala, Parmeet Sethi",2003
Jhankaar Beats,Suno Na,Vishal–Shekhar,Vishal & Shekhar & Shaan,"Shayan Munshi, Juhi Chawla Mehta, Sanjay Suri, Rahul Bose, Rinke Khanna, Riya Sen, Archana Puran Singh, Vijayendra Ghatge, Shashikala, Parmeet Sethi",2003
Jhankaar Beats,Tu Aashiqui Hai,Vishal–Shekhar,Vishal & Shekhar & KK,"Shayan Munshi, Juhi Chawla Mehta, Sanjay Suri, Rahul Bose, Rinke Khanna, Riya Sen, Archana Puran Singh, Vijayendra Ghatge, Shashikala, Parmeet Sethi",2003
Jhankaar Beats,Humein Tumse Pyaar Kitna,Vishal–Shekhar,"R.D. Burman, Vishal & Shekhar, Amit Kumar & KK","Shayan Munshi, Juhi Chawla Mehta, Sanjay Suri, Rahul Bose, Rinke Khanna, Riya Sen, Archana Puran Singh, Vijayendra Ghatge, Shashikala, Parmeet Sethi",2003
Jhankaar Beats,Ruk Ruk Rukna Na,Vishal–Shekhar,Not Found,"Shayan Munshi, Juhi Chawla Mehta, Sanjay Suri, Rahul Bose, Rinke Khanna, Riya Sen, Archana Puran Singh, Vijayendra Ghatge, Shashikala, Parmeet Sethi",2003
Jhankaar Beats,Tera Muskurana,Vishal–Shekhar,Vishal & Shekhar,"Shayan Munshi, Juhi Chawla Mehta, Sanjay Suri, Rahul Bose, Rinke Khanna, Riya Sen, Archana Puran Singh, Vijayendra Ghatge, Shashikala, Parmeet Sethi",2003
Jhankaar Beats,Jab Kabhi Chand Na Ho,Vishal–Shekhar,Not Found,"Shayan Munshi, Juhi Chawla Mehta, Sanjay Suri, Rahul Bose, Rinke Khanna, Riya Sen, Archana Puran Singh, Vijayendra Ghatge, Shashikala, Parmeet Sethi",2003
Jhankaar Beats,Theme Song,Vishal–Shekhar,Akhil,"Shayan Munshi, Juhi Chawla Mehta, Sanjay Suri, Rahul Bose, Rinke Khanna, Riya Sen, Archana Puran Singh, Vijayendra Ghatge, Shashikala, Parmeet Sethi",2003
Jism,"Jaadu Hai Nasha Hai"" (Female Version)",M. M. Keeravani,Shreya Ghoshal & Shaan,"Bipasha Basu, John Abraham, Gulshan Grover, Vinay Pathak, Ranvir Shorey, Anahita Oberoi, Harsh Vasisht",2003
Jism,"Awarapan Banjarapan"" (Version 1)",M. M. Keeravani,KK,"Bipasha Basu, John Abraham, Gulshan Grover, Vinay Pathak, Ranvir Shorey, Anahita Oberoi, Harsh Vasisht",2003
Jism,Shikayat Hai,M. M. Keeravani,Roop Kumar Rathod,"Bipasha Basu, John Abraham, Gulshan Grover, Vinay Pathak, Ranvir Shorey, Anahita Oberoi, Harsh Vasisht",2003
Jism,Mere Khwabon Ka,M. M. Keeravani,Udit Narayan,"Bipasha Basu, John Abraham, Gulshan Grover, Vinay Pathak, Ranvir Shorey, Anahita Oberoi, Harsh Vasisht",2003
Jism,"Chalo Tumko Lekar Chale"" (Version 1)",M. M. Keeravani,Shreya Ghoshal,"Bipasha Basu, John Abraham, Gulshan Grover, Vinay Pathak, Ranvir Shorey, Anahita Oberoi, Harsh Vasisht",2003
Jism,"Awarapan Banjarapan"" (Version 2)",M. M. Keeravani,M.M. Keeravani,"Bipasha Basu, John Abraham, Gulshan Grover, Vinay Pathak, Ranvir Shorey, Anahita Oberoi, Harsh Vasisht",2003
Jism,"Jaadu Hai Nasha Hai"" (Duet Version)",M. M. Keeravani,Shreya Ghoshal & Shaan,"Bipasha Basu, John Abraham, Gulshan Grover, Vinay Pathak, Ranvir Shorey, Anahita Oberoi, Harsh Vasisht",2003
Jism,"Awarapan Banjarapan"" (Version 3)",M. M. Keeravani,Not Found,"Bipasha Basu, John Abraham, Gulshan Grover, Vinay Pathak, Ranvir Shorey, Anahita Oberoi, Harsh Vasisht",2003
Jism,"Chalo Tumko Lekar Chale"" (Version 2)",M. M. Keeravani,Shreya Ghoshal,"Bipasha Basu, John Abraham, Gulshan Grover, Vinay Pathak, Ranvir Shorey, Anahita Oberoi, Harsh Vasisht",2003
Khushi,Aaj Piya,"Anu Malik, Background Score:, Naresh Sharma",Lata Mangeshkar,"Fardeen Khan, Kareena Kapoor Khan, Johny Lever, Anup Soni, Amrish Puri, Sharat Saxena, Navin Nischol, Amitabh Bachchan, Sakshi Shivanand",2003
Khushi,Good Morning India,"Anu Malik, Background Score:, Naresh Sharma",Sonu Nigam,"Fardeen Khan, Kareena Kapoor Khan, Johny Lever, Anup Soni, Amrish Puri, Sharat Saxena, Navin Nischol, Amitabh Bachchan, Sakshi Shivanand",2003
Khushi,Hai Re Hai Re,"Anu Malik, Background Score:, Naresh Sharma",Hema Sardesai & KK,"Fardeen Khan, Kareena Kapoor Khan, Johny Lever, Anup Soni, Amrish Puri, Sharat Saxena, Navin Nischol, Amitabh Bachchan, Sakshi Shivanand",2003
Khushi,Jiya Main Jiya,"Anu Malik, Background Score:, Naresh Sharma",Arijit Singh,"Fardeen Khan, Kareena Kapoor Khan, Johny Lever, Anup Soni, Amrish Puri, Sharat Saxena, Navin Nischol, Amitabh Bachchan, Sakshi Shivanand",2003
Khushi,Khushi Aaye Re Aaye Re,"Anu Malik, Background Score:, Naresh Sharma",Pritam & Arijit Singh,"Fardeen Khan, Kareena Kapoor Khan, Johny Lever, Anup Soni, Amrish Puri, Sharat Saxena, Navin Nischol, Amitabh Bachchan, Sakshi Shivanand",2003
Khushi,Tere Bina,"Anu Malik, Background Score:, Naresh Sharma","A.R. Rahman, Chinmayi Sripada, Murtuza Khan & Qadir Khan","Fardeen Khan, Kareena Kapoor Khan, Johny Lever, Anup Soni, Amrish Puri, Sharat Saxena, Navin Nischol, Amitabh Bachchan, Sakshi Shivanand",2003
Kuch Naa Kaho,ABBG,"Shankar–Ehsaan–Loy, Background Score:, Aadesh Shrivastava, Uday Mazumdar",Udit Narayan & Mahalakshmi Iyer,"Aishwarya Rai Bachchan, Abhishek Bachchan, Satish Shah, Suhasini Mulay, Jaspal Bhatti, Himani Shivpuri, Zoya Afroz, Meghna Malik",2003
Kuch Naa Kaho,Achchi Lagti Ho,"Shankar–Ehsaan–Loy, Background Score:, Aadesh Shrivastava, Uday Mazumdar",Udit Narayan & Kavita Krishnamurthy,"Aishwarya Rai Bachchan, Abhishek Bachchan, Satish Shah, Suhasini Mulay, Jaspal Bhatti, Himani Shivpuri, Zoya Afroz, Meghna Malik",2003
Kuch Naa Kaho,Baat Meri Suniye To Zara,"Shankar–Ehsaan–Loy, Background Score:, Aadesh Shrivastava, Uday Mazumdar",Shankar Mahadevan & Mahalakshmi Iyer,"Aishwarya Rai Bachchan, Abhishek Bachchan, Satish Shah, Suhasini Mulay, Jaspal Bhatti, Himani Shivpuri, Zoya Afroz, Meghna Malik",2003
Kuch Naa Kaho,Kehti Hai Yeh Hawa,"Shankar–Ehsaan–Loy, Background Score:, Aadesh Shrivastava, Uday Mazumdar",Shankar Mahadevan & Richa Sharma,"Aishwarya Rai Bachchan, Abhishek Bachchan, Satish Shah, Suhasini Mulay, Jaspal Bhatti, Himani Shivpuri, Zoya Afroz, Meghna Malik",2003
Kuch Naa Kaho,Kuch Naa Kaho,"Shankar–Ehsaan–Loy, Background Score:, Aadesh Shrivastava, Uday Mazumdar",Shaan & Sadhana Sargam,"Aishwarya Rai Bachchan, Abhishek Bachchan, Satish Shah, Suhasini Mulay, Jaspal Bhatti, Himani Shivpuri, Zoya Afroz, Meghna Malik",2003
Kuch Naa Kaho,Tumhe Aaj Maine Jo Dekha,"Shankar–Ehsaan–Loy, Background Score:, Aadesh Shrivastava, Uday Mazumdar",Shankar Mahadevan & Sujata Bhattacharya,"Aishwarya Rai Bachchan, Abhishek Bachchan, Satish Shah, Suhasini Mulay, Jaspal Bhatti, Himani Shivpuri, Zoya Afroz, Meghna Malik",2003
Pinjar,Shaba Ni Shaba,Uttam Singh,"Udit Narayan, Kavita Krishnamurthy & Sadhana Sargam","Urmila Matondkar, Manoj Bajpayee, Sanjay Suri, Sandali Sinha, Isha Koppikar, Lillete Dubey, Kulbhushan Kharbanda, Farida Jalal, Priyanshu Chatterjee, Seema Biswas",2003
Pinjar,Maar Udari,Uttam Singh,"Jaspinder Narula, Preeti Uttam, Amey Date & Nihar S.","Urmila Matondkar, Manoj Bajpayee, Sanjay Suri, Sandali Sinha, Isha Koppikar, Lillete Dubey, Kulbhushan Kharbanda, Farida Jalal, Priyanshu Chatterjee, Seema Biswas",2003
Pinjar,"Haath Choote"" (Duet)",Uttam Singh,Jagjit Singh & Preeti Uttam,"Urmila Matondkar, Manoj Bajpayee, Sanjay Suri, Sandali Sinha, Isha Koppikar, Lillete Dubey, Kulbhushan Kharbanda, Farida Jalal, Priyanshu Chatterjee, Seema Biswas",2003
Pinjar,Vatna Ve,Uttam Singh,Roop Kumar Rathod & Uttam Singh,"Urmila Matondkar, Manoj Bajpayee, Sanjay Suri, Sandali Sinha, Isha Koppikar, Lillete Dubey, Kulbhushan Kharbanda, Farida Jalal, Priyanshu Chatterjee, Seema Biswas",2003
Pinjar,Darda Marya,Uttam Singh,Wadali Brothers & Jaspinder Narula,"Urmila Matondkar, Manoj Bajpayee, Sanjay Suri, Sandali Sinha, Isha Koppikar, Lillete Dubey, Kulbhushan Kharbanda, Farida Jalal, Priyanshu Chatterjee, Seema Biswas",2003
Pinjar,Charkha Chalati Maa,Uttam Singh,Preeti Uttam,"Urmila Matondkar, Manoj Bajpayee, Sanjay Suri, Sandali Sinha, Isha Koppikar, Lillete Dubey, Kulbhushan Kharbanda, Farida Jalal, Priyanshu Chatterjee, Seema Biswas",2003
Pinjar,Sita Ko Dekhe,Uttam Singh,Suresh Wadkar & Sadhana Sargam,"Urmila Matondkar, Manoj Bajpayee, Sanjay Suri, Sandali Sinha, Isha Koppikar, Lillete Dubey, Kulbhushan Kharbanda, Farida Jalal, Priyanshu Chatterjee, Seema Biswas",2003
Pinjar,Shabad,Uttam Singh,Preeti Uttam,"Urmila Matondkar, Manoj Bajpayee, Sanjay Suri, Sandali Sinha, Isha Koppikar, Lillete Dubey, Kulbhushan Kharbanda, Farida Jalal, Priyanshu Chatterjee, Seema Biswas",2003
Pinjar,Waris Shah Nu,Uttam Singh,Wadali Brothers & Preeti Uttam,"Urmila Matondkar, Manoj Bajpayee, Sanjay Suri, Sandali Sinha, Isha Koppikar, Lillete Dubey, Kulbhushan Kharbanda, Farida Jalal, Priyanshu Chatterjee, Seema Biswas",2003
Pinjar,Haath Choote,Uttam Singh,Jagjit Singh,"Urmila Matondkar, Manoj Bajpayee, Sanjay Suri, Sandali Sinha, Isha Koppikar, Lillete Dubey, Kulbhushan Kharbanda, Farida Jalal, Priyanshu Chatterjee, Seema Biswas",2003
Tehzeeb,Khoye Khoye Aankhen,A. R. Rahman,Not Found,"Shabana Azmi, Urmila Matondkar, Arjun Rampal, Dia Mirza, Diana Hayden, Rishi Kapoor",2003
Tehzeeb,Meherbaan,A. R. Rahman,"Ash King, Shilpa Rao, Vishal & Shekhar & Shekhar Ravjiani","Shabana Azmi, Urmila Matondkar, Arjun Rampal, Dia Mirza, Diana Hayden, Rishi Kapoor",2003
Tehzeeb,Na Shiqwa Hota,A. R. Rahman,Sujata Bhattacharya,"Shabana Azmi, Urmila Matondkar, Arjun Rampal, Dia Mirza, Diana Hayden, Rishi Kapoor",2003
Tehzeeb,Sabaq Aisa,A. R. Rahman,Sujata Bhattacharya,"Shabana Azmi, Urmila Matondkar, Arjun Rampal, Dia Mirza, Diana Hayden, Rishi Kapoor",2003
Tehzeeb,Mujhpe Toofan Uthaye,A. R. Rahman,Sujata Bhattacharya,"Shabana Azmi, Urmila Matondkar, Arjun Rampal, Dia Mirza, Diana Hayden, Rishi Kapoor",2003
Tehzeeb,I Wanna Be Free,A. R. Rahman,Destiny's Child,"Shabana Azmi, Urmila Matondkar, Arjun Rampal, Dia Mirza, Diana Hayden, Rishi Kapoor",2003
Tehzeeb,Na Shiqwa Hota,A. R. Rahman,Sujata Bhattacharya,"Shabana Azmi, Urmila Matondkar, Arjun Rampal, Dia Mirza, Diana Hayden, Rishi Kapoor",2003
Tehzeeb,"Habibi""(additional song)",A. R. Rahman,Mitika Kanwar & Benny Dayal,"Shabana Azmi, Urmila Matondkar, Arjun Rampal, Dia Mirza, Diana Hayden, Rishi Kapoor",2003
Tere Naam,Chand” (Not in the film),"Himesh Reshammiya, Guest Composition:, Sajid–Wajid, Background Score:, Bikram Vicckey Goswami","Atif Aslam, Alisha Chinai & Pritam","Salman Khan, Bhumika Chawla, Sachin Khedekar, Savita Prabhune, Anang Desai, Ravi Kishan, Sarfaraz Khan, Darshan Kumaar, Dinesh Kaushik, Radhika Chaudhari",2003
Tere Naam,Kyun Kisi Ko,"Himesh Reshammiya, Guest Composition:, Sajid–Wajid, Background Score:, Bikram Vicckey Goswami",Pritam & Arijit Singh,"Salman Khan, Bhumika Chawla, Sachin Khedekar, Savita Prabhune, Anang Desai, Ravi Kishan, Sarfaraz Khan, Darshan Kumaar, Dinesh Kaushik, Radhika Chaudhari",2003
Tere Naam,Lagan Lagi,"Himesh Reshammiya, Guest Composition:, Sajid–Wajid, Background Score:, Bikram Vicckey Goswami",Sukhwinder Singh,"Salman Khan, Bhumika Chawla, Sachin Khedekar, Savita Prabhune, Anang Desai, Ravi Kishan, Sarfaraz Khan, Darshan Kumaar, Dinesh Kaushik, Radhika Chaudhari",2003
Tere Naam,Man Basia O Kanha ,"Himesh Reshammiya, Guest Composition:, Sajid–Wajid, Background Score:, Bikram Vicckey Goswami",Not Found,"Salman Khan, Bhumika Chawla, Sachin Khedekar, Savita Prabhune, Anang Desai, Ravi Kishan, Sarfaraz Khan, Darshan Kumaar, Dinesh Kaushik, Radhika Chaudhari",2003
Tere Naam,O Jaana,"Himesh Reshammiya, Guest Composition:, Sajid–Wajid, Background Score:, Bikram Vicckey Goswami",Raju Singh & KK,"Salman Khan, Bhumika Chawla, Sachin Khedekar, Savita Prabhune, Anang Desai, Ravi Kishan, Sarfaraz Khan, Darshan Kumaar, Dinesh Kaushik, Radhika Chaudhari",2003
Tere Naam,Odhni,"Himesh Reshammiya, Guest Composition:, Sajid–Wajid, Background Score:, Bikram Vicckey Goswami",Pritam & Jonita Gandhi,"Salman Khan, Bhumika Chawla, Sachin Khedekar, Savita Prabhune, Anang Desai, Ravi Kishan, Sarfaraz Khan, Darshan Kumaar, Dinesh Kaushik, Radhika Chaudhari",2003
Tere Naam,Tere Naam,"Himesh Reshammiya, Guest Composition:, Sajid–Wajid, Background Score:, Bikram Vicckey Goswami",Udit Narayan & Alka Yagnik,"Salman Khan, Bhumika Chawla, Sachin Khedekar, Savita Prabhune, Anang Desai, Ravi Kishan, Sarfaraz Khan, Darshan Kumaar, Dinesh Kaushik, Radhika Chaudhari",2003
Tere Naam,Tumse Milna,"Himesh Reshammiya, Guest Composition:, Sajid–Wajid, Background Score:, Bikram Vicckey Goswami",Udit Narayan & Alka Yagnik,"Salman Khan, Bhumika Chawla, Sachin Khedekar, Savita Prabhune, Anang Desai, Ravi Kishan, Sarfaraz Khan, Darshan Kumaar, Dinesh Kaushik, Radhika Chaudhari",2003
Tere Naam,"O Jaana"" (remix)","Himesh Reshammiya, Guest Composition:, Sajid–Wajid, Background Score:, Bikram Vicckey Goswami",Raju Singh & KK,"Salman Khan, Bhumika Chawla, Sachin Khedekar, Savita Prabhune, Anang Desai, Ravi Kishan, Sarfaraz Khan, Darshan Kumaar, Dinesh Kaushik, Radhika Chaudhari",2003
Tere Naam,Tere Naam(Sad),"Himesh Reshammiya, Guest Composition:, Sajid–Wajid, Background Score:, Bikram Vicckey Goswami",Udit Narayan & Alka Yagnik,"Salman Khan, Bhumika Chawla, Sachin Khedekar, Savita Prabhune, Anang Desai, Ravi Kishan, Sarfaraz Khan, Darshan Kumaar, Dinesh Kaushik, Radhika Chaudhari",2003
Tere Naam,Tere Naam(Female),"Himesh Reshammiya, Guest Composition:, Sajid–Wajid, Background Score:, Bikram Vicckey Goswami",Udit Narayan & Alka Yagnik,"Salman Khan, Bhumika Chawla, Sachin Khedekar, Savita Prabhune, Anang Desai, Ravi Kishan, Sarfaraz Khan, Darshan Kumaar, Dinesh Kaushik, Radhika Chaudhari",2003
Tere Naam,Tune Saath Jo Mera Chhoda,"Himesh Reshammiya, Guest Composition:, Sajid–Wajid, Background Score:, Bikram Vicckey Goswami",Udit Narayan & Raghav,"Salman Khan, Bhumika Chawla, Sachin Khedekar, Savita Prabhune, Anang Desai, Ravi Kishan, Sarfaraz Khan, Darshan Kumaar, Dinesh Kaushik, Radhika Chaudhari",2003
Tere Naam,Tune Saath Jo Mera Chhoda (Sad),"Himesh Reshammiya, Guest Composition:, Sajid–Wajid, Background Score:, Bikram Vicckey Goswami",Udit Narayan,"Salman Khan, Bhumika Chawla, Sachin Khedekar, Savita Prabhune, Anang Desai, Ravi Kishan, Sarfaraz Khan, Darshan Kumaar, Dinesh Kaushik, Radhika Chaudhari",2003
Veer-Zaara,Hum To Bhai Jaise Hain,Madan Mohan,Lata Mangeshkar,"Shah Rukh Khan, Preity Zinta, Rani Mukerji, Kirron Kher, Divya Dutta, Boman Irani, Anupam Kher, Amitabh Bachchan, Hema Malini, Manoj Bajpayee",2004
Veer-Zaara,Main Yahaan Hoon,Madan Mohan,Udit Narayan,"Shah Rukh Khan, Preity Zinta, Rani Mukerji, Kirron Kher, Divya Dutta, Boman Irani, Anupam Kher, Amitabh Bachchan, Hema Malini, Manoj Bajpayee",2004
Veer-Zaara,Aisa Des Hai Mera,Madan Mohan,"Gurdas Maan, Lata Mangeshkar, Pritha Majumder & Udit Narayan","Shah Rukh Khan, Preity Zinta, Rani Mukerji, Kirron Kher, Divya Dutta, Boman Irani, Anupam Kher, Amitabh Bachchan, Hema Malini, Manoj Bajpayee",2004
Veer-Zaara,Aaya Tere Dar Par,Madan Mohan,"Ahmed Hussain, Javed Hussain, Mohd Hussain & Mohd Vakil","Shah Rukh Khan, Preity Zinta, Rani Mukerji, Kirron Kher, Divya Dutta, Boman Irani, Anupam Kher, Amitabh Bachchan, Hema Malini, Manoj Bajpayee",2004
Veer-Zaara,Do Pal,Madan Mohan,Lata Mangeshkar & Sonu Nigam,"Shah Rukh Khan, Preity Zinta, Rani Mukerji, Kirron Kher, Divya Dutta, Boman Irani, Anupam Kher, Amitabh Bachchan, Hema Malini, Manoj Bajpayee",2004
Veer-Zaara,Yeh Hum Aa Gaye Hain Kahaan,Madan Mohan,Lata Mangeshkar & Udit Narayan,"Shah Rukh Khan, Preity Zinta, Rani Mukerji, Kirron Kher, Divya Dutta, Boman Irani, Anupam Kher, Amitabh Bachchan, Hema Malini, Manoj Bajpayee",2004
Veer-Zaara,Tere Liye,Madan Mohan,Atif Aslam & Shreya Ghoshal,"Shah Rukh Khan, Preity Zinta, Rani Mukerji, Kirron Kher, Divya Dutta, Boman Irani, Anupam Kher, Amitabh Bachchan, Hema Malini, Manoj Bajpayee",2004
Veer-Zaara,Kyon Hawa,Madan Mohan,"Lata Mangeshkar, Sonu Nigam & Yash Chopra","Shah Rukh Khan, Preity Zinta, Rani Mukerji, Kirron Kher, Divya Dutta, Boman Irani, Anupam Kher, Amitabh Bachchan, Hema Malini, Manoj Bajpayee",2004
Veer-Zaara,Lodi,Madan Mohan,"Gurdas Maan, Lata Mangeshkar & Udit Narayan","Shah Rukh Khan, Preity Zinta, Rani Mukerji, Kirron Kher, Divya Dutta, Boman Irani, Anupam Kher, Amitabh Bachchan, Hema Malini, Manoj Bajpayee",2004
Veer-Zaara,Tum Paas Aa Rahe Ho (Not in film),Madan Mohan,Jagjit Singh & Lata Mangeshkar,"Shah Rukh Khan, Preity Zinta, Rani Mukerji, Kirron Kher, Divya Dutta, Boman Irani, Anupam Kher, Amitabh Bachchan, Hema Malini, Manoj Bajpayee",2004
Veer-Zaara,Jaane Kyon (Not in film),Madan Mohan,Lata Mangeshkar,"Shah Rukh Khan, Preity Zinta, Rani Mukerji, Kirron Kher, Divya Dutta, Boman Irani, Anupam Kher, Amitabh Bachchan, Hema Malini, Manoj Bajpayee",2004
Main Hoon Na,Main Hoon Na,Anu Malik,Sonu Nigam & Shreya Ghoshal,"Shah Rukh Khan, Sushmita Sen, Suniel Shetty, Zayed Khan, Amrita Rao, Boman Irani, Satish Shah, Kirron Kher, Bindu, Rakhi Sawant",2004
Main Hoon Na,Tumse Milke Dilka Jo Haal,Anu Malik,Asha Bhosle & Suresh Wadkar,"Shah Rukh Khan, Sushmita Sen, Suniel Shetty, Zayed Khan, Amrita Rao, Boman Irani, Satish Shah, Kirron Kher, Bindu, Rakhi Sawant",2004
Main Hoon Na,Tumhe Jo Maine Dekha,Anu Malik,Abhijeet & Shreya Ghoshal,"Shah Rukh Khan, Sushmita Sen, Suniel Shetty, Zayed Khan, Amrita Rao, Boman Irani, Satish Shah, Kirron Kher, Bindu, Rakhi Sawant",2004
Main Hoon Na,Gori Gori,Anu Malik,"Instant Karma, Mahalakshmi Iyer & Anthra Chaudhuri","Shah Rukh Khan, Sushmita Sen, Suniel Shetty, Zayed Khan, Amrita Rao, Boman Irani, Satish Shah, Kirron Kher, Bindu, Rakhi Sawant",2004
Main Hoon Na,Chale Jaise Hawaien,Anu Malik,KK & Vasundhara Das,"Shah Rukh Khan, Sushmita Sen, Suniel Shetty, Zayed Khan, Amrita Rao, Boman Irani, Satish Shah, Kirron Kher, Bindu, Rakhi Sawant",2004
Main Hoon Na,Main Hoon Na (Sad Version),Anu Malik,Sonu Nigam & Shreya Ghoshal,"Shah Rukh Khan, Sushmita Sen, Suniel Shetty, Zayed Khan, Amrita Rao, Boman Irani, Satish Shah, Kirron Kher, Bindu, Rakhi Sawant",2004
Main Hoon Na,Yeh Fizayein,Anu Malik,The Bollywood Instrumental Band,"Shah Rukh Khan, Sushmita Sen, Suniel Shetty, Zayed Khan, Amrita Rao, Boman Irani, Satish Shah, Kirron Kher, Bindu, Rakhi Sawant",2004
Main Hoon Na,Main Hoon Na (Remix),Anu Malik,Sonu Nigam & Shreya Ghoshal,"Shah Rukh Khan, Sushmita Sen, Suniel Shetty, Zayed Khan, Amrita Rao, Boman Irani, Satish Shah, Kirron Kher, Bindu, Rakhi Sawant",2004
Dhoom,Silsila,"Clinton Cerejo, Bianca Gomes (Shor Police)",Arijit Singh & Jonita Gandhi,"Yami Gautam Dhar, Pratik Gandhi, Eijaz Khan, Pavitra Sarkar, Mukul Chadda, Prateik Smita Patil, Kavin Dave, Garima Yajnik, Neelu Kohli, Nimisha Vakharia",2025
Dhoom,How are You,"Clinton Cerejo, Bianca Gomes (Shor Police)","Benny Dayal, Asees Kaur, Shor Police & Siddhant Kaushal","Yami Gautam Dhar, Pratik Gandhi, Eijaz Khan, Pavitra Sarkar, Mukul Chadda, Prateik Smita Patil, Kavin Dave, Garima Yajnik, Neelu Kohli, Nimisha Vakharia",2025
Dhoom,Haseeno,"Clinton Cerejo, Bianca Gomes (Shor Police)",Vishal Dadlani,"Yami Gautam Dhar, Pratik Gandhi, Eijaz Khan, Pavitra Sarkar, Mukul Chadda, Prateik Smita Patil, Kavin Dave, Garima Yajnik, Neelu Kohli, Nimisha Vakharia",2025
Dhoom,Chanchal,"Clinton Cerejo, Bianca Gomes (Shor Police)",Muheet Bharti,"Yami Gautam Dhar, Pratik Gandhi, Eijaz Khan, Pavitra Sarkar, Mukul Chadda, Prateik Smita Patil, Kavin Dave, Garima Yajnik, Neelu Kohli, Nimisha Vakharia",2025
Dhoom,Kanda Chubha,"Clinton Cerejo, Bianca Gomes (Shor Police)",Sonu Kakkar & Ricardo Pereira,"Yami Gautam Dhar, Pratik Gandhi, Eijaz Khan, Pavitra Sarkar, Mukul Chadda, Prateik Smita Patil, Kavin Dave, Garima Yajnik, Neelu Kohli, Nimisha Vakharia",2025
Dhoom,Madman on the Run,"Clinton Cerejo, Bianca Gomes (Shor Police)",Bianca Gomes,"Yami Gautam Dhar, Pratik Gandhi, Eijaz Khan, Pavitra Sarkar, Mukul Chadda, Prateik Smita Patil, Kavin Dave, Garima Yajnik, Neelu Kohli, Nimisha Vakharia",2025
Mujhse Shaadi Karogi,Rab Kare,"Sajid–Wajid, Anu Malik",Udit Narayan & Alka Yagnik,"Salman Khan, Priyanka Chopra Jonas, Akshay Kumar, Amrita Arora, Amrish Puri, Satish Shah, Rajpal Yadav, Supriya Karnik, Shashikala, Dinyar Contractor",2004
Mujhse Shaadi Karogi,Mujhse Shaadi Karogi,"Sajid–Wajid, Anu Malik","Sonu Nigam, Udit Narayan & Sunidhi Chauhan","Salman Khan, Priyanka Chopra Jonas, Akshay Kumar, Amrita Arora, Amrish Puri, Satish Shah, Rajpal Yadav, Supriya Karnik, Shashikala, Dinyar Contractor",2004
Mujhse Shaadi Karogi,Aaja Soniye,"Sajid–Wajid, Anu Malik",Sonu Nigam & Alka Yagnik,"Salman Khan, Priyanka Chopra Jonas, Akshay Kumar, Amrita Arora, Amrish Puri, Satish Shah, Rajpal Yadav, Supriya Karnik, Shashikala, Dinyar Contractor",2004
Mujhse Shaadi Karogi,Rab Kare II,"Sajid–Wajid, Anu Malik",Udit Narayan & Alka Yagnik,"Salman Khan, Priyanka Chopra Jonas, Akshay Kumar, Amrita Arora, Amrish Puri, Satish Shah, Rajpal Yadav, Supriya Karnik, Shashikala, Dinyar Contractor",2004
Mujhse Shaadi Karogi,Jeene Ke Hain Chaar Din,"Sajid–Wajid, Anu Malik",Sonu Nigam & Sunidhi Chauhan,"Salman Khan, Priyanka Chopra Jonas, Akshay Kumar, Amrita Arora, Amrish Puri, Satish Shah, Rajpal Yadav, Supriya Karnik, Shashikala, Dinyar Contractor",2004
Mujhse Shaadi Karogi,Kar Doon Kamaal,"Sajid–Wajid, Anu Malik",Sukhwinder Singh & Sunidhi Chauhan,"Salman Khan, Priyanka Chopra Jonas, Akshay Kumar, Amrita Arora, Amrish Puri, Satish Shah, Rajpal Yadav, Supriya Karnik, Shashikala, Dinyar Contractor",2004
Mujhse Shaadi Karogi,Laal Dupatta,"Sajid–Wajid, Anu Malik",Udit Narayan & Alka Yagnik,"Salman Khan, Priyanka Chopra Jonas, Akshay Kumar, Amrita Arora, Amrish Puri, Satish Shah, Rajpal Yadav, Supriya Karnik, Shashikala, Dinyar Contractor",2004
Mujhse Shaadi Karogi,"Aaja Soniye"" (Remix)","Sajid–Wajid, Anu Malik",Sonu Nigam & Alka Yagnik,"Salman Khan, Priyanka Chopra Jonas, Akshay Kumar, Amrita Arora, Amrish Puri, Satish Shah, Rajpal Yadav, Supriya Karnik, Shashikala, Dinyar Contractor",2004
Hum Tum,Ladki Kyon,"Jatin–Lalit, Background Score:, Salim–Sulaiman",Alka Yagnik & Shaan,"Gurfateh Pirzada, Vikrant Massey, Bhumi Pednekar",2004
Hum Tum,Chak De,"Jatin–Lalit, Background Score:, Salim–Sulaiman",Sadhana Sargam & Sonu Nigam,"Gurfateh Pirzada, Vikrant Massey, Bhumi Pednekar",2004
Hum Tum,Hum Tum,"Jatin–Lalit, Background Score:, Salim–Sulaiman",Alka Yagnik & Babul Supriyo,"Gurfateh Pirzada, Vikrant Massey, Bhumi Pednekar",2004
Hum Tum,Gore Gore,"Jatin–Lalit, Background Score:, Salim–Sulaiman",Alka Yagnik,"Gurfateh Pirzada, Vikrant Massey, Bhumi Pednekar",2004
Hum Tum,Yaara Yaara,"Jatin–Lalit, Background Score:, Salim–Sulaiman",Alka Yagnik & Udit Narayan,"Gurfateh Pirzada, Vikrant Massey, Bhumi Pednekar",2004
Hum Tum,"Hum Tum"" (Sad Version)","Jatin–Lalit, Background Score:, Salim–Sulaiman",Alka Yagnik & Babul Supriyo,"Gurfateh Pirzada, Vikrant Massey, Bhumi Pednekar",2004
Hum Tum,"U'n'I"" (Mere Dil Vich Hum Tum)","Jatin–Lalit, Background Score:, Salim–Sulaiman",Error,"Gurfateh Pirzada, Vikrant Massey, Bhumi Pednekar",2004
Hum Tum,"Hum Tum"" (Instrumental)","Jatin–Lalit, Background Score:, Salim–Sulaiman",Jatin-Lalit,"Gurfateh Pirzada, Vikrant Massey, Bhumi Pednekar",2004
Swades,Yeh Taara Woh Taara,A. R. Rahman,Arijit Singh,"Shah Rukh Khan, Gayatri Joshi, Kishori Ballal, Smit Sheth, Lekh Tandon, Rajesh Vivek, Daya Shankar Pandey, Farrukh Jaffar, Vishnudutt Gaur, Raja Awasthi",2004
Swades,Saanwariya Saanwariya,A. R. Rahman,Alka Yagnik,"Shah Rukh Khan, Gayatri Joshi, Kishori Ballal, Smit Sheth, Lekh Tandon, Rajesh Vivek, Daya Shankar Pandey, Farrukh Jaffar, Vishnudutt Gaur, Raja Awasthi",2004
Swades,Yun Hi Chala Chal,A. R. Rahman,"Udit Narayan, Hariharan & Kailash Kher","Shah Rukh Khan, Gayatri Joshi, Kishori Ballal, Smit Sheth, Lekh Tandon, Rajesh Vivek, Daya Shankar Pandey, Farrukh Jaffar, Vishnudutt Gaur, Raja Awasthi",2004
Swades,Yeh Jo Des Hai Tera,A. R. Rahman,A.R. Rahman,"Shah Rukh Khan, Gayatri Joshi, Kishori Ballal, Smit Sheth, Lekh Tandon, Rajesh Vivek, Daya Shankar Pandey, Farrukh Jaffar, Vishnudutt Gaur, Raja Awasthi",2004
Swades,Aahista Aahista,A. R. Rahman,Arijit Singh & Jonita Gandhi,"Shah Rukh Khan, Gayatri Joshi, Kishori Ballal, Smit Sheth, Lekh Tandon, Rajesh Vivek, Daya Shankar Pandey, Farrukh Jaffar, Vishnudutt Gaur, Raja Awasthi",2004
Swades,Pal Pal Hai Bhaari,A. R. Rahman,"Madhushree, Vijay Prakash & Ashutosh Gowariker","Shah Rukh Khan, Gayatri Joshi, Kishori Ballal, Smit Sheth, Lekh Tandon, Rajesh Vivek, Daya Shankar Pandey, Farrukh Jaffar, Vishnudutt Gaur, Raja Awasthi",2004
Swades,Dekho Na,A. R. Rahman,Sonu Nigam & Sunidhi Chauhan,"Shah Rukh Khan, Gayatri Joshi, Kishori Ballal, Smit Sheth, Lekh Tandon, Rajesh Vivek, Daya Shankar Pandey, Farrukh Jaffar, Vishnudutt Gaur, Raja Awasthi",2004
Swades,"Pal Pal Hai Bhaari"" (Flute)",A. R. Rahman,A.R. Rahman,"Shah Rukh Khan, Gayatri Joshi, Kishori Ballal, Smit Sheth, Lekh Tandon, Rajesh Vivek, Daya Shankar Pandey, Farrukh Jaffar, Vishnudutt Gaur, Raja Awasthi",2004
Swades,"Yeh Jo Des Hai Tera"" (Shehnai)",A. R. Rahman,A.R. Rahman,"Shah Rukh Khan, Gayatri Joshi, Kishori Ballal, Smit Sheth, Lekh Tandon, Rajesh Vivek, Daya Shankar Pandey, Farrukh Jaffar, Vishnudutt Gaur, Raja Awasthi",2004
Masti,Chain Khuli Ki Main Khuli,"Anand Raaj Anand, Background Score:, Sanjay Wandrekar",Udit Narayan & Shaan,"Vivek Oberoi, Aftab Shivdasani, Riteish Deshmukh, Amrita Rao, Genelia D'Souza, Tara Sharma, Lara Dutta, Ajay Devgn, Satish Shah, Archana Puran Singh",2004
Masti,Chori Chori Chhora Chhori,"Anand Raaj Anand, Background Score:, Sanjay Wandrekar",Shaan & Sneha Pant,"Vivek Oberoi, Aftab Shivdasani, Riteish Deshmukh, Amrita Rao, Genelia D'Souza, Tara Sharma, Lara Dutta, Ajay Devgn, Satish Shah, Archana Puran Singh",2004
Masti,Dil De Diya Hai,"Anand Raaj Anand, Background Score:, Sanjay Wandrekar","Rochak Kohli, Anand Raaj Anand, Rashmi Virag & Sameer","Vivek Oberoi, Aftab Shivdasani, Riteish Deshmukh, Amrita Rao, Genelia D'Souza, Tara Sharma, Lara Dutta, Ajay Devgn, Satish Shah, Archana Puran Singh",2004
Masti,Ek Kunwara Phir Gaya Mara,"Anand Raaj Anand, Background Score:, Sanjay Wandrekar",Udit Narayan & Abhijeet,"Vivek Oberoi, Aftab Shivdasani, Riteish Deshmukh, Amrita Rao, Genelia D'Souza, Tara Sharma, Lara Dutta, Ajay Devgn, Satish Shah, Archana Puran Singh",2004
Masti,Sayanji Baiyan Chhudake,"Anand Raaj Anand, Background Score:, Sanjay Wandrekar",Not Found,"Vivek Oberoi, Aftab Shivdasani, Riteish Deshmukh, Amrita Rao, Genelia D'Souza, Tara Sharma, Lara Dutta, Ajay Devgn, Satish Shah, Archana Puran Singh",2004
Hulchul,Dekho Zara Dekho,Vidyasagar,Lata Mangeshkar & Kumar Sanu,"Akshaye Khanna, Kareena Kapoor Khan, Amrish Puri, Suniel Shetty, Arshad Warsi, Paresh Rawal, Jackie Shroff, Arbaaz Khan, Lakshmi, Farha Naaz",2004
Hulchul,Hum Dil Ke,Vidyasagar,Shaan & Sadhana Sargam,"Akshaye Khanna, Kareena Kapoor Khan, Amrish Puri, Suniel Shetty, Arshad Warsi, Paresh Rawal, Jackie Shroff, Arbaaz Khan, Lakshmi, Farha Naaz",2004
Hulchul,Lut Gayee,Vidyasagar,"Gayatri, Sayonara Philip & Poornima","Akshaye Khanna, Kareena Kapoor Khan, Amrish Puri, Suniel Shetty, Arshad Warsi, Paresh Rawal, Jackie Shroff, Arbaaz Khan, Lakshmi, Farha Naaz",2004
Hulchul,Ishq Mein Pyar Mein,Vidyasagar,Shaan & Alka Yagnik,"Akshaye Khanna, Kareena Kapoor Khan, Amrish Puri, Suniel Shetty, Arshad Warsi, Paresh Rawal, Jackie Shroff, Arbaaz Khan, Lakshmi, Farha Naaz",2004
Hulchul,Lee Humne Thi Kasam,Vidyasagar,Not Found,"Akshaye Khanna, Kareena Kapoor Khan, Amrish Puri, Suniel Shetty, Arshad Warsi, Paresh Rawal, Jackie Shroff, Arbaaz Khan, Lakshmi, Farha Naaz",2004
Hulchul,Rafta Rafta,Vidyasagar,KK,"Akshaye Khanna, Kareena Kapoor Khan, Amrish Puri, Suniel Shetty, Arshad Warsi, Paresh Rawal, Jackie Shroff, Arbaaz Khan, Lakshmi, Farha Naaz",2004
Aitraaz,Aankhen Bandh Karke,"Himesh Reshammiya, Background Score:, Salim–Sulaiman",Udit Narayan & Alka Yagnik,"Akshay Kumar, Kareena Kapoor Khan, Priyanka Chopra Jonas, Amrish Puri, Paresh Rawal, Annu Kapoor, Upasna Singh, Anil Nagrath, Dinesh Lamba, Preeti Puri Choudhary",2004
Aitraaz,Talatum Talatum,"Himesh Reshammiya, Background Score:, Salim–Sulaiman","Udit Narayan, Jayesh Gandhi & Alka Yagnik","Akshay Kumar, Kareena Kapoor Khan, Priyanka Chopra Jonas, Amrish Puri, Paresh Rawal, Annu Kapoor, Upasna Singh, Anil Nagrath, Dinesh Lamba, Preeti Puri Choudhary",2004
Aitraaz,Woh Tassavur Ka Aalam,"Himesh Reshammiya, Background Score:, Salim–Sulaiman","Udit Narayan, Alka Yagnik & Abhimanyu-Pragya","Akshay Kumar, Kareena Kapoor Khan, Priyanka Chopra Jonas, Amrish Puri, Paresh Rawal, Annu Kapoor, Upasna Singh, Anil Nagrath, Dinesh Lamba, Preeti Puri Choudhary",2004
Aitraaz,Nazar Aa Raha Hai,"Himesh Reshammiya, Background Score:, Salim–Sulaiman",Atif Aslam & Pritam,"Akshay Kumar, Kareena Kapoor Khan, Priyanka Chopra Jonas, Amrish Puri, Paresh Rawal, Annu Kapoor, Upasna Singh, Anil Nagrath, Dinesh Lamba, Preeti Puri Choudhary",2004
Aitraaz,Gela Gela Gela,"Himesh Reshammiya, Background Score:, Salim–Sulaiman",Ge'La,"Akshay Kumar, Kareena Kapoor Khan, Priyanka Chopra Jonas, Amrish Puri, Paresh Rawal, Annu Kapoor, Upasna Singh, Anil Nagrath, Dinesh Lamba, Preeti Puri Choudhary",2004
Aitraaz,I Want to Make Love to You,"Himesh Reshammiya, Background Score:, Salim–Sulaiman",Sunidhi Chauhan,"Akshay Kumar, Kareena Kapoor Khan, Priyanka Chopra Jonas, Amrish Puri, Paresh Rawal, Annu Kapoor, Upasna Singh, Anil Nagrath, Dinesh Lamba, Preeti Puri Choudhary",2004
Aitraaz,Yeh Dil Tumpe Aa Gaya,"Himesh Reshammiya, Background Score:, Salim–Sulaiman",Alisha Chinoy & KK,"Akshay Kumar, Kareena Kapoor Khan, Priyanka Chopra Jonas, Amrish Puri, Paresh Rawal, Annu Kapoor, Upasna Singh, Anil Nagrath, Dinesh Lamba, Preeti Puri Choudhary",2004
Aitraaz,I Want to Make Love to You (Male),"Himesh Reshammiya, Background Score:, Salim–Sulaiman",Kunal Ganjawala,"Akshay Kumar, Kareena Kapoor Khan, Priyanka Chopra Jonas, Amrish Puri, Paresh Rawal, Annu Kapoor, Upasna Singh, Anil Nagrath, Dinesh Lamba, Preeti Puri Choudhary",2004
Aitraaz,Aankhen Bandh Karke (Remix),"Himesh Reshammiya, Background Score:, Salim–Sulaiman",Udit Narayan & Alka Yagnik,"Akshay Kumar, Kareena Kapoor Khan, Priyanka Chopra Jonas, Amrish Puri, Paresh Rawal, Annu Kapoor, Upasna Singh, Anil Nagrath, Dinesh Lamba, Preeti Puri Choudhary",2004
Aitraaz,Gela Gela Gela (Remix),"Himesh Reshammiya, Background Score:, Salim–Sulaiman",Not Found,"Akshay Kumar, Kareena Kapoor Khan, Priyanka Chopra Jonas, Amrish Puri, Paresh Rawal, Annu Kapoor, Upasna Singh, Anil Nagrath, Dinesh Lamba, Preeti Puri Choudhary",2004
Aitraaz,Woh Tassavur Ka Aalam (Remix),"Himesh Reshammiya, Background Score:, Salim–Sulaiman","Udit Narayan, Alka Yagnik & Abhimanyu-Pragya","Akshay Kumar, Kareena Kapoor Khan, Priyanka Chopra Jonas, Amrish Puri, Paresh Rawal, Annu Kapoor, Upasna Singh, Anil Nagrath, Dinesh Lamba, Preeti Puri Choudhary",2004
Aitraaz,Talatum Talatum (Remix),"Himesh Reshammiya, Background Score:, Salim–Sulaiman","Udit Narayan, Jayesh Gandhi & Alka Yagnik","Akshay Kumar, Kareena Kapoor Khan, Priyanka Chopra Jonas, Amrish Puri, Paresh Rawal, Annu Kapoor, Upasna Singh, Anil Nagrath, Dinesh Lamba, Preeti Puri Choudhary",2004
Aitraaz,Nazar Aa Raha Hai (Remix),"Himesh Reshammiya, Background Score:, Salim–Sulaiman",Atif Aslam & Pritam,"Akshay Kumar, Kareena Kapoor Khan, Priyanka Chopra Jonas, Amrish Puri, Paresh Rawal, Annu Kapoor, Upasna Singh, Anil Nagrath, Dinesh Lamba, Preeti Puri Choudhary",2004
Aitraaz,Yeh Dil Tumpe Aa Gaya (Remix),"Himesh Reshammiya, Background Score:, Salim–Sulaiman",Alisha Chinoy & KK,"Akshay Kumar, Kareena Kapoor Khan, Priyanka Chopra Jonas, Amrish Puri, Paresh Rawal, Annu Kapoor, Upasna Singh, Anil Nagrath, Dinesh Lamba, Preeti Puri Choudhary",2004
Aitraaz,I Want to Make Love to You (Remix),"Himesh Reshammiya, Background Score:, Salim–Sulaiman",Sunidhi Chauhan,"Akshay Kumar, Kareena Kapoor Khan, Priyanka Chopra Jonas, Amrish Puri, Paresh Rawal, Annu Kapoor, Upasna Singh, Anil Nagrath, Dinesh Lamba, Preeti Puri Choudhary",2004
Chameli,Bhaage Re Mann,"Sandesh Shandilya, Background Score:, Vanraj Bhatia",Error,"Kareena Kapoor Khan, Rahul Bose, Rinke Khanna, Anupama Verma, Yashpal Sharma, Satyajit Sharma, Pankaj Jha, Kabir Sadanand, Makrand Deshpande",2003
Chameli,Sajna Ve Sajna,"Sandesh Shandilya, Background Score:, Vanraj Bhatia","Sunidhi Chauhan, Divya Kumar, Sandesh Shandilya & Irshad Kamil","Kareena Kapoor Khan, Rahul Bose, Rinke Khanna, Anupama Verma, Yashpal Sharma, Satyajit Sharma, Pankaj Jha, Kabir Sadanand, Makrand Deshpande",2003
Chameli,Sajna Ve Sajna 2,"Sandesh Shandilya, Background Score:, Vanraj Bhatia",Shibani Kashyap,"Kareena Kapoor Khan, Rahul Bose, Rinke Khanna, Anupama Verma, Yashpal Sharma, Satyajit Sharma, Pankaj Jha, Kabir Sadanand, Makrand Deshpande",2003
Chameli,"Jane Kyon Humko"" - Female","Sandesh Shandilya, Background Score:, Vanraj Bhatia",Anuradha Paudwal,"Kareena Kapoor Khan, Rahul Bose, Rinke Khanna, Anupama Verma, Yashpal Sharma, Satyajit Sharma, Pankaj Jha, Kabir Sadanand, Makrand Deshpande",2003
Chameli,"Jaane Kyon Humko"" - Duet (Version 1)","Sandesh Shandilya, Background Score:, Vanraj Bhatia",Kirti Killedar,"Kareena Kapoor Khan, Rahul Bose, Rinke Khanna, Anupama Verma, Yashpal Sharma, Satyajit Sharma, Pankaj Jha, Kabir Sadanand, Makrand Deshpande",2003
Chameli,"Jaane Kyon Humko"" - Duet (Version 2)","Sandesh Shandilya, Background Score:, Vanraj Bhatia",Kirti Killedar,"Kareena Kapoor Khan, Rahul Bose, Rinke Khanna, Anupama Verma, Yashpal Sharma, Satyajit Sharma, Pankaj Jha, Kabir Sadanand, Makrand Deshpande",2003
Chameli,Yeh Lamha,"Sandesh Shandilya, Background Score:, Vanraj Bhatia",Sunidhi Chauhan,"Kareena Kapoor Khan, Rahul Bose, Rinke Khanna, Anupama Verma, Yashpal Sharma, Satyajit Sharma, Pankaj Jha, Kabir Sadanand, Makrand Deshpande",2003
Chameli,Soul Of Chameli,"Sandesh Shandilya, Background Score:, Vanraj Bhatia",Sandesh Shandilya,"Kareena Kapoor Khan, Rahul Bose, Rinke Khanna, Anupama Verma, Yashpal Sharma, Satyajit Sharma, Pankaj Jha, Kabir Sadanand, Makrand Deshpande",2003
Maqbool,"Ru-Ba-Ru"" (performed byDaler Mehndi, Rakesh Pandit, Sabir Khan, Dominique)",Vishal Bhardwaj,Not Found,"Irrfan Khan, Tabu, Pankaj Kapur, Om Puri, Naseeruddin Shah, Piyush Mishra, Ankur Vikal, Ajay Gehi, Masumeh Makhija, Pubali Sanyal",2003
Maqbool,"Jhin Min Jhini"" (performed bySadhana Sargam,Ustad Sultan Khan,Anuradha Sriram, Rakesh Pandit)",Vishal Bhardwaj,Not Found,"Irrfan Khan, Tabu, Pankaj Kapur, Om Puri, Naseeruddin Shah, Piyush Mishra, Ankur Vikal, Ajay Gehi, Masumeh Makhija, Pubali Sanyal",2003
Maqbool,"Rone Do"" (performed byRekha Bhardwaj)",Vishal Bhardwaj,Not Found,"Irrfan Khan, Tabu, Pankaj Kapur, Om Puri, Naseeruddin Shah, Piyush Mishra, Ankur Vikal, Ajay Gehi, Masumeh Makhija, Pubali Sanyal",2003
Maqbool,"Dheemo Re"" (performed byUstad Sultan Khan)",Vishal Bhardwaj,Not Found,"Irrfan Khan, Tabu, Pankaj Kapur, Om Puri, Naseeruddin Shah, Piyush Mishra, Ankur Vikal, Ajay Gehi, Masumeh Makhija, Pubali Sanyal",2003
Maqbool,"Maqbool Theme"" (instrumental)",Vishal Bhardwaj,Not Found,"Irrfan Khan, Tabu, Pankaj Kapur, Om Puri, Naseeruddin Shah, Piyush Mishra, Ankur Vikal, Ajay Gehi, Masumeh Makhija, Pubali Sanyal",2003
Maqbool,"Rukhe Naina"" (performed bySanjeev Abhyankar)",Vishal Bhardwaj,Not Found,"Irrfan Khan, Tabu, Pankaj Kapur, Om Puri, Naseeruddin Shah, Piyush Mishra, Ankur Vikal, Ajay Gehi, Masumeh Makhija, Pubali Sanyal",2003
Maqbool,"Chingari"" (performed byRekha Bhardwaj)",Vishal Bhardwaj,Garry Sandhu,"Irrfan Khan, Tabu, Pankaj Kapur, Om Puri, Naseeruddin Shah, Piyush Mishra, Ankur Vikal, Ajay Gehi, Masumeh Makhija, Pubali Sanyal",2003
Maqbool,"Rin Din Din"" (instrumental)",Vishal Bhardwaj,Not Found,"Irrfan Khan, Tabu, Pankaj Kapur, Om Puri, Naseeruddin Shah, Piyush Mishra, Ankur Vikal, Ajay Gehi, Masumeh Makhija, Pubali Sanyal",2003
Maqbool,"Nirvana"" (instrumental)",Vishal Bhardwaj,Not Found,"Irrfan Khan, Tabu, Pankaj Kapur, Om Puri, Naseeruddin Shah, Piyush Mishra, Ankur Vikal, Ajay Gehi, Masumeh Makhija, Pubali Sanyal",2003
Maqbool,"Shoonya"" (instrumental)",Vishal Bhardwaj,Indian Ocean,"Irrfan Khan, Tabu, Pankaj Kapur, Om Puri, Naseeruddin Shah, Piyush Mishra, Ankur Vikal, Ajay Gehi, Masumeh Makhija, Pubali Sanyal",2003
Maqbool,"Jhin Min Jhini (extended)"" (performed bySadhana Sargam,Ustad Sultan Khan,Anuradha Sriram, Rakesh Pandit)",Vishal Bhardwaj,Not Found,"Irrfan Khan, Tabu, Pankaj Kapur, Om Puri, Naseeruddin Shah, Piyush Mishra, Ankur Vikal, Ajay Gehi, Masumeh Makhija, Pubali Sanyal",2003
Dev,Mangalam Ganesham,Aadesh Shrivastava,Abhijit & Chorus,"Amitabh Bachchan, Fardeen Khan, Kareena Kapoor Khan, Om Puri, Amrish Puri, Rati Agnihotri, Milind Gunaji, Pramod Moutho, Amruta Subhash, Suresh Bhagwat",2004
Dev,Rang Deeni,Aadesh Shrivastava,"Kailash Kher, Mahua Kamat & Shraddha Pandit","Amitabh Bachchan, Fardeen Khan, Kareena Kapoor Khan, Om Puri, Amrish Puri, Rati Agnihotri, Milind Gunaji, Pramod Moutho, Amruta Subhash, Suresh Bhagwat",2004
Dev,Allahu,Aadesh Shrivastava,Asha Bhosle & Aadesh Shrivastava,"Amitabh Bachchan, Fardeen Khan, Kareena Kapoor Khan, Om Puri, Amrish Puri, Rati Agnihotri, Milind Gunaji, Pramod Moutho, Amruta Subhash, Suresh Bhagwat",2004
Dev,Tujh Sang Bandhi Dor,Aadesh Shrivastava,Sonu Nigam,"Amitabh Bachchan, Fardeen Khan, Kareena Kapoor Khan, Om Puri, Amrish Puri, Rati Agnihotri, Milind Gunaji, Pramod Moutho, Amruta Subhash, Suresh Bhagwat",2004
Dev,Jab Nahin Aaye The Tum,Aadesh Shrivastava,Kareena Kapoor,"Amitabh Bachchan, Fardeen Khan, Kareena Kapoor Khan, Om Puri, Amrish Puri, Rati Agnihotri, Milind Gunaji, Pramod Moutho, Amruta Subhash, Suresh Bhagwat",2004
Dev,Dev Speaks,Aadesh Shrivastava,Amitabh Bachchan,"Amitabh Bachchan, Fardeen Khan, Kareena Kapoor Khan, Om Puri, Amrish Puri, Rati Agnihotri, Milind Gunaji, Pramod Moutho, Amruta Subhash, Suresh Bhagwat",2004
Dil Maange More,Gustakh Dil Tere Liye,"Himesh Reshammiya, Background Score:, Bikram Vicckey Goswami",Sonu Nigam & Sunidhi Chauhan,"Shahid Kapoor, Ayesha Takia, Tulip Joshi, Soha Ali Khan, Gulshan Grover, Zarina Wahab, A.K. Hangal",2004
Dil Maange More,Aisa Deewana,"Himesh Reshammiya, Background Score:, Bikram Vicckey Goswami",Sonu Nigam & Alka Yagnik,"Shahid Kapoor, Ayesha Takia, Tulip Joshi, Soha Ali Khan, Gulshan Grover, Zarina Wahab, A.K. Hangal",2004
Dil Maange More,O Makhna Ve,"Himesh Reshammiya, Background Score:, Bikram Vicckey Goswami","Tanishk Bagchi, Yasser Desai & Asees Kaur","Shahid Kapoor, Ayesha Takia, Tulip Joshi, Soha Ali Khan, Gulshan Grover, Zarina Wahab, A.K. Hangal",2004
Dil Maange More,Shiqwa Bhi Tumse,"Himesh Reshammiya, Background Score:, Bikram Vicckey Goswami",Sonu Nigam,"Shahid Kapoor, Ayesha Takia, Tulip Joshi, Soha Ali Khan, Gulshan Grover, Zarina Wahab, A.K. Hangal",2004
Dil Maange More,Maine Chun Liya,"Himesh Reshammiya, Background Score:, Bikram Vicckey Goswami",Udit Narayan & Shreya Ghoshal,"Shahid Kapoor, Ayesha Takia, Tulip Joshi, Soha Ali Khan, Gulshan Grover, Zarina Wahab, A.K. Hangal",2004
Dil Maange More,Kubaku Mujhe Tu,"Himesh Reshammiya, Background Score:, Bikram Vicckey Goswami",Shaan & Jayesh,"Shahid Kapoor, Ayesha Takia, Tulip Joshi, Soha Ali Khan, Gulshan Grover, Zarina Wahab, A.K. Hangal",2004
Dil Maange More,"Aisa Deewana"" (instrumental)","Himesh Reshammiya, Background Score:, Bikram Vicckey Goswami",Himesh Reshammiya,"Shahid Kapoor, Ayesha Takia, Tulip Joshi, Soha Ali Khan, Gulshan Grover, Zarina Wahab, A.K. Hangal",2004
Dil Maange More,"Shiqwa Bhi Tumse"" (sad)","Himesh Reshammiya, Background Score:, Bikram Vicckey Goswami",Sonu Nigam,"Shahid Kapoor, Ayesha Takia, Tulip Joshi, Soha Ali Khan, Gulshan Grover, Zarina Wahab, A.K. Hangal",2004
Fida,Nazar Nazar,"Anu Malik, Background Score:, Raju Singh",Udit Narayan & Sapna Mukherjee,"Kareena Kapoor Khan, Shahid Kapoor, Fardeen Khan, Kim Sharma, Akhilendra Mishra, Vivek Vaswani, Dinesh Hingoo, Viju Khote",2004
Fida,Aaja Ve Mahi,"Anu Malik, Background Score:, Raju Singh","Alka Yagnik, Shahid Kapoor, BLAISE, Kareena Kapoor & Udit Narayan","Kareena Kapoor Khan, Shahid Kapoor, Fardeen Khan, Kim Sharma, Akhilendra Mishra, Vivek Vaswani, Dinesh Hingoo, Viju Khote",2004
Fida,Dil Mere Naa,"Anu Malik, Background Score:, Raju Singh",Udit Narayan & Alka Yagnik,"Kareena Kapoor Khan, Shahid Kapoor, Fardeen Khan, Kim Sharma, Akhilendra Mishra, Vivek Vaswani, Dinesh Hingoo, Viju Khote",2004
Fida,Aaj Kaho Sanam Jitna,"Anu Malik, Background Score:, Raju Singh",Alka Yagnik & Kumar Sanu,"Kareena Kapoor Khan, Shahid Kapoor, Fardeen Khan, Kim Sharma, Akhilendra Mishra, Vivek Vaswani, Dinesh Hingoo, Viju Khote",2004
Fida,Maine Jisko Chaaha,"Anu Malik, Background Score:, Raju Singh",Alisha Chinai & Sonu Nigam,"Kareena Kapoor Khan, Shahid Kapoor, Fardeen Khan, Kim Sharma, Akhilendra Mishra, Vivek Vaswani, Dinesh Hingoo, Viju Khote",2004
Fida,Nazar Nazar,"Anu Malik, Background Score:, Raju Singh",Udit Narayan & Sapna Mukherjee,"Kareena Kapoor Khan, Shahid Kapoor, Fardeen Khan, Kim Sharma, Akhilendra Mishra, Vivek Vaswani, Dinesh Hingoo, Viju Khote",2004
Kismat,Mahi Mahi Mahi,Anand Raj Anand,Sunidhi Chauhan,"Bobby Deol, Priyanka Chopra Jonas, Kabir Bedi, Sanjay Narvekar, Mohan Joshi, Shahbaz Khan, Smita Jaykar, Mushtaq Khan, Veerendra Saxena, Ashish Vidhyarthi",2004
Kismat,Sajna Se Milne Jaana,Anand Raj Anand,Sunidhi Chauhan,"Bobby Deol, Priyanka Chopra Jonas, Kabir Bedi, Sanjay Narvekar, Mohan Joshi, Shahbaz Khan, Smita Jaykar, Mushtaq Khan, Veerendra Saxena, Ashish Vidhyarthi",2004
Kismat,Dil Teri Deewangi Mein,Anand Raj Anand,Anand Raj Anand & Richa Sharma,"Bobby Deol, Priyanka Chopra Jonas, Kabir Bedi, Sanjay Narvekar, Mohan Joshi, Shahbaz Khan, Smita Jaykar, Mushtaq Khan, Veerendra Saxena, Ashish Vidhyarthi",2004
Kismat,Chitti Dudh Kudi,Anand Raj Anand,Shaan & Gayatri Iyer,"Bobby Deol, Priyanka Chopra Jonas, Kabir Bedi, Sanjay Narvekar, Mohan Joshi, Shahbaz Khan, Smita Jaykar, Mushtaq Khan, Veerendra Saxena, Ashish Vidhyarthi",2004
Kismat,Hum Hain Mast Maula,Anand Raj Anand,Abhijeet & Alka Yagnik,"Bobby Deol, Priyanka Chopra Jonas, Kabir Bedi, Sanjay Narvekar, Mohan Joshi, Shahbaz Khan, Smita Jaykar, Mushtaq Khan, Veerendra Saxena, Ashish Vidhyarthi",2004
Kismat,Bicchi Padi Hai,Anand Raj Anand,Not Found,"Bobby Deol, Priyanka Chopra Jonas, Kabir Bedi, Sanjay Narvekar, Mohan Joshi, Shahbaz Khan, Smita Jaykar, Mushtaq Khan, Veerendra Saxena, Ashish Vidhyarthi",2004
Kismat,Mahi Mahi Mahi,Anand Raj Anand,Sunidhi Chauhan,"Bobby Deol, Priyanka Chopra Jonas, Kabir Bedi, Sanjay Narvekar, Mohan Joshi, Shahbaz Khan, Smita Jaykar, Mushtaq Khan, Veerendra Saxena, Ashish Vidhyarthi",2004
Kismat,Sajna Se Milna Jaana,Anand Raj Anand,Not Found,"Bobby Deol, Priyanka Chopra Jonas, Kabir Bedi, Sanjay Narvekar, Mohan Joshi, Shahbaz Khan, Smita Jaykar, Mushtaq Khan, Veerendra Saxena, Ashish Vidhyarthi",2004
Kismat,Dil Teri Deewangi Mein,Anand Raj Anand,Anand Raj Anand & Richa Sharma,"Bobby Deol, Priyanka Chopra Jonas, Kabir Bedi, Sanjay Narvekar, Mohan Joshi, Shahbaz Khan, Smita Jaykar, Mushtaq Khan, Veerendra Saxena, Ashish Vidhyarthi",2004
Lakshya,Main Aisa Kyun Hoon,Shankar–Ehsaan–Loy,Shaan & Nilesh P.,"Hrithik Roshan, Preity Zinta, Amitabh Bachchan, Om Puri, Boman Irani, Sushant Singh, Raj Zutshi, Ranvir Shorey, Parmeet Sethi, Lillete Dubey",2004
Lakshya,Agar Main Kahoon,Shankar–Ehsaan–Loy,"Alka Yagnik, Udit Narayan & Shankar Ehsaan Loy","Hrithik Roshan, Preity Zinta, Amitabh Bachchan, Om Puri, Boman Irani, Sushant Singh, Raj Zutshi, Ranvir Shorey, Parmeet Sethi, Lillete Dubey",2004
Lakshya,Kitni Baatein,Shankar–Ehsaan–Loy,"Sadhana Sargam, Hariharan & Shankar Ehsaan Loy","Hrithik Roshan, Preity Zinta, Amitabh Bachchan, Om Puri, Boman Irani, Sushant Singh, Raj Zutshi, Ranvir Shorey, Parmeet Sethi, Lillete Dubey",2004
Lakshya,Lakshya,Shankar–Ehsaan–Loy,Shankar Mahadevan & Shankar Ehsaan Loy,"Hrithik Roshan, Preity Zinta, Amitabh Bachchan, Om Puri, Boman Irani, Sushant Singh, Raj Zutshi, Ranvir Shorey, Parmeet Sethi, Lillete Dubey",2004
Lakshya,Kandhon Se Milte Hain Kandhe,Shankar–Ehsaan–Loy,"Shankar Mahadevan, Sonu Nigam, Hariharan, Kunal Ganjawala, Roop Kumar Rathod, Shankar Ehsaan Loy & Vijay Prakash","Hrithik Roshan, Preity Zinta, Amitabh Bachchan, Om Puri, Boman Irani, Sushant Singh, Raj Zutshi, Ranvir Shorey, Parmeet Sethi, Lillete Dubey",2004
Lakshya,Separation,Shankar–Ehsaan–Loy,Shankar Ehsaan Loy,"Hrithik Roshan, Preity Zinta, Amitabh Bachchan, Om Puri, Boman Irani, Sushant Singh, Raj Zutshi, Ranvir Shorey, Parmeet Sethi, Lillete Dubey",2004
Lakshya,"Kitni Baatein"" (Reprise)",Shankar–Ehsaan–Loy,"Hariharan, Sadhana Sargam & Shankar Ehsaan Loy","Hrithik Roshan, Preity Zinta, Amitabh Bachchan, Om Puri, Boman Irani, Sushant Singh, Raj Zutshi, Ranvir Shorey, Parmeet Sethi, Lillete Dubey",2004
Lakshya,Victory,Shankar–Ehsaan–Loy,Shankar Ehsaan Loy,"Hrithik Roshan, Preity Zinta, Amitabh Bachchan, Om Puri, Boman Irani, Sushant Singh, Raj Zutshi, Ranvir Shorey, Parmeet Sethi, Lillete Dubey",2004
Madhoshi,O Jaane Jaana,Roop Kumar Rathod,Udit Narayan & Sadhana Sargam,"Bipasha Basu, John Abraham, Priyanshu Chatterjee, Naina Dhaliwal, Shweta Tiwari, Dolly Bindra, Vikram Gokhale, Adi Irani",2004
Madhoshi,Pyar Ka Khumar,Roop Kumar Rathod,Alka Yagnik,"Bipasha Basu, John Abraham, Priyanshu Chatterjee, Naina Dhaliwal, Shweta Tiwari, Dolly Bindra, Vikram Gokhale, Adi Irani",2004
Madhoshi,Yeh Ishq Hai Gunah,Roop Kumar Rathod,Sukhwinder Singh & Sunidhi Chauhan,"Bipasha Basu, John Abraham, Priyanshu Chatterjee, Naina Dhaliwal, Shweta Tiwari, Dolly Bindra, Vikram Gokhale, Adi Irani",2004
Madhoshi,Madhoshi,Roop Kumar Rathod,Roop Kumar Rathod,"Bipasha Basu, John Abraham, Priyanshu Chatterjee, Naina Dhaliwal, Shweta Tiwari, Dolly Bindra, Vikram Gokhale, Adi Irani",2004
Madhoshi,Chale Bhi Aao,Roop Kumar Rathod,Sonu Nigam,"Bipasha Basu, John Abraham, Priyanshu Chatterjee, Naina Dhaliwal, Shweta Tiwari, Dolly Bindra, Vikram Gokhale, Adi Irani",2004
Musafir,"Ishq Kabhi Kario Na"" (Flea Market Trance Mix)","Vishal–Shekhar, Guest Composer:, Anand Raj Anand, Background Score:, Sandeep Chowta","Rimmi, Rupesh, Anuradha Paudwal & Bhavanjali","Anil Kapoor, Sanjay Dutt, Sameera Reddy, Mahesh Manjrekar, Aditya Pancholi, Koena Mitra, Shakti Kapoor, Manoj Pahwa, Ashwini Kalsekar",2004
Musafir,"Saaki"" (Psychedelic Insomnia Mix)","Vishal–Shekhar, Guest Composer:, Anand Raj Anand, Background Score:, Sandeep Chowta",Sukhwinder Singh & Sunidhi Chauhan,"Anil Kapoor, Sanjay Dutt, Sameera Reddy, Mahesh Manjrekar, Aditya Pancholi, Koena Mitra, Shakti Kapoor, Manoj Pahwa, Ashwini Kalsekar",2004
Musafir,"Door Se Paas"" (Missy in the Pool Mix)","Vishal–Shekhar, Guest Composer:, Anand Raj Anand, Background Score:, Sandeep Chowta",Not Found,"Anil Kapoor, Sanjay Dutt, Sameera Reddy, Mahesh Manjrekar, Aditya Pancholi, Koena Mitra, Shakti Kapoor, Manoj Pahwa, Ashwini Kalsekar",2004
Musafir,"Rabba"" (Agony And Ecstasy Mix)","Vishal–Shekhar, Guest Composer:, Anand Raj Anand, Background Score:, Sandeep Chowta",Mohit Chauhan,"Anil Kapoor, Sanjay Dutt, Sameera Reddy, Mahesh Manjrekar, Aditya Pancholi, Koena Mitra, Shakti Kapoor, Manoj Pahwa, Ashwini Kalsekar",2004
Musafir,"Tez Dhaar"" (Sex on Wheels Mix)","Vishal–Shekhar, Guest Composer:, Anand Raj Anand, Background Score:, Sandeep Chowta",Sanjay Dutt & Jatin Sharma,"Anil Kapoor, Sanjay Dutt, Sameera Reddy, Mahesh Manjrekar, Aditya Pancholi, Koena Mitra, Shakti Kapoor, Manoj Pahwa, Ashwini Kalsekar",2004
Musafir,"Ishq Kabhi Kario Na"" (Paradiso Mix)","Vishal–Shekhar, Guest Composer:, Anand Raj Anand, Background Score:, Sandeep Chowta","Rimmi, Rupesh, Anuradha Paudwal & Bhavanjali","Anil Kapoor, Sanjay Dutt, Sameera Reddy, Mahesh Manjrekar, Aditya Pancholi, Koena Mitra, Shakti Kapoor, Manoj Pahwa, Ashwini Kalsekar",2004
Musafir,"Ishq Samunder*"" (Back To Life Mix)","Vishal–Shekhar, Guest Composer:, Anand Raj Anand, Background Score:, Sandeep Chowta",Not Found,"Anil Kapoor, Sanjay Dutt, Sameera Reddy, Mahesh Manjrekar, Aditya Pancholi, Koena Mitra, Shakti Kapoor, Manoj Pahwa, Ashwini Kalsekar",2004
Musafir,"Rama Re"" (The Boys Are Back Mix)","Vishal–Shekhar, Guest Composer:, Anand Raj Anand, Background Score:, Sandeep Chowta",Not Found,"Anil Kapoor, Sanjay Dutt, Sameera Reddy, Mahesh Manjrekar, Aditya Pancholi, Koena Mitra, Shakti Kapoor, Manoj Pahwa, Ashwini Kalsekar",2004
Musafir,"Rabba"" (Kinky in Ibiza Mix)","Vishal–Shekhar, Guest Composer:, Anand Raj Anand, Background Score:, Sandeep Chowta",Not Found,"Anil Kapoor, Sanjay Dutt, Sameera Reddy, Mahesh Manjrekar, Aditya Pancholi, Koena Mitra, Shakti Kapoor, Manoj Pahwa, Ashwini Kalsekar",2004
Naach,Berang Zindagi,"Amar Mohile, Shailendra-Swapnil, Nitin Raikwar, Background Score, Amar Mohile",Sukhwinder Singh & Gayatri Iyer,"Abhishek Bachchan, Antara Mali, Riteish Deshmukh, Manoj Pahwa, Rajendra Sethi",2004
Naach,Naach Naach Ke,"Amar Mohile, Shailendra-Swapnil, Nitin Raikwar, Background Score, Amar Mohile",Shweta Pandit,"Abhishek Bachchan, Antara Mali, Riteish Deshmukh, Manoj Pahwa, Rajendra Sethi",2004
Naach,Ishq Da Tadka,"Amar Mohile, Shailendra-Swapnil, Nitin Raikwar, Background Score, Amar Mohile",Adnan Sami & Sonu Kakkar,"Abhishek Bachchan, Antara Mali, Riteish Deshmukh, Manoj Pahwa, Rajendra Sethi",2004
Naach,Sara Sara,"Amar Mohile, Shailendra-Swapnil, Nitin Raikwar, Background Score, Amar Mohile",Sara Bareilles,"Abhishek Bachchan, Antara Mali, Riteish Deshmukh, Manoj Pahwa, Rajendra Sethi",2004
Naach,"Rakth Ka Hai"" (Reprise)","Amar Mohile, Shailendra-Swapnil, Nitin Raikwar, Background Score, Amar Mohile",Makarand Deshpande,"Abhishek Bachchan, Antara Mali, Riteish Deshmukh, Manoj Pahwa, Rajendra Sethi",2004
Naach,Bandhane Lagi,"Amar Mohile, Shailendra-Swapnil, Nitin Raikwar, Background Score, Amar Mohile",Shweta Pandit & Sumit Kumar,"Abhishek Bachchan, Antara Mali, Riteish Deshmukh, Manoj Pahwa, Rajendra Sethi",2004
Naach,Awara Man Mein,"Amar Mohile, Shailendra-Swapnil, Nitin Raikwar, Background Score, Amar Mohile",Shweta Pandit,"Abhishek Bachchan, Antara Mali, Riteish Deshmukh, Manoj Pahwa, Rajendra Sethi",2004
Naach,Rakth Ka Hai,"Amar Mohile, Shailendra-Swapnil, Nitin Raikwar, Background Score, Amar Mohile",Makarand Deshpande,"Abhishek Bachchan, Antara Mali, Riteish Deshmukh, Manoj Pahwa, Rajendra Sethi",2004
Raincoat,"Piya Tora Kaisa Abhiman"" (Female)",Debojyoti Mishra,Shubha Mudgal,"Aishwarya Rai Bachchan, Ajay Devgn, Annu Kapoor, Mouli Ganguly, Pradip Adhikari, Kailash Koppikar, Kameshwar Mishra, Dilip Patra, Sameer Dharmadhikari, Gulzar",2004
Raincoat,Mathura Nagarpati,Debojyoti Mishra,Not Found,"Aishwarya Rai Bachchan, Ajay Devgn, Annu Kapoor, Mouli Ganguly, Pradip Adhikari, Kailash Koppikar, Kameshwar Mishra, Dilip Patra, Sameer Dharmadhikari, Gulzar",2004
Raincoat,Raha Dekhe,Debojyoti Mishra,Bollywood Brass Band,"Aishwarya Rai Bachchan, Ajay Devgn, Annu Kapoor, Mouli Ganguly, Pradip Adhikari, Kailash Koppikar, Kameshwar Mishra, Dilip Patra, Sameer Dharmadhikari, Gulzar",2004
Raincoat,Hamari Galiyan Hoke Aana,Debojyoti Mishra,Meena Mishra,"Aishwarya Rai Bachchan, Ajay Devgn, Annu Kapoor, Mouli Ganguly, Pradip Adhikari, Kailash Koppikar, Kameshwar Mishra, Dilip Patra, Sameer Dharmadhikari, Gulzar",2004
Raincoat,"Piya Tora Kaisa Abhiman"" (Male)",Debojyoti Mishra,Hariharan,"Aishwarya Rai Bachchan, Ajay Devgn, Annu Kapoor, Mouli Ganguly, Pradip Adhikari, Kailash Koppikar, Kameshwar Mishra, Dilip Patra, Sameer Dharmadhikari, Gulzar",2004
Raincoat,"Piya Tora Kaisa Abhiman"" (Film version)",Debojyoti Mishra,Shubha Mudgal,"Aishwarya Rai Bachchan, Ajay Devgn, Annu Kapoor, Mouli Ganguly, Pradip Adhikari, Kailash Koppikar, Kameshwar Mishra, Dilip Patra, Sameer Dharmadhikari, Gulzar",2004
Raincoat,Akele Hum Nadiya Kinare,Debojyoti Mishra,Shubha Mudgal,"Aishwarya Rai Bachchan, Ajay Devgn, Annu Kapoor, Mouli Ganguly, Pradip Adhikari, Kailash Koppikar, Kameshwar Mishra, Dilip Patra, Sameer Dharmadhikari, Gulzar",2004
Raincoat,Jug Jiye,Debojyoti Mishra,Not Found,"Aishwarya Rai Bachchan, Ajay Devgn, Annu Kapoor, Mouli Ganguly, Pradip Adhikari, Kailash Koppikar, Kameshwar Mishra, Dilip Patra, Sameer Dharmadhikari, Gulzar",2004
Raincoat,"Humari Galiyan Hoke Aana"" (Sad)",Debojyoti Mishra,Meena Mishra,"Aishwarya Rai Bachchan, Ajay Devgn, Annu Kapoor, Mouli Ganguly, Pradip Adhikari, Kailash Koppikar, Kameshwar Mishra, Dilip Patra, Sameer Dharmadhikari, Gulzar",2004
Rudraksh,Ishq Khudai,"Shankar–Ehsaan–Loy, Shashi Preetam, Vishal–Shekhar","Shankar Mahadevan, Mahalakshmi Iyer, Shweta Pandit & Krishna","Sanjay Dutt, Suniel Shetty, Bipasha Basu, Isha Koppikar, Kabir Bedi, Raj Zutshi, Veerendra Saxena, Nigaar Khan, Agnes Darenius, Farhad Shahnawaz",2004
Rudraksh,Ishq Hai Nasha Nasha,"Shankar–Ehsaan–Loy, Shashi Preetam, Vishal–Shekhar","Jasmine Sandlas, Sachet Tandon, Jaani, White Noise Collectives, Divya Kumar & Sumonto Mukherjee","Sanjay Dutt, Suniel Shetty, Bipasha Basu, Isha Koppikar, Kabir Bedi, Raj Zutshi, Veerendra Saxena, Nigaar Khan, Agnes Darenius, Farhad Shahnawaz",2004
Rudraksh,Dil Ki Aahein,"Shankar–Ehsaan–Loy, Shashi Preetam, Vishal–Shekhar",KK & K.S. Chithra,"Sanjay Dutt, Suniel Shetty, Bipasha Basu, Isha Koppikar, Kabir Bedi, Raj Zutshi, Veerendra Saxena, Nigaar Khan, Agnes Darenius, Farhad Shahnawaz",2004
Rudraksh,Kya Dard Hai,"Shankar–Ehsaan–Loy, Shashi Preetam, Vishal–Shekhar","Sukhwinder Singh, Marianne, Nisha, Caralisa & Vishal & Shekhar","Sanjay Dutt, Suniel Shetty, Bipasha Basu, Isha Koppikar, Kabir Bedi, Raj Zutshi, Veerendra Saxena, Nigaar Khan, Agnes Darenius, Farhad Shahnawaz",2004
Rudraksh,Rudraksh,"Shankar–Ehsaan–Loy, Shashi Preetam, Vishal–Shekhar",Kunal Ganjawala,"Sanjay Dutt, Suniel Shetty, Bipasha Basu, Isha Koppikar, Kabir Bedi, Raj Zutshi, Veerendra Saxena, Nigaar Khan, Agnes Darenius, Farhad Shahnawaz",2004
Rudraksh,Rak-rak-rak,"Shankar–Ehsaan–Loy, Shashi Preetam, Vishal–Shekhar","Gayatri Iyer, Kunal Ganjawala & Shankar Mahadevan","Sanjay Dutt, Suniel Shetty, Bipasha Basu, Isha Koppikar, Kabir Bedi, Raj Zutshi, Veerendra Saxena, Nigaar Khan, Agnes Darenius, Farhad Shahnawaz",2004
Rudraksh,"Ishq Khudai"" - Remix","Shankar–Ehsaan–Loy, Shashi Preetam, Vishal–Shekhar","Shankar Mahadevan, Mahalakshmi Iyer, Shweta Pandit & Krishna","Sanjay Dutt, Suniel Shetty, Bipasha Basu, Isha Koppikar, Kabir Bedi, Raj Zutshi, Veerendra Saxena, Nigaar Khan, Agnes Darenius, Farhad Shahnawaz",2004
Rudraksh,Bole - Dole,"Shankar–Ehsaan–Loy, Shashi Preetam, Vishal–Shekhar","Sandeep Bhumik, Shashi Pritam & K.S. Chithra","Sanjay Dutt, Suniel Shetty, Bipasha Basu, Isha Koppikar, Kabir Bedi, Raj Zutshi, Veerendra Saxena, Nigaar Khan, Agnes Darenius, Farhad Shahnawaz",2004
Rudraksh,Kya Dard Hai,"Shankar–Ehsaan–Loy, Shashi Preetam, Vishal–Shekhar","Sukhwinder Singh, Marianne, Nisha, Caralisa & Vishal & Shekhar","Sanjay Dutt, Suniel Shetty, Bipasha Basu, Isha Koppikar, Kabir Bedi, Raj Zutshi, Veerendra Saxena, Nigaar Khan, Agnes Darenius, Farhad Shahnawaz",2004
Taarzan: The Wonder Car,Chura Lo,"Himesh Reshammiya, Background Score:, Surinder Sodhi","Himesh Reshammiya, Sameer, Shaan & Alka Yagnik","Vatsal Sheth, Ayesha Takia, Farida Jalal, Ajay Devgn, Amrish Puri, Sumeet Pathak, Gulshan Grover, Pankaj Dheer, Sadashiv Amrapurkar, Shakti Kapoor",2004
Taarzan: The Wonder Car,Gonna Fall In Love,"Himesh Reshammiya, Background Score:, Surinder Sodhi","Himesh Reshammiya, Sameer, Kunal Ganjawala, Jayesh Gandhi & Alka Yagnik","Vatsal Sheth, Ayesha Takia, Farida Jalal, Ajay Devgn, Amrish Puri, Sumeet Pathak, Gulshan Grover, Pankaj Dheer, Sadashiv Amrapurkar, Shakti Kapoor",2004
Taarzan: The Wonder Car,O Lala Re,"Himesh Reshammiya, Background Score:, Surinder Sodhi",Cigarettes After Sex,"Vatsal Sheth, Ayesha Takia, Farida Jalal, Ajay Devgn, Amrish Puri, Sumeet Pathak, Gulshan Grover, Pankaj Dheer, Sadashiv Amrapurkar, Shakti Kapoor",2004
Taarzan: The Wonder Car,O Sajan,"Himesh Reshammiya, Background Score:, Surinder Sodhi",Akhil & Dhvani Bhanushali,"Vatsal Sheth, Ayesha Takia, Farida Jalal, Ajay Devgn, Amrish Puri, Sumeet Pathak, Gulshan Grover, Pankaj Dheer, Sadashiv Amrapurkar, Shakti Kapoor",2004
Taarzan: The Wonder Car,Taarzan,"Himesh Reshammiya, Background Score:, Surinder Sodhi","Himesh Reshammiya, Sameer, Kunal Ganjawala, Jayesh Gandhi & Alka Yagnik","Vatsal Sheth, Ayesha Takia, Farida Jalal, Ajay Devgn, Amrish Puri, Sumeet Pathak, Gulshan Grover, Pankaj Dheer, Sadashiv Amrapurkar, Shakti Kapoor",2004
Taarzan: The Wonder Car,Chura Lo Dil Mera,"Himesh Reshammiya, Background Score:, Surinder Sodhi",Kumar Sanu & Alka Yagnik,"Vatsal Sheth, Ayesha Takia, Farida Jalal, Ajay Devgn, Amrish Puri, Sumeet Pathak, Gulshan Grover, Pankaj Dheer, Sadashiv Amrapurkar, Shakti Kapoor",2004
Yuva,Dhakka Dhakka,A. R. Rahman,"Pritam, Benny Dayal & Shefali Alvares","Ajay Devgn, Abhishek Bachchan, Vivek Oberoi, Rani Mukerji, Kareena Kapoor Khan, Esha Deol, Om Puri, Anant Nag, Vijay Raaz, Sonu Sood",2004
Yuva,Khuda Hafiz,A. R. Rahman,Sunitha Sarathy & Lucky Ali,"Ajay Devgn, Abhishek Bachchan, Vivek Oberoi, Rani Mukerji, Kareena Kapoor Khan, Esha Deol, Om Puri, Anant Nag, Vijay Raaz, Sonu Sood",2004
Yuva,Kabhi Neem Neem,A. R. Rahman,Madhushree & A.R. Rahman,"Ajay Devgn, Abhishek Bachchan, Vivek Oberoi, Rani Mukerji, Kareena Kapoor Khan, Esha Deol, Om Puri, Anant Nag, Vijay Raaz, Sonu Sood",2004
Yuva,Dol Dol,A. R. Rahman,Shaheen,"Ajay Devgn, Abhishek Bachchan, Vivek Oberoi, Rani Mukerji, Kareena Kapoor Khan, Esha Deol, Om Puri, Anant Nag, Vijay Raaz, Sonu Sood",2004
Yuva,Baadal,A. R. Rahman,Adnan Sami & Alka Yagnik,"Ajay Devgn, Abhishek Bachchan, Vivek Oberoi, Rani Mukerji, Kareena Kapoor Khan, Esha Deol, Om Puri, Anant Nag, Vijay Raaz, Sonu Sood",2004
Yuva,Fanaa,A. R. Rahman,"A.R. Rahman, Sunitha & Tanvi","Ajay Devgn, Abhishek Bachchan, Vivek Oberoi, Rani Mukerji, Kareena Kapoor Khan, Esha Deol, Om Puri, Anant Nag, Vijay Raaz, Sonu Sood",2004
Bunty Aur Babli,Dhadak Dhadak,Shankar–Ehsaan–Loy,"Nihira Joshi, Sunidhi Chauhan & Udit Narayan","Abhishek Bachchan, Rani Mukerji, Amitabh Bachchan, Raj Babbar, Rameshwari Talluri, Puneet Issar, Kiran Juneja, Pratima Kazmi, Prem Chopra, Sanjay Mishra",2005
Bunty Aur Babli,Chup Chup Ke,Shankar–Ehsaan–Loy,"Ash King, Muazzam & Rizwan Ali Khan","Abhishek Bachchan, Rani Mukerji, Amitabh Bachchan, Raj Babbar, Rameshwari Talluri, Puneet Issar, Kiran Juneja, Pratima Kazmi, Prem Chopra, Sanjay Mishra",2005
Bunty Aur Babli,Nach Baliye,Shankar–Ehsaan–Loy,"Loy Mendonsa, Shankar Mahadevan & Sowmya Raoh","Abhishek Bachchan, Rani Mukerji, Amitabh Bachchan, Raj Babbar, Rameshwari Talluri, Puneet Issar, Kiran Juneja, Pratima Kazmi, Prem Chopra, Sanjay Mishra",2005
Bunty Aur Babli,Bunty Aur Babli,Shankar–Ehsaan–Loy,"Jaspinder Narula, Shankar Mahadevan, Siddharth Mahadevan & Sukhwinder Singh","Abhishek Bachchan, Rani Mukerji, Amitabh Bachchan, Raj Babbar, Rameshwari Talluri, Puneet Issar, Kiran Juneja, Pratima Kazmi, Prem Chopra, Sanjay Mishra",2005
Bunty Aur Babli,B N B(Lyrics byBlaaze),Shankar–Ehsaan–Loy,Not Found,"Abhishek Bachchan, Rani Mukerji, Amitabh Bachchan, Raj Babbar, Rameshwari Talluri, Puneet Issar, Kiran Juneja, Pratima Kazmi, Prem Chopra, Sanjay Mishra",2005
Bunty Aur Babli,Kajra Re,Shankar–Ehsaan–Loy,"Alisha Chinai, Javed Ali & Shankar Mahadevan","Abhishek Bachchan, Rani Mukerji, Amitabh Bachchan, Raj Babbar, Rameshwari Talluri, Puneet Issar, Kiran Juneja, Pratima Kazmi, Prem Chopra, Sanjay Mishra",2005
Black,Haq Allah,Sukhwinder Singh,Sukhwinder Singh & Hans Raj Hans,"Tom Brittney, Holly White, Betsy Blue-English, Dane Whyte O'Hara, Kaja Chan, Georgina Leonidas, Hanneke Talbot, Anton Trendafilov, Asa Ali, Boadicea Ricketts",2026
Black,Peer Manava,Sukhwinder Singh,Sukhwinder Singh & Shraddha Pandit,"Tom Brittney, Holly White, Betsy Blue-English, Dane Whyte O'Hara, Kaja Chan, Georgina Leonidas, Hanneke Talbot, Anton Trendafilov, Asa Ali, Boadicea Ricketts",2026
Black,"Yeh Hindustan Hai"" (Part 1)",Sukhwinder Singh,A.R. Rahman,"Tom Brittney, Holly White, Betsy Blue-English, Dane Whyte O'Hara, Kaja Chan, Georgina Leonidas, Hanneke Talbot, Anton Trendafilov, Asa Ali, Boadicea Ricketts",2026
Black,Main Chali,Sukhwinder Singh,Naresh Iyer & Shreya Ghoshal,"Tom Brittney, Holly White, Betsy Blue-English, Dane Whyte O'Hara, Kaja Chan, Georgina Leonidas, Hanneke Talbot, Anton Trendafilov, Asa Ali, Boadicea Ricketts",2026
Black,Main Chala,Sukhwinder Singh,Taaruk Raina,"Tom Brittney, Holly White, Betsy Blue-English, Dane Whyte O'Hara, Kaja Chan, Georgina Leonidas, Hanneke Talbot, Anton Trendafilov, Asa Ali, Boadicea Ricketts",2026
Black,Jogi Aaya,Sukhwinder Singh,Sadhana Sargam & Sukhwinder Singh,"Tom Brittney, Holly White, Betsy Blue-English, Dane Whyte O'Hara, Kaja Chan, Georgina Leonidas, Hanneke Talbot, Anton Trendafilov, Asa Ali, Boadicea Ricketts",2026
Black,"Yeh Hindustan Hai"" (Part 2)",Sukhwinder Singh,A.R. Rahman,"Tom Brittney, Holly White, Betsy Blue-English, Dane Whyte O'Hara, Kaja Chan, Georgina Leonidas, Hanneke Talbot, Anton Trendafilov, Asa Ali, Boadicea Ricketts",2026
Garam Masala,Ada (Quote FromAmr Diab),Pritam,Not Found,"Akshay Kumar, John Abraham, Paresh Rawal, Daisy Bopanna, Nargis Bagheri, Neetu Chandra, Rimi Sen, Rajpal Yadav, Manoj Joshi, Neha Dhupia",2005
Garam Masala,Chori Chori,Pritam,Alka Yagnik & Sonu Nigam,"Akshay Kumar, John Abraham, Paresh Rawal, Daisy Bopanna, Nargis Bagheri, Neetu Chandra, Rimi Sen, Rajpal Yadav, Manoj Joshi, Neha Dhupia",2005
Garam Masala,Kiss Me Baby,Pritam,Sixpence None the Richer,"Akshay Kumar, John Abraham, Paresh Rawal, Daisy Bopanna, Nargis Bagheri, Neetu Chandra, Rimi Sen, Rajpal Yadav, Manoj Joshi, Neha Dhupia",2005
Garam Masala,Falak Dekhun (Quote FromAmr Diab),Pritam,Not Found,"Akshay Kumar, John Abraham, Paresh Rawal, Daisy Bopanna, Nargis Bagheri, Neetu Chandra, Rimi Sen, Rajpal Yadav, Manoj Joshi, Neha Dhupia",2005
Garam Masala,Dil Samandar,Pritam,"A.R. Rahman, Jonita Gandhi & Hriday Gattani","Akshay Kumar, John Abraham, Paresh Rawal, Daisy Bopanna, Nargis Bagheri, Neetu Chandra, Rimi Sen, Rajpal Yadav, Manoj Joshi, Neha Dhupia",2005
Garam Masala,"Chori Chori"" (II)",Pritam,Suhail Kaul & Rajeev Sundaresan,"Akshay Kumar, John Abraham, Paresh Rawal, Daisy Bopanna, Nargis Bagheri, Neetu Chandra, Rimi Sen, Rajpal Yadav, Manoj Joshi, Neha Dhupia",2005
Garam Masala,"Falak Dekhun (Quote FromAmr Diab)"" (II)",Pritam,Not Found,"Akshay Kumar, John Abraham, Paresh Rawal, Daisy Bopanna, Nargis Bagheri, Neetu Chandra, Rimi Sen, Rajpal Yadav, Manoj Joshi, Neha Dhupia",2005
Garam Masala,"Ada"" (Remix (Quote FromAmr Diab))",Pritam,Not Found,"Akshay Kumar, John Abraham, Paresh Rawal, Daisy Bopanna, Nargis Bagheri, Neetu Chandra, Rimi Sen, Rajpal Yadav, Manoj Joshi, Neha Dhupia",2005
Garam Masala,"Kiss Me Baby"" (Remix by DJ Akbar Sami)",Pritam,Himesh Reshammiya & Akbar Sami,"Akshay Kumar, John Abraham, Paresh Rawal, Daisy Bopanna, Nargis Bagheri, Neetu Chandra, Rimi Sen, Rajpal Yadav, Manoj Joshi, Neha Dhupia",2005
Mangal Pandey: The Rising,Al Madad Maula,A. R. Rahman,"Javed Ali, Bela Shende & Asad Khan","Aamir Khan, Rani Mukerji, Toby Stephens, Ameesha Patel, Om Puri, Kirron Kher, Ben Nealon, Habib Tanvir, Varsha Usgaonkar, Shrirang Godbole",2005
Mangal Pandey: The Rising,Holi Re,A. R. Rahman,Richa Sharma & Shail Hada,"Aamir Khan, Rani Mukerji, Toby Stephens, Ameesha Patel, Om Puri, Kirron Kher, Ben Nealon, Habib Tanvir, Varsha Usgaonkar, Shrirang Godbole",2005
Mangal Pandey: The Rising,Main Vari Vari,A. R. Rahman,Various Artists,"Aamir Khan, Rani Mukerji, Toby Stephens, Ameesha Patel, Om Puri, Kirron Kher, Ben Nealon, Habib Tanvir, Varsha Usgaonkar, Shrirang Godbole",2005
Mangal Pandey: The Rising,Mangal Mangal – Aatma,A. R. Rahman,Not Found,"Aamir Khan, Rani Mukerji, Toby Stephens, Ameesha Patel, Om Puri, Kirron Kher, Ben Nealon, Habib Tanvir, Varsha Usgaonkar, Shrirang Godbole",2005
Mangal Pandey: The Rising,Mangal Mangal – Agni,A. R. Rahman,Not Found,"Aamir Khan, Rani Mukerji, Toby Stephens, Ameesha Patel, Om Puri, Kirron Kher, Ben Nealon, Habib Tanvir, Varsha Usgaonkar, Shrirang Godbole",2005
Mangal Pandey: The Rising,Mangal Mangal,A. R. Rahman,"Ayushmann Khurrana, Tanishk Bagchi & Vayu","Aamir Khan, Rani Mukerji, Toby Stephens, Ameesha Patel, Om Puri, Kirron Kher, Ben Nealon, Habib Tanvir, Varsha Usgaonkar, Shrirang Godbole",2005
Mangal Pandey: The Rising,Rasiya,A. R. Rahman,"Pritam, Shreya Ghoshal & Tushar Joshi","Aamir Khan, Rani Mukerji, Toby Stephens, Ameesha Patel, Om Puri, Kirron Kher, Ben Nealon, Habib Tanvir, Varsha Usgaonkar, Shrirang Godbole",2005
Mangal Pandey: The Rising,Takey Takey,A. R. Rahman,Mika Singh & Shreya Ghoshal,"Aamir Khan, Rani Mukerji, Toby Stephens, Ameesha Patel, Om Puri, Kirron Kher, Ben Nealon, Habib Tanvir, Varsha Usgaonkar, Shrirang Godbole",2005
Maine Pyaar Kyun Kiya?,Dil Di Nazar,"Himesh Reshammiya, Background Score:, Salim–Sulaiman","Shaan, Priya, Neeraj & Shazneen Arethna","Salman Khan, Sushmita Sen, Katrina Kaif, Sohail Khan, Arshad Warsi, Isha Koppikar, Rajpal Yadav, Beena Kak, Arbaaz Khan, Dolly Bindra",2005
Maine Pyaar Kyun Kiya?,Ishq Chunariya (not in the film),"Himesh Reshammiya, Background Score:, Salim–Sulaiman",Udit Narayan & Alka Yagnik,"Salman Khan, Sushmita Sen, Katrina Kaif, Sohail Khan, Arshad Warsi, Isha Koppikar, Rajpal Yadav, Beena Kak, Arbaaz Khan, Dolly Bindra",2005
Maine Pyaar Kyun Kiya?,Just Chill,"Himesh Reshammiya, Background Score:, Salim–Sulaiman","Sonu Nigam, Jayesh Gandhi & Amrita Kak","Salman Khan, Sushmita Sen, Katrina Kaif, Sohail Khan, Arshad Warsi, Isha Koppikar, Rajpal Yadav, Beena Kak, Arbaaz Khan, Dolly Bindra",2005
Maine Pyaar Kyun Kiya?,Laga Prem Rog,"Himesh Reshammiya, Background Score:, Salim–Sulaiman",Alka Yagnik & Kamaal Khan,"Salman Khan, Sushmita Sen, Katrina Kaif, Sohail Khan, Arshad Warsi, Isha Koppikar, Rajpal Yadav, Beena Kak, Arbaaz Khan, Dolly Bindra",2005
Maine Pyaar Kyun Kiya?,Sajan Tumse Pyar,"Himesh Reshammiya, Background Score:, Salim–Sulaiman",Udit Narayan & Alka Yagnik,"Salman Khan, Sushmita Sen, Katrina Kaif, Sohail Khan, Arshad Warsi, Isha Koppikar, Rajpal Yadav, Beena Kak, Arbaaz Khan, Dolly Bindra",2005
Maine Pyaar Kyun Kiya?,Sajan Tumse Pyar,"Himesh Reshammiya, Background Score:, Salim–Sulaiman",Udit Narayan & Alka Yagnik,"Salman Khan, Sushmita Sen, Katrina Kaif, Sohail Khan, Arshad Warsi, Isha Koppikar, Rajpal Yadav, Beena Kak, Arbaaz Khan, Dolly Bindra",2005
Maine Pyaar Kyun Kiya?,Teri Meri Love Story,"Himesh Reshammiya, Background Score:, Salim–Sulaiman",Rahat Fateh Ali Khan & Shreya Ghoshal,"Salman Khan, Sushmita Sen, Katrina Kaif, Sohail Khan, Arshad Warsi, Isha Koppikar, Rajpal Yadav, Beena Kak, Arbaaz Khan, Dolly Bindra",2005
Maine Pyaar Kyun Kiya?,Yeh Ladki,"Himesh Reshammiya, Background Score:, Salim–Sulaiman",Darshan Raval & Rochak Kohli,"Salman Khan, Sushmita Sen, Katrina Kaif, Sohail Khan, Arshad Warsi, Isha Koppikar, Rajpal Yadav, Beena Kak, Arbaaz Khan, Dolly Bindra",2005
Maine Pyaar Kyun Kiya?,"Dil Di Nazar"" (Remix)","Himesh Reshammiya, Background Score:, Salim–Sulaiman","Shaan, Priya, Neeraj & Shazneen Arethna","Salman Khan, Sushmita Sen, Katrina Kaif, Sohail Khan, Arshad Warsi, Isha Koppikar, Rajpal Yadav, Beena Kak, Arbaaz Khan, Dolly Bindra",2005
Maine Pyaar Kyun Kiya?,"Just Chill"" (Remix)","Himesh Reshammiya, Background Score:, Salim–Sulaiman","Sonu Nigam, Jayesh Gandhi & Amrita Kak","Salman Khan, Sushmita Sen, Katrina Kaif, Sohail Khan, Arshad Warsi, Isha Koppikar, Rajpal Yadav, Beena Kak, Arbaaz Khan, Dolly Bindra",2005
Maine Pyaar Kyun Kiya?,"Laga Prem Rog"" (Remix)","Himesh Reshammiya, Background Score:, Salim–Sulaiman",Alka Yagnik & Kamaal Khan,"Salman Khan, Sushmita Sen, Katrina Kaif, Sohail Khan, Arshad Warsi, Isha Koppikar, Rajpal Yadav, Beena Kak, Arbaaz Khan, Dolly Bindra",2005
Maine Pyaar Kyun Kiya?,"Yeh Ladki"" (Remix)","Himesh Reshammiya, Background Score:, Salim–Sulaiman",Darshan Raval & Rochak Kohli,"Salman Khan, Sushmita Sen, Katrina Kaif, Sohail Khan, Arshad Warsi, Isha Koppikar, Rajpal Yadav, Beena Kak, Arbaaz Khan, Dolly Bindra",2005
Waqt: The Race Against Time,Subah Hogi,Anu Malik,Rahat Fateh Ali Khan & Vishal & Shekhar,"Amitabh Bachchan, Akshay Kumar, Priyanka Chopra Jonas, Shefali Shah, Boman Irani, Rajpal Yadav, Asawari Joshi, Rajeev Mehta",2005
Waqt: The Race Against Time,Apne Jahanke,Anu Malik,Adnan Sami & Sonu Nigam,"Amitabh Bachchan, Akshay Kumar, Priyanka Chopra Jonas, Shefali Shah, Boman Irani, Rajpal Yadav, Asawari Joshi, Rajeev Mehta",2005
Waqt: The Race Against Time,Miraksam,Anu Malik,"Sudesh Bhonsle, Sonu Nigam, Sunidhi Chauhan & Mahalakshmi Iyer","Amitabh Bachchan, Akshay Kumar, Priyanka Chopra Jonas, Shefali Shah, Boman Irani, Rajpal Yadav, Asawari Joshi, Rajeev Mehta",2005
Waqt: The Race Against Time,Do Me A Favor Let's Play Holi,Anu Malik,Anu Malik & Sunidhi Chauhan,"Amitabh Bachchan, Akshay Kumar, Priyanka Chopra Jonas, Shefali Shah, Boman Irani, Rajpal Yadav, Asawari Joshi, Rajeev Mehta",2005
Waqt: The Race Against Time,Toot Gaya,Anu Malik,Kailash Kher,"Amitabh Bachchan, Akshay Kumar, Priyanka Chopra Jonas, Shefali Shah, Boman Irani, Rajpal Yadav, Asawari Joshi, Rajeev Mehta",2005
Waqt: The Race Against Time,Tandav Music,Anu Malik,Anu Malik,"Amitabh Bachchan, Akshay Kumar, Priyanka Chopra Jonas, Shefali Shah, Boman Irani, Rajpal Yadav, Asawari Joshi, Rajeev Mehta",2005
Waqt: The Race Against Time,Chhup Ja Chuup Ja,Anu Malik,Not Found,"Amitabh Bachchan, Akshay Kumar, Priyanka Chopra Jonas, Shefali Shah, Boman Irani, Rajpal Yadav, Asawari Joshi, Rajeev Mehta",2005
Kisna: The Warrior Poet,Hum Hai Iss Pal Yahan,"A. R. Rahman, Ismail Darbar, Background Score:, A. R. Rahman",Shankar Ehsaan Loy & Sonu Nigam,"Vivek Oberoi, Isha Sharvani, Antonia Bernath, Amrish Puri, Polly Adams, Michael Maloney, Caroline Langrishe, Om Puri, Rajat Kapoor, Yashpal Sharma",2005
Kisna: The Warrior Poet,Woh Kisna Hai,"A. R. Rahman, Ismail Darbar, Background Score:, A. R. Rahman","Sukhwinder Singh, Ayesha Darbar & S. Shailaja","Vivek Oberoi, Isha Sharvani, Antonia Bernath, Amrish Puri, Polly Adams, Michael Maloney, Caroline Langrishe, Om Puri, Rajat Kapoor, Yashpal Sharma",2005
Kisna: The Warrior Poet,Tu Itni Pagli Kyun Hai,"A. R. Rahman, Ismail Darbar, Background Score:, A. R. Rahman",Udit Narayan & Alka Yagnik,"Vivek Oberoi, Isha Sharvani, Antonia Bernath, Amrish Puri, Polly Adams, Michael Maloney, Caroline Langrishe, Om Puri, Rajat Kapoor, Yashpal Sharma",2005
Kisna: The Warrior Poet,Chilman Uthegi Nahin,"A. R. Rahman, Ismail Darbar, Background Score:, A. R. Rahman","Alka Yagnik, Kailash Kher, Ayesha Darbar, Rakesh Pandit, S. Shailaja & Hariharan","Vivek Oberoi, Isha Sharvani, Antonia Bernath, Amrish Puri, Polly Adams, Michael Maloney, Caroline Langrishe, Om Puri, Rajat Kapoor, Yashpal Sharma",2005
Kisna: The Warrior Poet,Wohi Din Aa Gaya,"A. R. Rahman, Ismail Darbar, Background Score:, A. R. Rahman",Sukhwinder Singh & Alka Yagnik,"Vivek Oberoi, Isha Sharvani, Antonia Bernath, Amrish Puri, Polly Adams, Michael Maloney, Caroline Langrishe, Om Puri, Rajat Kapoor, Yashpal Sharma",2005
Kisna: The Warrior Poet,Tu Aisi Dhun Main Ga,"A. R. Rahman, Ismail Darbar, Background Score:, A. R. Rahman","Kailash Kher, S. Shailaja, Mohd.Salamat, Ismail Darbar & Ayesha Darbar","Vivek Oberoi, Isha Sharvani, Antonia Bernath, Amrish Puri, Polly Adams, Michael Maloney, Caroline Langrishe, Om Puri, Rajat Kapoor, Yashpal Sharma",2005
Kisna: The Warrior Poet,Tore Bin Mohe Chain Nahi,"A. R. Rahman, Ismail Darbar, Background Score:, A. R. Rahman",Rashid Khan,"Vivek Oberoi, Isha Sharvani, Antonia Bernath, Amrish Puri, Polly Adams, Michael Maloney, Caroline Langrishe, Om Puri, Rajat Kapoor, Yashpal Sharma",2005
Kisna: The Warrior Poet,Phir Main Kaahe Mandir Jaaun (Aham Bhramasmi,"A. R. Rahman, Ismail Darbar, Background Score:, A. R. Rahman",Not Found,"Vivek Oberoi, Isha Sharvani, Antonia Bernath, Amrish Puri, Polly Adams, Michael Maloney, Caroline Langrishe, Om Puri, Rajat Kapoor, Yashpal Sharma",2005
Kisna: The Warrior Poet,Kahe Ujadi Mori Neend,"A. R. Rahman, Ismail Darbar, Background Score:, A. R. Rahman",Rashid Khan,"Vivek Oberoi, Isha Sharvani, Antonia Bernath, Amrish Puri, Polly Adams, Michael Maloney, Caroline Langrishe, Om Puri, Rajat Kapoor, Yashpal Sharma",2005
Kisna: The Warrior Poet,Kisna Theme,"A. R. Rahman, Ismail Darbar, Background Score:, A. R. Rahman",A.R. Rahman,"Vivek Oberoi, Isha Sharvani, Antonia Bernath, Amrish Puri, Polly Adams, Michael Maloney, Caroline Langrishe, Om Puri, Rajat Kapoor, Yashpal Sharma",2005
Kisna: The Warrior Poet,Mantras 1,"A. R. Rahman, Ismail Darbar, Background Score:, A. R. Rahman",Vijay Prakash,"Vivek Oberoi, Isha Sharvani, Antonia Bernath, Amrish Puri, Polly Adams, Michael Maloney, Caroline Langrishe, Om Puri, Rajat Kapoor, Yashpal Sharma",2005
Kisna: The Warrior Poet,My Wish Comes True,"A. R. Rahman, Ismail Darbar, Background Score:, A. R. Rahman",Sunitha Sarathy,"Vivek Oberoi, Isha Sharvani, Antonia Bernath, Amrish Puri, Polly Adams, Michael Maloney, Caroline Langrishe, Om Puri, Rajat Kapoor, Yashpal Sharma",2005
Kisna: The Warrior Poet,Mantras 2,"A. R. Rahman, Ismail Darbar, Background Score:, A. R. Rahman",Vijay Prakash,"Vivek Oberoi, Isha Sharvani, Antonia Bernath, Amrish Puri, Polly Adams, Michael Maloney, Caroline Langrishe, Om Puri, Rajat Kapoor, Yashpal Sharma",2005
Kisna: The Warrior Poet,Kisna Theme I,"A. R. Rahman, Ismail Darbar, Background Score:, A. R. Rahman",Udit Narayan & Madhushree,"Vivek Oberoi, Isha Sharvani, Antonia Bernath, Amrish Puri, Polly Adams, Michael Maloney, Caroline Langrishe, Om Puri, Rajat Kapoor, Yashpal Sharma",2005
Kisna: The Warrior Poet,Kisna Theme (Flute),"A. R. Rahman, Ismail Darbar, Background Score:, A. R. Rahman",Ismail Darbar,"Vivek Oberoi, Isha Sharvani, Antonia Bernath, Amrish Puri, Polly Adams, Michael Maloney, Caroline Langrishe, Om Puri, Rajat Kapoor, Yashpal Sharma",2005
Kisna: The Warrior Poet,Kisna Theme II,"A. R. Rahman, Ismail Darbar, Background Score:, A. R. Rahman",A.R. Rahman,"Vivek Oberoi, Isha Sharvani, Antonia Bernath, Amrish Puri, Polly Adams, Michael Maloney, Caroline Langrishe, Om Puri, Rajat Kapoor, Yashpal Sharma",2005
Page 3,"Kitni Ajeeb"" (Female Version)","Virgin Emi, Shamir Tandon, Background Score:, Raju Singh",Jyoti,"Konkona Sen Sharma, Atul Kulkarni, Sandhya Mridul, Tara Sharma, Boman Irani, Anju Mahendru, Bikram Saluja, Rehaan Engineer, Soni Razdan, Kunickaa Sadanand",2005
Page 3,Meri Wajood,"Virgin Emi, Shamir Tandon, Background Score:, Raju Singh",Palak Muchhal & Arijit Singh,"Konkona Sen Sharma, Atul Kulkarni, Sandhya Mridul, Tara Sharma, Boman Irani, Anju Mahendru, Bikram Saluja, Rehaan Engineer, Soni Razdan, Kunickaa Sadanand",2005
Page 3,Kuan Ma,"Virgin Emi, Shamir Tandon, Background Score:, Raju Singh",Blaaze & Sapna Awasthi,"Konkona Sen Sharma, Atul Kulkarni, Sandhya Mridul, Tara Sharma, Boman Irani, Anju Mahendru, Bikram Saluja, Rehaan Engineer, Soni Razdan, Kunickaa Sadanand",2005
Page 3,Yahaan Zindagi,"Virgin Emi, Shamir Tandon, Background Score:, Raju Singh",Lata Mangeshkar,"Konkona Sen Sharma, Atul Kulkarni, Sandhya Mridul, Tara Sharma, Boman Irani, Anju Mahendru, Bikram Saluja, Rehaan Engineer, Soni Razdan, Kunickaa Sadanand",2005
Page 3,Filmy Very Filmy,"Virgin Emi, Shamir Tandon, Background Score:, Raju Singh",Arijit Singh,"Konkona Sen Sharma, Atul Kulkarni, Sandhya Mridul, Tara Sharma, Boman Irani, Anju Mahendru, Bikram Saluja, Rehaan Engineer, Soni Razdan, Kunickaa Sadanand",2005
Page 3,"Kitni Ajeeb"" (Male Version)","Virgin Emi, Shamir Tandon, Background Score:, Raju Singh",Jyoti,"Konkona Sen Sharma, Atul Kulkarni, Sandhya Mridul, Tara Sharma, Boman Irani, Anju Mahendru, Bikram Saluja, Rehaan Engineer, Soni Razdan, Kunickaa Sadanand",2005
Page 3,Mere Wajood,"Virgin Emi, Shamir Tandon, Background Score:, Raju Singh",Amrita Nayak,"Konkona Sen Sharma, Atul Kulkarni, Sandhya Mridul, Tara Sharma, Boman Irani, Anju Mahendru, Bikram Saluja, Rehaan Engineer, Soni Razdan, Kunickaa Sadanand",2005
Page 3,"Kitni Ajeeb"" (Sad Version)","Virgin Emi, Shamir Tandon, Background Score:, Raju Singh",Jyoti,"Konkona Sen Sharma, Atul Kulkarni, Sandhya Mridul, Tara Sharma, Boman Irani, Anju Mahendru, Bikram Saluja, Rehaan Engineer, Soni Razdan, Kunickaa Sadanand",2005
Bewafaa,Ek Dilruba Hai,Nadeem–Shravan,Udit Narayan,"Anil Kapoor, Akshay Kumar, Kareena Kapoor Khan, Sushmita Sen, Shamita Shetty, Manoj Bajpayee, Kabir Bedi, Nafisa Ali",2005
Bewafaa,Kaise Piya Se,Nadeem–Shravan,Lata Mangeshkar,"Anil Kapoor, Akshay Kumar, Kareena Kapoor Khan, Sushmita Sen, Shamita Shetty, Manoj Bajpayee, Kabir Bedi, Nafisa Ali",2005
Bewafaa,Ishq Chupta Nahin,Nadeem–Shravan,Abhijeet,"Anil Kapoor, Akshay Kumar, Kareena Kapoor Khan, Sushmita Sen, Shamita Shetty, Manoj Bajpayee, Kabir Bedi, Nafisa Ali",2005
Bewafaa,Teri Yaad... Yaad... Yaad,Nadeem–Shravan,KK & Jayesh Gandhi,"Anil Kapoor, Akshay Kumar, Kareena Kapoor Khan, Sushmita Sen, Shamita Shetty, Manoj Bajpayee, Kabir Bedi, Nafisa Ali",2005
Bewafaa,Pyaar Ka Anjaam,Nadeem–Shravan,"Kumar Sanu, Alka Yagnik & Sapna Mukherjee","Anil Kapoor, Akshay Kumar, Kareena Kapoor Khan, Sushmita Sen, Shamita Shetty, Manoj Bajpayee, Kabir Bedi, Nafisa Ali",2005
Bewafaa,Ek Bewafaa Hai,Nadeem–Shravan,Sonu Nigam,"Anil Kapoor, Akshay Kumar, Kareena Kapoor Khan, Sushmita Sen, Shamita Shetty, Manoj Bajpayee, Kabir Bedi, Nafisa Ali",2005
Bewafaa,Kehta Hai Kabootar,Nadeem–Shravan,Asha Bhosle & Shaan,"Anil Kapoor, Akshay Kumar, Kareena Kapoor Khan, Sushmita Sen, Shamita Shetty, Manoj Bajpayee, Kabir Bedi, Nafisa Ali",2005
Bewafaa,Pyaar Ki Raahein,Nadeem–Shravan,Shaan,"Anil Kapoor, Akshay Kumar, Kareena Kapoor Khan, Sushmita Sen, Shamita Shetty, Manoj Bajpayee, Kabir Bedi, Nafisa Ali",2005
Socha Na Tha,Zindagi,Sandesh Shandilya,Sachin-Jigar & Papon,"Abhay Deol, Ayesha Takia, Suresh Oberoi, Ayesha Jhulka, Rati Agnihotri, Sandhya Mridul, Raj Zutshi, Kamlesh Gill, Lushin Dubey, Manish Choudhary",2005
Socha Na Tha,Abhi Abhi Mere Dil Mein,Sandesh Shandilya,KK,"Abhay Deol, Ayesha Takia, Suresh Oberoi, Ayesha Jhulka, Rati Agnihotri, Sandhya Mridul, Raj Zutshi, Kamlesh Gill, Lushin Dubey, Manish Choudhary",2005
Socha Na Tha,Main Seedhe Saadhe Dhang Se,Sandesh Shandilya,Not Found,"Abhay Deol, Ayesha Takia, Suresh Oberoi, Ayesha Jhulka, Rati Agnihotri, Sandhya Mridul, Raj Zutshi, Kamlesh Gill, Lushin Dubey, Manish Choudhary",2005
Socha Na Tha,Mera Tumhara Kya Rishta Hai,Sandesh Shandilya,Not Found,"Abhay Deol, Ayesha Takia, Suresh Oberoi, Ayesha Jhulka, Rati Agnihotri, Sandhya Mridul, Raj Zutshi, Kamlesh Gill, Lushin Dubey, Manish Choudhary",2005
Socha Na Tha,Socha Na Tha,Sandesh Shandilya,Sandesh Shandilya & Sadhana Sargam,"Abhay Deol, Ayesha Takia, Suresh Oberoi, Ayesha Jhulka, Rati Agnihotri, Sandhya Mridul, Raj Zutshi, Kamlesh Gill, Lushin Dubey, Manish Choudhary",2005
Socha Na Tha,Na Sahi,Sandesh Shandilya,Sandesh Shandilya,"Abhay Deol, Ayesha Takia, Suresh Oberoi, Ayesha Jhulka, Rati Agnihotri, Sandhya Mridul, Raj Zutshi, Kamlesh Gill, Lushin Dubey, Manish Choudhary",2005
Socha Na Tha,O Yara Rab Rus Jane De,Sandesh Shandilya,Sonu Nigam & Sanjeevani,"Abhay Deol, Ayesha Takia, Suresh Oberoi, Ayesha Jhulka, Rati Agnihotri, Sandhya Mridul, Raj Zutshi, Kamlesh Gill, Lushin Dubey, Manish Choudhary",2005
My Brother... Nikhil,Aa Bhi Ja Aa Bhi Ja,Vivek Philip,Lucky Ali & Sunidhi Chauhan,"Juhi Chawla Mehta, Sanjay Suri, Victor Banerjee, Lillete Dubey, Purab Kohli, Dipannita Sharma, Shayan Munshi, Peeya Rai Chowdhary, Sujoy Ghosh, Dia Mirza",2005
My Brother... Nikhil,I Miss My Little Boy,Vivek Philip,Avril Lavigne,"Juhi Chawla Mehta, Sanjay Suri, Victor Banerjee, Lillete Dubey, Purab Kohli, Dipannita Sharma, Shayan Munshi, Peeya Rai Chowdhary, Sujoy Ghosh, Dia Mirza",2005
My Brother... Nikhil,Kabhi,Vivek Philip,"Amit Kumar, Jatin-Lalit, Sonu Nigam, Alka Yagnik, Udit Narayan & Kavita Krishnamurthy","Juhi Chawla Mehta, Sanjay Suri, Victor Banerjee, Lillete Dubey, Purab Kohli, Dipannita Sharma, Shayan Munshi, Peeya Rai Chowdhary, Sujoy Ghosh, Dia Mirza",2005
My Brother... Nikhil,Le Chale 1,Vivek Philip,"Mahalakshmi Iyer, Vishal & Shekhar & KK","Juhi Chawla Mehta, Sanjay Suri, Victor Banerjee, Lillete Dubey, Purab Kohli, Dipannita Sharma, Shayan Munshi, Peeya Rai Chowdhary, Sujoy Ghosh, Dia Mirza",2005
My Brother... Nikhil,Le Chale 2,Vivek Philip,"Mahalakshmi Iyer, Vishal & Shekhar & KK","Juhi Chawla Mehta, Sanjay Suri, Victor Banerjee, Lillete Dubey, Purab Kohli, Dipannita Sharma, Shayan Munshi, Peeya Rai Chowdhary, Sujoy Ghosh, Dia Mirza",2005
My Brother... Nikhil,Le Chale 3,Vivek Philip,"Mahalakshmi Iyer, Vishal & Shekhar & KK","Juhi Chawla Mehta, Sanjay Suri, Victor Banerjee, Lillete Dubey, Purab Kohli, Dipannita Sharma, Shayan Munshi, Peeya Rai Chowdhary, Sujoy Ghosh, Dia Mirza",2005
My Brother... Nikhil,Mahiya,Vivek Philip,"Pritam, Annie & Suzanne Dmello","Juhi Chawla Mehta, Sanjay Suri, Victor Banerjee, Lillete Dubey, Purab Kohli, Dipannita Sharma, Shayan Munshi, Peeya Rai Chowdhary, Sujoy Ghosh, Dia Mirza",2005
My Brother... Nikhil,Leaving Home,Vivek Philip,Not Found,"Juhi Chawla Mehta, Sanjay Suri, Victor Banerjee, Lillete Dubey, Purab Kohli, Dipannita Sharma, Shayan Munshi, Peeya Rai Chowdhary, Sujoy Ghosh, Dia Mirza",2005
My Brother... Nikhil,Mere Sapne,Vivek Philip,Kavita Krishnamurthy,"Juhi Chawla Mehta, Sanjay Suri, Victor Banerjee, Lillete Dubey, Purab Kohli, Dipannita Sharma, Shayan Munshi, Peeya Rai Chowdhary, Sujoy Ghosh, Dia Mirza",2005
My Brother... Nikhil,Till We Meet Again,Vivek Philip,Ken Wood,"Juhi Chawla Mehta, Sanjay Suri, Victor Banerjee, Lillete Dubey, Purab Kohli, Dipannita Sharma, Shayan Munshi, Peeya Rai Chowdhary, Sujoy Ghosh, Dia Mirza",2005
My Brother... Nikhil,Woh Kaun Hai,Vivek Philip,Lata Mangeshkar & Mukesh,"Juhi Chawla Mehta, Sanjay Suri, Victor Banerjee, Lillete Dubey, Purab Kohli, Dipannita Sharma, Shayan Munshi, Peeya Rai Chowdhary, Sujoy Ghosh, Dia Mirza",2005
Zeher,Agar Tum Mil Jao (Female),"Roop Kumar Rathod, Mithoon, Anu Malik, Naresh Sharma, Jal: the Band","Roop Kumar Rathod, Sayeed Quadri, Anu Malik & Shreya Ghoshal","Emraan Hashmi, Shamita Shetty, Udita Goswami, Sameer Kochhar, Ninad Kamat, Vishwajeet Pradhan",2005
Zeher,Woh Lamhe Woh Baatein,"Roop Kumar Rathod, Mithoon, Anu Malik, Naresh Sharma, Jal: the Band","Roop Kumar Rathod, Sayeed Quadri, Mithoon, Naresh Sharma & Atif Aslam","Emraan Hashmi, Shamita Shetty, Udita Goswami, Sameer Kochhar, Ninad Kamat, Vishwajeet Pradhan",2005
Zeher,Jaane Ja Jaane Ja,"Roop Kumar Rathod, Mithoon, Anu Malik, Naresh Sharma, Jal: the Band","Himesh Reshammiya, Krishna & Ahir","Emraan Hashmi, Shamita Shetty, Udita Goswami, Sameer Kochhar, Ninad Kamat, Vishwajeet Pradhan",2005
Zeher,Aye Bekhabar,"Roop Kumar Rathod, Mithoon, Anu Malik, Naresh Sharma, Jal: the Band","Roop Kumar Rathod, Shakeel Azmi & KK","Emraan Hashmi, Shamita Shetty, Udita Goswami, Sameer Kochhar, Ninad Kamat, Vishwajeet Pradhan",2005
Zeher,Agar Tum Mil Jao (Male),"Roop Kumar Rathod, Mithoon, Anu Malik, Naresh Sharma, Jal: the Band","Roop Kumar Rathod, Sayeed Quadri, Anu Malik & Udit Narayan","Emraan Hashmi, Shamita Shetty, Udita Goswami, Sameer Kochhar, Ninad Kamat, Vishwajeet Pradhan",2005
Zeher,"Lamhe (DJ Mix)"" (Remixed byDJ Suketu)","Roop Kumar Rathod, Mithoon, Anu Malik, Naresh Sharma, Jal: the Band",Not Found,"Emraan Hashmi, Shamita Shetty, Udita Goswami, Sameer Kochhar, Ninad Kamat, Vishwajeet Pradhan",2005
Zeher,Zamana Chhod Denge Hum,"Roop Kumar Rathod, Mithoon, Anu Malik, Naresh Sharma, Jal: the Band","Anu Malik, Sayeed Quadri & Udit Narayan","Emraan Hashmi, Shamita Shetty, Udita Goswami, Sameer Kochhar, Ninad Kamat, Vishwajeet Pradhan",2005
Zeher,Agar Tum Mil Jao (Instrumental),"Roop Kumar Rathod, Mithoon, Anu Malik, Naresh Sharma, Jal: the Band","Roop Kumar Rathod, Sayeed Quadri, Anu Malik & Shreya Ghoshal","Emraan Hashmi, Shamita Shetty, Udita Goswami, Sameer Kochhar, Ninad Kamat, Vishwajeet Pradhan",2005
Hazaaron Khwaishein Aisi,"""Baawra Mann Dekhne Chala Ek Sapna"" –Swanand Kirkire",Shantanu Moitra,Not Found,"Kay Kay Menon, Chitrangada Singh, Shiney Ahuja, Ram Kapoor, Yashpal Sharma, Sandeep Kulkarni, Arif Zakaria, Anupam Shyam, Saurabh Shukla, Gajraj Rao",2005
Hazaaron Khwaishein Aisi,Bor Bayi Na Aaye Piya,Shantanu Moitra,Not Found,"Kay Kay Menon, Chitrangada Singh, Shiney Ahuja, Ram Kapoor, Yashpal Sharma, Sandeep Kulkarni, Arif Zakaria, Anupam Shyam, Saurabh Shukla, Gajraj Rao",2005
Hazaaron Khwaishein Aisi,"""Hey Sajni"" –Bhikhari Thakur",Shantanu Moitra,Not Found,"Kay Kay Menon, Chitrangada Singh, Shiney Ahuja, Ram Kapoor, Yashpal Sharma, Sandeep Kulkarni, Arif Zakaria, Anupam Shyam, Saurabh Shukla, Gajraj Rao",2005
Hazaaron Khwaishein Aisi,"""Banvara Mann Dekhne Chala Ek Sapna"" –Shubha Mudgal",Shantanu Moitra,Not Found,"Kay Kay Menon, Chitrangada Singh, Shiney Ahuja, Ram Kapoor, Yashpal Sharma, Sandeep Kulkarni, Arif Zakaria, Anupam Shyam, Saurabh Shukla, Gajraj Rao",2005
Hazaaron Khwaishein Aisi,"""Hajaro Khwahishe Aisee Ke"" –Shubha Mudgal",Shantanu Moitra,Not Found,"Kay Kay Menon, Chitrangada Singh, Shiney Ahuja, Ram Kapoor, Yashpal Sharma, Sandeep Kulkarni, Arif Zakaria, Anupam Shyam, Saurabh Shukla, Gajraj Rao",2005
Hazaaron Khwaishein Aisi,"""Hazaaro Khwaishe Aisi (2)"" –Shubha Mudgal",Shantanu Moitra,Not Found,"Kay Kay Menon, Chitrangada Singh, Shiney Ahuja, Ram Kapoor, Yashpal Sharma, Sandeep Kulkarni, Arif Zakaria, Anupam Shyam, Saurabh Shukla, Gajraj Rao",2005
Hazaaron Khwaishein Aisi,"""He Sajni The (Club Mix)"" –Bhikhari Thakur",Shantanu Moitra,Not Found,"Kay Kay Menon, Chitrangada Singh, Shiney Ahuja, Ram Kapoor, Yashpal Sharma, Sandeep Kulkarni, Arif Zakaria, Anupam Shyam, Saurabh Shukla, Gajraj Rao",2005
Hazaaron Khwaishein Aisi,"""Mann Yeh Baavra"" –Swanand Kirkire, Ajay Jhingran",Shantanu Moitra,Not Found,"Kay Kay Menon, Chitrangada Singh, Shiney Ahuja, Ram Kapoor, Yashpal Sharma, Sandeep Kulkarni, Arif Zakaria, Anupam Shyam, Saurabh Shukla, Gajraj Rao",2005
Kaal,Aankhiyan Teriya Ve,"Salim–Sulaiman, Anand Raj Anand",Not Found,"Ajay Devgn, John Abraham, Vivek Oberoi, Esha Deol, Lara Dutta, Vishal Malhotra, Kushal Punjabi, Vineet Sharma, Daya Shankar Pandey, Parmeet Sethi",2005
Kaal,Jungle Mix,"Salim–Sulaiman, Anand Raj Anand","Jeanne, Salim-Sulaiman, Caralisa Monteiro & Vijay Prakash","Ajay Devgn, John Abraham, Vivek Oberoi, Esha Deol, Lara Dutta, Vishal Malhotra, Kushal Punjabi, Vineet Sharma, Daya Shankar Pandey, Parmeet Sethi",2005
Kaal,Kaal Dhamaal,"Salim–Sulaiman, Anand Raj Anand","Salim-Sulaiman, Kunal Ganjawala, Ravi 'Rags' Khote & Caralisa Monteiro","Ajay Devgn, John Abraham, Vivek Oberoi, Esha Deol, Lara Dutta, Vishal Malhotra, Kushal Punjabi, Vineet Sharma, Daya Shankar Pandey, Parmeet Sethi",2005
Kaal,Kaal Dhamaal (The Tiger Mix),"Salim–Sulaiman, Anand Raj Anand","Salim-Sulaiman, Kunal Ganjawala, Ravi 'Rags' Khote & Caralisa Monteiro","Ajay Devgn, John Abraham, Vivek Oberoi, Esha Deol, Lara Dutta, Vishal Malhotra, Kushal Punjabi, Vineet Sharma, Daya Shankar Pandey, Parmeet Sethi",2005
Kaal,Nassa Nassa,"Salim–Sulaiman, Anand Raj Anand","Anand Raaj Anand, Sonu Nigam & Sunidhi Chauhan","Ajay Devgn, John Abraham, Vivek Oberoi, Esha Deol, Lara Dutta, Vishal Malhotra, Kushal Punjabi, Vineet Sharma, Daya Shankar Pandey, Parmeet Sethi",2005
Kaal,Tauba Tauba,"Salim–Sulaiman, Anand Raj Anand",Karan Aujla,"Ajay Devgn, John Abraham, Vivek Oberoi, Esha Deol, Lara Dutta, Vishal Malhotra, Kushal Punjabi, Vineet Sharma, Daya Shankar Pandey, Parmeet Sethi",2005
Kaal,"Dharma Mix (Medley Of Superhits Songs From Kuch Kuch Hota Hai, Kabhi Khushi Kabhie Gham & Kal Ho Naa Ho)","Salim–Sulaiman, Anand Raj Anand","Alka Yagnik, Lata Mangeshkar, Shankar Mahadevan, Udit Narayan, Sonu Nigam & Sudesh Bhosle","Ajay Devgn, John Abraham, Vivek Oberoi, Esha Deol, Lara Dutta, Vishal Malhotra, Kushal Punjabi, Vineet Sharma, Daya Shankar Pandey, Parmeet Sethi",2005
Parineeta,Piyu Bole,Shantanu Moitra,Sonu Nigam & Shreya Ghoshal,"Saif Ali Khan, Vidya Balan, Sanjay Dutt, Sabyasachi Chakraborty, Raima Sen, Dia Mirza, Achyut Potdar, Supriya Shukla, Amitabh Bachchan, Rekha",2005
Parineeta,Kasto Mazza,Shantanu Moitra,Sonu Nigam & Shreya Ghoshal,"Saif Ali Khan, Vidya Balan, Sanjay Dutt, Sabyasachi Chakraborty, Raima Sen, Dia Mirza, Achyut Potdar, Supriya Shukla, Amitabh Bachchan, Rekha",2005
Parineeta,Kaisi Paheli Zindagani,Shantanu Moitra,Sunidhi Chauhan,"Saif Ali Khan, Vidya Balan, Sanjay Dutt, Sabyasachi Chakraborty, Raima Sen, Dia Mirza, Achyut Potdar, Supriya Shukla, Amitabh Bachchan, Rekha",2005
Parineeta,Soona Man Ka Aangan,Shantanu Moitra,Sonu Nigam & Shreya Ghoshal,"Saif Ali Khan, Vidya Balan, Sanjay Dutt, Sabyasachi Chakraborty, Raima Sen, Dia Mirza, Achyut Potdar, Supriya Shukla, Amitabh Bachchan, Rekha",2005
Parineeta,Raat Hamari Toh,Shantanu Moitra,K.S. Chithra & Swanand Kirkire,"Saif Ali Khan, Vidya Balan, Sanjay Dutt, Sabyasachi Chakraborty, Raima Sen, Dia Mirza, Achyut Potdar, Supriya Shukla, Amitabh Bachchan, Rekha",2005
Parineeta,Dhinak Dhinak Dha,Shantanu Moitra,Rita Ganguly,"Saif Ali Khan, Vidya Balan, Sanjay Dutt, Sabyasachi Chakraborty, Raima Sen, Dia Mirza, Achyut Potdar, Supriya Shukla, Amitabh Bachchan, Rekha",2005
Parineeta,Hui Main Parineeta,Shantanu Moitra,Sonu Nigam & Shreya Ghoshal,"Saif Ali Khan, Vidya Balan, Sanjay Dutt, Sabyasachi Chakraborty, Raima Sen, Dia Mirza, Achyut Potdar, Supriya Shukla, Amitabh Bachchan, Rekha",2005
Paheli,Dheere Jalna,M. M. Kreem,Shreya Ghoshal & Sonu Nigam,"Shah Rukh Khan, Rani Mukerji, Anupam Kher, Aditi Gowitrikar, Rajpal Yadav, Dilip Prabhavalkar, Palak Jain, A.K. Hangal, Ratna Pathak Shah, Naseeruddin Shah",2005
Paheli,Kangna Re,M. M. Kreem,"Shreya Ghoshal, Sonu Nigam, Madhushree, Bela Shende & Kalapini Komakali","Shah Rukh Khan, Rani Mukerji, Anupam Kher, Aditi Gowitrikar, Rajpal Yadav, Dilip Prabhavalkar, Palak Jain, A.K. Hangal, Ratna Pathak Shah, Naseeruddin Shah",2005
Paheli,Khaali Hai,M. M. Kreem,"Pritam, Vishal Dadlani & Shalmali Kholgade","Shah Rukh Khan, Rani Mukerji, Anupam Kher, Aditi Gowitrikar, Rajpal Yadav, Dilip Prabhavalkar, Palak Jain, A.K. Hangal, Ratna Pathak Shah, Naseeruddin Shah",2005
Paheli,Laaga Re Jal Laaga,M. M. Kreem,"M.M. Kareem, Sonu Nigam & Shurti Sadolikar","Shah Rukh Khan, Rani Mukerji, Anupam Kher, Aditi Gowitrikar, Rajpal Yadav, Dilip Prabhavalkar, Palak Jain, A.K. Hangal, Ratna Pathak Shah, Naseeruddin Shah",2005
Paheli,Minnat Kare,M. M. Kreem,Shreya Ghoshal & Bela Shende,"Shah Rukh Khan, Rani Mukerji, Anupam Kher, Aditi Gowitrikar, Rajpal Yadav, Dilip Prabhavalkar, Palak Jain, A.K. Hangal, Ratna Pathak Shah, Naseeruddin Shah",2005
Paheli,Phir Raat Kati,M. M. Kreem,Sukhwinder Singh & Sunidhi Chauhan,"Shah Rukh Khan, Rani Mukerji, Anupam Kher, Aditi Gowitrikar, Rajpal Yadav, Dilip Prabhavalkar, Palak Jain, A.K. Hangal, Ratna Pathak Shah, Naseeruddin Shah",2005
Paheli,"Phir Raat Kati"" (Remix)",M. M. Kreem,Sukhwinder Singh & Sunidhi Chauhan,"Shah Rukh Khan, Rani Mukerji, Anupam Kher, Aditi Gowitrikar, Rajpal Yadav, Dilip Prabhavalkar, Palak Jain, A.K. Hangal, Ratna Pathak Shah, Naseeruddin Shah",2005
Paheli,"Dheere Jalna"" (Instrumental)",M. M. Kreem,Not Found,"Shah Rukh Khan, Rani Mukerji, Anupam Kher, Aditi Gowitrikar, Rajpal Yadav, Dilip Prabhavalkar, Palak Jain, A.K. Hangal, Ratna Pathak Shah, Naseeruddin Shah",2005
Sehar,"""Nakhredaar Banno Aae Piya"" –Shubha Mudgal",Daniel B. George,Not Found,"Arshad Warsi, Sushant Singh, Pankaj Kapur, Mahima Chaudhry, Suhasini Mulay, Rajendra Gupta, Naved Aslam, Ghanshyam Garg, Ujjwal Chopra, Jeetpal",2005
Sehar,"""Dil To Hai Bezubaan"" –Adnan Sami",Daniel B. George,Not Found,"Arshad Warsi, Sushant Singh, Pankaj Kapur, Mahima Chaudhry, Suhasini Mulay, Rajendra Gupta, Naved Aslam, Ghanshyam Garg, Ujjwal Chopra, Jeetpal",2005
Sehar,"""Sapno Ka Sehar Ho"" –Alka Yagnik",Daniel B. George,Not Found,"Arshad Warsi, Sushant Singh, Pankaj Kapur, Mahima Chaudhry, Suhasini Mulay, Rajendra Gupta, Naved Aslam, Ghanshyam Garg, Ujjwal Chopra, Jeetpal",2005
Sehar,"Faiz"" (Sehar)",Daniel B. George,Not Found,"Arshad Warsi, Sushant Singh, Pankaj Kapur, Mahima Chaudhry, Suhasini Mulay, Rajendra Gupta, Naved Aslam, Ghanshyam Garg, Ujjwal Chopra, Jeetpal",2005
Sehar,"Palke Jhukao Na"" (force)",Daniel B. George,Not Found,"Arshad Warsi, Sushant Singh, Pankaj Kapur, Mahima Chaudhry, Suhasini Mulay, Rajendra Gupta, Naved Aslam, Ghanshyam Garg, Ujjwal Chopra, Jeetpal",2005
Sehar,"Palke Jhukao Na"" (sacrifice)",Daniel B. George,Not Found,"Arshad Warsi, Sushant Singh, Pankaj Kapur, Mahima Chaudhry, Suhasini Mulay, Rajendra Gupta, Naved Aslam, Ghanshyam Garg, Ujjwal Chopra, Jeetpal",2005
Sehar,"Palken Jhukao Na"" (Duet)",Daniel B. George,Not Found,"Arshad Warsi, Sushant Singh, Pankaj Kapur, Mahima Chaudhry, Suhasini Mulay, Rajendra Gupta, Naved Aslam, Ghanshyam Garg, Ujjwal Chopra, Jeetpal",2005
Sehar,Prayer,Daniel B. George,Anupam Amod & Pritam,"Arshad Warsi, Sushant Singh, Pankaj Kapur, Mahima Chaudhry, Suhasini Mulay, Rajendra Gupta, Naved Aslam, Ghanshyam Garg, Ujjwal Chopra, Jeetpal",2005
Barsaat,Humko Sirf Tumse Pyar Hai,Nadeem–Shravan,Kumar Sanu & Alka Yagnik,"Bobby Deol, Twinkle Khanna, Raj Babbar, Mukesh Khanna, Harish Patel, Danny Denzongpa, Kiran Juneja, Aanjjan Srivastav, Shehzad Khan, Viju Khote",2005
Barsaat,Love Tujhe Love Main,Nadeem–Shravan,Nadeem Shravan,"Bobby Deol, Twinkle Khanna, Raj Babbar, Mukesh Khanna, Harish Patel, Danny Denzongpa, Kiran Juneja, Aanjjan Srivastav, Shehzad Khan, Viju Khote",2005
Barsaat,Dil Paagal Deewana,Nadeem–Shravan,Kumar Sanu,"Bobby Deol, Twinkle Khanna, Raj Babbar, Mukesh Khanna, Harish Patel, Danny Denzongpa, Kiran Juneja, Aanjjan Srivastav, Shehzad Khan, Viju Khote",2005
Barsaat,Ek Haseen Ladki Se,Nadeem–Shravan,Sonu Nigam & Alka Yagnik,"Bobby Deol, Twinkle Khanna, Raj Babbar, Mukesh Khanna, Harish Patel, Danny Denzongpa, Kiran Juneja, Aanjjan Srivastav, Shehzad Khan, Viju Khote",2005
Barsaat,Ishq Mein Ek Pal,Nadeem–Shravan,"Javed Mohsin, Arijit Singh & Shreya Ghoshal","Bobby Deol, Twinkle Khanna, Raj Babbar, Mukesh Khanna, Harish Patel, Danny Denzongpa, Kiran Juneja, Aanjjan Srivastav, Shehzad Khan, Viju Khote",2005
Barsaat,Nahin Yeh Ho Nahin Sakta,Nadeem–Shravan,Kumar Sanu & Sadhana Sargam,"Bobby Deol, Twinkle Khanna, Raj Babbar, Mukesh Khanna, Harish Patel, Danny Denzongpa, Kiran Juneja, Aanjjan Srivastav, Shehzad Khan, Viju Khote",2005
Barsaat,Humko Padhayi Se Kya,Nadeem–Shravan,Kumar Sanu,"Bobby Deol, Twinkle Khanna, Raj Babbar, Mukesh Khanna, Harish Patel, Danny Denzongpa, Kiran Juneja, Aanjjan Srivastav, Shehzad Khan, Viju Khote",2005
Barsaat,Humko Sirf Tumse Pyar Hai,Nadeem–Shravan,Kumar Sanu & Alka Yagnik,"Bobby Deol, Twinkle Khanna, Raj Babbar, Mukesh Khanna, Harish Patel, Danny Denzongpa, Kiran Juneja, Aanjjan Srivastav, Shehzad Khan, Viju Khote",2005
Barsaat,Love Tujhe Love Main,Nadeem–Shravan,Nadeem Shravan,"Bobby Deol, Twinkle Khanna, Raj Babbar, Mukesh Khanna, Harish Patel, Danny Denzongpa, Kiran Juneja, Aanjjan Srivastav, Shehzad Khan, Viju Khote",2005
Aashiq Banaya Aapne,Aashiq Banaya Aapne,Himesh Reshammiya,Himesh Reshammiya & Shreya Ghoshal,"Emraan Hashmi, Tanushree Dutta, Sonu Sood, Preeti Ganguli, Navin Nischol, Vivek Vaswani, Naresh Suri, Himesh Reshammiya",2005
Aashiq Banaya Aapne,Mar Jaawan Mit Jaawan,Himesh Reshammiya,Abhijeet Sawant & Sunidhi Chauhan,"Emraan Hashmi, Tanushree Dutta, Sonu Sood, Preeti Ganguli, Navin Nischol, Vivek Vaswani, Naresh Suri, Himesh Reshammiya",2005
Aashiq Banaya Aapne,Aap Ki Kashish,Himesh Reshammiya,"Himesh Reshammiya, Krishna & Ahir","Emraan Hashmi, Tanushree Dutta, Sonu Sood, Preeti Ganguli, Navin Nischol, Vivek Vaswani, Naresh Suri, Himesh Reshammiya",2005
Aashiq Banaya Aapne,Dil Nashin Dil Nashin,Himesh Reshammiya,"SR Raj Paul, Shanto Kormokar & Nandini Saha","Emraan Hashmi, Tanushree Dutta, Sonu Sood, Preeti Ganguli, Navin Nischol, Vivek Vaswani, Naresh Suri, Himesh Reshammiya",2005
Aashiq Banaya Aapne,Dillagi Mein Jo Beet Jaaye,Himesh Reshammiya,Not Found,"Emraan Hashmi, Tanushree Dutta, Sonu Sood, Preeti Ganguli, Navin Nischol, Vivek Vaswani, Naresh Suri, Himesh Reshammiya",2005
Aashiq Banaya Aapne,"Aashiq Banaya Aapne"" (Remix)",Himesh Reshammiya,Himesh Reshammiya & Shreya Ghoshal,"Emraan Hashmi, Tanushree Dutta, Sonu Sood, Preeti Ganguli, Navin Nischol, Vivek Vaswani, Naresh Suri, Himesh Reshammiya",2005
Aashiq Banaya Aapne,"Dil Nashin Dil Nashin"" (remix)",Himesh Reshammiya,Not Found,"Emraan Hashmi, Tanushree Dutta, Sonu Sood, Preeti Ganguli, Navin Nischol, Vivek Vaswani, Naresh Suri, Himesh Reshammiya",2005
Aashiq Banaya Aapne,"Aap Ki Kashish"" (remix)",Himesh Reshammiya,"Himesh Reshammiya, Krishna & Ahir","Emraan Hashmi, Tanushree Dutta, Sonu Sood, Preeti Ganguli, Navin Nischol, Vivek Vaswani, Naresh Suri, Himesh Reshammiya",2005
Deewane Huye Paagal,Maar Sutiye,Anu Malik,Not Found,"Akshay Kumar, Shahid Kapoor, Rimi Sen, Suniel Shetty, Paresh Rawal, Johny Lever, Om Puri, Vijay Raaz, Suresh Menon, Supriya Pilgaonkar",2005
Deewane Huye Paagal,Meri Jaane Jigar,Anu Malik,"Sachin-Jigar, Ash King & Jigar Saraiya","Akshay Kumar, Shahid Kapoor, Rimi Sen, Suniel Shetty, Paresh Rawal, Johny Lever, Om Puri, Vijay Raaz, Suresh Menon, Supriya Pilgaonkar",2005
Deewane Huye Paagal,Tu Hai Tu Hai,Anu Malik,A.R. Rahman & Sanah Moidutty,"Akshay Kumar, Shahid Kapoor, Rimi Sen, Suniel Shetty, Paresh Rawal, Johny Lever, Om Puri, Vijay Raaz, Suresh Menon, Supriya Pilgaonkar",2005
Deewane Huye Paagal,Sutradhar - I,Anu Malik,Not Found,"Akshay Kumar, Shahid Kapoor, Rimi Sen, Suniel Shetty, Paresh Rawal, Johny Lever, Om Puri, Vijay Raaz, Suresh Menon, Supriya Pilgaonkar",2005
Deewane Huye Paagal,Chakle Chakle,Anu Malik,Anu Malik,"Akshay Kumar, Shahid Kapoor, Rimi Sen, Suniel Shetty, Paresh Rawal, Johny Lever, Om Puri, Vijay Raaz, Suresh Menon, Supriya Pilgaonkar",2005
Deewane Huye Paagal,Aisi Umar Main,Anu Malik,"Shaan, Kunal Ganjawala & Krishna","Akshay Kumar, Shahid Kapoor, Rimi Sen, Suniel Shetty, Paresh Rawal, Johny Lever, Om Puri, Vijay Raaz, Suresh Menon, Supriya Pilgaonkar",2005
Deewane Huye Paagal,Chakle Chakle (Remix),Anu Malik,Anu Malik,"Akshay Kumar, Shahid Kapoor, Rimi Sen, Suniel Shetty, Paresh Rawal, Johny Lever, Om Puri, Vijay Raaz, Suresh Menon, Supriya Pilgaonkar",2005
Deewane Huye Paagal,Sutradhar - II,Anu Malik,Anu Malik,"Akshay Kumar, Shahid Kapoor, Rimi Sen, Suniel Shetty, Paresh Rawal, Johny Lever, Om Puri, Vijay Raaz, Suresh Menon, Supriya Pilgaonkar",2005
Apaharan,Aaiye Aao Ji Babu,Aadesh Shrivastava,Not Found,"Ajay Devgn, Nana Patekar, Bipasha Basu, Ayub Khan, Mohan Agashe, Mukesh Tiwari, Yashpal Sharma, Pankaj Tripathi, Pankaj Titoria",2005
Ek Ajnabee,Barf Khushi Hai,"Vishal–Shekhar, Amar Mohile",Kailash Kher,"Amitabh Bachchan, Arjun Rampal, Rucha Vaidya, Perizaad Zorabian, Vikram Chatwal, Daya Shankar Pandey, Akhilendra Mishra, Aditya Lakhia, Denzil Smith, Raj Zutshi",2005
Ek Ajnabee,Ek Ajnabi (Mama Told Me),"Vishal–Shekhar, Amar Mohile",Rajeev-Merlin & KK,"Amitabh Bachchan, Arjun Rampal, Rucha Vaidya, Perizaad Zorabian, Vikram Chatwal, Daya Shankar Pandey, Akhilendra Mishra, Aditya Lakhia, Denzil Smith, Raj Zutshi",2005
Ek Ajnabee,Soniye,"Vishal–Shekhar, Amar Mohile",KK & Sunidhi Chauhan,"Amitabh Bachchan, Arjun Rampal, Rucha Vaidya, Perizaad Zorabian, Vikram Chatwal, Daya Shankar Pandey, Akhilendra Mishra, Aditya Lakhia, Denzil Smith, Raj Zutshi",2005
Ek Ajnabee,Stranger On The Prowl,"Vishal–Shekhar, Amar Mohile",Shilpa Rao,"Amitabh Bachchan, Arjun Rampal, Rucha Vaidya, Perizaad Zorabian, Vikram Chatwal, Daya Shankar Pandey, Akhilendra Mishra, Aditya Lakhia, Denzil Smith, Raj Zutshi",2005
Ek Ajnabee,Tere Liye Meri,"Vishal–Shekhar, Amar Mohile",Atif Aslam & Shreya Ghoshal,"Amitabh Bachchan, Arjun Rampal, Rucha Vaidya, Perizaad Zorabian, Vikram Chatwal, Daya Shankar Pandey, Akhilendra Mishra, Aditya Lakhia, Denzil Smith, Raj Zutshi",2005
Ek Ajnabee,They Dont Know,"Vishal–Shekhar, Amar Mohile",Zack Knight & Kumar Sanu,"Amitabh Bachchan, Arjun Rampal, Rucha Vaidya, Perizaad Zorabian, Vikram Chatwal, Daya Shankar Pandey, Akhilendra Mishra, Aditya Lakhia, Denzil Smith, Raj Zutshi",2005
Ek Ajnabee,Blast U Between Ur Eyes (Remix),"Vishal–Shekhar, Amar Mohile",Kunal Ganjawala,"Amitabh Bachchan, Arjun Rampal, Rucha Vaidya, Perizaad Zorabian, Vikram Chatwal, Daya Shankar Pandey, Akhilendra Mishra, Aditya Lakhia, Denzil Smith, Raj Zutshi",2005
Ek Ajnabee,Soniye (Mix N Match Remix),"Vishal–Shekhar, Amar Mohile",KK & Sunidhi Chauhan,"Amitabh Bachchan, Arjun Rampal, Rucha Vaidya, Perizaad Zorabian, Vikram Chatwal, Daya Shankar Pandey, Akhilendra Mishra, Aditya Lakhia, Denzil Smith, Raj Zutshi",2005
Ek Ajnabee,Tere Liye Meri (Part 2),"Vishal–Shekhar, Amar Mohile",Atif Aslam & Shreya Ghoshal,"Amitabh Bachchan, Arjun Rampal, Rucha Vaidya, Perizaad Zorabian, Vikram Chatwal, Daya Shankar Pandey, Akhilendra Mishra, Aditya Lakhia, Denzil Smith, Raj Zutshi",2005
Neal 'n' Nikki,Neal 'n' Nikki,Salim–Sulaiman,KK & Shweta Pandit,"Uday Chopra, Tanishaa Mukerji, Abhishek Bachchan, Richa Pallod, Gaurav Gera, Kamini Khanna, Susheel Parashara, Sanaa Abdu Khazal, Zain Meghji, Garry Saran",2005
Neal 'n' Nikki,Halla Re,Salim–Sulaiman,"Rap Robert Bob Omulo, Salim Merchant & Shweta Pandit","Uday Chopra, Tanishaa Mukerji, Abhishek Bachchan, Richa Pallod, Gaurav Gera, Kamini Khanna, Susheel Parashara, Sanaa Abdu Khazal, Zain Meghji, Garry Saran",2005
Neal 'n' Nikki,I'm In Love,Salim–Sulaiman,"Clinton Cerejo, Dominique Cerejo, Mahalakshmi Iyer & Sonu Nigam","Uday Chopra, Tanishaa Mukerji, Abhishek Bachchan, Richa Pallod, Gaurav Gera, Kamini Khanna, Susheel Parashara, Sanaa Abdu Khazal, Zain Meghji, Garry Saran",2005
Neal 'n' Nikki,Ankh Ladiye,Salim–Sulaiman,Not Found,"Uday Chopra, Tanishaa Mukerji, Abhishek Bachchan, Richa Pallod, Gaurav Gera, Kamini Khanna, Susheel Parashara, Sanaa Abdu Khazal, Zain Meghji, Garry Saran",2005
Neal 'n' Nikki,I Just Wanna Spend My Life With You,Salim–Sulaiman,Clinton Cerejo & Dominique Cerejo,"Uday Chopra, Tanishaa Mukerji, Abhishek Bachchan, Richa Pallod, Gaurav Gera, Kamini Khanna, Susheel Parashara, Sanaa Abdu Khazal, Zain Meghji, Garry Saran",2005
Neal 'n' Nikki,"Neal 'n' Nikki"" (The Naughty Mix)",Salim–Sulaiman,KK & Shweta Pandit,"Uday Chopra, Tanishaa Mukerji, Abhishek Bachchan, Richa Pallod, Gaurav Gera, Kamini Khanna, Susheel Parashara, Sanaa Abdu Khazal, Zain Meghji, Garry Saran",2005
Bluffmaster!,Sabse Bada Rupaiyya,Songs:Vishal–ShekharTrickbabySameer UddinBackground Score:Sameer Uddin,Mehmood,"Abhishek Bachchan, Priyanka Chopra Jonas, Riteish Deshmukh, Nana Patekar, Boman Irani, Sanjay Mishra, Tinnu Anand, Carol Gracias",2005
Bluffmaster!,Say Na Say Na,Songs:Vishal–ShekharTrickbabySameer UddinBackground Score:Sameer Uddin,"Aneela Mirza, Robert Uhlmarash, Johan Bejerholm, Sameeruddin & Vishal & Shekhar","Abhishek Bachchan, Priyanka Chopra Jonas, Riteish Deshmukh, Nana Patekar, Boman Irani, Sanjay Mishra, Tinnu Anand, Carol Gracias",2005
Bluffmaster!,Tadbeer Se Bigdi Hui Taqdeer (Destiny Mix),Songs:Vishal–ShekharTrickbabySameer UddinBackground Score:Sameer Uddin,Geeta Dutt,"Abhishek Bachchan, Priyanka Chopra Jonas, Riteish Deshmukh, Nana Patekar, Boman Irani, Sanjay Mishra, Tinnu Anand, Carol Gracias",2005
Bluffmaster!,Right Here Right Now,Songs:Vishal–ShekharTrickbabySameer UddinBackground Score:Sameer Uddin,Fatboy Slim,"Abhishek Bachchan, Priyanka Chopra Jonas, Riteish Deshmukh, Nana Patekar, Boman Irani, Sanjay Mishra, Tinnu Anand, Carol Gracias",2005
Bluffmaster!,The Gateway Theme,Songs:Vishal–ShekharTrickbabySameer UddinBackground Score:Sameer Uddin,Naveen Kumar & Jitendra,"Abhishek Bachchan, Priyanka Chopra Jonas, Riteish Deshmukh, Nana Patekar, Boman Irani, Sanjay Mishra, Tinnu Anand, Carol Gracias",2005
Bluffmaster!,Boro Boro,Songs:Vishal–ShekharTrickbabySameer UddinBackground Score:Sameer Uddin,Arash,"Abhishek Bachchan, Priyanka Chopra Jonas, Riteish Deshmukh, Nana Patekar, Boman Irani, Sanjay Mishra, Tinnu Anand, Carol Gracias",2005
Bluffmaster!,Do Aur Do Paanch,Songs:Vishal–ShekharTrickbabySameer UddinBackground Score:Sameer Uddin,Kishore Kumar,"Abhishek Bachchan, Priyanka Chopra Jonas, Riteish Deshmukh, Nana Patekar, Boman Irani, Sanjay Mishra, Tinnu Anand, Carol Gracias",2005
Bluffmaster!,Parde Ke Peechhe,Songs:Vishal–ShekharTrickbabySameer UddinBackground Score:Sameer Uddin,Trickbaby,"Abhishek Bachchan, Priyanka Chopra Jonas, Riteish Deshmukh, Nana Patekar, Boman Irani, Sanjay Mishra, Tinnu Anand, Carol Gracias",2005
Bluffmaster!,Come Fishing (Bluffmaster Theme),Songs:Vishal–ShekharTrickbabySameer UddinBackground Score:Sameer Uddin,Sameer Uddin,"Abhishek Bachchan, Priyanka Chopra Jonas, Riteish Deshmukh, Nana Patekar, Boman Irani, Sanjay Mishra, Tinnu Anand, Carol Gracias",2005
Bluffmaster!,Right Here Right Now (Hip-Hop Mix),Songs:Vishal–ShekharTrickbabySameer UddinBackground Score:Sameer Uddin,DPR LIVE,"Abhishek Bachchan, Priyanka Chopra Jonas, Riteish Deshmukh, Nana Patekar, Boman Irani, Sanjay Mishra, Tinnu Anand, Carol Gracias",2005
Bluffmaster!,Right Here Right Now (Dhol Mix),Songs:Vishal–ShekharTrickbabySameer UddinBackground Score:Sameer Uddin,Abhishek Bachchan & Sunidhi Chauhan,"Abhishek Bachchan, Priyanka Chopra Jonas, Riteish Deshmukh, Nana Patekar, Boman Irani, Sanjay Mishra, Tinnu Anand, Carol Gracias",2005
Dhoom 2,Crazy Kiya Re,"Original Songs:, Pritam, Background Score:, Salim–Sulaiman",Sunidhi Chauhan,"Hrithik Roshan, Abhishek Bachchan, Aishwarya Rai Bachchan, Uday Chopra, Bipasha Basu, Rimi Sen, Trishla Baid, Yusuf Hussain, Arjun Sablok, Samar Shaikh",2006
Dhoom 2,Touch Me,"Original Songs:, Pritam, Background Score:, Salim–Sulaiman",KK & Alisha Chinai,"Hrithik Roshan, Abhishek Bachchan, Aishwarya Rai Bachchan, Uday Chopra, Bipasha Basu, Rimi Sen, Trishla Baid, Yusuf Hussain, Arjun Sablok, Samar Shaikh",2006
Dhoom 2,My Name Is Ali,"Original Songs:, Pritam, Background Score:, Salim–Sulaiman",Bipasha Basu & Sonu Nigam,"Hrithik Roshan, Abhishek Bachchan, Aishwarya Rai Bachchan, Uday Chopra, Bipasha Basu, Rimi Sen, Trishla Baid, Yusuf Hussain, Arjun Sablok, Samar Shaikh",2006
Dhoom 2,Dil Laga Na,"Original Songs:, Pritam, Background Score:, Salim–Sulaiman","Jolly Mukherjee, Mahalakshmi Iyer, Soham Chakrabarthy, Sukhbir & Suzanne","Hrithik Roshan, Abhishek Bachchan, Aishwarya Rai Bachchan, Uday Chopra, Bipasha Basu, Rimi Sen, Trishla Baid, Yusuf Hussain, Arjun Sablok, Samar Shaikh",2006
Dhoom 2,Dhoom Again,"Original Songs:, Pritam, Background Score:, Salim–Sulaiman",Dominique Cerejo & Vishal Dadlani,"Hrithik Roshan, Abhishek Bachchan, Aishwarya Rai Bachchan, Uday Chopra, Bipasha Basu, Rimi Sen, Trishla Baid, Yusuf Hussain, Arjun Sablok, Samar Shaikh",2006
Dhoom 2,"Crazy Kiya Re"" (Remix)","Original Songs:, Pritam, Background Score:, Salim–Sulaiman",Sunidhi Chauhan,"Hrithik Roshan, Abhishek Bachchan, Aishwarya Rai Bachchan, Uday Chopra, Bipasha Basu, Rimi Sen, Trishla Baid, Yusuf Hussain, Arjun Sablok, Samar Shaikh",2006
Krrish,Pyaar Ki Ek Kahaani,Rajesh Roshan,Kamaal Khan,"Hrithik Roshan, Priyanka Chopra Jonas, Rekha, Naseeruddin Shah, Sharat Saxena, Manini Mishra, Archana Puran Singh, Hemant Pandey, Puneet Issar, Xia Bin",2006
Krrish,Koi Tumsa Nahin,Rajesh Roshan,Sonu Nigam & Shreya Ghoshal,"Hrithik Roshan, Priyanka Chopra Jonas, Rekha, Naseeruddin Shah, Sharat Saxena, Manini Mishra, Archana Puran Singh, Hemant Pandey, Puneet Issar, Xia Bin",2006
Krrish,Chori Chori Chupke Chupke,Rajesh Roshan,Udit Narayan & Shreya Ghoshal,"Hrithik Roshan, Priyanka Chopra Jonas, Rekha, Naseeruddin Shah, Sharat Saxena, Manini Mishra, Archana Puran Singh, Hemant Pandey, Puneet Issar, Xia Bin",2006
Krrish,Dil Na Diya,Rajesh Roshan,Kunal Ganjawala,"Hrithik Roshan, Priyanka Chopra Jonas, Rekha, Naseeruddin Shah, Sharat Saxena, Manini Mishra, Archana Puran Singh, Hemant Pandey, Puneet Issar, Xia Bin",2006
Krrish,Main Hoon Woh Aasmaan,Rajesh Roshan,"Pratik Mishra, DEW & Sanchari Nag","Hrithik Roshan, Priyanka Chopra Jonas, Rekha, Naseeruddin Shah, Sharat Saxena, Manini Mishra, Archana Puran Singh, Hemant Pandey, Puneet Issar, Xia Bin",2006
Krrish,Big Band Mix,Rajesh Roshan,Sonu Nigam & Shreya Ghoshal,"Hrithik Roshan, Priyanka Chopra Jonas, Rekha, Naseeruddin Shah, Sharat Saxena, Manini Mishra, Archana Puran Singh, Hemant Pandey, Puneet Issar, Xia Bin",2006
Krrish,Mystic Love Mix,Rajesh Roshan,Rafaqat Ali Khan & Alka Yagnik,"Hrithik Roshan, Priyanka Chopra Jonas, Rekha, Naseeruddin Shah, Sharat Saxena, Manini Mishra, Archana Puran Singh, Hemant Pandey, Puneet Issar, Xia Bin",2006
Lage Raho Munna Bhai,Lage Raho Munna Bhai,"Shantanu Moitra, Background Score:, Sanjay Wandrekar, Shantanu Moitra",Vinod Rathod,"Sanjay Dutt, Arshad Warsi, Vidya Balan, Boman Irani, Dilip Prabhavalkar, Dia Mirza, Supriya Shukla, Kulbhushan Kharbanda, Abhishek Bachchan, Saurabh Shukla",2006
Lage Raho Munna Bhai,Samjho Ho Hi Gaya,"Shantanu Moitra, Background Score:, Sanjay Wandrekar, Shantanu Moitra","Vinod Rathod, Sanjay Dutt & Arshad Warsi","Sanjay Dutt, Arshad Warsi, Vidya Balan, Boman Irani, Dilip Prabhavalkar, Dia Mirza, Supriya Shukla, Kulbhushan Kharbanda, Abhishek Bachchan, Saurabh Shukla",2006
Lage Raho Munna Bhai,Aane Chaar Aane,"Shantanu Moitra, Background Score:, Sanjay Wandrekar, Shantanu Moitra",Not Found,"Sanjay Dutt, Arshad Warsi, Vidya Balan, Boman Irani, Dilip Prabhavalkar, Dia Mirza, Supriya Shukla, Kulbhushan Kharbanda, Abhishek Bachchan, Saurabh Shukla",2006
Lage Raho Munna Bhai,Pal Pal... Har Pal,"Shantanu Moitra, Background Score:, Sanjay Wandrekar, Shantanu Moitra",Sonu Nigam & Shreya Ghoshal,"Sanjay Dutt, Arshad Warsi, Vidya Balan, Boman Irani, Dilip Prabhavalkar, Dia Mirza, Supriya Shukla, Kulbhushan Kharbanda, Abhishek Bachchan, Saurabh Shukla",2006
Lage Raho Munna Bhai,Bande Mein Tha Dum... Vande Mataram,"Shantanu Moitra, Background Score:, Sanjay Wandrekar, Shantanu Moitra","Sonu Nigam, Shreya Ghoshal & Pranab Biswas","Sanjay Dutt, Arshad Warsi, Vidya Balan, Boman Irani, Dilip Prabhavalkar, Dia Mirza, Supriya Shukla, Kulbhushan Kharbanda, Abhishek Bachchan, Saurabh Shukla",2006
Lage Raho Munna Bhai,"Bande Mein Tha Dum"" (Instrumental)","Shantanu Moitra, Background Score:, Sanjay Wandrekar, Shantanu Moitra","A.R. Rahman, Badshah, Tanishk Bagchi, Shashaa Tirupati & Jubin Nautiyal","Sanjay Dutt, Arshad Warsi, Vidya Balan, Boman Irani, Dilip Prabhavalkar, Dia Mirza, Supriya Shukla, Kulbhushan Kharbanda, Abhishek Bachchan, Saurabh Shukla",2006
Lage Raho Munna Bhai,"Aane Chaar Aane"" (Remix)","Shantanu Moitra, Background Score:, Sanjay Wandrekar, Shantanu Moitra",Not Found,"Sanjay Dutt, Arshad Warsi, Vidya Balan, Boman Irani, Dilip Prabhavalkar, Dia Mirza, Supriya Shukla, Kulbhushan Kharbanda, Abhishek Bachchan, Saurabh Shukla",2006
Lage Raho Munna Bhai,"Lage Raho Munnabhai"" (Remix)","Shantanu Moitra, Background Score:, Sanjay Wandrekar, Shantanu Moitra",Sonu Nigam & Shreya Ghoshal,"Sanjay Dutt, Arshad Warsi, Vidya Balan, Boman Irani, Dilip Prabhavalkar, Dia Mirza, Supriya Shukla, Kulbhushan Kharbanda, Abhishek Bachchan, Saurabh Shukla",2006
Don: The Chase Begins Again,Main Hoon Don,Shankar–Ehsaan–Loy,Shaan,"Shah Rukh Khan, Priyanka Chopra Jonas, Arjun Rampal, Boman Irani, Om Puri, Isha Koppikar, Pavan Malhotra, Rajesh Khattar, Kareena Kapoor Khan, Diwakar Pundir",2006
Don: The Chase Begins Again,Mourya Re,Shankar–Ehsaan–Loy,Shankar Mahadevan,"Shah Rukh Khan, Priyanka Chopra Jonas, Arjun Rampal, Boman Irani, Om Puri, Isha Koppikar, Pavan Malhotra, Rajesh Khattar, Kareena Kapoor Khan, Diwakar Pundir",2006
Don: The Chase Begins Again,Aaj Ki Raat,Shankar–Ehsaan–Loy,"Madhubanti Bagchi, Divya Kumar, Sachin-Jigar & Amitabh Bhattacharya","Shah Rukh Khan, Priyanka Chopra Jonas, Arjun Rampal, Boman Irani, Om Puri, Isha Koppikar, Pavan Malhotra, Rajesh Khattar, Kareena Kapoor Khan, Diwakar Pundir",2006
Don: The Chase Begins Again,Khaike Paan Banaraswala (Not included in the album),Shankar–Ehsaan–Loy,Kishore Kumar,"Shah Rukh Khan, Priyanka Chopra Jonas, Arjun Rampal, Boman Irani, Om Puri, Isha Koppikar, Pavan Malhotra, Rajesh Khattar, Kareena Kapoor Khan, Diwakar Pundir",2006
Don: The Chase Begins Again,Ye Mera Dil (Not included in the album),Shankar–Ehsaan–Loy,Shaan & Nihira,"Shah Rukh Khan, Priyanka Chopra Jonas, Arjun Rampal, Boman Irani, Om Puri, Isha Koppikar, Pavan Malhotra, Rajesh Khattar, Kareena Kapoor Khan, Diwakar Pundir",2006
Don: The Chase Begins Again,Don - The Theme,Shankar–Ehsaan–Loy,Shankar Ehsaan Loy,"Shah Rukh Khan, Priyanka Chopra Jonas, Arjun Rampal, Boman Irani, Om Puri, Isha Koppikar, Pavan Malhotra, Rajesh Khattar, Kareena Kapoor Khan, Diwakar Pundir",2006
Don: The Chase Begins Again,Don Revisited,Shankar–Ehsaan–Loy,Midival Punditz,"Shah Rukh Khan, Priyanka Chopra Jonas, Arjun Rampal, Boman Irani, Om Puri, Isha Koppikar, Pavan Malhotra, Rajesh Khattar, Kareena Kapoor Khan, Diwakar Pundir",2006
Don: The Chase Begins Again,"Main Hoon Don"" (Funcinternational Mix)",Shankar–Ehsaan–Loy,Shaan,"Shah Rukh Khan, Priyanka Chopra Jonas, Arjun Rampal, Boman Irani, Om Puri, Isha Koppikar, Pavan Malhotra, Rajesh Khattar, Kareena Kapoor Khan, Diwakar Pundir",2006
Fanaa,Chand Sifarish,Jatin–Lalit,Kailash Kher & Shaan,"Aamir Khan, Kajol, Rishi Kapoor, Kirron Kher, Sanaya Irani, Shiney Ahuja, Lillete Dubey, Tabu, Ali Haji, Lara Dutta",2006
Fanaa,"Mere Haath Mein"" (poetry by Aamir Khan and Kajol)",Jatin–Lalit,"Aamir Khan, Kajol, Sonu Nigam & Sunidhi Chauhan","Aamir Khan, Kajol, Rishi Kapoor, Kirron Kher, Sanaya Irani, Shiney Ahuja, Lillete Dubey, Tabu, Ali Haji, Lara Dutta",2006
Fanaa,Des Rangila,Jatin–Lalit,Mahalakshmi Iyer,"Aamir Khan, Kajol, Rishi Kapoor, Kirron Kher, Sanaya Irani, Shiney Ahuja, Lillete Dubey, Tabu, Ali Haji, Lara Dutta",2006
Fanaa,Dekho Na,Jatin–Lalit,Sonu Nigam & Sunidhi Chauhan,"Aamir Khan, Kajol, Rishi Kapoor, Kirron Kher, Sanaya Irani, Shiney Ahuja, Lillete Dubey, Tabu, Ali Haji, Lara Dutta",2006
Fanaa,"Chanda Chamke"" (poetry by Aamir Khan and Kajol)",Jatin–Lalit,"Aamir Khan, Babul Supriyo, Kajol, Mahalakshmi Iyer & Master Akshay Bhagwat","Aamir Khan, Kajol, Rishi Kapoor, Kirron Kher, Sanaya Irani, Shiney Ahuja, Lillete Dubey, Tabu, Ali Haji, Lara Dutta",2006
Fanaa,Destroyed in Love,Jatin–Lalit,Jatin-Lalit,"Aamir Khan, Kajol, Rishi Kapoor, Kirron Kher, Sanaya Irani, Shiney Ahuja, Lillete Dubey, Tabu, Ali Haji, Lara Dutta",2006
Fanaa,"Fanaa For You"" (sampling Chand Sifarish)",Jatin–Lalit,Kailash Kher & Shaan,"Aamir Khan, Kajol, Rishi Kapoor, Kirron Kher, Sanaya Irani, Shiney Ahuja, Lillete Dubey, Tabu, Ali Haji, Lara Dutta",2006
Rang De Basanti,Ik Onkar,A. R. Rahman,A.R. Rahman & Harshdeep Kaur,"Aamir Khan, Siddharth, Kunal Kapoor, Sharman Joshi, Atul Kulkarni, Alice Patten, Soha Ali Khan, R. Madhavan, Waheeda Rehman, Kirron Kher",2006
Rang De Basanti,Rang De Basanti,A. R. Rahman,"A.R. Rahman, Daler Mehndi & K.S. Chithra","Aamir Khan, Siddharth, Kunal Kapoor, Sharman Joshi, Atul Kulkarni, Alice Patten, Soha Ali Khan, R. Madhavan, Waheeda Rehman, Kirron Kher",2006
Rang De Basanti,Masti Ki Paathshaala,A. R. Rahman,Not Found,"Aamir Khan, Siddharth, Kunal Kapoor, Sharman Joshi, Atul Kulkarni, Alice Patten, Soha Ali Khan, R. Madhavan, Waheeda Rehman, Kirron Kher",2006
Rang De Basanti,Tu Bin Bataayein,A. R. Rahman,Not Found,"Aamir Khan, Siddharth, Kunal Kapoor, Sharman Joshi, Atul Kulkarni, Alice Patten, Soha Ali Khan, R. Madhavan, Waheeda Rehman, Kirron Kher",2006
Rang De Basanti,Khalbali,A. R. Rahman,"A.R. Rahman, Nacim & Mohammed Aslam","Aamir Khan, Siddharth, Kunal Kapoor, Sharman Joshi, Atul Kulkarni, Alice Patten, Soha Ali Khan, R. Madhavan, Waheeda Rehman, Kirron Kher",2006
Rang De Basanti,Khoon Chala,A. R. Rahman,A.R. Rahman & Mohit Chauhan,"Aamir Khan, Siddharth, Kunal Kapoor, Sharman Joshi, Atul Kulkarni, Alice Patten, Soha Ali Khan, R. Madhavan, Waheeda Rehman, Kirron Kher",2006
Rang De Basanti,Paathshaala (Be A Rebel),A. R. Rahman,Not Found,"Aamir Khan, Siddharth, Kunal Kapoor, Sharman Joshi, Atul Kulkarni, Alice Patten, Soha Ali Khan, R. Madhavan, Waheeda Rehman, Kirron Kher",2006
Rang De Basanti,Luka Chuppi,A. R. Rahman,A.R. Rahman & Lata Mangeshkar,"Aamir Khan, Siddharth, Kunal Kapoor, Sharman Joshi, Atul Kulkarni, Alice Patten, Soha Ali Khan, R. Madhavan, Waheeda Rehman, Kirron Kher",2006
Rang De Basanti,Lalkaar,A. R. Rahman,A.R. Rahman & Aamir Khan,"Aamir Khan, Siddharth, Kunal Kapoor, Sharman Joshi, Atul Kulkarni, Alice Patten, Soha Ali Khan, R. Madhavan, Waheeda Rehman, Kirron Kher",2006
Rang De Basanti,Roobaroo,A. R. Rahman,A.R. Rahman & Naresh Iyer,"Aamir Khan, Siddharth, Kunal Kapoor, Sharman Joshi, Atul Kulkarni, Alice Patten, Soha Ali Khan, R. Madhavan, Waheeda Rehman, Kirron Kher",2006
Phir Hera Pheri,"Mujhse Milti Hai Ek Ladki Rozana"" (Not used in the film)","Anu Malik, Guest Composers:, Lalit Sen, Bally Sagoo, Background Score:, Surinder Sodhi","Udit Narayan, Alka Yagnik & Sameer","Akshay Kumar, Suniel Shetty, Paresh Rawal, Bipasha Basu, Rimi Sen, Rajpal Yadav, Johny Lever, Sharat Saxena, Manoj Joshi, Ravi Kishan",2006
Phir Hera Pheri,Jab Bhi Koi Haseena,"Anu Malik, Guest Composers:, Lalit Sen, Bally Sagoo, Background Score:, Surinder Sodhi",KK & Sameer,"Akshay Kumar, Suniel Shetty, Paresh Rawal, Bipasha Basu, Rimi Sen, Rajpal Yadav, Johny Lever, Sharat Saxena, Manoj Joshi, Ravi Kishan",2006
Phir Hera Pheri,Main Ladki Pom Pom,"Anu Malik, Guest Composers:, Lalit Sen, Bally Sagoo, Background Score:, Surinder Sodhi",Not Found,"Akshay Kumar, Suniel Shetty, Paresh Rawal, Bipasha Basu, Rimi Sen, Rajpal Yadav, Johny Lever, Sharat Saxena, Manoj Joshi, Ravi Kishan",2006
Phir Hera Pheri,Denewala Jab Bhi Deta Deta Chhappar Phaad Ke,"Anu Malik, Guest Composers:, Lalit Sen, Bally Sagoo, Background Score:, Surinder Sodhi",Not Found,"Akshay Kumar, Suniel Shetty, Paresh Rawal, Bipasha Basu, Rimi Sen, Rajpal Yadav, Johny Lever, Sharat Saxena, Manoj Joshi, Ravi Kishan",2006
Phir Hera Pheri,Humba Leela,"Anu Malik, Guest Composers:, Lalit Sen, Bally Sagoo, Background Score:, Surinder Sodhi","Abhijeet, Hariharan, Vinod Rathod & Sameer","Akshay Kumar, Suniel Shetty, Paresh Rawal, Bipasha Basu, Rimi Sen, Rajpal Yadav, Johny Lever, Sharat Saxena, Manoj Joshi, Ravi Kishan",2006
Phir Hera Pheri,Tun Tunak Tun,"Anu Malik, Guest Composers:, Lalit Sen, Bally Sagoo, Background Score:, Surinder Sodhi",Daler Mehndi,"Akshay Kumar, Suniel Shetty, Paresh Rawal, Bipasha Basu, Rimi Sen, Rajpal Yadav, Johny Lever, Sharat Saxena, Manoj Joshi, Ravi Kishan",2006
Phir Hera Pheri,"Sun Zara"" (Not used in the film)","Anu Malik, Guest Composers:, Lalit Sen, Bally Sagoo, Background Score:, Surinder Sodhi",Sonu Nigam,"Akshay Kumar, Suniel Shetty, Paresh Rawal, Bipasha Basu, Rimi Sen, Rajpal Yadav, Johny Lever, Sharat Saxena, Manoj Joshi, Ravi Kishan",2006
Phir Hera Pheri,Tun Tunak Tun (Dance Mix),"Anu Malik, Guest Composers:, Lalit Sen, Bally Sagoo, Background Score:, Surinder Sodhi",Daler Mehndi,"Akshay Kumar, Suniel Shetty, Paresh Rawal, Bipasha Basu, Rimi Sen, Rajpal Yadav, Johny Lever, Sharat Saxena, Manoj Joshi, Ravi Kishan",2006
Zinda,"""Ye Hai Meri Kahani"" –Strings,Shehzad RoyandAtif Aslam",Songs:Vishal–ShekharNikhil ChinapaDj NawedKinky RonaldStringsBackground Score:Sanjoy Chowdhury,Not Found,"Sanjay Dutt, John Abraham, Lara Dutta, Celina Jaitly, Mahesh Manjrekar, Raj Zutshi, Alisha Baig, Nitin Raghani, Aditya Siddhu, Rushita Singh",2006
Zinda,"""Zinda Hoon Main"" –Shibani Kashyap",Songs:Vishal–ShekharNikhil ChinapaDj NawedKinky RonaldStringsBackground Score:Sanjoy Chowdhury,Shibani Kashyap,"Sanjay Dutt, John Abraham, Lara Dutta, Celina Jaitly, Mahesh Manjrekar, Raj Zutshi, Alisha Baig, Nitin Raghani, Aditya Siddhu, Rushita Singh",2006
Zinda,"""Har Saans"" –Krishna Beura&Abrar-ul-Haq",Songs:Vishal–ShekharNikhil ChinapaDj NawedKinky RonaldStringsBackground Score:Sanjoy Chowdhury,Not Found,"Sanjay Dutt, John Abraham, Lara Dutta, Celina Jaitly, Mahesh Manjrekar, Raj Zutshi, Alisha Baig, Nitin Raghani, Aditya Siddhu, Rushita Singh",2006
Zinda,"""Kya Main Zinda Hoon"" –Krishna Beura",Songs:Vishal–ShekharNikhil ChinapaDj NawedKinky RonaldStringsBackground Score:Sanjoy Chowdhury,Not Found,"Sanjay Dutt, John Abraham, Lara Dutta, Celina Jaitly, Mahesh Manjrekar, Raj Zutshi, Alisha Baig, Nitin Raghani, Aditya Siddhu, Rushita Singh",2006
Zinda,"""Maula"" –Vinod RathodandZoheb Hassan",Songs:Vishal–ShekharNikhil ChinapaDj NawedKinky RonaldStringsBackground Score:Sanjoy Chowdhury,Not Found,"Sanjay Dutt, John Abraham, Lara Dutta, Celina Jaitly, Mahesh Manjrekar, Raj Zutshi, Alisha Baig, Nitin Raghani, Aditya Siddhu, Rushita Singh",2006
Zinda,"""Zinda Hoon Main Y"" –Shibani Kashyap",Songs:Vishal–ShekharNikhil ChinapaDj NawedKinky RonaldStringsBackground Score:Sanjoy Chowdhury,Shibani Kashyap,"Sanjay Dutt, John Abraham, Lara Dutta, Celina Jaitly, Mahesh Manjrekar, Raj Zutshi, Alisha Baig, Nitin Raghani, Aditya Siddhu, Rushita Singh",2006
Zinda,"""Chal Rahi Hai Saanse"" –Kailash KherandJawad Ahmad",Songs:Vishal–ShekharNikhil ChinapaDj NawedKinky RonaldStringsBackground Score:Sanjoy Chowdhury,Not Found,"Sanjay Dutt, John Abraham, Lara Dutta, Celina Jaitly, Mahesh Manjrekar, Raj Zutshi, Alisha Baig, Nitin Raghani, Aditya Siddhu, Rushita Singh",2006
Zinda,"""Har Saans (Black Mamba Mix)"" –Krishna Beuraand21 Pilotsw /Palash SenandSudesh Bhosle",Songs:Vishal–ShekharNikhil ChinapaDj NawedKinky RonaldStringsBackground Score:Sanjoy Chowdhury,Not Found,"Sanjay Dutt, John Abraham, Lara Dutta, Celina Jaitly, Mahesh Manjrekar, Raj Zutshi, Alisha Baig, Nitin Raghani, Aditya Siddhu, Rushita Singh",2006
Zinda,"""Ye Hai Meri Kahani (K Rap Mix)"" –Strings&Jamie xx",Songs:Vishal–ShekharNikhil ChinapaDj NawedKinky RonaldStringsBackground Score:Sanjoy Chowdhury,Atif Aslam,"Sanjay Dutt, John Abraham, Lara Dutta, Celina Jaitly, Mahesh Manjrekar, Raj Zutshi, Alisha Baig, Nitin Raghani, Aditya Siddhu, Rushita Singh",2006
Zinda,"""Kabhi Muskura ke"" –Sanjay Dutt",Songs:Vishal–ShekharNikhil ChinapaDj NawedKinky RonaldStringsBackground Score:Sanjoy Chowdhury,Sanjay Dutt,"Sanjay Dutt, John Abraham, Lara Dutta, Celina Jaitly, Mahesh Manjrekar, Raj Zutshi, Alisha Baig, Nitin Raghani, Aditya Siddhu, Rushita Singh",2006
Aksar,Jhalak Dikhlaja,Himesh Reshammiya,Himesh Reshammiya,"Emraan Hashmi, Udita Goswami, Dino Morea, Tara Sharma, Suresh Menon, Rajat Bedi",2006
Aksar,Lagi Lagi,Himesh Reshammiya,Himesh Reshammiya & Sunidhi Chauhan,"Emraan Hashmi, Udita Goswami, Dino Morea, Tara Sharma, Suresh Menon, Rajat Bedi",2006
Aksar,Loot Jayenge,Himesh Reshammiya,Kunal Ganjawala & Sunidhi Chauhan,"Emraan Hashmi, Udita Goswami, Dino Morea, Tara Sharma, Suresh Menon, Rajat Bedi",2006
Aksar,Mohabbat Ke,Himesh Reshammiya,Sunidhi Chauhan,"Emraan Hashmi, Udita Goswami, Dino Morea, Tara Sharma, Suresh Menon, Rajat Bedi",2006
Aksar,Soniye,Himesh Reshammiya,KK & Sunidhi Chauhan,"Emraan Hashmi, Udita Goswami, Dino Morea, Tara Sharma, Suresh Menon, Rajat Bedi",2006
Aksar,Jhalak Dikhlaja (Remix),Himesh Reshammiya,Himesh Reshammiya,"Emraan Hashmi, Udita Goswami, Dino Morea, Tara Sharma, Suresh Menon, Rajat Bedi",2006
Aksar,Soniye (Remix),Himesh Reshammiya,KK & Sunidhi Chauhan,"Emraan Hashmi, Udita Goswami, Dino Morea, Tara Sharma, Suresh Menon, Rajat Bedi",2006
Aksar,Theme Of Aksar,Himesh Reshammiya,Himesh Reshammiya,"Emraan Hashmi, Udita Goswami, Dino Morea, Tara Sharma, Suresh Menon, Rajat Bedi",2006
Aksar,Mohabbat Ke (Remix),Himesh Reshammiya,Himesh Reshammiya & Tulsi Kumar,"Emraan Hashmi, Udita Goswami, Dino Morea, Tara Sharma, Suresh Menon, Rajat Bedi",2006
Taxi No. 9211,Bumbai Nagariya,Vishal–Shekhar,Not Found,"John Abraham, Nana Patekar, Sameera Reddy, Sonali Kulkarni, Kurush Deboo, Shivaji Satham, Akash Khurana, Smita Jaykar, Sanjay Dutt, Priyanka Chopra Jonas",2006
Taxi No. 9211,Ek Nazar Mein Bhi,Vishal–Shekhar,KK & Sunidhi Chauhan,"John Abraham, Nana Patekar, Sameera Reddy, Sonali Kulkarni, Kurush Deboo, Shivaji Satham, Akash Khurana, Smita Jaykar, Sanjay Dutt, Priyanka Chopra Jonas",2006
Taxi No. 9211,Meter Down,Vishal–Shekhar,"Adnan Sami, Merriene & Nimosa","John Abraham, Nana Patekar, Sameera Reddy, Sonali Kulkarni, Kurush Deboo, Shivaji Satham, Akash Khurana, Smita Jaykar, Sanjay Dutt, Priyanka Chopra Jonas",2006
Taxi No. 9211,Aazmale,Vishal–Shekhar,Shekhar Ravjiani,"John Abraham, Nana Patekar, Sameera Reddy, Sonali Kulkarni, Kurush Deboo, Shivaji Satham, Akash Khurana, Smita Jaykar, Sanjay Dutt, Priyanka Chopra Jonas",2006
Taxi No. 9211,Bekhudi,Vishal–Shekhar,Darshan Raval & Aditi Singh Sharma,"John Abraham, Nana Patekar, Sameera Reddy, Sonali Kulkarni, Kurush Deboo, Shivaji Satham, Akash Khurana, Smita Jaykar, Sanjay Dutt, Priyanka Chopra Jonas",2006
Taxi No. 9211,Udne Do,Vishal–Shekhar,Kunal Ganjawala & Harshdeep,"John Abraham, Nana Patekar, Sameera Reddy, Sonali Kulkarni, Kurush Deboo, Shivaji Satham, Akash Khurana, Smita Jaykar, Sanjay Dutt, Priyanka Chopra Jonas",2006
Taxi No. 9211,"Bumbai Nagariya"" (Club Mix)",Vishal–Shekhar,Not Found,"John Abraham, Nana Patekar, Sameera Reddy, Sonali Kulkarni, Kurush Deboo, Shivaji Satham, Akash Khurana, Smita Jaykar, Sanjay Dutt, Priyanka Chopra Jonas",2006
Malamaal Weekly,Hansani O Meri Hansani,Javed Ali,Not Found,"Paresh Rawal, Om Puri, Riteish Deshmukh, Reema Sen, Rajpal Yadav, Sudha Chandran, Asrani, Shakti Kapoor, Rasika Joshi, Sona Nair",2006
Malamaal Weekly,Kismat Se Chalti Hai,Javed Ali,Mayank Katyal,"Paresh Rawal, Om Puri, Riteish Deshmukh, Reema Sen, Rajpal Yadav, Sudha Chandran, Asrani, Shakti Kapoor, Rasika Joshi, Sona Nair",2006
Malamaal Weekly,Sar Sar Sar Sarti Hava,Javed Ali,Not Found,"Paresh Rawal, Om Puri, Riteish Deshmukh, Reema Sen, Rajpal Yadav, Sudha Chandran, Asrani, Shakti Kapoor, Rasika Joshi, Sona Nair",2006
Malamaal Weekly,Sun Mere Mitwa,Javed Ali,"Caralisa Monteiro, Shafqat Amanat Ali, Shankar Mahadevan & Shankar Ehsaan Loy","Paresh Rawal, Om Puri, Riteish Deshmukh, Reema Sen, Rajpal Yadav, Sudha Chandran, Asrani, Shakti Kapoor, Rasika Joshi, Sona Nair",2006
Malamaal Weekly,Yeh Ajooba,Javed Ali,Not Found,"Paresh Rawal, Om Puri, Riteish Deshmukh, Reema Sen, Rajpal Yadav, Sudha Chandran, Asrani, Shakti Kapoor, Rasika Joshi, Sona Nair",2006
Malamaal Weekly,Hansani O Meri Hansani – Remix,Javed Ali,Not Found,"Paresh Rawal, Om Puri, Riteish Deshmukh, Reema Sen, Rajpal Yadav, Sudha Chandran, Asrani, Shakti Kapoor, Rasika Joshi, Sona Nair",2006
Malamaal Weekly,Yeh Ajooba – Remix,Javed Ali,Not Found,"Paresh Rawal, Om Puri, Riteish Deshmukh, Reema Sen, Rajpal Yadav, Sudha Chandran, Asrani, Shakti Kapoor, Rasika Joshi, Sona Nair",2006
Banaras,Rang Daalo -Shreya GhoshalandSonu Nigam,Himesh Reshammiya,Not Found,"Urmila Matondkar, Dimple Kapadia, Naseeruddin Shah, Ashmit Patel, Raj Babbar, Arif Zakaria, Javed Khan, Rajeev Mishra, Meenal Patel, Akash Khurana",2006
Banaras,Yeh Hai Shaan Banaras Ki,Himesh Reshammiya,Not Found,"Urmila Matondkar, Dimple Kapadia, Naseeruddin Shah, Ashmit Patel, Raj Babbar, Arif Zakaria, Javed Khan, Rajeev Mishra, Meenal Patel, Akash Khurana",2006
Banaras,Kitna Pyar Kartein Hain -Alka Yagnik,Himesh Reshammiya,Not Found,"Urmila Matondkar, Dimple Kapadia, Naseeruddin Shah, Ashmit Patel, Raj Babbar, Arif Zakaria, Javed Khan, Rajeev Mishra, Meenal Patel, Akash Khurana",2006
Banaras,Ishq Mein Dilko -Sunidhi Chauhanand Sonu Nigam (Part 1),Himesh Reshammiya,Not Found,"Urmila Matondkar, Dimple Kapadia, Naseeruddin Shah, Ashmit Patel, Raj Babbar, Arif Zakaria, Javed Khan, Rajeev Mishra, Meenal Patel, Akash Khurana",2006
Banaras,Baajuband Khul Khul Jaaye,Himesh Reshammiya,Miss Mohammad Bandi,"Urmila Matondkar, Dimple Kapadia, Naseeruddin Shah, Ashmit Patel, Raj Babbar, Arif Zakaria, Javed Khan, Rajeev Mishra, Meenal Patel, Akash Khurana",2006
Banaras,Purab Se,Himesh Reshammiya,"Amaal Mallik, Arijit Singh & Tulsi Kumar","Urmila Matondkar, Dimple Kapadia, Naseeruddin Shah, Ashmit Patel, Raj Babbar, Arif Zakaria, Javed Khan, Rajeev Mishra, Meenal Patel, Akash Khurana",2006
Banaras,Ishq Mein Dilko,Himesh Reshammiya,Roop Kumar Rathod,"Urmila Matondkar, Dimple Kapadia, Naseeruddin Shah, Ashmit Patel, Raj Babbar, Arif Zakaria, Javed Khan, Rajeev Mishra, Meenal Patel, Akash Khurana",2006
Banaras,Kitna Pyar Kartein Hain,Himesh Reshammiya,Not Found,"Urmila Matondkar, Dimple Kapadia, Naseeruddin Shah, Ashmit Patel, Raj Babbar, Arif Zakaria, Javed Khan, Rajeev Mishra, Meenal Patel, Akash Khurana",2006
Gangster: A Love Story,Tu Hi Meri Shab Hai,"PritamScore:, Raju Singh",Pritam & KK,"Kangana Ranaut, Emraan Hashmi, Shiney Ahuja, Hitanshu Lodhiya, Vicky Ahuja, Gulshan Grover, Zubeen Garg, Pritam Chakraborty",2006
Gangster: A Love Story,Bheegi Bheegi,"PritamScore:, Raju Singh",Pritam & James,"Kangana Ranaut, Emraan Hashmi, Shiney Ahuja, Hitanshu Lodhiya, Vicky Ahuja, Gulshan Grover, Zubeen Garg, Pritam Chakraborty",2006
Gangster: A Love Story,Lamha Lamha,"PritamScore:, Raju Singh",Pritam & Abhijeet,"Kangana Ranaut, Emraan Hashmi, Shiney Ahuja, Hitanshu Lodhiya, Vicky Ahuja, Gulshan Grover, Zubeen Garg, Pritam Chakraborty",2006
Gangster: A Love Story,Ya Ali,"PritamScore:, Raju Singh",Pritam & Zubeen Garg,"Kangana Ranaut, Emraan Hashmi, Shiney Ahuja, Hitanshu Lodhiya, Vicky Ahuja, Gulshan Grover, Zubeen Garg, Pritam Chakraborty",2006
Gangster: A Love Story,"Tu Hi Meri Shab Hai"" (Euro Mix)","PritamScore:, Raju Singh",Pritam & KK,"Kangana Ranaut, Emraan Hashmi, Shiney Ahuja, Hitanshu Lodhiya, Vicky Ahuja, Gulshan Grover, Zubeen Garg, Pritam Chakraborty",2006
Gangster: A Love Story,Mujhe Mat Roko,"PritamScore:, Raju Singh",Pritam & Kavita Seth,"Kangana Ranaut, Emraan Hashmi, Shiney Ahuja, Hitanshu Lodhiya, Vicky Ahuja, Gulshan Grover, Zubeen Garg, Pritam Chakraborty",2006
Gangster: A Love Story,Lamha Lamha (not used in the film),"PritamScore:, Raju Singh","Goldie Sohel, Vidhi Jaswal, Sangeet Haldipur, Siddharth Haldipur & Prashant Pandey","Kangana Ranaut, Emraan Hashmi, Shiney Ahuja, Hitanshu Lodhiya, Vicky Ahuja, Gulshan Grover, Zubeen Garg, Pritam Chakraborty",2006
Gangster: A Love Story,"Tu Hi Meri Shab Hai"" (Remix)","PritamScore:, Raju Singh",Pritam & KK,"Kangana Ranaut, Emraan Hashmi, Shiney Ahuja, Hitanshu Lodhiya, Vicky Ahuja, Gulshan Grover, Zubeen Garg, Pritam Chakraborty",2006
36 China Town,24x7 I Think of You,Himesh Reshammiya,Shaan & Sunidhi Chauhan,"Akshaye Khanna, Shahid Kapoor, Kareena Kapoor Khan, Paresh Rawal, Johny Lever, Payal Rohatgi, Tannaz Irani, Upen Patel, Sambhavna Seth, Dinyar Contractor",2006
36 China Town,Aashiqui Mein Teri,Himesh Reshammiya,Himesh Reshammiya & Sunidhi Chauhan,"Akshaye Khanna, Shahid Kapoor, Kareena Kapoor Khan, Paresh Rawal, Johny Lever, Payal Rohatgi, Tannaz Irani, Upen Patel, Sambhavna Seth, Dinyar Contractor",2006
36 China Town,Badi Dilchaspi Hai,Himesh Reshammiya,KK & Arya,"Akshaye Khanna, Shahid Kapoor, Kareena Kapoor Khan, Paresh Rawal, Johny Lever, Payal Rohatgi, Tannaz Irani, Upen Patel, Sambhavna Seth, Dinyar Contractor",2006
36 China Town,Dil Tumhare Bina,Himesh Reshammiya,Himesh Reshammiya & Alka Yagnik,"Akshaye Khanna, Shahid Kapoor, Kareena Kapoor Khan, Paresh Rawal, Johny Lever, Payal Rohatgi, Tannaz Irani, Upen Patel, Sambhavna Seth, Dinyar Contractor",2006
36 China Town,Jab Kabhi,Himesh Reshammiya,"Vishal & Shekhar, KK & Mahalakshmi Iyer","Akshaye Khanna, Shahid Kapoor, Kareena Kapoor Khan, Paresh Rawal, Johny Lever, Payal Rohatgi, Tannaz Irani, Upen Patel, Sambhavna Seth, Dinyar Contractor",2006
36 China Town,Aashiqui Mein Teri (DJ Akbar Sami Remix),Himesh Reshammiya,Himesh Reshammiya & Sunidhi Chauhan,"Akshaye Khanna, Shahid Kapoor, Kareena Kapoor Khan, Paresh Rawal, Johny Lever, Payal Rohatgi, Tannaz Irani, Upen Patel, Sambhavna Seth, Dinyar Contractor",2006
36 China Town,Badi Dilchaspi Hai (Remix by DJ Akbar Sami),Himesh Reshammiya,KK & Arya,"Akshaye Khanna, Shahid Kapoor, Kareena Kapoor Khan, Paresh Rawal, Johny Lever, Payal Rohatgi, Tannaz Irani, Upen Patel, Sambhavna Seth, Dinyar Contractor",2006
36 China Town,Dil Tumhare Bina (Remix by DJ Akbar Sami),Himesh Reshammiya,Himesh Reshammiya & Sunidhi Chauhan,"Akshaye Khanna, Shahid Kapoor, Kareena Kapoor Khan, Paresh Rawal, Johny Lever, Payal Rohatgi, Tannaz Irani, Upen Patel, Sambhavna Seth, Dinyar Contractor",2006
36 China Town,Jab Kabhi (Remix by DJ Suketu),Himesh Reshammiya,Kunal Ganjawala & Alka Yagnik,"Akshaye Khanna, Shahid Kapoor, Kareena Kapoor Khan, Paresh Rawal, Johny Lever, Payal Rohatgi, Tannaz Irani, Upen Patel, Sambhavna Seth, Dinyar Contractor",2006
36 China Town,Jab Kabhi (Remix by DJ Akbar Sami),Himesh Reshammiya,Kunal Ganjawala,"Akshaye Khanna, Shahid Kapoor, Kareena Kapoor Khan, Paresh Rawal, Johny Lever, Payal Rohatgi, Tannaz Irani, Upen Patel, Sambhavna Seth, Dinyar Contractor",2006
Chup Chup Ke,Aaya Re,"Himesh Reshammiya, Background Score:, Rajamani",Kunal Ganjawala & Sunidhi Chauhan,"Shahid Kapoor, Paresh Rawal, Rajpal Yadav, Kareena Kapoor Khan, Neha Dhupia, Om Puri, Shakti Kapoor, Suniel Shetty, Anupam Kher, Manoj Joshi",2006
Chup Chup Ke,Dil Vich Lagya Ve,"Himesh Reshammiya, Background Score:, Rajamani","Sonu Nigam, Kunal Ganjawala & Akriti Kakkar","Shahid Kapoor, Paresh Rawal, Rajpal Yadav, Kareena Kapoor Khan, Neha Dhupia, Om Puri, Shakti Kapoor, Suniel Shetty, Anupam Kher, Manoj Joshi",2006
Chup Chup Ke,Ghoomar Re,"Himesh Reshammiya, Background Score:, Rajamani","Shreya Ghoshal, Swaroop Khan & A M Turaz","Shahid Kapoor, Paresh Rawal, Rajpal Yadav, Kareena Kapoor Khan, Neha Dhupia, Om Puri, Shakti Kapoor, Suniel Shetty, Anupam Kher, Manoj Joshi",2006
Chup Chup Ke,Mausam Hai Bada Qatil,"Himesh Reshammiya, Background Score:, Rajamani",Sonu Nigam,"Shahid Kapoor, Paresh Rawal, Rajpal Yadav, Kareena Kapoor Khan, Neha Dhupia, Om Puri, Shakti Kapoor, Suniel Shetty, Anupam Kher, Manoj Joshi",2006
Chup Chup Ke,Shabe Firaq,"Himesh Reshammiya, Background Score:, Rajamani",Himesh Reshammiya & Tulsi Kumar,"Shahid Kapoor, Paresh Rawal, Rajpal Yadav, Kareena Kapoor Khan, Neha Dhupia, Om Puri, Shakti Kapoor, Suniel Shetty, Anupam Kher, Manoj Joshi",2006
Chup Chup Ke,Tumhi Se,"Himesh Reshammiya, Background Score:, Rajamani",Vijay Yesudas & Shreya Ghoshal,"Shahid Kapoor, Paresh Rawal, Rajpal Yadav, Kareena Kapoor Khan, Neha Dhupia, Om Puri, Shakti Kapoor, Suniel Shetty, Anupam Kher, Manoj Joshi",2006
Chup Chup Ke,"Tumhi Se"" (Unplugged)","Himesh Reshammiya, Background Score:, Rajamani",Sreerama Chandra,"Shahid Kapoor, Paresh Rawal, Rajpal Yadav, Kareena Kapoor Khan, Neha Dhupia, Om Puri, Shakti Kapoor, Suniel Shetty, Anupam Kher, Manoj Joshi",2006
Corporate,Lamha Lamha Zindagi Hai,Shamir Tandon,Joi Barua & Suraj Jagan,"Bipasha Basu, Kay Kay Menon, Minissha Lamba, Navni Parihar, Rajat Kapoor, Sandeep Mehta, Raj Babbar, Hamsa Nandini, Payal Rohatgi, Shweta Menon",2006
Corporate,"Lamha Lamha Zindagi Hai "" (Sad)",Shamir Tandon,Joi Barua & Suraj Jagan,"Bipasha Basu, Kay Kay Menon, Minissha Lamba, Navni Parihar, Rajat Kapoor, Sandeep Mehta, Raj Babbar, Hamsa Nandini, Payal Rohatgi, Shweta Menon",2006
Corporate,O Sikander,Shamir Tandon,Karan Aujla & Jay Trak,"Bipasha Basu, Kay Kay Menon, Minissha Lamba, Navni Parihar, Rajat Kapoor, Sandeep Mehta, Raj Babbar, Hamsa Nandini, Payal Rohatgi, Shweta Menon",2006
Corporate,"O Sikander"" (Desi Mix)",Shamir Tandon,Mika Singh & Yo Yo Honey Singh,"Bipasha Basu, Kay Kay Menon, Minissha Lamba, Navni Parihar, Rajat Kapoor, Sandeep Mehta, Raj Babbar, Hamsa Nandini, Payal Rohatgi, Shweta Menon",2006
Corporate,"O Sikander"" (International Dance)",Shamir Tandon,Lata Mangeshkar,"Bipasha Basu, Kay Kay Menon, Minissha Lamba, Navni Parihar, Rajat Kapoor, Sandeep Mehta, Raj Babbar, Hamsa Nandini, Payal Rohatgi, Shweta Menon",2006
Corporate,Peele Peele,Shamir Tandon,"Manhar, Shabbir Kumar & Suresh Wadkar","Bipasha Basu, Kay Kay Menon, Minissha Lamba, Navni Parihar, Rajat Kapoor, Sandeep Mehta, Raj Babbar, Hamsa Nandini, Payal Rohatgi, Shweta Menon",2006
Corporate,Yahan Sab Ko Sab Corporate Title,Shamir Tandon,"Divya Kumar, Amol Shrivastava & Abhishek Talented","Bipasha Basu, Kay Kay Menon, Minissha Lamba, Navni Parihar, Rajat Kapoor, Sandeep Mehta, Raj Babbar, Hamsa Nandini, Payal Rohatgi, Shweta Menon",2006
Corporate,"Yahan Sab Ko Sab"" (Easy Mix)",Shamir Tandon,Sukhwinder Singh,"Bipasha Basu, Kay Kay Menon, Minissha Lamba, Navni Parihar, Rajat Kapoor, Sandeep Mehta, Raj Babbar, Hamsa Nandini, Payal Rohatgi, Shweta Menon",2006
Golmaal: Fun Unlimited,"Golmaal"" (Title Track)",Vishal–Shekhar,Brijesh Shandilya & Aditi Singh Sharma,"Ajay Devgn, Arshad Warsi, Sharman Joshi, Tusshar Kapoor, Paresh Rawal, Sushmita Mukherjee, Rimi Sen, Mukesh Tiwari, Vrajesh Hirjee, Sanjay Mishra",2006
Golmaal: Fun Unlimited,Aage Peeche,Vishal–Shekhar,"Shekhar, Sneha Pant & Vishal & Shekhar","Ajay Devgn, Arshad Warsi, Sharman Joshi, Tusshar Kapoor, Paresh Rawal, Sushmita Mukherjee, Rimi Sen, Mukesh Tiwari, Vrajesh Hirjee, Sanjay Mishra",2006
Golmaal: Fun Unlimited,Mast Malang,Vishal–Shekhar,Ved Sharma,"Ajay Devgn, Arshad Warsi, Sharman Joshi, Tusshar Kapoor, Paresh Rawal, Sushmita Mukherjee, Rimi Sen, Mukesh Tiwari, Vrajesh Hirjee, Sanjay Mishra",2006
Golmaal: Fun Unlimited,Rehja Re,Vishal–Shekhar,Javed Ali & Sunidhi Chauhan,"Ajay Devgn, Arshad Warsi, Sharman Joshi, Tusshar Kapoor, Paresh Rawal, Sushmita Mukherjee, Rimi Sen, Mukesh Tiwari, Vrajesh Hirjee, Sanjay Mishra",2006
Golmaal: Fun Unlimited,Golmaal O O,Vishal–Shekhar,R.D. Burman & Sapan Chakraborty,"Ajay Devgn, Arshad Warsi, Sharman Joshi, Tusshar Kapoor, Paresh Rawal, Sushmita Mukherjee, Rimi Sen, Mukesh Tiwari, Vrajesh Hirjee, Sanjay Mishra",2006
Golmaal: Fun Unlimited,"Golmaal"" (Remix by Akbar Sami)",Vishal–Shekhar,"Shaan, KK, Vishal Dadlani, Akbar Sami & Vishal & Shekhar","Ajay Devgn, Arshad Warsi, Sharman Joshi, Tusshar Kapoor, Paresh Rawal, Sushmita Mukherjee, Rimi Sen, Mukesh Tiwari, Vrajesh Hirjee, Sanjay Mishra",2006
Golmaal: Fun Unlimited,"Aage Peeche"" (Remix by Akbar Sami)",Vishal–Shekhar,"Shekhar Ravjiani, Sneha Pant & Akbar Sami","Ajay Devgn, Arshad Warsi, Sharman Joshi, Tusshar Kapoor, Paresh Rawal, Sushmita Mukherjee, Rimi Sen, Mukesh Tiwari, Vrajesh Hirjee, Sanjay Mishra",2006
Golmaal: Fun Unlimited,"Rehja Re"" (Remix by Akbar Sami)",Vishal–Shekhar,"Javed Ali, Sunidhi Chauhan, Akbar Sami & Vishal & Shekhar","Ajay Devgn, Arshad Warsi, Sharman Joshi, Tusshar Kapoor, Paresh Rawal, Sushmita Mukherjee, Rimi Sen, Mukesh Tiwari, Vrajesh Hirjee, Sanjay Mishra",2006
Golmaal: Fun Unlimited,"Golmaal O O"" (Remix by Akbar Sami)",Vishal–Shekhar,"Shaan, KK, Vishal Dadlani, Akbar Sami & Vishal & Shekhar","Ajay Devgn, Arshad Warsi, Sharman Joshi, Tusshar Kapoor, Paresh Rawal, Sushmita Mukherjee, Rimi Sen, Mukesh Tiwari, Vrajesh Hirjee, Sanjay Mishra",2006
Golmaal: Fun Unlimited,"Golmaal"" (Theme)",Vishal–Shekhar,Vishal & Shekhar,"Ajay Devgn, Arshad Warsi, Sharman Joshi, Tusshar Kapoor, Paresh Rawal, Sushmita Mukherjee, Rimi Sen, Mukesh Tiwari, Vrajesh Hirjee, Sanjay Mishra",2006
Omkara,Omkara,Vishal Bhardwaj,"Vishal Bhardwaj, Sukhwinder Singh, Arun Ingle, Vijay Prakash & Hemant Kulkarni","Ajay Devgn, Kareena Kapoor Khan, Saif Ali Khan, Vivek Oberoi, Konkona Sen Sharma, Deepak Dobriyal, Naseeruddin Shah, Bipasha Basu, Pankaj Tripathi, Kamal Tiwari",2006
Omkara,O Saathi Re,Vishal Bhardwaj,Atif Aslam,"Ajay Devgn, Kareena Kapoor Khan, Saif Ali Khan, Vivek Oberoi, Konkona Sen Sharma, Deepak Dobriyal, Naseeruddin Shah, Bipasha Basu, Pankaj Tripathi, Kamal Tiwari",2006
Omkara,Beedi,Vishal Bhardwaj,"Vishal Bhardwaj, Sunidhi Chauhan, Sukhwinder Singh, Nachiketa Chakraborty & Clinton Cerejo","Ajay Devgn, Kareena Kapoor Khan, Saif Ali Khan, Vivek Oberoi, Konkona Sen Sharma, Deepak Dobriyal, Naseeruddin Shah, Bipasha Basu, Pankaj Tripathi, Kamal Tiwari",2006
Omkara,Jaag Ja,Vishal Bhardwaj,Vishal Bhardwaj & Suresh Wadkar,"Ajay Devgn, Kareena Kapoor Khan, Saif Ali Khan, Vivek Oberoi, Konkona Sen Sharma, Deepak Dobriyal, Naseeruddin Shah, Bipasha Basu, Pankaj Tripathi, Kamal Tiwari",2006
Omkara,Namak,Vishal Bhardwaj,Error,"Ajay Devgn, Kareena Kapoor Khan, Saif Ali Khan, Vivek Oberoi, Konkona Sen Sharma, Deepak Dobriyal, Naseeruddin Shah, Bipasha Basu, Pankaj Tripathi, Kamal Tiwari",2006
Omkara,Naina,Vishal Bhardwaj,Error,"Ajay Devgn, Kareena Kapoor Khan, Saif Ali Khan, Vivek Oberoi, Konkona Sen Sharma, Deepak Dobriyal, Naseeruddin Shah, Bipasha Basu, Pankaj Tripathi, Kamal Tiwari",2006
Omkara,Laakad,Vishal Bhardwaj,Error,"Ajay Devgn, Kareena Kapoor Khan, Saif Ali Khan, Vivek Oberoi, Konkona Sen Sharma, Deepak Dobriyal, Naseeruddin Shah, Bipasha Basu, Pankaj Tripathi, Kamal Tiwari",2006
Omkara,The Tragedy of Omkara,Vishal Bhardwaj,Vishal Bhardwaj,"Ajay Devgn, Kareena Kapoor Khan, Saif Ali Khan, Vivek Oberoi, Konkona Sen Sharma, Deepak Dobriyal, Naseeruddin Shah, Bipasha Basu, Pankaj Tripathi, Kamal Tiwari",2006
Pyaar Ke Side Effects,Pyar Karke,"Pritam, Background Score:, Sameer Uddin",Error,"Rahul Bose, Mallika Sherawat, Ranvir Shorey, Sharat Saxena, Sophiya Chaudhary, Suchitra Pillai, Tarana Raja, Aamir Bashir, Jas Arora, Sapna Bhavnani",2006
Pyaar Ke Side Effects,Dil Tod Ke Na Ja,"Pritam, Background Score:, Sameer Uddin","Pritam, Rakesh Pandit & Mayur Puri","Rahul Bose, Mallika Sherawat, Ranvir Shorey, Sharat Saxena, Sophiya Chaudhary, Suchitra Pillai, Tarana Raja, Aamir Bashir, Jas Arora, Sapna Bhavnani",2006
Pyaar Ke Side Effects,Jaane Kya,"Pritam, Background Score:, Sameer Uddin","Pritam, Zubeen & Mayur Puri","Rahul Bose, Mallika Sherawat, Ranvir Shorey, Sharat Saxena, Sophiya Chaudhary, Suchitra Pillai, Tarana Raja, Aamir Bashir, Jas Arora, Sapna Bhavnani",2006
Pyaar Ke Side Effects,Is This Love...(A-Mi-Manera),"Pritam, Background Score:, Sameer Uddin","Pritam, Kunal Ganjawala, Sunidhi Chauhan & Mayur Puri","Rahul Bose, Mallika Sherawat, Ranvir Shorey, Sharat Saxena, Sophiya Chaudhary, Suchitra Pillai, Tarana Raja, Aamir Bashir, Jas Arora, Sapna Bhavnani",2006
Pyaar Ke Side Effects,"Pyar Karke..."" (remix)","Pritam, Background Score:, Sameer Uddin","Pritam, Labh Janjua & Mayur Puri","Rahul Bose, Mallika Sherawat, Ranvir Shorey, Sharat Saxena, Sophiya Chaudhary, Suchitra Pillai, Tarana Raja, Aamir Bashir, Jas Arora, Sapna Bhavnani",2006
Pyaar Ke Side Effects,"Bad Boy"" (remix)","Pritam, Background Score:, Sameer Uddin","Pritam, Alisha Chinai, Earl D'Souza & Suzanne","Rahul Bose, Mallika Sherawat, Ranvir Shorey, Sharat Saxena, Sophiya Chaudhary, Suchitra Pillai, Tarana Raja, Aamir Bashir, Jas Arora, Sapna Bhavnani",2006
Pyaar Ke Side Effects,"Dil Tod Ke Na Ja"" (remix)","Pritam, Background Score:, Sameer Uddin",Rochak Kohli & B. Praak,"Rahul Bose, Mallika Sherawat, Ranvir Shorey, Sharat Saxena, Sophiya Chaudhary, Suchitra Pillai, Tarana Raja, Aamir Bashir, Jas Arora, Sapna Bhavnani",2006
Pyaar Ke Side Effects,Allah Bachaye,"Pritam, Background Score:, Sameer Uddin","Pritam, Alisha Chinai, Earl D'Souza & Mayur Puri","Rahul Bose, Mallika Sherawat, Ranvir Shorey, Sharat Saxena, Sophiya Chaudhary, Suchitra Pillai, Tarana Raja, Aamir Bashir, Jas Arora, Sapna Bhavnani",2006
Pyaar Ke Side Effects,Bad Boy,"Pritam, Background Score:, Sameer Uddin",Badshah & Neeti Mohan,"Rahul Bose, Mallika Sherawat, Ranvir Shorey, Sharat Saxena, Sophiya Chaudhary, Suchitra Pillai, Tarana Raja, Aamir Bashir, Jas Arora, Sapna Bhavnani",2006
Woh Lamhe...,Kya Mujhe Pyar Hai,"Pritam, Noah, Jawad Ahmed, Roop Kumar Rathod, Background Score:, Raju Singh","Pritam, KK, Dj A-Myth & DJ Kiran","Kangana Ranaut, Shiney Ahuja, Shaad Randhawa, Masumeh Makhija, Purab Kohli",2006
Woh Lamhe...,Chal Chale Apne Ghar,"Pritam, Noah, Jawad Ahmed, Roop Kumar Rathod, Background Score:, Raju Singh",Pritam & James,"Kangana Ranaut, Shiney Ahuja, Shaad Randhawa, Masumeh Makhija, Purab Kohli",2006
Woh Lamhe...,"Tu Jo Nahin"" I","Pritam, Noah, Jawad Ahmed, Roop Kumar Rathod, Background Score:, Raju Singh",Pritam & Glenn John,"Kangana Ranaut, Shiney Ahuja, Shaad Randhawa, Masumeh Makhija, Purab Kohli",2006
Woh Lamhe...,"So Jaoon Main"" (Female)","Pritam, Noah, Jawad Ahmed, Roop Kumar Rathod, Background Score:, Raju Singh",Not Found,"Kangana Ranaut, Shiney Ahuja, Shaad Randhawa, Masumeh Makhija, Purab Kohli",2006
Woh Lamhe...,"Tu Jo Nahin"" II","Pritam, Noah, Jawad Ahmed, Roop Kumar Rathod, Background Score:, Raju Singh",Pritam & Glenn John,"Kangana Ranaut, Shiney Ahuja, Shaad Randhawa, Masumeh Makhija, Purab Kohli",2006
Woh Lamhe...,"So Jaoon Main"" (Male)","Pritam, Noah, Jawad Ahmed, Roop Kumar Rathod, Background Score:, Raju Singh",Not Found,"Kangana Ranaut, Shiney Ahuja, Shaad Randhawa, Masumeh Makhija, Purab Kohli",2006
Woh Lamhe...,Bin Tere Kya Hai Jeena,"Pritam, Noah, Jawad Ahmed, Roop Kumar Rathod, Background Score:, Raju Singh","Shafqat Amanat Ali, Vishal & Shekhar & Sunidhi Chauhan","Kangana Ranaut, Shiney Ahuja, Shaad Randhawa, Masumeh Makhija, Purab Kohli",2006
Woh Lamhe...,"Kya Mujhe Pyar Hai"" (Qawwali)","Pritam, Noah, Jawad Ahmed, Roop Kumar Rathod, Background Score:, Raju Singh",Jani Babu Qawwal,"Kangana Ranaut, Shiney Ahuja, Shaad Randhawa, Masumeh Makhija, Purab Kohli",2006
Jaan-E-Mann,Humko Maloom Hai,Anu Malik,Pritam & Arijit Singh,"Salman Khan, Akshay Kumar, Preity Zinta, Anupam Kher, Nawab Shah, Aman Verma, Soni Razdan, Javed Sheikh",2006
Jaan-E-Mann,Ajnabi Shehar,Anu Malik,Sonu Nigam,"Salman Khan, Akshay Kumar, Preity Zinta, Anupam Kher, Nawab Shah, Aman Verma, Soni Razdan, Javed Sheikh",2006
Jaan-E-Mann,Jaane Ke Jaane Na,Anu Malik,"Sonu Nigam, Sukhwinder Singh & Krishna","Salman Khan, Akshay Kumar, Preity Zinta, Anupam Kher, Nawab Shah, Aman Verma, Soni Razdan, Javed Sheikh",2006
Jaan-E-Mann,Sau Dard,Anu Malik,Sonu Nigam & Suzanne,"Salman Khan, Akshay Kumar, Preity Zinta, Anupam Kher, Nawab Shah, Aman Verma, Soni Razdan, Javed Sheikh",2006
Jaan-E-Mann,Ud Jaana.....Broi,Anu Malik,Not Found,"Salman Khan, Akshay Kumar, Preity Zinta, Anupam Kher, Nawab Shah, Aman Verma, Soni Razdan, Javed Sheikh",2006
Jaan-E-Mann,Kubool Kar Le,Anu Malik,"Udit Narayan, Rahul Vaidya, Amit Saxena, Prajakta Shukre, Monali Thakur & Suzanne","Salman Khan, Akshay Kumar, Preity Zinta, Anupam Kher, Nawab Shah, Aman Verma, Soni Razdan, Javed Sheikh",2006
Jaan-E-Mann,Jaane Ke Jaane Na – Club Mix,Anu Malik,"Sonu Nigam, Sukhwinder Singh, Krishna & Dj Shane","Salman Khan, Akshay Kumar, Preity Zinta, Anupam Kher, Nawab Shah, Aman Verma, Soni Razdan, Javed Sheikh",2006
Jaan-E-Mann,Sau Dard – Groove Mix,Anu Malik,"Sonu Nigam, Suzanne & Dj Shane","Salman Khan, Akshay Kumar, Preity Zinta, Anupam Kher, Nawab Shah, Aman Verma, Soni Razdan, Javed Sheikh",2006
Jaan-E-Mann,Ud Jaana.....Broi – Club Mix,Anu Malik,Not Found,"Salman Khan, Akshay Kumar, Preity Zinta, Anupam Kher, Nawab Shah, Aman Verma, Soni Razdan, Javed Sheikh",2006
Umrao Jaan,Agle Janam Mohe Bitya,Anu Malik,Not Found,"Aishwarya Rai Bachchan, Shabana Azmi, Abhishek Bachchan, Suniel Shetty, Puru Raaj Kumar, Bikram Saluja, Divya Dutta, Ayesha Jhulka, Parikshat Sahni, Kulbhushan Kharbanda",2006
Umrao Jaan,Bekha Diya Hamein,Anu Malik,Not Found,"Aishwarya Rai Bachchan, Shabana Azmi, Abhishek Bachchan, Suniel Shetty, Puru Raaj Kumar, Bikram Saluja, Divya Dutta, Ayesha Jhulka, Parikshat Sahni, Kulbhushan Kharbanda",2006
Umrao Jaan,Ek Toote Huye Dil Ki,Anu Malik,Alka Yagnik,"Aishwarya Rai Bachchan, Shabana Azmi, Abhishek Bachchan, Suniel Shetty, Puru Raaj Kumar, Bikram Saluja, Divya Dutta, Ayesha Jhulka, Parikshat Sahni, Kulbhushan Kharbanda",2006
Umrao Jaan,Foreword,Anu Malik,Javed Akhtar,"Aishwarya Rai Bachchan, Shabana Azmi, Abhishek Bachchan, Suniel Shetty, Puru Raaj Kumar, Bikram Saluja, Divya Dutta, Ayesha Jhulka, Parikshat Sahni, Kulbhushan Kharbanda",2006
Umrao Jaan,Jhute Ilzaam,Anu Malik,Alka Yagnik,"Aishwarya Rai Bachchan, Shabana Azmi, Abhishek Bachchan, Suniel Shetty, Puru Raaj Kumar, Bikram Saluja, Divya Dutta, Ayesha Jhulka, Parikshat Sahni, Kulbhushan Kharbanda",2006
Umrao Jaan,Main Na Mil Saku Jo Tumse,Anu Malik,Alka Yagnik,"Aishwarya Rai Bachchan, Shabana Azmi, Abhishek Bachchan, Suniel Shetty, Puru Raaj Kumar, Bikram Saluja, Divya Dutta, Ayesha Jhulka, Parikshat Sahni, Kulbhushan Kharbanda",2006
Umrao Jaan,Pehle Pehel,Anu Malik,Alka Yagnik,"Aishwarya Rai Bachchan, Shabana Azmi, Abhishek Bachchan, Suniel Shetty, Puru Raaj Kumar, Bikram Saluja, Divya Dutta, Ayesha Jhulka, Parikshat Sahni, Kulbhushan Kharbanda",2006
Umrao Jaan,Pooch Rahe Hain,Anu Malik,Not Found,"Aishwarya Rai Bachchan, Shabana Azmi, Abhishek Bachchan, Suniel Shetty, Puru Raaj Kumar, Bikram Saluja, Divya Dutta, Ayesha Jhulka, Parikshat Sahni, Kulbhushan Kharbanda",2006
Umrao Jaan,Salaam,Anu Malik,Alka Yagnik,"Aishwarya Rai Bachchan, Shabana Azmi, Abhishek Bachchan, Suniel Shetty, Puru Raaj Kumar, Bikram Saluja, Divya Dutta, Ayesha Jhulka, Parikshat Sahni, Kulbhushan Kharbanda",2006
Umrao Jaan,Agle Janam Mohe Bitya (Reprise),Anu Malik,Not Found,"Aishwarya Rai Bachchan, Shabana Azmi, Abhishek Bachchan, Suniel Shetty, Puru Raaj Kumar, Bikram Saluja, Divya Dutta, Ayesha Jhulka, Parikshat Sahni, Kulbhushan Kharbanda",2006
Baabul,Gaa Re Maan,Aadesh Shrivastava,"Anu Malik, Sonu Nigam, Alka Yagnik, Sameer Anjaan & Suraj Ujjaini","Amitabh Bachchan, Rani Mukerji, Hema Malini, Salman Khan, John Abraham, Om Puri, Sarika, Aman Verma, Parmeet Sethi, Sharat Saxena",2006
Baabul,Come On Come On,Aadesh Shrivastava,Destiny's Child,"Amitabh Bachchan, Rani Mukerji, Hema Malini, Salman Khan, John Abraham, Om Puri, Sarika, Aman Verma, Parmeet Sethi, Sharat Saxena",2006
Baabul,Har Manzar,Aadesh Shrivastava,Kunal Ganjawala,"Amitabh Bachchan, Rani Mukerji, Hema Malini, Salman Khan, John Abraham, Om Puri, Sarika, Aman Verma, Parmeet Sethi, Sharat Saxena",2006
Baabul,Baawri Piya Ki,Aadesh Shrivastava,Not Found,"Amitabh Bachchan, Rani Mukerji, Hema Malini, Salman Khan, John Abraham, Om Puri, Sarika, Aman Verma, Parmeet Sethi, Sharat Saxena",2006
Baabul,Berbasi Dard Ke Alam,Aadesh Shrivastava,Not Found,"Amitabh Bachchan, Rani Mukerji, Hema Malini, Salman Khan, John Abraham, Om Puri, Sarika, Aman Verma, Parmeet Sethi, Sharat Saxena",2006
Baabul,Keh Raha Hai Dil Deewana,Aadesh Shrivastava,KK,"Amitabh Bachchan, Rani Mukerji, Hema Malini, Salman Khan, John Abraham, Om Puri, Sarika, Aman Verma, Parmeet Sethi, Sharat Saxena",2006
Baabul,"Kehta Hai Baabul"" (Film version sung by Amitabh Bachchan)",Aadesh Shrivastava,Jagjit Singh,"Amitabh Bachchan, Rani Mukerji, Hema Malini, Salman Khan, John Abraham, Om Puri, Sarika, Aman Verma, Parmeet Sethi, Sharat Saxena",2006
Baabul,Baabul Bidaai,Aadesh Shrivastava,Richa Sharma,"Amitabh Bachchan, Rani Mukerji, Hema Malini, Salman Khan, John Abraham, Om Puri, Sarika, Aman Verma, Parmeet Sethi, Sharat Saxena",2006
Baabul,Vaada Raha Hai,Aadesh Shrivastava,Toshi Sabri & Sharib Sabri,"Amitabh Bachchan, Rani Mukerji, Hema Malini, Salman Khan, John Abraham, Om Puri, Sarika, Aman Verma, Parmeet Sethi, Sharat Saxena",2006
Kabul Express,Kabul Fiza,Raghav Sachar,Raghav Sachar,"John Abraham, Arshad Warsi, Salman Shahid, Linda Arsenio, Hanif Hum Ghum",2006
Kabul Express,Banjar,Raghav Sachar,Raghav Sachar & Shubha Mudgal,"John Abraham, Arshad Warsi, Salman Shahid, Linda Arsenio, Hanif Hum Ghum",2006
Kabul Express,Keh Raha Mera Dil,Raghav Sachar,Raghav Sachar,"John Abraham, Arshad Warsi, Salman Shahid, Linda Arsenio, Hanif Hum Ghum",2006
Kabul Express,Yeh Main Aaya Kahaan Hoon,Raghav Sachar,Raghav Sachar,"John Abraham, Arshad Warsi, Salman Shahid, Linda Arsenio, Hanif Hum Ghum",2006
Kabul Express,"Kabul Fiza"" (Remix)",Raghav Sachar,Raghav Sachar,"John Abraham, Arshad Warsi, Salman Shahid, Linda Arsenio, Hanif Hum Ghum",2006
Kabul Express,"Banjar"" (Lounge Mix)",Raghav Sachar,Raghav Sachar & Sunidhi Chauhan,"John Abraham, Arshad Warsi, Salman Shahid, Linda Arsenio, Hanif Hum Ghum",2006
Kabul Express,"Banjar"" (Revisited)",Raghav Sachar,Raghav Sachar & KK,"John Abraham, Arshad Warsi, Salman Shahid, Linda Arsenio, Hanif Hum Ghum",2006
Kabul Express,"Kabul Express Theme"" (Composed By: Julius Packiam)",Raghav Sachar,Julius Packiam,"John Abraham, Arshad Warsi, Salman Shahid, Linda Arsenio, Hanif Hum Ghum",2006
Kabul Express,Kabul Fiza Theme,Raghav Sachar,Raghav Sachar,"John Abraham, Arshad Warsi, Salman Shahid, Linda Arsenio, Hanif Hum Ghum",2006
Om Shanti Om,Ajab Si,Vishal–Shekhar,KK & Vishal & Shekhar,"Shah Rukh Khan, Deepika Padukone, Arjun Rampal, Kirron Kher, Shreyas Talpade, Javed Sheikh, Asawari Joshi, Yuvika Chaudhary, Bindu, Nitesh Pandey",2007
Om Shanti Om,Dard-e-Disco,Vishal–Shekhar,"Sukhwinder Singh, Marianne, Nisha, Caralisa & Vishal & Shekhar","Shah Rukh Khan, Deepika Padukone, Arjun Rampal, Kirron Kher, Shreyas Talpade, Javed Sheikh, Asawari Joshi, Yuvika Chaudhary, Bindu, Nitesh Pandey",2007
Om Shanti Om,Deewangi Deewangi,Vishal–Shekhar,"Shaan, Udit Narayan, Shreya Ghoshal, Sunidhi Chauhan, Rahul Saxena & Vishal & Shekhar","Shah Rukh Khan, Deepika Padukone, Arjun Rampal, Kirron Kher, Shreyas Talpade, Javed Sheikh, Asawari Joshi, Yuvika Chaudhary, Bindu, Nitesh Pandey",2007
Om Shanti Om,Main Agar Kahoon,Vishal–Shekhar,"Sonu Nigam, Shreya Ghoshal & Vishal & Shekhar","Shah Rukh Khan, Deepika Padukone, Arjun Rampal, Kirron Kher, Shreyas Talpade, Javed Sheikh, Asawari Joshi, Yuvika Chaudhary, Bindu, Nitesh Pandey",2007
Om Shanti Om,Jag Soona Soona Lage,Vishal–Shekhar,"Rahat Fateh Ali Khan, Richa Sharma & Vishal & Shekhar","Shah Rukh Khan, Deepika Padukone, Arjun Rampal, Kirron Kher, Shreyas Talpade, Javed Sheikh, Asawari Joshi, Yuvika Chaudhary, Bindu, Nitesh Pandey",2007
Om Shanti Om,Dhoom Taana,Vishal–Shekhar,"Shreya Ghoshal, Abhijeet & Vishal & Shekhar","Shah Rukh Khan, Deepika Padukone, Arjun Rampal, Kirron Kher, Shreyas Talpade, Javed Sheikh, Asawari Joshi, Yuvika Chaudhary, Bindu, Nitesh Pandey",2007
Om Shanti Om,Dastaan-E-Om Shanti Om,Vishal–Shekhar,Shaan & Vishal & Shekhar,"Shah Rukh Khan, Deepika Padukone, Arjun Rampal, Kirron Kher, Shreyas Talpade, Javed Sheikh, Asawari Joshi, Yuvika Chaudhary, Bindu, Nitesh Pandey",2007
Om Shanti Om,"Dard-E-Disco"" (Remix by DJ Aqeel and Just a Gent)",Vishal–Shekhar,DJ Aqeel & Vishal & Shekhar,"Shah Rukh Khan, Deepika Padukone, Arjun Rampal, Kirron Kher, Shreyas Talpade, Javed Sheikh, Asawari Joshi, Yuvika Chaudhary, Bindu, Nitesh Pandey",2007
Om Shanti Om,"Deewangi Deewangi"" ((Rainbow Mix) Remix by DJ G, Kiran Kamath)",Vishal–Shekhar,Not Found,"Shah Rukh Khan, Deepika Padukone, Arjun Rampal, Kirron Kher, Shreyas Talpade, Javed Sheikh, Asawari Joshi, Yuvika Chaudhary, Bindu, Nitesh Pandey",2007
Om Shanti Om,"Om Shanti Om"" (Medley Mix by Jackie V)",Vishal–Shekhar,Jackie V & Vishal & Shekhar,"Shah Rukh Khan, Deepika Padukone, Arjun Rampal, Kirron Kher, Shreyas Talpade, Javed Sheikh, Asawari Joshi, Yuvika Chaudhary, Bindu, Nitesh Pandey",2007
Om Shanti Om,"Dastaan-E-Om Shanti Om"" (The Dark Side Mix remix by Zoheb, DJ Nikhil, Chinappa, DJ Nawed, DJ Snake)",Vishal–Shekhar,Not Found,"Shah Rukh Khan, Deepika Padukone, Arjun Rampal, Kirron Kher, Shreyas Talpade, Javed Sheikh, Asawari Joshi, Yuvika Chaudhary, Bindu, Nitesh Pandey",2007
Chak De! India,Chak De! India,Salim–Sulaiman,"Marianne D'Cruz, Salim Merchant & Sukhvinder Singh","Shah Rukh Khan, Vidya Malvade, Sagarika Ghatge, Shilpa Shukla, Chitrashi Rawat, Tanya Abrol, Arya Menon, Seema Azmi, Nisha Nair, Sandia Furtado",2007
Chak De! India,Badal Pe Paaon Hai,Salim–Sulaiman,Not Found,"Shah Rukh Khan, Vidya Malvade, Sagarika Ghatge, Shilpa Shukla, Chitrashi Rawat, Tanya Abrol, Arya Menon, Seema Azmi, Nisha Nair, Sandia Furtado",2007
Chak De! India,Ek Hockey Doongi Rakh Ke,Salim–Sulaiman,Error,"Shah Rukh Khan, Vidya Malvade, Sagarika Ghatge, Shilpa Shukla, Chitrashi Rawat, Tanya Abrol, Arya Menon, Seema Azmi, Nisha Nair, Sandia Furtado",2007
Chak De! India,Bad Bad Girls,Salim–Sulaiman,Anushka Manchanda,"Shah Rukh Khan, Vidya Malvade, Sagarika Ghatge, Shilpa Shukla, Chitrashi Rawat, Tanya Abrol, Arya Menon, Seema Azmi, Nisha Nair, Sandia Furtado",2007
Chak De! India,Maula Mere Le Le Meri Jaan,Salim–Sulaiman,Neeti Mohan,"Shah Rukh Khan, Vidya Malvade, Sagarika Ghatge, Shilpa Shukla, Chitrashi Rawat, Tanya Abrol, Arya Menon, Seema Azmi, Nisha Nair, Sandia Furtado",2007
Chak De! India,"Hockey"" (Remix)",Salim–Sulaiman,"Gaurav Raina, Tapan Raj & Medival Punditz","Shah Rukh Khan, Vidya Malvade, Sagarika Ghatge, Shilpa Shukla, Chitrashi Rawat, Tanya Abrol, Arya Menon, Seema Azmi, Nisha Nair, Sandia Furtado",2007
Chak De! India,Sattar Minute,Salim–Sulaiman,Shah Rukh Khan,"Shah Rukh Khan, Vidya Malvade, Sagarika Ghatge, Shilpa Shukla, Chitrashi Rawat, Tanya Abrol, Arya Menon, Seema Azmi, Nisha Nair, Sandia Furtado",2007
Partner,Do You Wanna Partner,"Sajid–Wajid, Background Score:, Salim–Sulaiman","Ronit Vinta, Jasleen Royal & Priya Saraiya","Salman Khan, Govinda, Lara Dutta, Katrina Kaif, Rajpal Yadav, Dalip Tahil, Aarti Chabria, Puneet Issar, Deepshika Nagpal, Suresh Menon",2007
Partner,You’re My Love,"Sajid–Wajid, Background Score:, Salim–Sulaiman","Shaan, Shweta Pandit, Suzi Q & Earl D'Souza","Salman Khan, Govinda, Lara Dutta, Katrina Kaif, Rajpal Yadav, Dalip Tahil, Aarti Chabria, Puneet Issar, Deepshika Nagpal, Suresh Menon",2007
Partner,Dupatta Tera Nau Rang Da,"Sajid–Wajid, Background Score:, Salim–Sulaiman","Sonu Nigam, Kunal Ganjawala, Shreya Ghoshal & Suzi Q","Salman Khan, Govinda, Lara Dutta, Katrina Kaif, Rajpal Yadav, Dalip Tahil, Aarti Chabria, Puneet Issar, Deepshika Nagpal, Suresh Menon",2007
Partner,Soni De Nakhre,"Sajid–Wajid, Background Score:, Salim–Sulaiman","Wajid, Labh Janjua & Sneha Pant","Salman Khan, Govinda, Lara Dutta, Katrina Kaif, Rajpal Yadav, Dalip Tahil, Aarti Chabria, Puneet Issar, Deepshika Nagpal, Suresh Menon",2007
Partner,Maria Maria,"Sajid–Wajid, Background Score:, Salim–Sulaiman","Sonu Nigam, Sajid, Sunidhi Chauhan & Naresh Iyer","Salman Khan, Govinda, Lara Dutta, Katrina Kaif, Rajpal Yadav, Dalip Tahil, Aarti Chabria, Puneet Issar, Deepshika Nagpal, Suresh Menon",2007
Partner,"You’re My Love"" (Remix by DJ A-Myth)","Sajid–Wajid, Background Score:, Salim–Sulaiman",Sukhwinder Singh & Dj A-Myth,"Salman Khan, Govinda, Lara Dutta, Katrina Kaif, Rajpal Yadav, Dalip Tahil, Aarti Chabria, Puneet Issar, Deepshika Nagpal, Suresh Menon",2007
Partner,"Do You Wanna Partner"" (Remix by DJ A-Myth)","Sajid–Wajid, Background Score:, Salim–Sulaiman","Akon, Hamsika Iyer & Dj A-Myth","Salman Khan, Govinda, Lara Dutta, Katrina Kaif, Rajpal Yadav, Dalip Tahil, Aarti Chabria, Puneet Issar, Deepshika Nagpal, Suresh Menon",2007
Taare Zameen Par,Good for Nothing,Shankar–Ehsaan–Loy,"Shankar Ehsaan Loy, Shankar Mahadevan & Amitabh Bhattacharya","Darsheel Safary, Aamir Khan, Tisca Chopra, Vipin Sharma, Tanay Chheda, Sachet Engineer, Girija Oak, Shankar Sachdev, Rajgopal Iyer, Ravi Khanvilkar",2007
Taare Zameen Par,Sar Aankhon Pe Mere,Shankar–Ehsaan–Loy,"Arijit Singh, Shankar Ehsaan Loy, Amitabh Bhattacharya & Shariva Parulkar","Darsheel Safary, Aamir Khan, Tisca Chopra, Vipin Sharma, Tanay Chheda, Sachet Engineer, Girija Oak, Shankar Sachdev, Rajgopal Iyer, Ravi Khanvilkar",2007
Taare Zameen Par,"Sitaare Zameen Par"" (Title Track)",Shankar–Ehsaan–Loy,"Shankar Ehsaan Loy, Shankar Mahadevan, Amitabh Bhattacharya, Siddharth Mahadevan & Divya Kumar","Darsheel Safary, Aamir Khan, Tisca Chopra, Vipin Sharma, Tanay Chheda, Sachet Engineer, Girija Oak, Shankar Sachdev, Rajgopal Iyer, Ravi Khanvilkar",2007
Taare Zameen Par,Shubh Mangalam,Shankar–Ehsaan–Loy,"Shankar Ehsaan Loy, Shankar Mahadevan & Amitabh Bhattacharya","Darsheel Safary, Aamir Khan, Tisca Chopra, Vipin Sharma, Tanay Chheda, Sachet Engineer, Girija Oak, Shankar Sachdev, Rajgopal Iyer, Ravi Khanvilkar",2007
Heyy Babyy,Heyy Babyy,"Shankar-Ehsaan-Loy, Background Score:, Salim–Sulaiman","Neeraj Shridhar, Raman, Pervez Qadir & Loy","Akshay Kumar, Riteish Deshmukh, Fardeen Khan, Vidya Balan, Boman Irani, Anupam Kher, Chirag Vohra, Vrajesh Hirjee, Bikramjeet Kanwarpal, Shah Rukh Khan",2007
Heyy Babyy,Dholna,"Shankar-Ehsaan-Loy, Background Score:, Salim–Sulaiman",Lata Mangeshkar & Udit Narayan,"Akshay Kumar, Riteish Deshmukh, Fardeen Khan, Vidya Balan, Boman Irani, Anupam Kher, Chirag Vohra, Vrajesh Hirjee, Bikramjeet Kanwarpal, Shah Rukh Khan",2007
Heyy Babyy,Mast Kalandar,"Shankar-Ehsaan-Loy, Background Score:, Salim–Sulaiman","Saleem Shahzada, Rehan Khan, Shankar Mahadevan & Sajid Khan","Akshay Kumar, Riteish Deshmukh, Fardeen Khan, Vidya Balan, Boman Irani, Anupam Kher, Chirag Vohra, Vrajesh Hirjee, Bikramjeet Kanwarpal, Shah Rukh Khan",2007
Heyy Babyy,Heyy Babyy,"Shankar-Ehsaan-Loy, Background Score:, Salim–Sulaiman","Neeraj Shridhar, Raman, Pervez Qadir & Loy","Akshay Kumar, Riteish Deshmukh, Fardeen Khan, Vidya Balan, Boman Irani, Anupam Kher, Chirag Vohra, Vrajesh Hirjee, Bikramjeet Kanwarpal, Shah Rukh Khan",2007
Heyy Babyy,Jaane Bhi De,"Shankar-Ehsaan-Loy, Background Score:, Salim–Sulaiman",Shankar Mahadevan & Loy,"Akshay Kumar, Riteish Deshmukh, Fardeen Khan, Vidya Balan, Boman Irani, Anupam Kher, Chirag Vohra, Vrajesh Hirjee, Bikramjeet Kanwarpal, Shah Rukh Khan",2007
Heyy Babyy,Meri Duniya Tu Hi Re,"Shankar-Ehsaan-Loy, Background Score:, Salim–Sulaiman","Sonu Nigam, Shaan & Shankar Mahadevan","Akshay Kumar, Riteish Deshmukh, Fardeen Khan, Vidya Balan, Boman Irani, Anupam Kher, Chirag Vohra, Vrajesh Hirjee, Bikramjeet Kanwarpal, Shah Rukh Khan",2007
Heyy Babyy,"Dholna"" (Love Is in the Air Remix)","Shankar-Ehsaan-Loy, Background Score:, Salim–Sulaiman",Sonu Nigam & Shreya Ghoshal,"Akshay Kumar, Riteish Deshmukh, Fardeen Khan, Vidya Balan, Boman Irani, Anupam Kher, Chirag Vohra, Vrajesh Hirjee, Bikramjeet Kanwarpal, Shah Rukh Khan",2007
Heyy Babyy,"Heyy Babyy"" (The Big 'O' Remix)","Shankar-Ehsaan-Loy, Background Score:, Salim–Sulaiman","Neeraj Shridhar, Raman, Pervez Qadir, Loy & Dj Whosane","Akshay Kumar, Riteish Deshmukh, Fardeen Khan, Vidya Balan, Boman Irani, Anupam Kher, Chirag Vohra, Vrajesh Hirjee, Bikramjeet Kanwarpal, Shah Rukh Khan",2007
Heyy Babyy,"Jaane Bhi De"" (Hiphop Hiccup Remix)","Shankar-Ehsaan-Loy, Background Score:, Salim–Sulaiman",Shankar Mahadevan & Dj Whosane,"Akshay Kumar, Riteish Deshmukh, Fardeen Khan, Vidya Balan, Boman Irani, Anupam Kher, Chirag Vohra, Vrajesh Hirjee, Bikramjeet Kanwarpal, Shah Rukh Khan",2007
Guru,Ek Lo Ek Muft,A. R. Rahman,"A.R. Rahman, Bappi Lahiri & K.S. Chithra","Abhishek Bachchan, Aishwarya Rai Bachchan, Mithun Chakraborty, R. Madhavan, Vidya Balan, Arya Babbar, Mallika Sherawat, Prathap Pothan, Sachin Khedekar, Manoj Joshi",2007
Guru,Tere Bina,A. R. Rahman,"A.R. Rahman, Chinmayi Sripada, Murtuza Khan & Qadir Khan","Abhishek Bachchan, Aishwarya Rai Bachchan, Mithun Chakraborty, R. Madhavan, Vidya Balan, Arya Babbar, Mallika Sherawat, Prathap Pothan, Sachin Khedekar, Manoj Joshi",2007
Guru,Jaage Hain,A. R. Rahman,"A.R. Rahman, K.S. Chithra & Madras Chorale Group","Abhishek Bachchan, Aishwarya Rai Bachchan, Mithun Chakraborty, R. Madhavan, Vidya Balan, Arya Babbar, Mallika Sherawat, Prathap Pothan, Sachin Khedekar, Manoj Joshi",2007
Guru,Ey Hairathe,A. R. Rahman,"A.R. Rahman, Hariharan, Alka Yagnik & Mohammed Aslam","Abhishek Bachchan, Aishwarya Rai Bachchan, Mithun Chakraborty, R. Madhavan, Vidya Balan, Arya Babbar, Mallika Sherawat, Prathap Pothan, Sachin Khedekar, Manoj Joshi",2007
Guru,Mayya,A. R. Rahman,"A.R. Rahman, Maryem Tollar, Chinmayi Sripada & Kirti Sagathia","Abhishek Bachchan, Aishwarya Rai Bachchan, Mithun Chakraborty, R. Madhavan, Vidya Balan, Arya Babbar, Mallika Sherawat, Prathap Pothan, Sachin Khedekar, Manoj Joshi",2007
Guru,Baazi Laga,A. R. Rahman,"A.R. Rahman, Hariharan, Madhushree, Shweta Pandit & Bhargavee","Abhishek Bachchan, Aishwarya Rai Bachchan, Mithun Chakraborty, R. Madhavan, Vidya Balan, Arya Babbar, Mallika Sherawat, Prathap Pothan, Sachin Khedekar, Manoj Joshi",2007
Guru,Barso Re,A. R. Rahman,"A.R. Rahman, Shreya Ghoshal & Uday Majumdar","Abhishek Bachchan, Aishwarya Rai Bachchan, Mithun Chakraborty, R. Madhavan, Vidya Balan, Arya Babbar, Mallika Sherawat, Prathap Pothan, Sachin Khedekar, Manoj Joshi",2007
Guru,Shaouk Hai,A. R. Rahman,Not Found,"Abhishek Bachchan, Aishwarya Rai Bachchan, Mithun Chakraborty, R. Madhavan, Vidya Balan, Arya Babbar, Mallika Sherawat, Prathap Pothan, Sachin Khedekar, Manoj Joshi",2007
Guru,Guru Theme Music,A. R. Rahman,"A.R. Rahman, Chinmayi Sripada, Murtuza Khan & Qadir Khan","Abhishek Bachchan, Aishwarya Rai Bachchan, Mithun Chakraborty, R. Madhavan, Vidya Balan, Arya Babbar, Mallika Sherawat, Prathap Pothan, Sachin Khedekar, Manoj Joshi",2007
Bhool Bhulaiyaa,Bhool Bhulaiyaa,Pritam,Pritam & Neeraj Shridhar,"Akshay Kumar, Shiney Ahuja, Vidya Balan, Paresh Rawal, Ameesha Patel, Manoj Joshi, Rajpal Yadav, Asrani, Rasika Joshi, Vikram Gokhale",2007
Bhool Bhulaiyaa,Labon Ko Labon Pe,Pritam,Error,"Akshay Kumar, Shiney Ahuja, Vidya Balan, Paresh Rawal, Ameesha Patel, Manoj Joshi, Rajpal Yadav, Asrani, Rasika Joshi, Vikram Gokhale",2007
Bhool Bhulaiyaa,Pyaar Ka Sajda (Not in the film),Pritam,Not Found,"Akshay Kumar, Shiney Ahuja, Vidya Balan, Paresh Rawal, Ameesha Patel, Manoj Joshi, Rajpal Yadav, Asrani, Rasika Joshi, Vikram Gokhale",2007
Bhool Bhulaiyaa,Ami Je Tomar (Mere Dholna),Pritam,"Amaal Mallik, Shreya Ghoshal, Sameer & Pritam","Akshay Kumar, Shiney Ahuja, Vidya Balan, Paresh Rawal, Ameesha Patel, Manoj Joshi, Rajpal Yadav, Asrani, Rasika Joshi, Vikram Gokhale",2007
Bhool Bhulaiyaa,Let's Rock Soniye,Pritam,"Pritam, Tulsi Kumar & Shaan","Akshay Kumar, Shiney Ahuja, Vidya Balan, Paresh Rawal, Ameesha Patel, Manoj Joshi, Rajpal Yadav, Asrani, Rasika Joshi, Vikram Gokhale",2007
Bhool Bhulaiyaa,Sakiya Re Sakiya,Pritam,Not Found,"Akshay Kumar, Shiney Ahuja, Vidya Balan, Paresh Rawal, Ameesha Patel, Manoj Joshi, Rajpal Yadav, Asrani, Rasika Joshi, Vikram Gokhale",2007
Bhool Bhulaiyaa,Bhool Bhulaiyaa – Remix,Pritam,Pritam & Neeraj Shridhar,"Akshay Kumar, Shiney Ahuja, Vidya Balan, Paresh Rawal, Ameesha Patel, Manoj Joshi, Rajpal Yadav, Asrani, Rasika Joshi, Vikram Gokhale",2007
Bhool Bhulaiyaa,Allah Hafiz Keh Raha,Pritam,Not Found,"Akshay Kumar, Shiney Ahuja, Vidya Balan, Paresh Rawal, Ameesha Patel, Manoj Joshi, Rajpal Yadav, Asrani, Rasika Joshi, Vikram Gokhale",2007
Bhool Bhulaiyaa,Let's Rock Soniye – Remix,Pritam,"Tulsi Kumar, Shaan & Pritam","Akshay Kumar, Shiney Ahuja, Vidya Balan, Paresh Rawal, Ameesha Patel, Manoj Joshi, Rajpal Yadav, Asrani, Rasika Joshi, Vikram Gokhale",2007
Bhool Bhulaiyaa,Pyaar Ka Sajda – Remix,Pritam,Not Found,"Akshay Kumar, Shiney Ahuja, Vidya Balan, Paresh Rawal, Ameesha Patel, Manoj Joshi, Rajpal Yadav, Asrani, Rasika Joshi, Vikram Gokhale",2007
Bhool Bhulaiyaa,Labon Ko Labon Pe – Remix,Pritam,Pritam & KK,"Akshay Kumar, Shiney Ahuja, Vidya Balan, Paresh Rawal, Ameesha Patel, Manoj Joshi, Rajpal Yadav, Asrani, Rasika Joshi, Vikram Gokhale",2007
Namastey London,Chakna Chakna,"Himesh Reshammiya, Background Score:, Salim-Sulaiman",Badshah & Neha Kakkar,"Akshay Kumar, Katrina Kaif, Rishi Kapoor, Clive Standen, Upen Patel, Javed Sheikh, Tiffany Mulheron, Riteish Deshmukh, Nina Wadia, Shaana Diya",2007
Namastey London,Viraaniya,"Himesh Reshammiya, Background Score:, Salim-Sulaiman",Sachin Brahmbhatt & Sandeep Dadhich,"Akshay Kumar, Katrina Kaif, Rishi Kapoor, Clive Standen, Upen Patel, Javed Sheikh, Tiffany Mulheron, Riteish Deshmukh, Nina Wadia, Shaana Diya",2007
Namastey London,Main Jahaan Rahoon,"Himesh Reshammiya, Background Score:, Salim-Sulaiman",Armaan Malik & Amaal Mallik,"Akshay Kumar, Katrina Kaif, Rishi Kapoor, Clive Standen, Upen Patel, Javed Sheikh, Tiffany Mulheron, Riteish Deshmukh, Nina Wadia, Shaana Diya",2007
Namastey London,Yahi Hota Pyaar,"Himesh Reshammiya, Background Score:, Salim-Sulaiman","Pritam, Arijit Singh & Amitabh Bhattacharya","Akshay Kumar, Katrina Kaif, Rishi Kapoor, Clive Standen, Upen Patel, Javed Sheikh, Tiffany Mulheron, Riteish Deshmukh, Nina Wadia, Shaana Diya",2007
Namastey London,Rafta Rafta,"Himesh Reshammiya, Background Score:, Salim-Sulaiman",KK,"Akshay Kumar, Katrina Kaif, Rishi Kapoor, Clive Standen, Upen Patel, Javed Sheikh, Tiffany Mulheron, Riteish Deshmukh, Nina Wadia, Shaana Diya",2007
Namastey London,Annan Faanan,"Himesh Reshammiya, Background Score:, Salim-Sulaiman",Not Found,"Akshay Kumar, Katrina Kaif, Rishi Kapoor, Clive Standen, Upen Patel, Javed Sheikh, Tiffany Mulheron, Riteish Deshmukh, Nina Wadia, Shaana Diya",2007
Namastey London,Dilruba,"Himesh Reshammiya, Background Score:, Salim-Sulaiman",Sunidhi Chauhan,"Akshay Kumar, Katrina Kaif, Rishi Kapoor, Clive Standen, Upen Patel, Javed Sheikh, Tiffany Mulheron, Riteish Deshmukh, Nina Wadia, Shaana Diya",2007
Namastey London,"Aanan Faanan"" (Mehfil Mix)","Himesh Reshammiya, Background Score:, Salim-Sulaiman",Not Found,"Akshay Kumar, Katrina Kaif, Rishi Kapoor, Clive Standen, Upen Patel, Javed Sheikh, Tiffany Mulheron, Riteish Deshmukh, Nina Wadia, Shaana Diya",2007
Namastey London,"Chakna Chakna"" (Remix)","Himesh Reshammiya, Background Score:, Salim-Sulaiman",Not Found,"Akshay Kumar, Katrina Kaif, Rishi Kapoor, Clive Standen, Upen Patel, Javed Sheikh, Tiffany Mulheron, Riteish Deshmukh, Nina Wadia, Shaana Diya",2007
Namastey London,"Dilruba"" (Remix)","Himesh Reshammiya, Background Score:, Salim-Sulaiman",Himesh Reshammiya & Shreya Ghoshal,"Akshay Kumar, Katrina Kaif, Rishi Kapoor, Clive Standen, Upen Patel, Javed Sheikh, Tiffany Mulheron, Riteish Deshmukh, Nina Wadia, Shaana Diya",2007
Namastey London,Main Jahaan Rahoon (Remix),"Himesh Reshammiya, Background Score:, Salim-Sulaiman",Armaan Malik & Amaal Mallik,"Akshay Kumar, Katrina Kaif, Rishi Kapoor, Clive Standen, Upen Patel, Javed Sheikh, Tiffany Mulheron, Riteish Deshmukh, Nina Wadia, Shaana Diya",2007
Namastey London,"Yahi Hota Pyaar"" (Remix)","Himesh Reshammiya, Background Score:, Salim-Sulaiman","Pritam, Arijit Singh & Amitabh Bhattacharya","Akshay Kumar, Katrina Kaif, Rishi Kapoor, Clive Standen, Upen Patel, Javed Sheikh, Tiffany Mulheron, Riteish Deshmukh, Nina Wadia, Shaana Diya",2007
Namastey London,"Aanan Faanan"" (Remix)","Himesh Reshammiya, Background Score:, Salim-Sulaiman",Not Found,"Akshay Kumar, Katrina Kaif, Rishi Kapoor, Clive Standen, Upen Patel, Javed Sheikh, Tiffany Mulheron, Riteish Deshmukh, Nina Wadia, Shaana Diya",2007
Namastey London,"Main Jahaan Rahoon"" (Mehfil Mix)","Himesh Reshammiya, Background Score:, Salim-Sulaiman",Not Found,"Akshay Kumar, Katrina Kaif, Rishi Kapoor, Clive Standen, Upen Patel, Javed Sheikh, Tiffany Mulheron, Riteish Deshmukh, Nina Wadia, Shaana Diya",2007
Namastey London,"Yahi Hota Pyaar"" (Mehfil Mix)","Himesh Reshammiya, Background Score:, Salim-Sulaiman",Not Found,"Akshay Kumar, Katrina Kaif, Rishi Kapoor, Clive Standen, Upen Patel, Javed Sheikh, Tiffany Mulheron, Riteish Deshmukh, Nina Wadia, Shaana Diya",2007
Namastey London,"Viraaniyan"" (Remix)","Himesh Reshammiya, Background Score:, Salim-Sulaiman",Not Found,"Akshay Kumar, Katrina Kaif, Rishi Kapoor, Clive Standen, Upen Patel, Javed Sheikh, Tiffany Mulheron, Riteish Deshmukh, Nina Wadia, Shaana Diya",2007
Namastey London,"Rafta Rafta"" (Remix)","Himesh Reshammiya, Background Score:, Salim-Sulaiman",KK,"Akshay Kumar, Katrina Kaif, Rishi Kapoor, Clive Standen, Upen Patel, Javed Sheikh, Tiffany Mulheron, Riteish Deshmukh, Nina Wadia, Shaana Diya",2007
Ta Ra Rum Pum,Ta Ra Rum Pum,Songs:Vishal–ShekharScore:Salim–Sulaiman,"Vishal & Shekhar, Mahalakshmi Iyer, Shaan, Shravan Suresh & Sneha Suresh","Saif Ali Khan, Rani Mukerji, Javed Jaffrey, Shruti Seth, Ali Haji, Victor Banerjee, Bharat Dabholkar, Dolly Bindra, Kal Parekh",2007
Ta Ra Rum Pum,Hey Shona,Songs:Vishal–ShekharScore:Salim–Sulaiman,"Vishal & Shekhar, Shaan & Sunidhi Chauhan","Saif Ali Khan, Rani Mukerji, Javed Jaffrey, Shruti Seth, Ali Haji, Victor Banerjee, Bharat Dabholkar, Dolly Bindra, Kal Parekh",2007
Ta Ra Rum Pum,Nachle Ve,Songs:Vishal–ShekharScore:Salim–Sulaiman,"Vishal & Shekhar, Somya Raoh & Sonu Nigam","Saif Ali Khan, Rani Mukerji, Javed Jaffrey, Shruti Seth, Ali Haji, Victor Banerjee, Bharat Dabholkar, Dolly Bindra, Kal Parekh",2007
Ta Ra Rum Pum,"Ta Ra Rum Pum"" (Version 2)",Songs:Vishal–ShekharScore:Salim–Sulaiman,"Vishal & Shekhar, Mahalakshmi Iyer, Shaan, Shravan Suresh & Sneha Suresh","Saif Ali Khan, Rani Mukerji, Javed Jaffrey, Shruti Seth, Ali Haji, Victor Banerjee, Bharat Dabholkar, Dolly Bindra, Kal Parekh",2007
Ta Ra Rum Pum,Ab To Forever,Songs:Vishal–ShekharScore:Salim–Sulaiman,"Vishal & Shekhar, Shreya Ghoshal, Vishal Dadlani & KK","Saif Ali Khan, Rani Mukerji, Javed Jaffrey, Shruti Seth, Ali Haji, Victor Banerjee, Bharat Dabholkar, Dolly Bindra, Kal Parekh",2007
Ta Ra Rum Pum,Saiyaan,Songs:Vishal–ShekharScore:Salim–Sulaiman,"Kailash Kher, Silent Ocean & Bollywood Lofi","Saif Ali Khan, Rani Mukerji, Javed Jaffrey, Shruti Seth, Ali Haji, Victor Banerjee, Bharat Dabholkar, Dolly Bindra, Kal Parekh",2007
Ta Ra Rum Pum,Aalap,Songs:Vishal–ShekharScore:Salim–Sulaiman,Vishal & Shekhar,"Saif Ali Khan, Rani Mukerji, Javed Jaffrey, Shruti Seth, Ali Haji, Victor Banerjee, Bharat Dabholkar, Dolly Bindra, Kal Parekh",2007
Salaam-e-Ishq: A Tribute to Love,Dil Kya Kare,Shankar–Ehsaan–Loy,Adnan Sami,"Salman Khan, Priyanka Chopra, Anil Kapoor, Juhi Chawla, John Abraham, Vidya Balan, Akshaye Khanna, Ayesha Takia, Govinda, Sohail Khan",2007
Salaam-e-Ishq: A Tribute to Love,Salaam-E-Ishq,Shankar–Ehsaan–Loy,"Sonu Nigam, Shreya Ghoshal, Kunal Ganjawala, Sadhana Sargam & Shankar Mahadevan","Salman Khan, Priyanka Chopra, Anil Kapoor, Juhi Chawla, John Abraham, Vidya Balan, Akshaye Khanna, Ayesha Takia, Govinda, Sohail Khan",2007
Salaam-e-Ishq: A Tribute to Love,Mera Dil,Shankar–Ehsaan–Loy,Shaan & Nihira,"Salman Khan, Priyanka Chopra, Anil Kapoor, Juhi Chawla, John Abraham, Vidya Balan, Akshaye Khanna, Ayesha Takia, Govinda, Sohail Khan",2007
Salaam-e-Ishq: A Tribute to Love,Tenu Leke,Shankar–Ehsaan–Loy,"Pritam, Arijit Singh & Sunidhi Chauhan","Salman Khan, Priyanka Chopra, Anil Kapoor, Juhi Chawla, John Abraham, Vidya Balan, Akshaye Khanna, Ayesha Takia, Govinda, Sohail Khan",2007
Salaam-e-Ishq: A Tribute to Love,Saiyaan Re,Shankar–Ehsaan–Loy,"Shilpa, Shankar Mahadevan & Loy Mendonsa","Salman Khan, Priyanka Chopra, Anil Kapoor, Juhi Chawla, John Abraham, Vidya Balan, Akshaye Khanna, Ayesha Takia, Govinda, Sohail Khan",2007
Salaam-e-Ishq: A Tribute to Love,Babuji,Shankar–Ehsaan–Loy,"Alka Yagnik, Sanjay Dutt & Ajay Devgan","Salman Khan, Priyanka Chopra, Anil Kapoor, Juhi Chawla, John Abraham, Vidya Balan, Akshaye Khanna, Ayesha Takia, Govinda, Sohail Khan",2007
Salaam-e-Ishq: A Tribute to Love,Ya Rabba,Shankar–Ehsaan–Loy,Kailash Kher,"Salman Khan, Priyanka Chopra, Anil Kapoor, Juhi Chawla, John Abraham, Vidya Balan, Akshaye Khanna, Ayesha Takia, Govinda, Sohail Khan",2007
Black Friday,Bandeh,Indian Ocean,Indian Ocean,"Kay Kay Menon, Pavan Malhotra, Aditya Srivastava, Dibyendu Bhattacharya, Kishore Kadam, Gajraj Rao, Zakir Hussain, Imtiaz Ali, Pankaj Jha, Pratima Kazmi",2004
Black Friday,Badshah in Jail,Indian Ocean,Indian Ocean,"Kay Kay Menon, Pavan Malhotra, Aditya Srivastava, Dibyendu Bhattacharya, Kishore Kadam, Gajraj Rao, Zakir Hussain, Imtiaz Ali, Pankaj Jha, Pratima Kazmi",2004
Black Friday,Bharam Paap Ke,Indian Ocean,Indian Ocean,"Kay Kay Menon, Pavan Malhotra, Aditya Srivastava, Dibyendu Bhattacharya, Kishore Kadam, Gajraj Rao, Zakir Hussain, Imtiaz Ali, Pankaj Jha, Pratima Kazmi",2004
Black Friday,Opening,Indian Ocean,Måneskin,"Kay Kay Menon, Pavan Malhotra, Aditya Srivastava, Dibyendu Bhattacharya, Kishore Kadam, Gajraj Rao, Zakir Hussain, Imtiaz Ali, Pankaj Jha, Pratima Kazmi",2004
Black Friday,Bomb Planting,Indian Ocean,Indian Ocean,"Kay Kay Menon, Pavan Malhotra, Aditya Srivastava, Dibyendu Bhattacharya, Kishore Kadam, Gajraj Rao, Zakir Hussain, Imtiaz Ali, Pankaj Jha, Pratima Kazmi",2004
Black Friday,Memon House,Indian Ocean,Indian Ocean,"Kay Kay Menon, Pavan Malhotra, Aditya Srivastava, Dibyendu Bhattacharya, Kishore Kadam, Gajraj Rao, Zakir Hussain, Imtiaz Ali, Pankaj Jha, Pratima Kazmi",2004
Black Friday,Rdx,Indian Ocean,Indian Ocean,"Kay Kay Menon, Pavan Malhotra, Aditya Srivastava, Dibyendu Bhattacharya, Kishore Kadam, Gajraj Rao, Zakir Hussain, Imtiaz Ali, Pankaj Jha, Pratima Kazmi",2004
Black Friday,Training,Indian Ocean,Nelly Furtado,"Kay Kay Menon, Pavan Malhotra, Aditya Srivastava, Dibyendu Bhattacharya, Kishore Kadam, Gajraj Rao, Zakir Hussain, Imtiaz Ali, Pankaj Jha, Pratima Kazmi",2004
Black Friday,Chase,Indian Ocean,Shashwat Sachdev,"Kay Kay Menon, Pavan Malhotra, Aditya Srivastava, Dibyendu Bhattacharya, Kishore Kadam, Gajraj Rao, Zakir Hussain, Imtiaz Ali, Pankaj Jha, Pratima Kazmi",2004
Eklavya: The Royal Guard,The Revelation,Shantanu Moitra,Ghibran,"Amitabh Bachchan, Saif Ali Khan, Vidya Balan, Sanjay Dutt, Boman Irani, Jackie Shroff, Jimmy Shergill, Raima Sen, Sharmila Tagore, Parikshat Sahni",2007
Eklavya: The Royal Guard,Chanda Re (The Moon Song),Shantanu Moitra,Mukesh,"Amitabh Bachchan, Saif Ali Khan, Vidya Balan, Sanjay Dutt, Boman Irani, Jackie Shroff, Jimmy Shergill, Raima Sen, Sharmila Tagore, Parikshat Sahni",2007
Eklavya: The Royal Guard,The Gayatri Mantra Theme,Shantanu Moitra,Kedar Pandit,"Amitabh Bachchan, Saif Ali Khan, Vidya Balan, Sanjay Dutt, Boman Irani, Jackie Shroff, Jimmy Shergill, Raima Sen, Sharmila Tagore, Parikshat Sahni",2007
Eklavya: The Royal Guard,Jaanu Na,Shantanu Moitra,Mismatched - Cast & Danish Sood,"Amitabh Bachchan, Saif Ali Khan, Vidya Balan, Sanjay Dutt, Boman Irani, Jackie Shroff, Jimmy Shergill, Raima Sen, Sharmila Tagore, Parikshat Sahni",2007
Eklavya: The Royal Guard,The Killing,Shantanu Moitra,Not Found,"Amitabh Bachchan, Saif Ali Khan, Vidya Balan, Sanjay Dutt, Boman Irani, Jackie Shroff, Jimmy Shergill, Raima Sen, Sharmila Tagore, Parikshat Sahni",2007
Eklavya: The Royal Guard,The Theme of Eklavya,Shantanu Moitra,Not Found,"Amitabh Bachchan, Saif Ali Khan, Vidya Balan, Sanjay Dutt, Boman Irani, Jackie Shroff, Jimmy Shergill, Raima Sen, Sharmila Tagore, Parikshat Sahni",2007
Eklavya: The Royal Guard,The Love Theme,Shantanu Moitra,Shankar Mahadevan & Kavita Krishnamurthy,"Amitabh Bachchan, Saif Ali Khan, Vidya Balan, Sanjay Dutt, Boman Irani, Jackie Shroff, Jimmy Shergill, Raima Sen, Sharmila Tagore, Parikshat Sahni",2007
Eklavya: The Royal Guard,Suno Kahani (The Legend of Eklavya),Shantanu Moitra,Not Found,"Amitabh Bachchan, Saif Ali Khan, Vidya Balan, Sanjay Dutt, Boman Irani, Jackie Shroff, Jimmy Shergill, Raima Sen, Sharmila Tagore, Parikshat Sahni",2007
Honeymoon Travels Pvt. Ltd.,Sajnaji,Vishal–Shekhar,Sajid Wajid & DJ Romeo,"Abhay Deol, Minissha Lamba, Kay Kay Menon, Raima Sen, Boman Irani, Shabana Azmi, Ranvir Shorey, Dia Mirza, Ameesha Patel, Karan Khanna",2007
Honeymoon Travels Pvt. Ltd.,Jaane Hai Woh Kahan,Vishal–Shekhar,Shaan & Kavita Subrahmanyam,"Abhay Deol, Minissha Lamba, Kay Kay Menon, Raima Sen, Boman Irani, Shabana Azmi, Ranvir Shorey, Dia Mirza, Ameesha Patel, Karan Khanna",2007
Honeymoon Travels Pvt. Ltd.,Albela,Vishal–Shekhar,"Sanjay Leela Bhansali, Shashi Suman, Kunal Pandit, Prithvi Gandharva, Kanika Joshi, Rashi Raagga & Geetikka Manjrekar","Abhay Deol, Minissha Lamba, Kay Kay Menon, Raima Sen, Boman Irani, Shabana Azmi, Ranvir Shorey, Dia Mirza, Ameesha Patel, Karan Khanna",2007
Honeymoon Travels Pvt. Ltd.,Halke Halke Rang Chhalkein,Vishal–Shekhar,Not Found,"Abhay Deol, Minissha Lamba, Kay Kay Menon, Raima Sen, Boman Irani, Shabana Azmi, Ranvir Shorey, Dia Mirza, Ameesha Patel, Karan Khanna",2007
Honeymoon Travels Pvt. Ltd.,Pyaar Ki Yeh Kahani,Vishal–Shekhar,"Sunidhi Chauhan, Gayatri Iyer & Vishal & Shekhar","Abhay Deol, Minissha Lamba, Kay Kay Menon, Raima Sen, Boman Irani, Shabana Azmi, Ranvir Shorey, Dia Mirza, Ameesha Patel, Karan Khanna",2007
Honeymoon Travels Pvt. Ltd.,Haath Dhore Niye Chalo,Vishal–Shekhar,Vishal & Shekhar,"Abhay Deol, Minissha Lamba, Kay Kay Menon, Raima Sen, Boman Irani, Shabana Azmi, Ranvir Shorey, Dia Mirza, Ameesha Patel, Karan Khanna",2007
Honeymoon Travels Pvt. Ltd.,Halke Halke – Remix,Vishal–Shekhar,Neeraj Shridhar & Vishal & Shekhar,"Abhay Deol, Minissha Lamba, Kay Kay Menon, Raima Sen, Boman Irani, Shabana Azmi, Ranvir Shorey, Dia Mirza, Ameesha Patel, Karan Khanna",2007
Just Married,Ram Milaye Jodi,Pritam,"Pritam, Sukhwinder Singh, Sunidhi Chauhan & Shaan","Fardeen Khan, Esha Deol, Kirron Kher, Perizaad Zorabian",2007
Just Married,Gudgudee,Pritam,Pritam & Sunidhi Chauhan,"Fardeen Khan, Esha Deol, Kirron Kher, Perizaad Zorabian",2007
Just Married,"Baat Pakki"" (Version I)",Pritam,"Pritam, Shaan, Sunidhi Chauhan, Mahalakshmi Iyer & Sukhwinder Singh","Fardeen Khan, Esha Deol, Kirron Kher, Perizaad Zorabian",2007
Just Married,Doha,Pritam,Pritam & Arijit Singh,"Fardeen Khan, Esha Deol, Kirron Kher, Perizaad Zorabian",2007
Just Married,"Baat Pakki"" (Remix)",Pritam,"Pritam, Shaan, Sunidhi Chauhan, Mahalakshmi Iyer & Sukhwinder Singh","Fardeen Khan, Esha Deol, Kirron Kher, Perizaad Zorabian",2007
Just Married,Jagte Raho,Pritam,Pritam & Sonu Nigam,"Fardeen Khan, Esha Deol, Kirron Kher, Perizaad Zorabian",2007
Just Married,"Ram Milaye Jodi"" (Remix)",Pritam,Pritam & Sukhwinder Singh,"Fardeen Khan, Esha Deol, Kirron Kher, Perizaad Zorabian",2007
Just Married,"Baat Pakki"" (Version II)",Pritam,"Pritam, Shaan, Sunidhi Chauhan, Mahalakshmi Iyer & Sukhwinder Singh","Fardeen Khan, Esha Deol, Kirron Kher, Perizaad Zorabian",2007
Just Married,"Ram Milaye Jodi"" (Sad)",Pritam,"Pritam, Sukhwinder Singh, Sunidhi Chauhan & Shaan","Fardeen Khan, Esha Deol, Kirron Kher, Perizaad Zorabian",2007
The Namesake,Chug De Punjabi,"Sukhshinder Shinda, Nitz 'N' Sony, Harry Anand",Jazzy B,"Kal Penn, Irrfan Khan, Tabu, Jacinda Barrett, Zuleikha Robinson, Ruma Guha Thakurta, Sabyasachi Chakraborty, Sahira Nair, Supriya Choudhury, Jhumpa Lahiri",2006
The Namesake,Assi Teri Gul Karni,"Sukhshinder Shinda, Nitz 'N' Sony, Harry Anand",Not Found,"Kal Penn, Irrfan Khan, Tabu, Jacinda Barrett, Zuleikha Robinson, Ruma Guha Thakurta, Sabyasachi Chakraborty, Sahira Nair, Supriya Choudhury, Jhumpa Lahiri",2006
The Namesake,Titliyan Titliyan,"Sukhshinder Shinda, Nitz 'N' Sony, Harry Anand",Sunidhi Chauhan,"Kal Penn, Irrfan Khan, Tabu, Jacinda Barrett, Zuleikha Robinson, Ruma Guha Thakurta, Sabyasachi Chakraborty, Sahira Nair, Supriya Choudhury, Jhumpa Lahiri",2006
The Namesake,Sharabiyon,"Sukhshinder Shinda, Nitz 'N' Sony, Harry Anand",Aneesha & Chazz Bhalla,"Kal Penn, Irrfan Khan, Tabu, Jacinda Barrett, Zuleikha Robinson, Ruma Guha Thakurta, Sabyasachi Chakraborty, Sahira Nair, Supriya Choudhury, Jhumpa Lahiri",2006
The Namesake,"Assi Teri Gul Karni"" (Remix)","Sukhshinder Shinda, Nitz 'N' Sony, Harry Anand",Not Found,"Kal Penn, Irrfan Khan, Tabu, Jacinda Barrett, Zuleikha Robinson, Ruma Guha Thakurta, Sabyasachi Chakraborty, Sahira Nair, Supriya Choudhury, Jhumpa Lahiri",2006
The Namesake,"Titliyan Titliyan"" (Remix)","Sukhshinder Shinda, Nitz 'N' Sony, Harry Anand",Sonu Nigam & Shweta Pandit,"Kal Penn, Irrfan Khan, Tabu, Jacinda Barrett, Zuleikha Robinson, Ruma Guha Thakurta, Sabyasachi Chakraborty, Sahira Nair, Supriya Choudhury, Jhumpa Lahiri",2006
The Namesake,"Sharabiyon"" (Lounge Mix)","Sukhshinder Shinda, Nitz 'N' Sony, Harry Anand",Not Found,"Kal Penn, Irrfan Khan, Tabu, Jacinda Barrett, Zuleikha Robinson, Ruma Guha Thakurta, Sabyasachi Chakraborty, Sahira Nair, Supriya Choudhury, Jhumpa Lahiri",2006
Bheja Fry,"""Kaun Kiska Hua Hai Yaha"" -Vasundhara Das",Sagar Desai,Not Found,"Rajat Kapoor, Vinay Pathak, Ranvir Shorey, Sarika, Tom Alter, Milind Soman, Bhairavi Goswami, Harsh Chhaya",2007
Bheja Fry,"""Bacha Hai Na Koi Raha"" -Shaan",Sagar Desai,Not Found,"Rajat Kapoor, Vinay Pathak, Ranvir Shorey, Sarika, Tom Alter, Milind Soman, Bhairavi Goswami, Harsh Chhaya",2007
Kya Love Story Hai,I Miss You Every Day,"Pritam, Background Score:, Sanjoy Chowdhury",Ravyn Lenae,"Tusshar Kapoor, Ayesha Takia, Karan Hukka, Rahul Singh, Shyam Mashalkar, Poonam Gibson, Sujata Kumar, Bikramjeet Kanwarpal, Shahid Kapoor, Kareena Kapoor Khan",2007
Kya Love Story Hai,It's Rocking,"Pritam, Background Score:, Sanjoy Chowdhury",Pritam & Alisha Chinai,"Tusshar Kapoor, Ayesha Takia, Karan Hukka, Rahul Singh, Shyam Mashalkar, Poonam Gibson, Sujata Kumar, Bikramjeet Kanwarpal, Shahid Kapoor, Kareena Kapoor Khan",2007
Kya Love Story Hai,Gumsum Hai Dil Mera,"Pritam, Background Score:, Sanjoy Chowdhury",Pritam & Sonu Nigam,"Tusshar Kapoor, Ayesha Takia, Karan Hukka, Rahul Singh, Shyam Mashalkar, Poonam Gibson, Sujata Kumar, Bikramjeet Kanwarpal, Shahid Kapoor, Kareena Kapoor Khan",2007
Kya Love Story Hai,Aye Khuda,"Pritam, Background Score:, Sanjoy Chowdhury","Kshitij Tarey, Saim Bhat & Mithoon","Tusshar Kapoor, Ayesha Takia, Karan Hukka, Rahul Singh, Shyam Mashalkar, Poonam Gibson, Sujata Kumar, Bikramjeet Kanwarpal, Shahid Kapoor, Kareena Kapoor Khan",2007
Kya Love Story Hai,Deewana Teri Aankhon Ka,"Pritam, Background Score:, Sanjoy Chowdhury","Pritam, Joy & Jolly","Tusshar Kapoor, Ayesha Takia, Karan Hukka, Rahul Singh, Shyam Mashalkar, Poonam Gibson, Sujata Kumar, Bikramjeet Kanwarpal, Shahid Kapoor, Kareena Kapoor Khan",2007
Kya Love Story Hai,Jeena Kya Tere Bina,"Pritam, Background Score:, Sanjoy Chowdhury","A.R. Rahman, Chinmayi Sripada, Murtuza Khan & Qadir Khan","Tusshar Kapoor, Ayesha Takia, Karan Hukka, Rahul Singh, Shyam Mashalkar, Poonam Gibson, Sujata Kumar, Bikramjeet Kanwarpal, Shahid Kapoor, Kareena Kapoor Khan",2007
Kya Love Story Hai,"I Miss You Every Day"" - Remix","Pritam, Background Score:, Sanjoy Chowdhury",Ravyn Lenae,"Tusshar Kapoor, Ayesha Takia, Karan Hukka, Rahul Singh, Shyam Mashalkar, Poonam Gibson, Sujata Kumar, Bikramjeet Kanwarpal, Shahid Kapoor, Kareena Kapoor Khan",2007
Kya Love Story Hai,"Jeena Kya Tere Bina"" - Remix","Pritam, Background Score:, Sanjoy Chowdhury","A.R. Rahman, Chinmayi Sripada, Murtuza Khan & Qadir Khan","Tusshar Kapoor, Ayesha Takia, Karan Hukka, Rahul Singh, Shyam Mashalkar, Poonam Gibson, Sujata Kumar, Bikramjeet Kanwarpal, Shahid Kapoor, Kareena Kapoor Khan",2007
Cheeni Kum,Cheeni Kum,Ilaiyaraaja,Ilaiyaraaja & Shreya Ghoshal,"Amitabh Bachchan, Tabu, Paresh Rawal, Swini Khara, Vinay Jain, Zohra Sehgal, Jameel Khan, Krishna Bhatt, Alexx O'Nell",2007
Cheeni Kum,"Baatein Hawa"" (Duet)",Ilaiyaraaja,Not Found,"Amitabh Bachchan, Tabu, Paresh Rawal, Swini Khara, Vinay Jain, Zohra Sehgal, Jameel Khan, Krishna Bhatt, Alexx O'Nell",2007
Cheeni Kum,Jaane Do Na,Ilaiyaraaja,Atif Aslam & Pritam,"Amitabh Bachchan, Tabu, Paresh Rawal, Swini Khara, Vinay Jain, Zohra Sehgal, Jameel Khan, Krishna Bhatt, Alexx O'Nell",2007
Cheeni Kum,Sooni Sooni,Ilaiyaraaja,Ilaiyaraaja & Vijay Prakash,"Amitabh Bachchan, Tabu, Paresh Rawal, Swini Khara, Vinay Jain, Zohra Sehgal, Jameel Khan, Krishna Bhatt, Alexx O'Nell",2007
Cheeni Kum,"Baatein Hawa"" (Solo)",Ilaiyaraaja,"Roop Kumar Rathod, Sayeed Quadri, Mithoon, Naresh Sharma & Atif Aslam","Amitabh Bachchan, Tabu, Paresh Rawal, Swini Khara, Vinay Jain, Zohra Sehgal, Jameel Khan, Krishna Bhatt, Alexx O'Nell",2007
Shootout at Lokhandwala,Mere Yaar,"Strings, Anand Raj Anand, Mika Singh, Biddu, Euphoria",Sunidhi Chauhan & Anand Raj Anand,"Vivek Oberoi, Tusshar Kapoor, Sanjay Dutt, Suniel Shetty, Arbaaz Khan, Amitabh Bachchan, Amrita Singh, Dia Mirza, Rohit Roy, Shabbir Ahluwalia",2007
Shootout at Lokhandwala,Aakhri Alvida,"Strings, Anand Raj Anand, Mika Singh, Biddu, Euphoria",Strings,"Vivek Oberoi, Tusshar Kapoor, Sanjay Dutt, Suniel Shetty, Arbaaz Khan, Amitabh Bachchan, Amrita Singh, Dia Mirza, Rohit Roy, Shabbir Ahluwalia",2007
Shootout at Lokhandwala,Ganpat,"Strings, Anand Raj Anand, Mika Singh, Biddu, Euphoria",Mika Singh & Anchal,"Vivek Oberoi, Tusshar Kapoor, Sanjay Dutt, Suniel Shetty, Arbaaz Khan, Amitabh Bachchan, Amrita Singh, Dia Mirza, Rohit Roy, Shabbir Ahluwalia",2007
Shootout at Lokhandwala,Unke Nashe Mein,"Strings, Anand Raj Anand, Mika Singh, Biddu, Euphoria","Sukhwinder Singh, Mika Singh & Anand Raj Anand","Vivek Oberoi, Tusshar Kapoor, Sanjay Dutt, Suniel Shetty, Arbaaz Khan, Amitabh Bachchan, Amrita Singh, Dia Mirza, Rohit Roy, Shabbir Ahluwalia",2007
Shootout at Lokhandwala,Live By The Gun,"Strings, Anand Raj Anand, Mika Singh, Biddu, Euphoria",Biddu,"Vivek Oberoi, Tusshar Kapoor, Sanjay Dutt, Suniel Shetty, Arbaaz Khan, Amitabh Bachchan, Amrita Singh, Dia Mirza, Rohit Roy, Shabbir Ahluwalia",2007
Shootout at Lokhandwala,Sone De Ma,"Strings, Anand Raj Anand, Mika Singh, Biddu, Euphoria",Palash Sen,"Vivek Oberoi, Tusshar Kapoor, Sanjay Dutt, Suniel Shetty, Arbaaz Khan, Amitabh Bachchan, Amrita Singh, Dia Mirza, Rohit Roy, Shabbir Ahluwalia",2007
Jhoom Barabar Jhoom,Jhoom,Shankar–Ehsaan–Loy,Shankar Mahadevan,"Abhishek Bachchan, Lara Dutta, Preity Zinta, Bobby Deol, Robert Galas, Piyush Mishra, Hubertus Geller, Ameet Chana, Amitabh Bachchan, Sheena Bhattessa",2007
Jhoom Barabar Jhoom,Kiss of Love,Shankar–Ehsaan–Loy,Vasundhara Das & Vishal Dadlani,"Abhishek Bachchan, Lara Dutta, Preity Zinta, Bobby Deol, Robert Galas, Piyush Mishra, Hubertus Geller, Ameet Chana, Amitabh Bachchan, Sheena Bhattessa",2007
Jhoom Barabar Jhoom,Ticket to Hollywood,Shankar–Ehsaan–Loy,Alisha Chinai & Neeraj Shridhar,"Abhishek Bachchan, Lara Dutta, Preity Zinta, Bobby Deol, Robert Galas, Piyush Mishra, Hubertus Geller, Ameet Chana, Amitabh Bachchan, Sheena Bhattessa",2007
Jhoom Barabar Jhoom,JBJ,Shankar–Ehsaan–Loy,"Mahalakshmi Iyer, Rahat Fateh Ali Khan, Shankar Mahadevan, Sunidhi Chauhan & Zubeen","Abhishek Bachchan, Lara Dutta, Preity Zinta, Bobby Deol, Robert Galas, Piyush Mishra, Hubertus Geller, Ameet Chana, Amitabh Bachchan, Sheena Bhattessa",2007
Jhoom Barabar Jhoom,Bol Na Halke Halke,Shankar–Ehsaan–Loy,Mahalakshmi Iyer & Rahat Fateh Ali Khan,"Abhishek Bachchan, Lara Dutta, Preity Zinta, Bobby Deol, Robert Galas, Piyush Mishra, Hubertus Geller, Ameet Chana, Amitabh Bachchan, Sheena Bhattessa",2007
Jhoom Barabar Jhoom,Jhoom Barabar Jhoom,Shankar–Ehsaan–Loy,"KK, Mahalakshmi Iyer, Shankar Mahadevan & Sukhvinder Singh","Abhishek Bachchan, Lara Dutta, Preity Zinta, Bobby Deol, Robert Galas, Piyush Mishra, Hubertus Geller, Ameet Chana, Amitabh Bachchan, Sheena Bhattessa",2007
Jhoom Barabar Jhoom,Jhoom Jam,Shankar–Ehsaan–Loy,Shankar Ehsaan Loy,"Abhishek Bachchan, Lara Dutta, Preity Zinta, Bobby Deol, Robert Galas, Piyush Mishra, Hubertus Geller, Ameet Chana, Amitabh Bachchan, Sheena Bhattessa",2007
Aap Kaa Surroor,Assalam Vaalekum,Himesh Reshammiya,Not Found,"Himesh Reshammiya, Hansika Motwani, Mallika Sherawat, Darshan Jariwala, Raj Babbar, Sachin Khedekar, Anant Mahadevan, Gurbani Judge, Ishita Chauhan, Pankaj Jha",2007
Aap Kaa Surroor,Tera Mera Milna,Himesh Reshammiya,Himesh Reshammiya & Shreya Ghoshal,"Himesh Reshammiya, Hansika Motwani, Mallika Sherawat, Darshan Jariwala, Raj Babbar, Sachin Khedekar, Anant Mahadevan, Gurbani Judge, Ishita Chauhan, Pankaj Jha",2007
Aap Kaa Surroor,Jhoot Nahin Bolna,Himesh Reshammiya,Himesh Reshammiya & Shreya Ghoshal,"Himesh Reshammiya, Hansika Motwani, Mallika Sherawat, Darshan Jariwala, Raj Babbar, Sachin Khedekar, Anant Mahadevan, Gurbani Judge, Ishita Chauhan, Pankaj Jha",2007
Aap Kaa Surroor,Tanhaiyaan,Himesh Reshammiya,Himesh Reshammiya & Sunidhi Chauhan,"Himesh Reshammiya, Hansika Motwani, Mallika Sherawat, Darshan Jariwala, Raj Babbar, Sachin Khedekar, Anant Mahadevan, Gurbani Judge, Ishita Chauhan, Pankaj Jha",2007
Aap Kaa Surroor,Ya Ali,Himesh Reshammiya,Pritam & Zubeen Garg,"Himesh Reshammiya, Hansika Motwani, Mallika Sherawat, Darshan Jariwala, Raj Babbar, Sachin Khedekar, Anant Mahadevan, Gurbani Judge, Ishita Chauhan, Pankaj Jha",2007
Aap Kaa Surroor,Tere Bina,Himesh Reshammiya,"A.R. Rahman, Chinmayi Sripada, Murtuza Khan & Qadir Khan","Himesh Reshammiya, Hansika Motwani, Mallika Sherawat, Darshan Jariwala, Raj Babbar, Sachin Khedekar, Anant Mahadevan, Gurbani Judge, Ishita Chauhan, Pankaj Jha",2007
Aap Kaa Surroor,Kya Jeena,Himesh Reshammiya,Himesh Reshammiya,"Himesh Reshammiya, Hansika Motwani, Mallika Sherawat, Darshan Jariwala, Raj Babbar, Sachin Khedekar, Anant Mahadevan, Gurbani Judge, Ishita Chauhan, Pankaj Jha",2007
Aap Kaa Surroor,Mehbooba O Mehbooba (A Tribute to Panchamda) (Originally composed byR.D. Burman),Himesh Reshammiya,Not Found,"Himesh Reshammiya, Hansika Motwani, Mallika Sherawat, Darshan Jariwala, Raj Babbar, Sachin Khedekar, Anant Mahadevan, Gurbani Judge, Ishita Chauhan, Pankaj Jha",2007
Aap Kaa Surroor,"Tanhaiyaan"" (Unplugged)",Himesh Reshammiya,Himesh Reshammiya & Sunidhi Chauhan,"Himesh Reshammiya, Hansika Motwani, Mallika Sherawat, Darshan Jariwala, Raj Babbar, Sachin Khedekar, Anant Mahadevan, Gurbani Judge, Ishita Chauhan, Pankaj Jha",2007
Aap Kaa Surroor,Tera Tera Tera Surroor,Himesh Reshammiya,Himesh Reshammiya & Dj Akbar Sami,"Himesh Reshammiya, Hansika Motwani, Mallika Sherawat, Darshan Jariwala, Raj Babbar, Sachin Khedekar, Anant Mahadevan, Gurbani Judge, Ishita Chauhan, Pankaj Jha",2007
Aap Kaa Surroor,Naam Hai Tera Tera,Himesh Reshammiya,Akhil Sachdeva & Tulsi Kumar,"Himesh Reshammiya, Hansika Motwani, Mallika Sherawat, Darshan Jariwala, Raj Babbar, Sachin Khedekar, Anant Mahadevan, Gurbani Judge, Ishita Chauhan, Pankaj Jha",2007
Apne,Mehfuz Rakhta,Himesh Reshammiya,Not Found,"Dharmendra, Sunny Deol, Bobby Deol, Shilpa Shetty Kundra, Katrina Kaif, Divya Dutta, Kirron Kher, Victor Banerjee, Javed Sheikh, Aryan Vaid",2007
Apne,Dekhoon Tujhe To Pyaar Aaye,Himesh Reshammiya,Himesh Reshammiya & Akriti Kakkar,"Dharmendra, Sunny Deol, Bobby Deol, Shilpa Shetty Kundra, Katrina Kaif, Divya Dutta, Kirron Kher, Victor Banerjee, Javed Sheikh, Aryan Vaid",2007
Apne,Apne To Apne Hote Hain,Himesh Reshammiya,Magaru Vyas,"Dharmendra, Sunny Deol, Bobby Deol, Shilpa Shetty Kundra, Katrina Kaif, Divya Dutta, Kirron Kher, Victor Banerjee, Javed Sheikh, Aryan Vaid",2007
Apne,Anch Vich Chehra Pyaar Da,Himesh Reshammiya,Not Found,"Dharmendra, Sunny Deol, Bobby Deol, Shilpa Shetty Kundra, Katrina Kaif, Divya Dutta, Kirron Kher, Victor Banerjee, Javed Sheikh, Aryan Vaid",2007
Apne,Bulls Eye,Himesh Reshammiya,Shaan & Earl D'Souza,"Dharmendra, Sunny Deol, Bobby Deol, Shilpa Shetty Kundra, Katrina Kaif, Divya Dutta, Kirron Kher, Victor Banerjee, Javed Sheikh, Aryan Vaid",2007
Apne,Tere Sang Ek Simple Si Coffee,Himesh Reshammiya,KK & Hema Sardesai,"Dharmendra, Sunny Deol, Bobby Deol, Shilpa Shetty Kundra, Katrina Kaif, Divya Dutta, Kirron Kher, Victor Banerjee, Javed Sheikh, Aryan Vaid",2007
Apne,"Mehfooz"" (Remix)",Himesh Reshammiya,Himesh Reshammiya & Akbar Sami,"Dharmendra, Sunny Deol, Bobby Deol, Shilpa Shetty Kundra, Katrina Kaif, Divya Dutta, Kirron Kher, Victor Banerjee, Javed Sheikh, Aryan Vaid",2007
Apne,"Ankh Vich Chehra Pyaar Da"" (Remix)",Himesh Reshammiya,"Himesh Reshammiya, Shaan, Kunal Ganjawala & Amrita Kak","Dharmendra, Sunny Deol, Bobby Deol, Shilpa Shetty Kundra, Katrina Kaif, Divya Dutta, Kirron Kher, Victor Banerjee, Javed Sheikh, Aryan Vaid",2007
Apne,"Dekhoon Tujhe To Pyaar Aaye"" (Remix)",Himesh Reshammiya,Himesh Reshammiya & Akriti Kakkar,"Dharmendra, Sunny Deol, Bobby Deol, Shilpa Shetty Kundra, Katrina Kaif, Divya Dutta, Kirron Kher, Victor Banerjee, Javed Sheikh, Aryan Vaid",2007
Naqaab,Ek Din Teri Raahon,Pritam,Javed Ali & Pritam,"Akshaye Khanna, Bobby Deol, Urvashi Sharma, Archana Puran Singh",2007
Naqaab,"Aye Dil Pagal Mere"" (Remix by DJ Suketu)",Pritam,Not Found,"Akshaye Khanna, Bobby Deol, Urvashi Sharma, Archana Puran Singh",2007
Naqaab,Aa Dil Se Dil Mila Le,Pritam,"Alisha Chinai, Krishna & Pritam","Akshaye Khanna, Bobby Deol, Urvashi Sharma, Archana Puran Singh",2007
Naqaab,"Ae Dil Pagal Mere"" (Reprise)",Pritam,Lata Mangeshkar & Udit Narayan,"Akshaye Khanna, Bobby Deol, Urvashi Sharma, Archana Puran Singh",2007
Naqaab,"Ek Din Teri Raahon"" (Remix by DJ A-Myth & Jatin Sharma)",Pritam,Not Found,"Akshaye Khanna, Bobby Deol, Urvashi Sharma, Archana Puran Singh",2007
Naqaab,"Aa Dil Se Dil Mila Le"" (Remix by DJ Akbar Sami)",Pritam,Not Found,"Akshaye Khanna, Bobby Deol, Urvashi Sharma, Archana Puran Singh",2007
Naqaab,Aye Dil Pagal Mere,Pritam,Sonu Nigam & Pritam,"Akshaye Khanna, Bobby Deol, Urvashi Sharma, Archana Puran Singh",2007
Naqaab,"Disguised Intentions"" (Instrumental)",Pritam,Beth Burnett,"Akshaye Khanna, Bobby Deol, Urvashi Sharma, Archana Puran Singh",2007
Darling,Tadap Tadap,"Pritam, Himesh Reshammiya, Prasanna Shekhar",KK & Dominique,"Fardeen Khan, Esha Deol, Isha Koppikar, Kota Srinivasa Rao, Zakir Hussain, Upendra Limaye, Priyanka Kothari",2007
Darling,Aa Khushi Se Khudkushi,"Pritam, Himesh Reshammiya, Prasanna Shekhar","Pritam, Shaan & Sunidhi Chauhan","Fardeen Khan, Esha Deol, Isha Koppikar, Kota Srinivasa Rao, Zakir Hussain, Upendra Limaye, Priyanka Kothari",2007
Darling,Saathiya,"Pritam, Himesh Reshammiya, Prasanna Shekhar",Sonu Nigam,"Fardeen Khan, Esha Deol, Isha Koppikar, Kota Srinivasa Rao, Zakir Hussain, Upendra Limaye, Priyanka Kothari",2007
Darling,Hasaye Bhi,"Pritam, Himesh Reshammiya, Prasanna Shekhar","Pritam, Shaan & Tulsi Kumar","Fardeen Khan, Esha Deol, Isha Koppikar, Kota Srinivasa Rao, Zakir Hussain, Upendra Limaye, Priyanka Kothari",2007
Darling,Akele Tanha Jiya Na Jaye,"Pritam, Himesh Reshammiya, Prasanna Shekhar",Not Found,"Fardeen Khan, Esha Deol, Isha Koppikar, Kota Srinivasa Rao, Zakir Hussain, Upendra Limaye, Priyanka Kothari",2007
Darling,Awaaz Koi,"Pritam, Himesh Reshammiya, Prasanna Shekhar",Priyadarshani,"Fardeen Khan, Esha Deol, Isha Koppikar, Kota Srinivasa Rao, Zakir Hussain, Upendra Limaye, Priyanka Kothari",2007
Darling,"Aa Khushi Se Khudkushi"" (Remix by Dj A-Myth)","Pritam, Himesh Reshammiya, Prasanna Shekhar","Pritam, Shaan, Sunidhi Chauhan & Dj A-Myth","Fardeen Khan, Esha Deol, Isha Koppikar, Kota Srinivasa Rao, Zakir Hussain, Upendra Limaye, Priyanka Kothari",2007
Darling,"Hasaye Bhi"" (Remix by Dj A-Myth)","Pritam, Himesh Reshammiya, Prasanna Shekhar","Pritam, Shaan, Tulsi Kumar & Dj A-Myth","Fardeen Khan, Esha Deol, Isha Koppikar, Kota Srinivasa Rao, Zakir Hussain, Upendra Limaye, Priyanka Kothari",2007
Darling,"Saathiya"" (Remix by Dj A-Myth)","Pritam, Himesh Reshammiya, Prasanna Shekhar",Sonu Nigam,"Fardeen Khan, Esha Deol, Isha Koppikar, Kota Srinivasa Rao, Zakir Hussain, Upendra Limaye, Priyanka Kothari",2007
Dhol,Oh Yaara Dhol Bajake,Pritam,Pritam & Mika Singh,"Sharman Joshi, Kunal Kemmu, Tusshar Kapoor, Rajpal Yadav, Tanushree Dutta, Om Puri, Abhimanyu Singh, Murali Sharma, Asrani, Rasika Joshi",2007
Dhol,Namakool Namakool,Pritam,"Pritam, Kunal Ganjawala & Shaan","Sharman Joshi, Kunal Kemmu, Tusshar Kapoor, Rajpal Yadav, Tanushree Dutta, Om Puri, Abhimanyu Singh, Murali Sharma, Asrani, Rasika Joshi",2007
Dhol,"Dhol Bajake"" (Version 2)",Pritam,Pritam & Mika Singh,"Sharman Joshi, Kunal Kemmu, Tusshar Kapoor, Rajpal Yadav, Tanushree Dutta, Om Puri, Abhimanyu Singh, Murali Sharma, Asrani, Rasika Joshi",2007
Dhol,Haadsa,Pritam,"Pritam, Sunidhi Chauhan & Akriti Kakkar","Sharman Joshi, Kunal Kemmu, Tusshar Kapoor, Rajpal Yadav, Tanushree Dutta, Om Puri, Abhimanyu Singh, Murali Sharma, Asrani, Rasika Joshi",2007
Dhol,Bheega Aasman,Pritam,"Pritam, Shaan & Vijay Yesudas","Sharman Joshi, Kunal Kemmu, Tusshar Kapoor, Rajpal Yadav, Tanushree Dutta, Om Puri, Abhimanyu Singh, Murali Sharma, Asrani, Rasika Joshi",2007
Dhol,All Night Long,Pritam,Lionel Richie,"Sharman Joshi, Kunal Kemmu, Tusshar Kapoor, Rajpal Yadav, Tanushree Dutta, Om Puri, Abhimanyu Singh, Murali Sharma, Asrani, Rasika Joshi",2007
Dhol,Dil Liya Re,Pritam,Kaushik-Guddu & Raghav Chaitanya,"Sharman Joshi, Kunal Kemmu, Tusshar Kapoor, Rajpal Yadav, Tanushree Dutta, Om Puri, Abhimanyu Singh, Murali Sharma, Asrani, Rasika Joshi",2007
Dhol,"Dhol Bajake"" (Version 3)",Pritam,Pritam & Mika Singh,"Sharman Joshi, Kunal Kemmu, Tusshar Kapoor, Rajpal Yadav, Tanushree Dutta, Om Puri, Abhimanyu Singh, Murali Sharma, Asrani, Rasika Joshi",2007
Johnny Gaddaar,Johnny Gaddaar,Shankar–Ehsaan–Loy,Suraj Jagan & Akriti Kakkar,"Neil Nitin Mukesh, Dharmendra, Zakir Hussain, Vinay Pathak, Dayanand Shetty, Govind Namdeo, Rimi Sen, Ashwini Kalsekar, Rasika Joshi, Vyjayanthi",2007
Johnny Gaddaar,Move Your Body,Shankar–Ehsaan–Loy,"Adam Port, Stryv & Malachiii","Neil Nitin Mukesh, Dharmendra, Zakir Hussain, Vinay Pathak, Dayanand Shetty, Govind Namdeo, Rimi Sen, Ashwini Kalsekar, Rasika Joshi, Vyjayanthi",2007
Johnny Gaddaar,Dhoka,Shankar–Ehsaan–Loy,M. M. Kreem & Rafaqat Ali Khan,"Neil Nitin Mukesh, Dharmendra, Zakir Hussain, Vinay Pathak, Dayanand Shetty, Govind Namdeo, Rimi Sen, Ashwini Kalsekar, Rasika Joshi, Vyjayanthi",2007
Johnny Gaddaar,Johnny in the House,Shankar–Ehsaan–Loy,Edward Sharpe & The Magnetic Zeros,"Neil Nitin Mukesh, Dharmendra, Zakir Hussain, Vinay Pathak, Dayanand Shetty, Govind Namdeo, Rimi Sen, Ashwini Kalsekar, Rasika Joshi, Vyjayanthi",2007
Johnny Gaddaar,Move Your Body (Phatt Mix),Shankar–Ehsaan–Loy,Harbhajan Mann,"Neil Nitin Mukesh, Dharmendra, Zakir Hussain, Vinay Pathak, Dayanand Shetty, Govind Namdeo, Rimi Sen, Ashwini Kalsekar, Rasika Joshi, Vyjayanthi",2007
Johnny Gaddaar,Johnny Breakbeat Mera Naam,Shankar–Ehsaan–Loy,Gulraj Singh,"Neil Nitin Mukesh, Dharmendra, Zakir Hussain, Vinay Pathak, Dayanand Shetty, Govind Namdeo, Rimi Sen, Ashwini Kalsekar, Rasika Joshi, Vyjayanthi",2007
Johnny Gaddaar,Revenge of the 70s,Shankar–Ehsaan–Loy,Daniel B.George,"Neil Nitin Mukesh, Dharmendra, Zakir Hussain, Vinay Pathak, Dayanand Shetty, Govind Namdeo, Rimi Sen, Ashwini Kalsekar, Rasika Joshi, Vyjayanthi",2007
Johnny Gaddaar,The Caper Begins,Shankar–Ehsaan–Loy,Daniel B.George,"Neil Nitin Mukesh, Dharmendra, Zakir Hussain, Vinay Pathak, Dayanand Shetty, Govind Namdeo, Rimi Sen, Ashwini Kalsekar, Rasika Joshi, Vyjayanthi",2007
Johnny Gaddaar,Toss,Shankar–Ehsaan–Loy,Daniel B.George,"Neil Nitin Mukesh, Dharmendra, Zakir Hussain, Vinay Pathak, Dayanand Shetty, Govind Namdeo, Rimi Sen, Ashwini Kalsekar, Rasika Joshi, Vyjayanthi",2007
Johnny Gaddaar,Confidence,Shankar–Ehsaan–Loy,Daniel B.George,"Neil Nitin Mukesh, Dharmendra, Zakir Hussain, Vinay Pathak, Dayanand Shetty, Govind Namdeo, Rimi Sen, Ashwini Kalsekar, Rasika Joshi, Vyjayanthi",2007
Johnny Gaddaar,Bhule Bisre Geet,Shankar–Ehsaan–Loy,"Sabia Khan, Geetanjali & Swanand","Neil Nitin Mukesh, Dharmendra, Zakir Hussain, Vinay Pathak, Dayanand Shetty, Govind Namdeo, Rimi Sen, Ashwini Kalsekar, Rasika Joshi, Vyjayanthi",2007
Johnny Gaddaar,Johnny Gaddaar (Tamil),Shankar–Ehsaan–Loy,Suraj Jagan & Akriti Kakkar,"Neil Nitin Mukesh, Dharmendra, Zakir Hussain, Vinay Pathak, Dayanand Shetty, Govind Namdeo, Rimi Sen, Ashwini Kalsekar, Rasika Joshi, Vyjayanthi",2007
Johnny Gaddaar,Move Your Body (Tamil),Shankar–Ehsaan–Loy,Hard Kaur & Sachin-Jigar,"Neil Nitin Mukesh, Dharmendra, Zakir Hussain, Vinay Pathak, Dayanand Shetty, Govind Namdeo, Rimi Sen, Ashwini Kalsekar, Rasika Joshi, Vyjayanthi",2007
Johnny Gaddaar,Johnny Gaddaar (Telugu),Shankar–Ehsaan–Loy,Not Found,"Neil Nitin Mukesh, Dharmendra, Zakir Hussain, Vinay Pathak, Dayanand Shetty, Govind Namdeo, Rimi Sen, Ashwini Kalsekar, Rasika Joshi, Vyjayanthi",2007
Johnny Gaddaar,Move Your Body (Telugu),Shankar–Ehsaan–Loy,"Sonu Nigam, Udit Narayan & Sunidhi Chauhan","Neil Nitin Mukesh, Dharmendra, Zakir Hussain, Vinay Pathak, Dayanand Shetty, Govind Namdeo, Rimi Sen, Ashwini Kalsekar, Rasika Joshi, Vyjayanthi",2007
Laaga Chunari Mein Daag,Hum To Aise Hain,Shantanu Moitra,"Shantanu Moitra, Pranab Biswas, Shreya Ghoshal, Sunidhi Chauhan & Swanand Kirkire","Rani Mukerji, Konkona Sen Sharma, Jaya Bachchan, Abhishek Bachchan, Anupam Kher, Kunal Kapoor, Kamini Kaushal, Hema Malini, Ninad Kamat, Harsh Chhaya",2007
Laaga Chunari Mein Daag,Zara Gungunalein Chalo,Shantanu Moitra,"Shantanu Moitra, Babul Supriyo & Mahalakshmi Iyer","Rani Mukerji, Konkona Sen Sharma, Jaya Bachchan, Abhishek Bachchan, Anupam Kher, Kunal Kapoor, Kamini Kaushal, Hema Malini, Ninad Kamat, Harsh Chhaya",2007
Laaga Chunari Mein Daag,Chunari Mein Daag,Shantanu Moitra,"Shantanu Moitra, Meeta Vashisht & Shubha Mudgal","Rani Mukerji, Konkona Sen Sharma, Jaya Bachchan, Abhishek Bachchan, Anupam Kher, Kunal Kapoor, Kamini Kaushal, Hema Malini, Ninad Kamat, Harsh Chhaya",2007
Laaga Chunari Mein Daag,Ik Teekhi Teekhi Si Ladki,Shantanu Moitra,"Shantanu Moitra, Shreya Ghoshal & KK","Rani Mukerji, Konkona Sen Sharma, Jaya Bachchan, Abhishek Bachchan, Anupam Kher, Kunal Kapoor, Kamini Kaushal, Hema Malini, Ninad Kamat, Harsh Chhaya",2007
Laaga Chunari Mein Daag,Ehi Thaiyaa Motiya,Shantanu Moitra,Shantanu Moitra & Rekha Bhardwaj,"Rani Mukerji, Konkona Sen Sharma, Jaya Bachchan, Abhishek Bachchan, Anupam Kher, Kunal Kapoor, Kamini Kaushal, Hema Malini, Ninad Kamat, Harsh Chhaya",2007
Laaga Chunari Mein Daag,Kachchi Kaliyaan,Shantanu Moitra,"Shantanu Moitra, KK, Shreya Ghoshal, Sonu Nigam & Sunidhi Chauhan","Rani Mukerji, Konkona Sen Sharma, Jaya Bachchan, Abhishek Bachchan, Anupam Kher, Kunal Kapoor, Kamini Kaushal, Hema Malini, Ninad Kamat, Harsh Chhaya",2007
Jab We Met,Mauja Hi Mauja,"Pritam, Sandesh Shandilya",Pritam & Mika Singh,"Shahid Kapoor, Kareena Kapoor Khan, Tarun Arora, Dara Singh, Pavan Malhotra, Kamal Tiwari, Kiran Juneja, Divya Shah, Saumya Tandon, Nihar Thakkar",2007
Jab We Met,Tum Se Hi,"Pritam, Sandesh Shandilya",Pritam & Mohit Chauhan,"Shahid Kapoor, Kareena Kapoor Khan, Tarun Arora, Dara Singh, Pavan Malhotra, Kamal Tiwari, Kiran Juneja, Divya Shah, Saumya Tandon, Nihar Thakkar",2007
Jab We Met,Yeh Ishq Haye,"Pritam, Sandesh Shandilya",Ali Quli Mirza,"Shahid Kapoor, Kareena Kapoor Khan, Tarun Arora, Dara Singh, Pavan Malhotra, Kamal Tiwari, Kiran Juneja, Divya Shah, Saumya Tandon, Nihar Thakkar",2007
Jab We Met,Nagada Nagada,"Pritam, Sandesh Shandilya","Pritam, Sonu Nigam & Javed Ali","Shahid Kapoor, Kareena Kapoor Khan, Tarun Arora, Dara Singh, Pavan Malhotra, Kamal Tiwari, Kiran Juneja, Divya Shah, Saumya Tandon, Nihar Thakkar",2007
Jab We Met,Aao Meelon Chalein,"Pritam, Sandesh Shandilya",Not Found,"Shahid Kapoor, Kareena Kapoor Khan, Tarun Arora, Dara Singh, Pavan Malhotra, Kamal Tiwari, Kiran Juneja, Divya Shah, Saumya Tandon, Nihar Thakkar",2007
Jab We Met,Aaoge Jab Tum,"Pritam, Sandesh Shandilya",Rashid Khan,"Shahid Kapoor, Kareena Kapoor Khan, Tarun Arora, Dara Singh, Pavan Malhotra, Kamal Tiwari, Kiran Juneja, Divya Shah, Saumya Tandon, Nihar Thakkar",2007
Jab We Met,Tum Se Hi (Remix),"Pritam, Sandesh Shandilya",Pritam & Mohit Chauhan,"Shahid Kapoor, Kareena Kapoor Khan, Tarun Arora, Dara Singh, Pavan Malhotra, Kamal Tiwari, Kiran Juneja, Divya Shah, Saumya Tandon, Nihar Thakkar",2007
Jab We Met,Yeh Ishq Haye (Remix),"Pritam, Sandesh Shandilya",Ali Quli Mirza,"Shahid Kapoor, Kareena Kapoor Khan, Tarun Arora, Dara Singh, Pavan Malhotra, Kamal Tiwari, Kiran Juneja, Divya Shah, Saumya Tandon, Nihar Thakkar",2007
Jab We Met,Mauja Hi Mauja (Remix),"Pritam, Sandesh Shandilya",Pritam & Mika Singh,"Shahid Kapoor, Kareena Kapoor Khan, Tarun Arora, Dara Singh, Pavan Malhotra, Kamal Tiwari, Kiran Juneja, Divya Shah, Saumya Tandon, Nihar Thakkar",2007
Jab We Met,Tum Se Hi (Instrumental),"Pritam, Sandesh Shandilya",Pritam,"Shahid Kapoor, Kareena Kapoor Khan, Tarun Arora, Dara Singh, Pavan Malhotra, Kamal Tiwari, Kiran Juneja, Divya Shah, Saumya Tandon, Nihar Thakkar",2007
No Smoking,Kash Laga,Vishal Bhardwaj,"Vishal Bhardwaj, Sukhwinder Singh & Daler Mehndi","John Abraham, Ayesha Takia, Paresh Rawal, Ranvir Shorey, Kiku Sharda, Vikramaditya Motwane, Jesse Randhawa, Bipasha Basu, Anurag Kashyap, Pravishi Das",2007
No Smoking,Phoonk De,Vishal Bhardwaj,Vishal Bhardwaj & Rekha Bhardwaj,"John Abraham, Ayesha Takia, Paresh Rawal, Ranvir Shorey, Kiku Sharda, Vikramaditya Motwane, Jesse Randhawa, Bipasha Basu, Anurag Kashyap, Pravishi Das",2007
No Smoking,Ash Tray,Vishal Bhardwaj,Vishal Bhardwaj & Deva Sen Gupta,"John Abraham, Ayesha Takia, Paresh Rawal, Ranvir Shorey, Kiku Sharda, Vikramaditya Motwane, Jesse Randhawa, Bipasha Basu, Anurag Kashyap, Pravishi Das",2007
No Smoking,"Jab Bhi"" (Trance)",Vishal Bhardwaj,Yo Yo Honey Singh & Neha Kakkar,"John Abraham, Ayesha Takia, Paresh Rawal, Ranvir Shorey, Kiku Sharda, Vikramaditya Motwane, Jesse Randhawa, Bipasha Basu, Anurag Kashyap, Pravishi Das",2007
No Smoking,"Phoonk De"" (Club Mix)",Vishal Bhardwaj,Vishal Bhardwaj & Rekha Bhardwaj,"John Abraham, Ayesha Takia, Paresh Rawal, Ranvir Shorey, Kiku Sharda, Vikramaditya Motwane, Jesse Randhawa, Bipasha Basu, Anurag Kashyap, Pravishi Das",2007
No Smoking,"Jab Bhi"" (Jazz)",Vishal Bhardwaj,KK & Sameer,"John Abraham, Ayesha Takia, Paresh Rawal, Ranvir Shorey, Kiku Sharda, Vikramaditya Motwane, Jesse Randhawa, Bipasha Basu, Anurag Kashyap, Pravishi Das",2007
Saawariya,Saawariya,Monty Sharma,Aastha Gill & Kumar Sanu,"Ranbir Kapoor, Sonam Kapoor Ahuja, Rani Mukerji, Salman Khan, Zohra Sehgal, Begum Para, Kenny Desai, Vibha Chibber, Neha Bam, Sanaya Irani",2007
Saawariya,Jab Se Tere Naina,Monty Sharma,Monty Sharma & Shaan,"Ranbir Kapoor, Sonam Kapoor Ahuja, Rani Mukerji, Salman Khan, Zohra Sehgal, Begum Para, Kenny Desai, Vibha Chibber, Neha Bam, Sanaya Irani",2007
Saawariya,Masha-Allah,Monty Sharma,"Monty Sharma, Kunal Ganjawala & Shreya Ghoshal","Ranbir Kapoor, Sonam Kapoor Ahuja, Rani Mukerji, Salman Khan, Zohra Sehgal, Begum Para, Kenny Desai, Vibha Chibber, Neha Bam, Sanaya Irani",2007
Saawariya,Thode Badmaash,Monty Sharma,Not Found,"Ranbir Kapoor, Sonam Kapoor Ahuja, Rani Mukerji, Salman Khan, Zohra Sehgal, Begum Para, Kenny Desai, Vibha Chibber, Neha Bam, Sanaya Irani",2007
Saawariya,Yun Shabnami,Monty Sharma,Monty Sharma & Parthiv Gohil,"Ranbir Kapoor, Sonam Kapoor Ahuja, Rani Mukerji, Salman Khan, Zohra Sehgal, Begum Para, Kenny Desai, Vibha Chibber, Neha Bam, Sanaya Irani",2007
Saawariya,Daras Bina Nahin Chain,Monty Sharma,"Monty Sharma, Richa Sharma, Shail Hada & Parthiv Gohil","Ranbir Kapoor, Sonam Kapoor Ahuja, Rani Mukerji, Salman Khan, Zohra Sehgal, Begum Para, Kenny Desai, Vibha Chibber, Neha Bam, Sanaya Irani",2007
Saawariya,Sawar Gayi,Monty Sharma,Monty Sharma & Shreya Ghoshal,"Ranbir Kapoor, Sonam Kapoor Ahuja, Rani Mukerji, Salman Khan, Zohra Sehgal, Begum Para, Kenny Desai, Vibha Chibber, Neha Bam, Sanaya Irani",2007
Saawariya,Jaan-E-Jaan,Monty Sharma,"Monty Sharma, Kunal Ganjawala & Shreya Ghoshal","Ranbir Kapoor, Sonam Kapoor Ahuja, Rani Mukerji, Salman Khan, Zohra Sehgal, Begum Para, Kenny Desai, Vibha Chibber, Neha Bam, Sanaya Irani",2007
Saawariya,Pari,Monty Sharma,Monty Sharma & Kunal Ganjawala,"Ranbir Kapoor, Sonam Kapoor Ahuja, Rani Mukerji, Salman Khan, Zohra Sehgal, Begum Para, Kenny Desai, Vibha Chibber, Neha Bam, Sanaya Irani",2007
Saawariya,Chhabeela,Monty Sharma,Monty Sharma & Alka Yagnik,"Ranbir Kapoor, Sonam Kapoor Ahuja, Rani Mukerji, Salman Khan, Zohra Sehgal, Begum Para, Kenny Desai, Vibha Chibber, Neha Bam, Sanaya Irani",2007
Saawariya,Saawariya (Reprise),Monty Sharma,Monty Sharma & Shail Hada,"Ranbir Kapoor, Sonam Kapoor Ahuja, Rani Mukerji, Salman Khan, Zohra Sehgal, Begum Para, Kenny Desai, Vibha Chibber, Neha Bam, Sanaya Irani",2007
Aaja Nachle,Aaja Nachle,Salim–Sulaiman,Sunidhi Chauhan,"Madhuri Dixit, Konkona Sen Sharma, Kunal Kapoor, Raghubir Yadav, Dalai, Ranvir Shorey, Vinay Pathak, Jugal Hansraj, Divya Dutta, Akhilendra Mishra",2007
Aaja Nachle,Ishq Hua,Salim–Sulaiman,Sonu Nigam & Shreya Ghoshal,"Madhuri Dixit, Konkona Sen Sharma, Kunal Kapoor, Raghubir Yadav, Dalai, Ranvir Shorey, Vinay Pathak, Jugal Hansraj, Divya Dutta, Akhilendra Mishra",2007
Aaja Nachle,Show Me Your Jalwa,Salim–Sulaiman,"Richa Sharma, Kailash Kher & Salim Merchant","Madhuri Dixit, Konkona Sen Sharma, Kunal Kapoor, Raghubir Yadav, Dalai, Ranvir Shorey, Vinay Pathak, Jugal Hansraj, Divya Dutta, Akhilendra Mishra",2007
Aaja Nachle,O Re Piya,Salim–Sulaiman,Rahat Fateh Ali Khan,"Madhuri Dixit, Konkona Sen Sharma, Kunal Kapoor, Raghubir Yadav, Dalai, Ranvir Shorey, Vinay Pathak, Jugal Hansraj, Divya Dutta, Akhilendra Mishra",2007
Aaja Nachle,Soniye Mil Ja,Salim–Sulaiman,"Sunidhi Chauhan, Sukhwinder Singh & Madhuri Dixit","Madhuri Dixit, Konkona Sen Sharma, Kunal Kapoor, Raghubir Yadav, Dalai, Ranvir Shorey, Vinay Pathak, Jugal Hansraj, Divya Dutta, Akhilendra Mishra",2007
Aaja Nachle,Is Pal,Salim–Sulaiman,Error,"Madhuri Dixit, Konkona Sen Sharma, Kunal Kapoor, Raghubir Yadav, Dalai, Ranvir Shorey, Vinay Pathak, Jugal Hansraj, Divya Dutta, Akhilendra Mishra",2007
Aaja Nachle,Koi Patthar Se Na Maare,Salim–Sulaiman,"Sunidhi Chauhan, Sonu Nigam & Shreya Ghoshal","Madhuri Dixit, Konkona Sen Sharma, Kunal Kapoor, Raghubir Yadav, Dalai, Ranvir Shorey, Vinay Pathak, Jugal Hansraj, Divya Dutta, Akhilendra Mishra",2007
Aaja Nachle,Dance With Me,Salim–Sulaiman,Sonia Saigal,"Madhuri Dixit, Konkona Sen Sharma, Kunal Kapoor, Raghubir Yadav, Dalai, Ranvir Shorey, Vinay Pathak, Jugal Hansraj, Divya Dutta, Akhilendra Mishra",2007
Aaja Nachle,Aaje Nachle (Reprise),Salim–Sulaiman,Sunidhi Chauhan,"Madhuri Dixit, Konkona Sen Sharma, Kunal Kapoor, Raghubir Yadav, Dalai, Ranvir Shorey, Vinay Pathak, Jugal Hansraj, Divya Dutta, Akhilendra Mishra",2007
Khoya Khoya Chand,Chale Aao Saiyan,Shantanu Moitra,Jagjit Kaur & Pamela Chopra,"Shiney Ahuja, Soha Ali Khan, Rajat Kapoor, Sonya Jehan, Rajendra Sethi",2007
Khoya Khoya Chand,Khoya Khoya Chand,Shantanu Moitra,Swanand Kirkire & Ajay Jhingaran,"Shiney Ahuja, Soha Ali Khan, Rajat Kapoor, Sonya Jehan, Rajendra Sethi",2007
Khoya Khoya Chand,Khushboo Sa,Shantanu Moitra,Hamsika Iyer,"Shiney Ahuja, Soha Ali Khan, Rajat Kapoor, Sonya Jehan, Rajendra Sethi",2007
Khoya Khoya Chand,O Re Paakhi,Shantanu Moitra,Alka Yagnik & Kumar Sanu,"Shiney Ahuja, Soha Ali Khan, Rajat Kapoor, Sonya Jehan, Rajendra Sethi",2007
Khoya Khoya Chand,Sakhi Piya,Shantanu Moitra,Pranab Biswas & Shreya Ghoshal,"Shiney Ahuja, Soha Ali Khan, Rajat Kapoor, Sonya Jehan, Rajendra Sethi",2007
Khoya Khoya Chand,Thirak Thirak,Shantanu Moitra,Sonu Nigam & Shreya Ghoshal,"Shiney Ahuja, Soha Ali Khan, Rajat Kapoor, Sonya Jehan, Rajendra Sethi",2007
Khoya Khoya Chand,Yeh Nigahein,Shantanu Moitra,Sonu Nigam & Antara Chaudhary,"Shiney Ahuja, Soha Ali Khan, Rajat Kapoor, Sonya Jehan, Rajendra Sethi",2007
Ghajini,Aye Bacchu,A. R. Rahman,Suzanne,"Aamir Khan, Asin Thottumkal, Jiah Khan, Pradeep Ram Singh Rawat, Riyaz Khan, Khalid Siddiqui, Tinnu Anand, Sunil Grover, Vibha Chibber, Sai Tamhankar",2008
Ghajini,Behka,A. R. Rahman,Karthik,"Aamir Khan, Asin Thottumkal, Jiah Khan, Pradeep Ram Singh Rawat, Riyaz Khan, Khalid Siddiqui, Tinnu Anand, Sunil Grover, Vibha Chibber, Sai Tamhankar",2008
Ghajini,Guzaarish,A. R. Rahman,"KK, Shail Hada & A M Turaz","Aamir Khan, Asin Thottumkal, Jiah Khan, Pradeep Ram Singh Rawat, Riyaz Khan, Khalid Siddiqui, Tinnu Anand, Sunil Grover, Vibha Chibber, Sai Tamhankar",2008
Ghajini,Latoo,A. R. Rahman,Shreya Ghoshal,"Aamir Khan, Asin Thottumkal, Jiah Khan, Pradeep Ram Singh Rawat, Riyaz Khan, Khalid Siddiqui, Tinnu Anand, Sunil Grover, Vibha Chibber, Sai Tamhankar",2008
Ghajini,Kaise Mujhe,A. R. Rahman,Benny Dayal & Shreya Ghoshal,"Aamir Khan, Asin Thottumkal, Jiah Khan, Pradeep Ram Singh Rawat, Riyaz Khan, Khalid Siddiqui, Tinnu Anand, Sunil Grover, Vibha Chibber, Sai Tamhankar",2008
Ghajini,Behka (Remix by Dj A-Myth),A. R. Rahman,Karthik & Dj A-Myth,"Aamir Khan, Asin Thottumkal, Jiah Khan, Pradeep Ram Singh Rawat, Riyaz Khan, Khalid Siddiqui, Tinnu Anand, Sunil Grover, Vibha Chibber, Sai Tamhankar",2008
Ghajini,Guzaarish (Remix by Dj A-Myth),A. R. Rahman,Not Found,"Aamir Khan, Asin Thottumkal, Jiah Khan, Pradeep Ram Singh Rawat, Riyaz Khan, Khalid Siddiqui, Tinnu Anand, Sunil Grover, Vibha Chibber, Sai Tamhankar",2008
Ghajini,Kaise Mujhe,A. R. Rahman,Benny Dayal & Shreya Ghoshal,"Aamir Khan, Asin Thottumkal, Jiah Khan, Pradeep Ram Singh Rawat, Riyaz Khan, Khalid Siddiqui, Tinnu Anand, Sunil Grover, Vibha Chibber, Sai Tamhankar",2008
Rab Ne Bana Di Jodi,Haule Haule,Salim–Sulaiman,Sukhwinder Singh,"Shah Rukh Khan, Anushka Sharma, Vinay Pathak, M. K. Raina, Manmeet Singh, Aneesha Dalal, Richa Pallod, Kajol, Bipasha Basu, Lara Dutta",2008
Rab Ne Bana Di Jodi,Phir Milenge Chalte Chalte,Salim–Sulaiman,Vijay Yesudas & Febi,"Shah Rukh Khan, Anushka Sharma, Vinay Pathak, M. K. Raina, Manmeet Singh, Aneesha Dalal, Richa Pallod, Kajol, Bipasha Basu, Lara Dutta",2008
Rab Ne Bana Di Jodi,Dance Pe Chance,Salim–Sulaiman,Labh Janjua & Sunidhi Chauhan,"Shah Rukh Khan, Anushka Sharma, Vinay Pathak, M. K. Raina, Manmeet Singh, Aneesha Dalal, Richa Pallod, Kajol, Bipasha Basu, Lara Dutta",2008
Rab Ne Bana Di Jodi,"Tujh Mein Rab"" (Male)",Salim–Sulaiman,Roop Kumar Rathod,"Shah Rukh Khan, Anushka Sharma, Vinay Pathak, M. K. Raina, Manmeet Singh, Aneesha Dalal, Richa Pallod, Kajol, Bipasha Basu, Lara Dutta",2008
Rab Ne Bana Di Jodi,"Tujh Mein Rab"" (Female)",Salim–Sulaiman,Roop Kumar Rathod,"Shah Rukh Khan, Anushka Sharma, Vinay Pathak, M. K. Raina, Manmeet Singh, Aneesha Dalal, Richa Pallod, Kajol, Bipasha Basu, Lara Dutta",2008
Rab Ne Bana Di Jodi,Dancing Jodi,Salim–Sulaiman,Salim-Sulaiman,"Shah Rukh Khan, Anushka Sharma, Vinay Pathak, M. K. Raina, Manmeet Singh, Aneesha Dalal, Richa Pallod, Kajol, Bipasha Basu, Lara Dutta",2008
Rab Ne Bana Di Jodi,"Tujh Mein Rab"" (Hinglish Mashup)",Salim–Sulaiman,"Salim-Sulaiman, Roop Kumar Rathod, Jaideep Sahni & Jay Kadn","Shah Rukh Khan, Anushka Sharma, Vinay Pathak, M. K. Raina, Manmeet Singh, Aneesha Dalal, Richa Pallod, Kajol, Bipasha Basu, Lara Dutta",2008
Singh Is Kinng,Singh Is Kinng,"Pritam, RDB, Background Score:, Salim–Sulaiman","Rahat Fateh Ali Khan, Shreya Ghoshal & Pritam","Akshay Kumar, Katrina Kaif, Om Puri, Ranvir Shorey, Neha Dhupia, Sonu Sood, Kirron Kher, Sudhanshu Pandey, Yashpal Sharma, Kamal Chopra",2008
Singh Is Kinng,Jee Karda,"Pritam, RDB, Background Score:, Salim–Sulaiman","Labh Jan Jua, Suzie.Q & Pritam","Akshay Kumar, Katrina Kaif, Om Puri, Ranvir Shorey, Neha Dhupia, Sonu Sood, Kirron Kher, Sudhanshu Pandey, Yashpal Sharma, Kamal Chopra",2008
Singh Is Kinng,Bas Ek Kinng,"Pritam, RDB, Background Score:, Salim–Sulaiman","Mika Singh, Neeraj Shridhar, Ashish Pandit & Pritam","Akshay Kumar, Katrina Kaif, Om Puri, Ranvir Shorey, Neha Dhupia, Sonu Sood, Kirron Kher, Sudhanshu Pandey, Yashpal Sharma, Kamal Chopra",2008
Singh Is Kinng,Teri Ore,"Pritam, RDB, Background Score:, Salim–Sulaiman","Rahat Fateh Ali Khan, Shreya Ghoshal & Pritam","Akshay Kumar, Katrina Kaif, Om Puri, Ranvir Shorey, Neha Dhupia, Sonu Sood, Kirron Kher, Sudhanshu Pandey, Yashpal Sharma, Kamal Chopra",2008
Singh Is Kinng,Bhootni Ke,"Pritam, RDB, Background Score:, Salim–Sulaiman",Daler Mehndi & Pritam,"Akshay Kumar, Katrina Kaif, Om Puri, Ranvir Shorey, Neha Dhupia, Sonu Sood, Kirron Kher, Sudhanshu Pandey, Yashpal Sharma, Kamal Chopra",2008
Singh Is Kinng,Talli Hua,"Pritam, RDB, Background Score:, Salim–Sulaiman","Labh Jan Jua, Neeraj Shridhar & Pritam","Akshay Kumar, Katrina Kaif, Om Puri, Ranvir Shorey, Neha Dhupia, Sonu Sood, Kirron Kher, Sudhanshu Pandey, Yashpal Sharma, Kamal Chopra",2008
Singh Is Kinng,"Bas Ek Kinng"" (Tiger Style Mix)","Pritam, RDB, Background Score:, Salim–Sulaiman","Mika Singh, Neeraj Shridhar, Ashish Pandit & Pritam","Akshay Kumar, Katrina Kaif, Om Puri, Ranvir Shorey, Neha Dhupia, Sonu Sood, Kirron Kher, Sudhanshu Pandey, Yashpal Sharma, Kamal Chopra",2008
Singh Is Kinng,"Bhootni Ke"" (Tiger Style Mix)","Pritam, RDB, Background Score:, Salim–Sulaiman",Mika Singh & Pritam,"Akshay Kumar, Katrina Kaif, Om Puri, Ranvir Shorey, Neha Dhupia, Sonu Sood, Kirron Kher, Sudhanshu Pandey, Yashpal Sharma, Kamal Chopra",2008
Singh Is Kinng,"Talli Hua"" (Jay Dabhi Mix)","Pritam, RDB, Background Score:, Salim–Sulaiman","Labh Jan Jua, Neeraj Shridhar, Style Bhai & Pritam","Akshay Kumar, Katrina Kaif, Om Puri, Ranvir Shorey, Neha Dhupia, Sonu Sood, Kirron Kher, Sudhanshu Pandey, Yashpal Sharma, Kamal Chopra",2008
Singh Is Kinng,"Jee Karda"" (Remix)","Pritam, RDB, Background Score:, Salim–Sulaiman","Labh Jan Jua, Suzie.Q & Pritam","Akshay Kumar, Katrina Kaif, Om Puri, Ranvir Shorey, Neha Dhupia, Sonu Sood, Kirron Kher, Sudhanshu Pandey, Yashpal Sharma, Kamal Chopra",2008
Singh Is Kinng,"Teri Ore"" (Lounge Remix)","Pritam, RDB, Background Score:, Salim–Sulaiman","Rahat Fateh Ali Khan, Shreya Ghoshal & Pritam","Akshay Kumar, Katrina Kaif, Om Puri, Ranvir Shorey, Neha Dhupia, Sonu Sood, Kirron Kher, Sudhanshu Pandey, Yashpal Sharma, Kamal Chopra",2008
Singh Is Kinng,"Bhootni Ke"" (Remix)","Pritam, RDB, Background Score:, Salim–Sulaiman",Daler Mehndi & Pritam,"Akshay Kumar, Katrina Kaif, Om Puri, Ranvir Shorey, Neha Dhupia, Sonu Sood, Kirron Kher, Sudhanshu Pandey, Yashpal Sharma, Kamal Chopra",2008
Jodhaa Akbar,Azeem-O-Shaan Shahenshah,A. R. Rahman,"A.R. Rahman, Mohammed Aslam & Bonnie Chakravarty","Hrithik Roshan, Aishwarya Rai Bachchan, Sonu Sood, Kulbhushan Kharbanda, Suhasini Mulay, Raza Murad, Poonam Sinha, Rajesh Vivek, Pramod Moutho, Ila Arun",2008
Jodhaa Akbar,Jashn-e-Bahara,A. R. Rahman,Rishi Kumar Instrumentals & A.R. Rahman,"Hrithik Roshan, Aishwarya Rai Bachchan, Sonu Sood, Kulbhushan Kharbanda, Suhasini Mulay, Raza Murad, Poonam Sinha, Rajesh Vivek, Pramod Moutho, Ila Arun",2008
Jodhaa Akbar,"Khwaja Mere Khwaja"" (lyrics: Kashif)",A. R. Rahman,Not Found,"Hrithik Roshan, Aishwarya Rai Bachchan, Sonu Sood, Kulbhushan Kharbanda, Suhasini Mulay, Raza Murad, Poonam Sinha, Rajesh Vivek, Pramod Moutho, Ila Arun",2008
Jodhaa Akbar,In Lamhon Ke Daaman Mein,A. R. Rahman,"A.R. Rahman, Sonu Nigam & Madhushree","Hrithik Roshan, Aishwarya Rai Bachchan, Sonu Sood, Kulbhushan Kharbanda, Suhasini Mulay, Raza Murad, Poonam Sinha, Rajesh Vivek, Pramod Moutho, Ila Arun",2008
Jodhaa Akbar,Mann Mohana,A. R. Rahman,"Ramya Behara, Nayana Nair, M. M. Keeravaani & Kausar Munir","Hrithik Roshan, Aishwarya Rai Bachchan, Sonu Sood, Kulbhushan Kharbanda, Suhasini Mulay, Raza Murad, Poonam Sinha, Rajesh Vivek, Pramod Moutho, Ila Arun",2008
Jodhaa Akbar,"Jashn-E-Bahaara"" (Instrumental)",A. R. Rahman,Rishi Kumar Instrumentals & A.R. Rahman,"Hrithik Roshan, Aishwarya Rai Bachchan, Sonu Sood, Kulbhushan Kharbanda, Suhasini Mulay, Raza Murad, Poonam Sinha, Rajesh Vivek, Pramod Moutho, Ila Arun",2008
Jodhaa Akbar,"Khwaja Mere Khwaja"" (Instrumental)",A. R. Rahman,A.R. Rahman,"Hrithik Roshan, Aishwarya Rai Bachchan, Sonu Sood, Kulbhushan Kharbanda, Suhasini Mulay, Raza Murad, Poonam Sinha, Rajesh Vivek, Pramod Moutho, Ila Arun",2008
Jodhaa Akbar,"Khwaja Ji"" (Extended Version)",A. R. Rahman,Pritam & Akhtar Channal,"Hrithik Roshan, Aishwarya Rai Bachchan, Sonu Sood, Kulbhushan Kharbanda, Suhasini Mulay, Raza Murad, Poonam Sinha, Rajesh Vivek, Pramod Moutho, Ila Arun",2008
Golmaal Returns,Tha Kar Ke,"Pritam, Background Score:, Sanjoy Chowdhury","Pritam, Neeraj Shridhar, Anvesha, Aakariti, Earl D'Souza & Indie","Ajay Devgn, Arshad Warsi, Shreyas Talpade, Tusshar Kapoor, Kareena Kapoor Khan, Amrita Arora, Celina Jaitly, Anjana Sukhani, Sanjay Mishra, Leigh Barwell",2008
Golmaal Returns,Vacancy,"Pritam, Background Score:, Sanjoy Chowdhury","Pritam, Neeraj Shridhar, Benny Dayal, Suhail & Suzi Q","Ajay Devgn, Arshad Warsi, Shreyas Talpade, Tusshar Kapoor, Kareena Kapoor Khan, Amrita Arora, Celina Jaitly, Anjana Sukhani, Sanjay Mishra, Leigh Barwell",2008
Golmaal Returns,Tu Saala,"Pritam, Background Score:, Sanjoy Chowdhury",Pritam & Anushka Manchanda,"Ajay Devgn, Arshad Warsi, Shreyas Talpade, Tusshar Kapoor, Kareena Kapoor Khan, Amrita Arora, Celina Jaitly, Anjana Sukhani, Sanjay Mishra, Leigh Barwell",2008
Golmaal Returns,Meow,"Pritam, Background Score:, Sanjoy Chowdhury","Pritam, Suzi Q & Monali","Ajay Devgn, Arshad Warsi, Shreyas Talpade, Tusshar Kapoor, Kareena Kapoor Khan, Amrita Arora, Celina Jaitly, Anjana Sukhani, Sanjay Mishra, Leigh Barwell",2008
Golmaal Returns,"Meow"" (English version)","Pritam, Background Score:, Sanjoy Chowdhury",Pritam & Suzi Q,"Ajay Devgn, Arshad Warsi, Shreyas Talpade, Tusshar Kapoor, Kareena Kapoor Khan, Amrita Arora, Celina Jaitly, Anjana Sukhani, Sanjay Mishra, Leigh Barwell",2008
Golmaal Returns,"Vacancy"" (Kilogram Mix)","Pritam, Background Score:, Sanjoy Chowdhury","Pritam, Neeraj Shridhar, Benny Dayal, Suhail, Suzi Q, K&G & Vishal & Shekhar","Ajay Devgn, Arshad Warsi, Shreyas Talpade, Tusshar Kapoor, Kareena Kapoor Khan, Amrita Arora, Celina Jaitly, Anjana Sukhani, Sanjay Mishra, Leigh Barwell",2008
Golmaal Returns,"Tha Kar Ke"" (Remix)","Pritam, Background Score:, Sanjoy Chowdhury","Pritam, Neeraj Shridhar, Anvesha, Aakariti, Earl D'Souza, Indie & Dj A-Myth","Ajay Devgn, Arshad Warsi, Shreyas Talpade, Tusshar Kapoor, Kareena Kapoor Khan, Amrita Arora, Celina Jaitly, Anjana Sukhani, Sanjay Mishra, Leigh Barwell",2008
Golmaal Returns,"Meow"" (Remix)","Pritam, Background Score:, Sanjoy Chowdhury","Pritam, Suzi Q, Monali, D.J.Nikhil & D.J.Naved","Ajay Devgn, Arshad Warsi, Shreyas Talpade, Tusshar Kapoor, Kareena Kapoor Khan, Amrita Arora, Celina Jaitly, Anjana Sukhani, Sanjay Mishra, Leigh Barwell",2008
Golmaal Returns,"Tu Saala"" (Remix)","Pritam, Background Score:, Sanjoy Chowdhury","Pritam, Anushka Manchanda & Bunty Rajput","Ajay Devgn, Arshad Warsi, Shreyas Talpade, Tusshar Kapoor, Kareena Kapoor Khan, Amrita Arora, Celina Jaitly, Anjana Sukhani, Sanjay Mishra, Leigh Barwell",2008
Dostana,Jaane Kyun,Vishal–Shekhar,Vishal & Shekhar & Vishal Dadlani,"Abhishek Bachchan, John Abraham, Priyanka Chopra Jonas, Kirron Kher, Boman Irani, Bobby Deol, Shrey Bawa, Sushmita Mukherjee, Monika Gaba, Harry Key",2008
Dostana,Shut Up & Bounce,Vishal–Shekhar,Simple Plan,"Abhishek Bachchan, John Abraham, Priyanka Chopra Jonas, Kirron Kher, Boman Irani, Bobby Deol, Shrey Bawa, Sushmita Mukherjee, Monika Gaba, Harry Key",2008
Dostana,Desi Girl,Vishal–Shekhar,"Shankar Mahadevan, Vishal & Shekhar, Vishal Dadlani & Sunidhi Chauhan","Abhishek Bachchan, John Abraham, Priyanka Chopra Jonas, Kirron Kher, Boman Irani, Bobby Deol, Shrey Bawa, Sushmita Mukherjee, Monika Gaba, Harry Key",2008
Dostana,Khabar Nahin,Vishal–Shekhar,"Shreya Ghoshal, Vishal & Shekhar, Vishal Dadlani, Amanat Ali & Raja Hasan","Abhishek Bachchan, John Abraham, Priyanka Chopra Jonas, Kirron Kher, Boman Irani, Bobby Deol, Shrey Bawa, Sushmita Mukherjee, Monika Gaba, Harry Key",2008
Dostana,Maa Da Laadla,Vishal–Shekhar,Master Saleem & Vishal & Shekhar,"Abhishek Bachchan, John Abraham, Priyanka Chopra Jonas, Kirron Kher, Boman Irani, Bobby Deol, Shrey Bawa, Sushmita Mukherjee, Monika Gaba, Harry Key",2008
Dostana,Kuch Kum,Vishal–Shekhar,Pritam & Mohit Chauhan,"Abhishek Bachchan, John Abraham, Priyanka Chopra Jonas, Kirron Kher, Boman Irani, Bobby Deol, Shrey Bawa, Sushmita Mukherjee, Monika Gaba, Harry Key",2008
Bachna Ae Haseeno,Khuda Jaane,"R. D. Burman, Vishal–Shekhar, Background Score:, Salim–Sulaiman","Vishal & Shekhar, KK & Shilpa Rao","Ranbir Kapoor, Deepika Padukone, Bipasha Basu, Minissha Lamba, Kunal Kapoor, Hiten Paintal, Sumeet Arora, Puneet Issar, Avantika Hundal, Sham Mashalkar",2008
Bachna Ae Haseeno,Lucky Boy,"R. D. Burman, Vishal–Shekhar, Background Score:, Salim–Sulaiman","Vishal & Shekhar, Sunidhi Chauhan, Hard Kaur & Raja Hassan","Ranbir Kapoor, Deepika Padukone, Bipasha Basu, Minissha Lamba, Kunal Kapoor, Hiten Paintal, Sumeet Arora, Puneet Issar, Avantika Hundal, Sham Mashalkar",2008
Bachna Ae Haseeno,Aashista Aashista,"R. D. Burman, Vishal–Shekhar, Background Score:, Salim–Sulaiman",Not Found,"Ranbir Kapoor, Deepika Padukone, Bipasha Basu, Minissha Lamba, Kunal Kapoor, Hiten Paintal, Sumeet Arora, Puneet Issar, Avantika Hundal, Sham Mashalkar",2008
Bachna Ae Haseeno,Jogi Mahi,"R. D. Burman, Vishal–Shekhar, Background Score:, Salim–Sulaiman","Vishal & Shekhar, Sukhwinder Singh, Shekhar Ravjiani & Himani Kapoor","Ranbir Kapoor, Deepika Padukone, Bipasha Basu, Minissha Lamba, Kunal Kapoor, Hiten Paintal, Sumeet Arora, Puneet Issar, Avantika Hundal, Sham Mashalkar",2008
Bachna Ae Haseeno,Small Town Girl,"R. D. Burman, Vishal–Shekhar, Background Score:, Salim–Sulaiman",Vishal & Shekhar & Shankar Mahadevan,"Ranbir Kapoor, Deepika Padukone, Bipasha Basu, Minissha Lamba, Kunal Kapoor, Hiten Paintal, Sumeet Arora, Puneet Issar, Avantika Hundal, Sham Mashalkar",2008
Bachna Ae Haseeno,"Khuda Jaane (Revisited)"" (Remix by Abhijit Nalani)","R. D. Burman, Vishal–Shekhar, Background Score:, Salim–Sulaiman","Vishal & Shekhar, KK & Shilpa Rao","Ranbir Kapoor, Deepika Padukone, Bipasha Basu, Minissha Lamba, Kunal Kapoor, Hiten Paintal, Sumeet Arora, Puneet Issar, Avantika Hundal, Sham Mashalkar",2008
Bachna Ae Haseeno,Bachna Ae Haseeno Title Track (Not included in album),"R. D. Burman, Vishal–Shekhar, Background Score:, Salim–Sulaiman",Kishore Kumar,"Ranbir Kapoor, Deepika Padukone, Bipasha Basu, Minissha Lamba, Kunal Kapoor, Hiten Paintal, Sumeet Arora, Puneet Issar, Avantika Hundal, Sham Mashalkar",2008
Bhoothnath,Party To Banti Hai,"Ram Sampath, Yo Yo Honey Singh, Palash Muchhal, Meet Bros Anjjan, Background Score:, Hitesh Sonik",Meet Bros Anjjan,"Amitabh Bachchan, Aman Siddiqui, Juhi Chawla Mehta, Shah Rukh Khan, Rajpal Yadav, Satish Shah, Priyanshu Chatterjee, Nina Kulkarni, Devendra, Delnaaz Irani",2008
Bhoothnath,Har Har Gange,"Ram Sampath, Yo Yo Honey Singh, Palash Muchhal, Meet Bros Anjjan, Background Score:, Hitesh Sonik","Sachet-Parampara, Arijit Singh & Siddharth-Garima","Amitabh Bachchan, Aman Siddiqui, Juhi Chawla Mehta, Shah Rukh Khan, Rajpal Yadav, Satish Shah, Priyanshu Chatterjee, Nina Kulkarni, Devendra, Delnaaz Irani",2008
Bhoothnath,Party with the Bhoothnath,"Ram Sampath, Yo Yo Honey Singh, Palash Muchhal, Meet Bros Anjjan, Background Score:, Hitesh Sonik",Yo Yo Honey Singh,"Amitabh Bachchan, Aman Siddiqui, Juhi Chawla Mehta, Shah Rukh Khan, Rajpal Yadav, Satish Shah, Priyanshu Chatterjee, Nina Kulkarni, Devendra, Delnaaz Irani",2008
Bhoothnath,Sahib,"Ram Sampath, Yo Yo Honey Singh, Palash Muchhal, Meet Bros Anjjan, Background Score:, Hitesh Sonik",Rituraj,"Amitabh Bachchan, Aman Siddiqui, Juhi Chawla Mehta, Shah Rukh Khan, Rajpal Yadav, Satish Shah, Priyanshu Chatterjee, Nina Kulkarni, Devendra, Delnaaz Irani",2008
Bhoothnath,Dharavi Rap,"Ram Sampath, Yo Yo Honey Singh, Palash Muchhal, Meet Bros Anjjan, Background Score:, Hitesh Sonik",Parth S. Bhalerao & Anish,"Amitabh Bachchan, Aman Siddiqui, Juhi Chawla Mehta, Shah Rukh Khan, Rajpal Yadav, Satish Shah, Priyanshu Chatterjee, Nina Kulkarni, Devendra, Delnaaz Irani",2008
Bhoothnath,"Party Toh Banti Hai""(Remix)","Ram Sampath, Yo Yo Honey Singh, Palash Muchhal, Meet Bros Anjjan, Background Score:, Hitesh Sonik",Badshah & Aastha,"Amitabh Bachchan, Aman Siddiqui, Juhi Chawla Mehta, Shah Rukh Khan, Rajpal Yadav, Satish Shah, Priyanshu Chatterjee, Nina Kulkarni, Devendra, Delnaaz Irani",2008
Bhoothnath,"Har Har Gange"" (Remix)","Ram Sampath, Yo Yo Honey Singh, Palash Muchhal, Meet Bros Anjjan, Background Score:, Hitesh Sonik","Sachet-Parampara, Arijit Singh & Siddharth-Garima","Amitabh Bachchan, Aman Siddiqui, Juhi Chawla Mehta, Shah Rukh Khan, Rajpal Yadav, Satish Shah, Priyanshu Chatterjee, Nina Kulkarni, Devendra, Delnaaz Irani",2008
Sarkar Raj,Chaah Bhanwar Trishna,Bapi–Tutul,Sunayana Sarkar Dasgupta,"Amitabh Bachchan, Abhishek Bachchan, Aishwarya Rai Bachchan, Govind Namdeo, Tanishaa Mukerji, Victor Banerjee, Supriya Pathak, Sayaji Shinde, Dilip Prabhavalkar, Sumeet Nijhawan",2008
Sarkar Raj,Jalte Rawan,Bapi–Tutul,Abhishek Nehwal,"Amitabh Bachchan, Abhishek Bachchan, Aishwarya Rai Bachchan, Govind Namdeo, Tanishaa Mukerji, Victor Banerjee, Supriya Pathak, Sayaji Shinde, Dilip Prabhavalkar, Sumeet Nijhawan",2008
Sarkar Raj,Jalwa Re Jalwa,Bapi–Tutul,Kailash Kher & Sunayana Sarkar Dasgupta,"Amitabh Bachchan, Abhishek Bachchan, Aishwarya Rai Bachchan, Govind Namdeo, Tanishaa Mukerji, Victor Banerjee, Supriya Pathak, Sayaji Shinde, Dilip Prabhavalkar, Sumeet Nijhawan",2008
Sarkar Raj,Jhini Jhini,Bapi–Tutul,Roop Kumar Rathod & Shweta Pandit,"Amitabh Bachchan, Abhishek Bachchan, Aishwarya Rai Bachchan, Govind Namdeo, Tanishaa Mukerji, Victor Banerjee, Supriya Pathak, Sayaji Shinde, Dilip Prabhavalkar, Sumeet Nijhawan",2008
Sarkar Raj,Saam Daam,Bapi–Tutul,Kailash Kher,"Amitabh Bachchan, Abhishek Bachchan, Aishwarya Rai Bachchan, Govind Namdeo, Tanishaa Mukerji, Victor Banerjee, Supriya Pathak, Sayaji Shinde, Dilip Prabhavalkar, Sumeet Nijhawan",2008
Sarkar Raj,Saher Saher Ke Hajharon Sawal,Bapi–Tutul,Not Found,"Amitabh Bachchan, Abhishek Bachchan, Aishwarya Rai Bachchan, Govind Namdeo, Tanishaa Mukerji, Victor Banerjee, Supriya Pathak, Sayaji Shinde, Dilip Prabhavalkar, Sumeet Nijhawan",2008
Sarkar Raj,Subah,Bapi–Tutul,Shubham Shirule & Ana Rehman,"Amitabh Bachchan, Abhishek Bachchan, Aishwarya Rai Bachchan, Govind Namdeo, Tanishaa Mukerji, Victor Banerjee, Supriya Pathak, Sayaji Shinde, Dilip Prabhavalkar, Sumeet Nijhawan",2008
Sarkar Raj,The Govinda – Chant,Bapi–Tutul,Kailash Kher & Bapi-Tutul,"Amitabh Bachchan, Abhishek Bachchan, Aishwarya Rai Bachchan, Govind Namdeo, Tanishaa Mukerji, Victor Banerjee, Supriya Pathak, Sayaji Shinde, Dilip Prabhavalkar, Sumeet Nijhawan",2008
Sarkar Raj,The Govinda – Groove,Bapi–Tutul,Bapi-Tutul,"Amitabh Bachchan, Abhishek Bachchan, Aishwarya Rai Bachchan, Govind Namdeo, Tanishaa Mukerji, Victor Banerjee, Supriya Pathak, Sayaji Shinde, Dilip Prabhavalkar, Sumeet Nijhawan",2008
Sarkar Raj,The Govinda – Theme,Bapi–Tutul,Bapi-Tutul,"Amitabh Bachchan, Abhishek Bachchan, Aishwarya Rai Bachchan, Govind Namdeo, Tanishaa Mukerji, Victor Banerjee, Supriya Pathak, Sayaji Shinde, Dilip Prabhavalkar, Sumeet Nijhawan",2008
Sarkar Raj,The Govinda – Trance,Bapi–Tutul,Jankee Parekh & Bapi-Tutul,"Amitabh Bachchan, Abhishek Bachchan, Aishwarya Rai Bachchan, Govind Namdeo, Tanishaa Mukerji, Victor Banerjee, Supriya Pathak, Sayaji Shinde, Dilip Prabhavalkar, Sumeet Nijhawan",2008
Sarkar Raj,The Jalwa – Club Mix,Bapi–Tutul,Wajid,"Amitabh Bachchan, Abhishek Bachchan, Aishwarya Rai Bachchan, Govind Namdeo, Tanishaa Mukerji, Victor Banerjee, Supriya Pathak, Sayaji Shinde, Dilip Prabhavalkar, Sumeet Nijhawan",2008
Black & White,Haq Allah,Sukhwinder Singh,Sukhwinder Singh & Hans Raj Hans,"Anil Kapoor, Anurag Sinha, Shefali Shah, Habib Tanvir, Aditi Sharma, Akash Khurana, Sai Tamhankar, Jaimini Pathak, Milind Gunaji, Arun Bakshi",2008
Black & White,Peer Manava,Sukhwinder Singh,Sukhwinder Singh & Shraddha Pandit,"Anil Kapoor, Anurag Sinha, Shefali Shah, Habib Tanvir, Aditi Sharma, Akash Khurana, Sai Tamhankar, Jaimini Pathak, Milind Gunaji, Arun Bakshi",2008
Black & White,"Yeh Hindustan Hai"" (Part 1)",Sukhwinder Singh,A.R. Rahman,"Anil Kapoor, Anurag Sinha, Shefali Shah, Habib Tanvir, Aditi Sharma, Akash Khurana, Sai Tamhankar, Jaimini Pathak, Milind Gunaji, Arun Bakshi",2008
Black & White,Main Chali,Sukhwinder Singh,Naresh Iyer & Shreya Ghoshal,"Anil Kapoor, Anurag Sinha, Shefali Shah, Habib Tanvir, Aditi Sharma, Akash Khurana, Sai Tamhankar, Jaimini Pathak, Milind Gunaji, Arun Bakshi",2008
Black & White,Main Chala,Sukhwinder Singh,Taaruk Raina,"Anil Kapoor, Anurag Sinha, Shefali Shah, Habib Tanvir, Aditi Sharma, Akash Khurana, Sai Tamhankar, Jaimini Pathak, Milind Gunaji, Arun Bakshi",2008
Black & White,Jogi Aaya,Sukhwinder Singh,Sadhana Sargam & Sukhwinder Singh,"Anil Kapoor, Anurag Sinha, Shefali Shah, Habib Tanvir, Aditi Sharma, Akash Khurana, Sai Tamhankar, Jaimini Pathak, Milind Gunaji, Arun Bakshi",2008
Black & White,"Yeh Hindustan Hai"" (Part 2)",Sukhwinder Singh,A.R. Rahman,"Anil Kapoor, Anurag Sinha, Shefali Shah, Habib Tanvir, Aditi Sharma, Akash Khurana, Sai Tamhankar, Jaimini Pathak, Milind Gunaji, Arun Bakshi",2008
Shaurya,"""Dheere Dheere""","Adnan Sami, Background Score:, Surinder Sodhi",Zack Knight & Kumar Sanu,"Kay Kay Menon, Rahul Bose, Amrita Rao, Minissha Lamba, Javed Jaffrey, Deepak Dobriyal, Pavan Malhotra, Pankaj Tripathi, Denzil Smith, Seema Biswas",2008
Shaurya,"""Ghabra Ke Dar Dar Ke""","Adnan Sami, Background Score:, Surinder Sodhi",Rajkumari,"Kay Kay Menon, Rahul Bose, Amrita Rao, Minissha Lamba, Javed Jaffrey, Deepak Dobriyal, Pavan Malhotra, Pankaj Tripathi, Denzil Smith, Seema Biswas",2008
Shaurya,"""Jaane Kyun Jaane Maan""","Adnan Sami, Background Score:, Surinder Sodhi",Atif Aslam & Pritam,"Kay Kay Menon, Rahul Bose, Amrita Rao, Minissha Lamba, Javed Jaffrey, Deepak Dobriyal, Pavan Malhotra, Pankaj Tripathi, Denzil Smith, Seema Biswas",2008
Shaurya,"""Dosti Kya Hai"" -Udit Narayan,Abhijeet Bhattacharya","Adnan Sami, Background Score:, Surinder Sodhi","Kumar Sanu, Abhijeet, Udit Narayan & Vinod Rathod","Kay Kay Menon, Rahul Bose, Amrita Rao, Minissha Lamba, Javed Jaffrey, Deepak Dobriyal, Pavan Malhotra, Pankaj Tripathi, Denzil Smith, Seema Biswas",2008
Shaurya,"""Shaurya"" -Kunal Ganjawala","Adnan Sami, Background Score:, Surinder Sodhi",Not Found,"Kay Kay Menon, Rahul Bose, Amrita Rao, Minissha Lamba, Javed Jaffrey, Deepak Dobriyal, Pavan Malhotra, Pankaj Tripathi, Denzil Smith, Seema Biswas",2008
U Me Aur Hum,Jee Le,Vishal Bhardwaj,Shruti Pathak & Naresh Kamath,"Ajay Devgn, Kajol, Divya Dutta, Isha Sharvani, Karan Khanna, Sumeet Raghvan",2008
U Me Aur Hum,"U Me Aur Hum"" (Female)",Vishal Bhardwaj,Vishal Bhardwaj & Shreya Ghoshal,"Ajay Devgn, Kajol, Divya Dutta, Isha Sharvani, Karan Khanna, Sumeet Raghvan",2008
U Me Aur Hum,Saiyaan,Vishal Bhardwaj,"Kailash Kher, Silent Ocean & Bollywood Lofi","Ajay Devgn, Kajol, Divya Dutta, Isha Sharvani, Karan Khanna, Sumeet Raghvan",2008
U Me Aur Hum,Phatte,Vishal Bhardwaj,"Vishal Bhardwaj, Adnan Sami & Sunidhi Chauhan","Ajay Devgn, Kajol, Divya Dutta, Isha Sharvani, Karan Khanna, Sumeet Raghvan",2008
U Me Aur Hum,Dil Dhakda Hai,Vishal Bhardwaj,"Vishal Bhardwaj, Adnan Sami & Shreya Ghoshal","Ajay Devgn, Kajol, Divya Dutta, Isha Sharvani, Karan Khanna, Sumeet Raghvan",2008
U Me Aur Hum,"U Me Aur Hum"" (Male)",Vishal Bhardwaj,Vishal Bhardwaj,"Ajay Devgn, Kajol, Divya Dutta, Isha Sharvani, Karan Khanna, Sumeet Raghvan",2008
Tashan,Dil Haara,Vishal–Shekhar,Vishal & Shekhar & Sukhwinder Singh,"Akshay Kumar, Kareena Kapoor Khan, Saif Ali Khan, Anil Kapoor, Sanjay Mishra, Yashpal Sharma, Manoj Pahwa, Sreejita De, Mukesh Bhatt, Rajesh Jais",2008
Tashan,Chhaliya,Vishal–Shekhar,"Vishal & Shekhar, Piyush Mishra & Sunidhi Chauhan","Akshay Kumar, Kareena Kapoor Khan, Saif Ali Khan, Anil Kapoor, Sanjay Mishra, Yashpal Sharma, Manoj Pahwa, Sreejita De, Mukesh Bhatt, Rajesh Jais",2008
Tashan,Dil Dance Maare,Vishal–Shekhar,"Vishal & Shekhar, Sukhwinder Singh, Sunidhi Chauhan & Udit Narayan","Akshay Kumar, Kareena Kapoor Khan, Saif Ali Khan, Anil Kapoor, Sanjay Mishra, Yashpal Sharma, Manoj Pahwa, Sreejita De, Mukesh Bhatt, Rajesh Jais",2008
Tashan,Falak Tak,Vishal–Shekhar,"Vishal & Shekhar, Mahalakshmi Iyer & Udit Narayan","Akshay Kumar, Kareena Kapoor Khan, Saif Ali Khan, Anil Kapoor, Sanjay Mishra, Yashpal Sharma, Manoj Pahwa, Sreejita De, Mukesh Bhatt, Rajesh Jais",2008
Tashan,Tashan Mein,Vishal–Shekhar,Vishal & Shekhar & Saleem,"Akshay Kumar, Kareena Kapoor Khan, Saif Ali Khan, Anil Kapoor, Sanjay Mishra, Yashpal Sharma, Manoj Pahwa, Sreejita De, Mukesh Bhatt, Rajesh Jais",2008
Jannat,Zara Sa,Pritam,KK & Pritam,"Emraan Hashmi, Sonal Chauhan, Javed Sheikh, Sameer Kochhar, Vishal Malhotra, Vipin Sharma, Abhimanyu Singh, Vineet Kumar Singh",2008
Jannat,Judaai,Pritam,"Sachin-Jigar, Rekha Bhardwaj, Arijit Singh & Priya Saraiya","Emraan Hashmi, Sonal Chauhan, Javed Sheikh, Sameer Kochhar, Vishal Malhotra, Vipin Sharma, Abhimanyu Singh, Vineet Kumar Singh",2008
Jannat,Haan Tu Hain,Pritam,KK & Pritam,"Emraan Hashmi, Sonal Chauhan, Javed Sheikh, Sameer Kochhar, Vishal Malhotra, Vipin Sharma, Abhimanyu Singh, Vineet Kumar Singh",2008
Jannat,Door Na Jaa (Not In Movie),Pritam,Jasleen Royal & B. Praak,"Emraan Hashmi, Sonal Chauhan, Javed Sheikh, Sameer Kochhar, Vishal Malhotra, Vipin Sharma, Abhimanyu Singh, Vineet Kumar Singh",2008
Jannat,Jannat Jahan,Pritam,Pritam & Rupam Islam,"Emraan Hashmi, Sonal Chauhan, Javed Sheikh, Sameer Kochhar, Vishal Malhotra, Vipin Sharma, Abhimanyu Singh, Vineet Kumar Singh",2008
Jannat,Lambi Judaai,Pritam,Reshma & Anand Bakshi,"Emraan Hashmi, Sonal Chauhan, Javed Sheikh, Sameer Kochhar, Vishal Malhotra, Vipin Sharma, Abhimanyu Singh, Vineet Kumar Singh",2008
Jannat,Zara Sa (Power Ballad),Pritam,KK & Pritam,"Emraan Hashmi, Sonal Chauhan, Javed Sheikh, Sameer Kochhar, Vishal Malhotra, Vipin Sharma, Abhimanyu Singh, Vineet Kumar Singh",2008
Jannat,Judaai (Kilogram Mix),Pritam,Not Found,"Emraan Hashmi, Sonal Chauhan, Javed Sheikh, Sameer Kochhar, Vishal Malhotra, Vipin Sharma, Abhimanyu Singh, Vineet Kumar Singh",2008
Jannat,Zara Sa Reprise,Pritam,KK & Pritam,"Emraan Hashmi, Sonal Chauhan, Javed Sheikh, Sameer Kochhar, Vishal Malhotra, Vipin Sharma, Abhimanyu Singh, Vineet Kumar Singh",2008
Aamir,Ha Raham,Amit Trivedi,"Murtuza-Qadir, Amit Trivedi & Amitabh","Rajeev Khandelwal, Amar Kaushik, Vasan Bala, Gajraj Rao, Rohitashv Gour, Aishwarya Bhaskaran, Uday Sabnis, Shashanka Ghosh",2008
Aamir,Chakkar Ghumyo,Amit Trivedi,Not Found,"Rajeev Khandelwal, Amar Kaushik, Vasan Bala, Gajraj Rao, Rohitashv Gour, Aishwarya Bhaskaran, Uday Sabnis, Shashanka Ghosh",2008
Aamir,Haara,Amit Trivedi,"Anand Bhaskar, Ginny Diwan & Arjun Bala","Rajeev Khandelwal, Amar Kaushik, Vasan Bala, Gajraj Rao, Rohitashv Gour, Aishwarya Bhaskaran, Uday Sabnis, Shashanka Ghosh",2008
Aamir,Phas Gaya (Never Mind),Amit Trivedi,Sunita Rao,"Rajeev Khandelwal, Amar Kaushik, Vasan Bala, Gajraj Rao, Rohitashv Gour, Aishwarya Bhaskaran, Uday Sabnis, Shashanka Ghosh",2008
Aamir,Ek Lau,Amit Trivedi,Javed Ali,"Rajeev Khandelwal, Amar Kaushik, Vasan Bala, Gajraj Rao, Rohitashv Gour, Aishwarya Bhaskaran, Uday Sabnis, Shashanka Ghosh",2008
Aamir,Climax Theme (instrumental),Amit Trivedi,Not Found,"Rajeev Khandelwal, Amar Kaushik, Vasan Bala, Gajraj Rao, Rohitashv Gour, Aishwarya Bhaskaran, Uday Sabnis, Shashanka Ghosh",2008
Thoda Pyaar Thoda Magic,Pyaar Ke Liye,Shankar–Ehsaan–Loy,Shankar Mahadevan,"Rani Mukerji, Saif Ali Khan, Ameesha Patel, Rishi Kapoor, Shriya Sharma",2008
Thoda Pyaar Thoda Magic,Nihaal Ho Gayi,Shankar–Ehsaan–Loy,Shankar Mahadevan,"Rani Mukerji, Saif Ali Khan, Ameesha Patel, Rishi Kapoor, Shriya Sharma",2008
Thoda Pyaar Thoda Magic,Bulbula,Shankar–Ehsaan–Loy,Shankar Mahadevan & Sunidhi Chauhan,"Rani Mukerji, Saif Ali Khan, Ameesha Patel, Rishi Kapoor, Shriya Sharma",2008
Thoda Pyaar Thoda Magic,Lazy Lamhe,Shankar–Ehsaan–Loy,Anusha Mani,"Rani Mukerji, Saif Ali Khan, Ameesha Patel, Rishi Kapoor, Shriya Sharma",2008
Thoda Pyaar Thoda Magic,Beetey Kal Se,Shankar–Ehsaan–Loy,Shreya Ghoshal & Sneha Suresh,"Rani Mukerji, Saif Ali Khan, Ameesha Patel, Rishi Kapoor, Shriya Sharma",2008
Thoda Pyaar Thoda Magic,"Nihaal Ho Gayi"" (DJ AqeelRemix)",Shankar–Ehsaan–Loy,Not Found,"Rani Mukerji, Saif Ali Khan, Ameesha Patel, Rishi Kapoor, Shriya Sharma",2008
Thoda Pyaar Thoda Magic,"Lazy Lamhe"""" (DJ Aqeel Remix)",Shankar–Ehsaan–Loy,Anusha Mani,"Rani Mukerji, Saif Ali Khan, Ameesha Patel, Rishi Kapoor, Shriya Sharma",2008
Jaane Tu... Ya Jaane Na,Kabhi Kabhi Aditi,A. R. Rahman,Rashid Ali,"Imran Khan, Genelia D'Souza, Manjari Fadnnis, Prateik Smita Patil, Sugandha Garg, Nirav Mehta, Alishka Varde, Ayaz Khan, Naseeruddin Shah, Ratna Pathak Shah",2008
Jaane Tu... Ya Jaane Na,Pappu Can't Dance Saala,A. R. Rahman,"Benny Dayal, Naresh Iyer, Satish Chakravarthy, Aslam, Blaaze, Tanvi & Bhargavi","Imran Khan, Genelia D'Souza, Manjari Fadnnis, Prateik Smita Patil, Sugandha Garg, Nirav Mehta, Alishka Varde, Ayaz Khan, Naseeruddin Shah, Ratna Pathak Shah",2008
Jaane Tu... Ya Jaane Na,"Tu Bole, Main Boloon – The Title Theme",A. R. Rahman,A.R. Rahman,"Imran Khan, Genelia D'Souza, Manjari Fadnnis, Prateik Smita Patil, Sugandha Garg, Nirav Mehta, Alishka Varde, Ayaz Khan, Naseeruddin Shah, Ratna Pathak Shah",2008
Jaane Tu... Ya Jaane Na,Nazrein Milana Nazrein Churana,A. R. Rahman,Not Found,"Imran Khan, Genelia D'Souza, Manjari Fadnnis, Prateik Smita Patil, Sugandha Garg, Nirav Mehta, Alishka Varde, Ayaz Khan, Naseeruddin Shah, Ratna Pathak Shah",2008
Jaane Tu... Ya Jaane Na,"Jaane Tu Mera Kya Hai"" (Female)",A. R. Rahman,Runa,"Imran Khan, Genelia D'Souza, Manjari Fadnnis, Prateik Smita Patil, Sugandha Garg, Nirav Mehta, Alishka Varde, Ayaz Khan, Naseeruddin Shah, Ratna Pathak Shah",2008
Jaane Tu... Ya Jaane Na,Kahin To,A. R. Rahman,Rashid Ali & Vasundhara Das,"Imran Khan, Genelia D'Souza, Manjari Fadnnis, Prateik Smita Patil, Sugandha Garg, Nirav Mehta, Alishka Varde, Ayaz Khan, Naseeruddin Shah, Ratna Pathak Shah",2008
Jaane Tu... Ya Jaane Na,"Jaane Tu Meri Kya Hai"" (Male)",A. R. Rahman,Vishal Dadlani & Vishal & Shekhar,"Imran Khan, Genelia D'Souza, Manjari Fadnnis, Prateik Smita Patil, Sugandha Garg, Nirav Mehta, Alishka Varde, Ayaz Khan, Naseeruddin Shah, Ratna Pathak Shah",2008
Jaane Tu... Ya Jaane Na,"Pappu Can't Dance Saala"" (Remix)",A. R. Rahman,"Benny Dayal, Naresh Iyer, Satish Chakravarthy, Aslam, Blaaze, Tanvi & Bhargavi","Imran Khan, Genelia D'Souza, Manjari Fadnnis, Prateik Smita Patil, Sugandha Garg, Nirav Mehta, Alishka Varde, Ayaz Khan, Naseeruddin Shah, Ratna Pathak Shah",2008
Love Story 2050,Aa Gaya Hun Mein,Anu Malik,KK,"Harman Baweja, Priyanka Chopra Jonas, Boman Irani, Archana Puran Singh, Kurush Deboo",2008
Love Story 2050,Mausam Achanak Ye Badla Kyun,Anu Malik,Not Found,"Harman Baweja, Priyanka Chopra Jonas, Boman Irani, Archana Puran Singh, Kurush Deboo",2008
Love Story 2050,Milo Na Milo,Anu Malik,Shaan,"Harman Baweja, Priyanka Chopra Jonas, Boman Irani, Archana Puran Singh, Kurush Deboo",2008
Love Story 2050,Sach Kehna,Anu Malik,Kunal Ganjawala,"Harman Baweja, Priyanka Chopra Jonas, Boman Irani, Archana Puran Singh, Kurush Deboo",2008
Love Story 2050,"Jane Kaisi Hai Teri Meri Love Story"" (Happy Version)",Anu Malik,Devi Sri Prasad & Neeti Mohan,"Harman Baweja, Priyanka Chopra Jonas, Boman Irani, Archana Puran Singh, Kurush Deboo",2008
Love Story 2050,"Jane Kaisi Hai Teri Meri Love Story"" (Sad Version)",Anu Malik,Devi Sri Prasad & Neeti Mohan,"Harman Baweja, Priyanka Chopra Jonas, Boman Irani, Archana Puran Singh, Kurush Deboo",2008
Love Story 2050,Lover Boy,Anu Malik,Alisha Chinai,"Harman Baweja, Priyanka Chopra Jonas, Boman Irani, Archana Puran Singh, Kurush Deboo",2008
Love Story 2050,"Meelon Ka Jaisa Tha Fasla"" (Happy Version)",Anu Malik,Not Found,"Harman Baweja, Priyanka Chopra Jonas, Boman Irani, Archana Puran Singh, Kurush Deboo",2008
Love Story 2050,"Meelon Ka Jaisa Tha Fasla"" (Sad Version)",Anu Malik,Not Found,"Harman Baweja, Priyanka Chopra Jonas, Boman Irani, Archana Puran Singh, Kurush Deboo",2008
Mehbooba,Tu Meri Mehbooba,Ismail Darbar,Kumar Sanu & Alka Yagnik,"Sanjay Dutt, Ajay Devgn, Manisha Koirala, Suman Ranganathan, Kader Khan, Reema Lagoo, Asrani, Bindu, Annu Kapoor, Himani Shivpuri",2008
Mehbooba,Khwabon Ki Rani Hai,Ismail Darbar,Adnan Sami,"Sanjay Dutt, Ajay Devgn, Manisha Koirala, Suman Ranganathan, Kader Khan, Reema Lagoo, Asrani, Bindu, Annu Kapoor, Himani Shivpuri",2008
Mehbooba,Dilruba,Ismail Darbar,Sunidhi Chauhan,"Sanjay Dutt, Ajay Devgn, Manisha Koirala, Suman Ranganathan, Kader Khan, Reema Lagoo, Asrani, Bindu, Annu Kapoor, Himani Shivpuri",2008
Mehbooba,Yaar Tera Shukriya,Ismail Darbar,Udit Narayan & Alka Yagnik,"Sanjay Dutt, Ajay Devgn, Manisha Koirala, Suman Ranganathan, Kader Khan, Reema Lagoo, Asrani, Bindu, Annu Kapoor, Himani Shivpuri",2008
Mehbooba,Deewana,Ismail Darbar,"Sukhwinder Singh, Sonu Nigam & Aslam Akram Sabri","Sanjay Dutt, Ajay Devgn, Manisha Koirala, Suman Ranganathan, Kader Khan, Reema Lagoo, Asrani, Bindu, Annu Kapoor, Himani Shivpuri",2008
Mehbooba,Babuji Bahut Dukhta Hai,Ismail Darbar,Not Found,"Sanjay Dutt, Ajay Devgn, Manisha Koirala, Suman Ranganathan, Kader Khan, Reema Lagoo, Asrani, Bindu, Annu Kapoor, Himani Shivpuri",2008
Mehbooba,Kuch Kar Lo,Ismail Darbar,Kavita Subrahmanyam,"Sanjay Dutt, Ajay Devgn, Manisha Koirala, Suman Ranganathan, Kader Khan, Reema Lagoo, Asrani, Bindu, Annu Kapoor, Himani Shivpuri",2008
Mehbooba,Kuch Kar Lo,Ismail Darbar,Kavita Subrahmanyam,"Sanjay Dutt, Ajay Devgn, Manisha Koirala, Suman Ranganathan, Kader Khan, Reema Lagoo, Asrani, Bindu, Annu Kapoor, Himani Shivpuri",2008
Mehbooba,Kuch Kar Lo Kuch,Ismail Darbar,Kavita Subrahmanyam,"Sanjay Dutt, Ajay Devgn, Manisha Koirala, Suman Ranganathan, Kader Khan, Reema Lagoo, Asrani, Bindu, Annu Kapoor, Himani Shivpuri",2008
Mehbooba,Achcha To Ab Main Chalta Hoon,Ismail Darbar,Sonu Nigam,"Sanjay Dutt, Ajay Devgn, Manisha Koirala, Suman Ranganathan, Kader Khan, Reema Lagoo, Asrani, Bindu, Annu Kapoor, Himani Shivpuri",2008
Kismat Konnection,Move Your Body Now,"Pritam, Style Bhai, Guest Composition:, Sajid–Wajid, Background Score:, Sanjoy Chowdhury","Shaan, Hard Kaur, Suheil, Akriti Kakar & Pritam","Shahid Kapoor, Vidya Balan, Juhi Chawla Mehta, Om Puri, Vishal Malhotra, Boman Irani, Amit Varma, Himani Shivpuri, Karanvir Bohra, Dimple Sharma",2008
Kismat Konnection,Soniye Ve,"Pritam, Style Bhai, Guest Composition:, Sajid–Wajid, Background Score:, Sanjoy Chowdhury","Sonu Nigam, Sunidhi Chauhan & Pritam","Shahid Kapoor, Vidya Balan, Juhi Chawla Mehta, Om Puri, Vishal Malhotra, Boman Irani, Amit Varma, Himani Shivpuri, Karanvir Bohra, Dimple Sharma",2008
Kismat Konnection,Bakhuda Tumhi Ho,"Pritam, Style Bhai, Guest Composition:, Sajid–Wajid, Background Score:, Sanjoy Chowdhury","Atif Aslam, Alka Yagnik & Pritam","Shahid Kapoor, Vidya Balan, Juhi Chawla Mehta, Om Puri, Vishal Malhotra, Boman Irani, Amit Varma, Himani Shivpuri, Karanvir Bohra, Dimple Sharma",2008
Kismat Konnection,Aai Paapi,"Pritam, Style Bhai, Guest Composition:, Sajid–Wajid, Background Score:, Sanjoy Chowdhury",Neeraj Shridhar & Pritam,"Shahid Kapoor, Vidya Balan, Juhi Chawla Mehta, Om Puri, Vishal Malhotra, Boman Irani, Amit Varma, Himani Shivpuri, Karanvir Bohra, Dimple Sharma",2008
Kismat Konnection,Is This Love,"Pritam, Style Bhai, Guest Composition:, Sajid–Wajid, Background Score:, Sanjoy Chowdhury",Maroon 5,"Shahid Kapoor, Vidya Balan, Juhi Chawla Mehta, Om Puri, Vishal Malhotra, Boman Irani, Amit Varma, Himani Shivpuri, Karanvir Bohra, Dimple Sharma",2008
Kismat Konnection,Bakhuda Tumhi Ho – Fresh Mix,"Pritam, Style Bhai, Guest Composition:, Sajid–Wajid, Background Score:, Sanjoy Chowdhury","Atif Aslam, Alka Yagnik & Pritam","Shahid Kapoor, Vidya Balan, Juhi Chawla Mehta, Om Puri, Vishal Malhotra, Boman Irani, Amit Varma, Himani Shivpuri, Karanvir Bohra, Dimple Sharma",2008
Kismat Konnection,Aai Paapi – Dance Mix,"Pritam, Style Bhai, Guest Composition:, Sajid–Wajid, Background Score:, Sanjoy Chowdhury",Neeraj Shridhar & Pritam,"Shahid Kapoor, Vidya Balan, Juhi Chawla Mehta, Om Puri, Vishal Malhotra, Boman Irani, Amit Varma, Himani Shivpuri, Karanvir Bohra, Dimple Sharma",2008
Kismat Konnection,Move Your Body Now – Hip Hop Mix,"Pritam, Style Bhai, Guest Composition:, Sajid–Wajid, Background Score:, Sanjoy Chowdhury",Powfu,"Shahid Kapoor, Vidya Balan, Juhi Chawla Mehta, Om Puri, Vishal Malhotra, Boman Irani, Amit Varma, Himani Shivpuri, Karanvir Bohra, Dimple Sharma",2008
Kismat Konnection,Kahin Na Laage Mann – Lounge Mix,"Pritam, Style Bhai, Guest Composition:, Sajid–Wajid, Background Score:, Sanjoy Chowdhury","Mohit Chauhan, Shreya Ghoshal & Pritam","Shahid Kapoor, Vidya Balan, Juhi Chawla Mehta, Om Puri, Vishal Malhotra, Boman Irani, Amit Varma, Himani Shivpuri, Karanvir Bohra, Dimple Sharma",2008
Kismat Konnection,Soniye Ve – Electro Dhol Mix,"Pritam, Style Bhai, Guest Composition:, Sajid–Wajid, Background Score:, Sanjoy Chowdhury",Not Found,"Shahid Kapoor, Vidya Balan, Juhi Chawla Mehta, Om Puri, Vishal Malhotra, Boman Irani, Amit Varma, Himani Shivpuri, Karanvir Bohra, Dimple Sharma",2008
God Tussi Great Ho,Let's Party,Sajid–Wajid,Beyoncé,"Amitabh Bachchan, Salman Khan, Priyanka Chopra Jonas, Anupam Kher, Sohail Khan, Dalip Tahil, Beena Kak, Upasna Singh, Rukhsar Rehman, Satish Kaushik",2008
God Tussi Great Ho,Tujhe Aksa Beach Ghuma Doon,Sajid–Wajid,Wajid & Amrita Kak,"Amitabh Bachchan, Salman Khan, Priyanka Chopra Jonas, Anupam Kher, Sohail Khan, Dalip Tahil, Beena Kak, Upasna Singh, Rukhsar Rehman, Satish Kaushik",2008
God Tussi Great Ho,God Tussi Great Ho,Sajid–Wajid,Sonu Nigam & Shankar Mahadevan,"Amitabh Bachchan, Salman Khan, Priyanka Chopra Jonas, Anupam Kher, Sohail Khan, Dalip Tahil, Beena Kak, Upasna Singh, Rukhsar Rehman, Satish Kaushik",2008
God Tussi Great Ho,Tumko Dekha,Sajid–Wajid,Neeraj Shridhar & Shreya Ghoshal,"Amitabh Bachchan, Salman Khan, Priyanka Chopra Jonas, Anupam Kher, Sohail Khan, Dalip Tahil, Beena Kak, Upasna Singh, Rukhsar Rehman, Satish Kaushik",2008
God Tussi Great Ho,Lal Chunariya,Sajid–Wajid,Udit Narayan & Alka Yagnik,"Amitabh Bachchan, Salman Khan, Priyanka Chopra Jonas, Anupam Kher, Sohail Khan, Dalip Tahil, Beena Kak, Upasna Singh, Rukhsar Rehman, Satish Kaushik",2008
God Tussi Great Ho,Tujhe Aksa Beach Ghuma Doon (Remix),Sajid–Wajid,Wajid & Amrita Kak,"Amitabh Bachchan, Salman Khan, Priyanka Chopra Jonas, Anupam Kher, Sohail Khan, Dalip Tahil, Beena Kak, Upasna Singh, Rukhsar Rehman, Satish Kaushik",2008
God Tussi Great Ho,Let's Party (Remix),Sajid–Wajid,"Shaan, Sunidhi Chauhan & Dj A-Myth","Amitabh Bachchan, Salman Khan, Priyanka Chopra Jonas, Anupam Kher, Sohail Khan, Dalip Tahil, Beena Kak, Upasna Singh, Rukhsar Rehman, Satish Kaushik",2008
God Tussi Great Ho,God Tussi Great Ho (Remix),Sajid–Wajid,"Sonu Nigam, Shankar Mahadevan & Dj A-Myth","Amitabh Bachchan, Salman Khan, Priyanka Chopra Jonas, Anupam Kher, Sohail Khan, Dalip Tahil, Beena Kak, Upasna Singh, Rukhsar Rehman, Satish Kaushik",2008
Rock On!!,Socha Hai,Shankar–Ehsaan–Loy,Farhan Akhtar,"Farhan Akhtar, Arjun Rampal, Purab Kohli, Luke Kenny, Prachi Desai, Shahana Goswami, Koel Purie, Nicolette Bird, Monica Dogra, Dalip Tahil",2008
Rock On!!,Pichle Saat Dinon Mein,Shankar–Ehsaan–Loy,Farhan Akhtar,"Farhan Akhtar, Arjun Rampal, Purab Kohli, Luke Kenny, Prachi Desai, Shahana Goswami, Koel Purie, Nicolette Bird, Monica Dogra, Dalip Tahil",2008
Rock On!!,Rock On!!,Shankar–Ehsaan–Loy,Farhan Akhtar,"Farhan Akhtar, Arjun Rampal, Purab Kohli, Luke Kenny, Prachi Desai, Shahana Goswami, Koel Purie, Nicolette Bird, Monica Dogra, Dalip Tahil",2008
Rock On!!,Yeh Tumhari Meri Baatein,Shankar–Ehsaan–Loy,Dominique Cerejo,"Farhan Akhtar, Arjun Rampal, Purab Kohli, Luke Kenny, Prachi Desai, Shahana Goswami, Koel Purie, Nicolette Bird, Monica Dogra, Dalip Tahil",2008
Rock On!!,Zehreelay,Shankar–Ehsaan–Loy,Error,"Farhan Akhtar, Arjun Rampal, Purab Kohli, Luke Kenny, Prachi Desai, Shahana Goswami, Koel Purie, Nicolette Bird, Monica Dogra, Dalip Tahil",2008
Rock On!!,Tum Ho Toh,Shankar–Ehsaan–Loy,"Vishal Mishra, Hansika Pareek & Raj Shekhar","Farhan Akhtar, Arjun Rampal, Purab Kohli, Luke Kenny, Prachi Desai, Shahana Goswami, Koel Purie, Nicolette Bird, Monica Dogra, Dalip Tahil",2008
Rock On!!,Sinbad The Sailor,Shankar–Ehsaan–Loy,Farhan Akhtar & Raman Mahadevan,"Farhan Akhtar, Arjun Rampal, Purab Kohli, Luke Kenny, Prachi Desai, Shahana Goswami, Koel Purie, Nicolette Bird, Monica Dogra, Dalip Tahil",2008
Rock On!!,Pichle Saat Dinon Mein (Live Version),Shankar–Ehsaan–Loy,Farhan Akhtar,"Farhan Akhtar, Arjun Rampal, Purab Kohli, Luke Kenny, Prachi Desai, Shahana Goswami, Koel Purie, Nicolette Bird, Monica Dogra, Dalip Tahil",2008
Rock On!!,Phir Dekhiye,Shankar–Ehsaan–Loy,Caralisa Monteiro,"Farhan Akhtar, Arjun Rampal, Purab Kohli, Luke Kenny, Prachi Desai, Shahana Goswami, Koel Purie, Nicolette Bird, Monica Dogra, Dalip Tahil",2008
Welcome to Sajjanpur,Sita Ram Sita Ram,Shantanu Moitra,Krishna Kumar,"Shreyas Talpade, Amrita Rao, Kunal Kapoor, Ravi Kishan, Ravi Jhankal, Yashpal Sharma, Rajeshwari Sachdev, Divya Dutta, Ila Arun, Lalit Tiwari",2008
Welcome to Sajjanpur,Ek Meetha Marz De Ke,Shantanu Moitra,Mohit Chauhan & Madhushree,"Shreyas Talpade, Amrita Rao, Kunal Kapoor, Ravi Kishan, Ravi Jhankal, Yashpal Sharma, Rajeshwari Sachdev, Divya Dutta, Ila Arun, Lalit Tiwari",2008
Welcome to Sajjanpur,Bheeni Bheeni Mehki Mehki,Shantanu Moitra,Krishna Kumar & Shreya Ghoshal,"Shreyas Talpade, Amrita Rao, Kunal Kapoor, Ravi Kishan, Ravi Jhankal, Yashpal Sharma, Rajeshwari Sachdev, Divya Dutta, Ila Arun, Lalit Tiwari",2008
Welcome to Sajjanpur,Dildara,Shantanu Moitra,Sonu Nigam,"Shreyas Talpade, Amrita Rao, Kunal Kapoor, Ravi Kishan, Ravi Jhankal, Yashpal Sharma, Rajeshwari Sachdev, Divya Dutta, Ila Arun, Lalit Tiwari",2008
Welcome to Sajjanpur,Aadmi Azaad Hai,Shantanu Moitra,Kailash Kher,"Shreyas Talpade, Amrita Rao, Kunal Kapoor, Ravi Kishan, Ravi Jhankal, Yashpal Sharma, Rajeshwari Sachdev, Divya Dutta, Ila Arun, Lalit Tiwari",2008
Welcome to Sajjanpur,Munni Ki Baari,Shantanu Moitra,Ajay Jhingran,"Shreyas Talpade, Amrita Rao, Kunal Kapoor, Ravi Kishan, Ravi Jhankal, Yashpal Sharma, Rajeshwari Sachdev, Divya Dutta, Ila Arun, Lalit Tiwari",2008
Welcome to Sajjanpur,Sita Ram Sita Ram (Remix),Shantanu Moitra,Krishna Kumar,"Shreyas Talpade, Amrita Rao, Kunal Kapoor, Ravi Kishan, Ravi Jhankal, Yashpal Sharma, Rajeshwari Sachdev, Divya Dutta, Ila Arun, Lalit Tiwari",2008
Kidnap,Haan Ji,"Pritam, Guest Composers:, Sandeep-Sanjeev","Pritam, Arijit Singh & Shashwat Singh","Imran Khan, Sanjay Dutt, Minissha Lamba, Vidya Malvade, Reema Lagoo, Rahul Dev, Raj Zutshi, Sophiya Chaudhary",2008
Kidnap,Hey Ya,"Pritam, Guest Composers:, Sandeep-Sanjeev","Clinton Cerejo, Shankar Mahadevan & Loy Mendonsa","Imran Khan, Sanjay Dutt, Minissha Lamba, Vidya Malvade, Reema Lagoo, Rahul Dev, Raj Zutshi, Sophiya Chaudhary",2008
Kidnap,"Hey Ya"" (House Mix)","Pritam, Guest Composers:, Sandeep-Sanjeev","Clinton Cerejo, Shankar Mahadevan & Loy Mendonsa","Imran Khan, Sanjay Dutt, Minissha Lamba, Vidya Malvade, Reema Lagoo, Rahul Dev, Raj Zutshi, Sophiya Chaudhary",2008
Kidnap,Mausam,"Pritam, Guest Composers:, Sandeep-Sanjeev",Mithoon,"Imran Khan, Sanjay Dutt, Minissha Lamba, Vidya Malvade, Reema Lagoo, Rahul Dev, Raj Zutshi, Sophiya Chaudhary",2008
Kidnap,Meri Ek Ada Shola,"Pritam, Guest Composers:, Sandeep-Sanjeev",Lata Mangeshkar,"Imran Khan, Sanjay Dutt, Minissha Lamba, Vidya Malvade, Reema Lagoo, Rahul Dev, Raj Zutshi, Sophiya Chaudhary",2008
Kidnap,Mit Jaaye,"Pritam, Guest Composers:, Sandeep-Sanjeev","Vishal & Shekhar, Arijit Singh, Sukriti Kakar, Vishal Dadlani & Shekhar Ravjiani","Imran Khan, Sanjay Dutt, Minissha Lamba, Vidya Malvade, Reema Lagoo, Rahul Dev, Raj Zutshi, Sophiya Chaudhary",2008
Kidnap,"Mit Jaaye"" (Rock Version)","Pritam, Guest Composers:, Sandeep-Sanjeev",Shreya Ghoshal,"Imran Khan, Sanjay Dutt, Minissha Lamba, Vidya Malvade, Reema Lagoo, Rahul Dev, Raj Zutshi, Sophiya Chaudhary",2008
Drona,Bandagi,Dhruv Ghanekar,"Dhruv Ghanekar, Sunidhi Chauhan & Roop Kumar Rathod","Abhishek Bachchan, Priyanka Chopra Jonas, Jaya Bachchan, Ali Haji, Kay Kay Menon, Conan Stevens",2008
Drona,Drona (Title Song),Dhruv Ghanekar,"Dhruv Ghanekar, Sunidhi Chauhan & Dhruv","Abhishek Bachchan, Priyanka Chopra Jonas, Jaya Bachchan, Ali Haji, Kay Kay Menon, Conan Stevens",2008
Drona,Drona (Title Song - Version 2),Dhruv Ghanekar,Not Found,"Abhishek Bachchan, Priyanka Chopra Jonas, Jaya Bachchan, Ali Haji, Kay Kay Menon, Conan Stevens",2008
Drona,Nanhe Nanhe,Dhruv Ghanekar,Himesh Reshammiya & Sonu Nigam,"Abhishek Bachchan, Priyanka Chopra Jonas, Jaya Bachchan, Ali Haji, Kay Kay Menon, Conan Stevens",2008
Drona,Khushi,Dhruv Ghanekar,Nazia Hassan,"Abhishek Bachchan, Priyanka Chopra Jonas, Jaya Bachchan, Ali Haji, Kay Kay Menon, Conan Stevens",2008
Drona,Oop Cha,Dhruv Ghanekar,Dhruv Ghanekar & Sunidhi Chauhan,"Abhishek Bachchan, Priyanka Chopra Jonas, Jaya Bachchan, Ali Haji, Kay Kay Menon, Conan Stevens",2008
Drona,Oop Cha (remix),Dhruv Ghanekar,"Dhruv Ghanekar, Sunidhi Chauhan & Bob Omulo","Abhishek Bachchan, Priyanka Chopra Jonas, Jaya Bachchan, Ali Haji, Kay Kay Menon, Conan Stevens",2008
Karzzzz,Dhoom Tere Ishq Ki,Himesh Reshammiya,Himesh Reshammiya,"Himesh Reshammiya, Urmila Matondkar, Shweta Kumar, Dino Morea, Raj Babbar, Danny Denzongpa, Gulshan Grover, Rohini Hattangadi, Asrani, Smita Bansal",2008
Karzzzz,Ek Haseena Thi (Originally composed byLaxmikant–Pyarelal),Himesh Reshammiya,Not Found,"Himesh Reshammiya, Urmila Matondkar, Shweta Kumar, Dino Morea, Raj Babbar, Danny Denzongpa, Gulshan Grover, Rohini Hattangadi, Asrani, Smita Bansal",2008
Karzzzz,Hari Om Hari Om,Himesh Reshammiya,Usha Uthup,"Himesh Reshammiya, Urmila Matondkar, Shweta Kumar, Dino Morea, Raj Babbar, Danny Denzongpa, Gulshan Grover, Rohini Hattangadi, Asrani, Smita Bansal",2008
Karzzzz,"Lut Jaaon Lut Jaaon"" (Title Track)",Himesh Reshammiya,Himesh Reshammiya & Harshdeep,"Himesh Reshammiya, Urmila Matondkar, Shweta Kumar, Dino Morea, Raj Babbar, Danny Denzongpa, Gulshan Grover, Rohini Hattangadi, Asrani, Smita Bansal",2008
Karzzzz,Masha Allah,Himesh Reshammiya,"Monty Sharma, Kunal Ganjawala & Shreya Ghoshal","Himesh Reshammiya, Urmila Matondkar, Shweta Kumar, Dino Morea, Raj Babbar, Danny Denzongpa, Gulshan Grover, Rohini Hattangadi, Asrani, Smita Bansal",2008
Karzzzz,Sisak Sisak,Himesh Reshammiya,Himesh Reshammiya,"Himesh Reshammiya, Urmila Matondkar, Shweta Kumar, Dino Morea, Raj Babbar, Danny Denzongpa, Gulshan Grover, Rohini Hattangadi, Asrani, Smita Bansal",2008
Karzzzz,Soniye Je Tere,Himesh Reshammiya,Himesh Reshammiya & Tulsi Kumar,"Himesh Reshammiya, Urmila Matondkar, Shweta Kumar, Dino Morea, Raj Babbar, Danny Denzongpa, Gulshan Grover, Rohini Hattangadi, Asrani, Smita Bansal",2008
Karzzzz,Tandoori Nights,Himesh Reshammiya,Himesh Reshammiya & Sunidhi Chauhan,"Himesh Reshammiya, Urmila Matondkar, Shweta Kumar, Dino Morea, Raj Babbar, Danny Denzongpa, Gulshan Grover, Rohini Hattangadi, Asrani, Smita Bansal",2008
Karzzzz,Tere Bin Chain Na Aave,Himesh Reshammiya,Himesh Reshammiya & Tulsi Kumar,"Himesh Reshammiya, Urmila Matondkar, Shweta Kumar, Dino Morea, Raj Babbar, Danny Denzongpa, Gulshan Grover, Rohini Hattangadi, Asrani, Smita Bansal",2008
Fashion,Fashion Ka Jalwa,Salim–Sulaiman,"Sukhwinder Singh, Satya Hinduja & Robert 'Bob' Omulo","Priyanka Chopra Jonas, Kangana Ranaut, Mugdha Godse, Arjan Bajwa, Samir Soni, Ashwin Mushran, Kitu Gidwani, Arbaaz Khan, Suchitra Pillai, Rohit Roy",2008
Fashion,Mar Jawaan,Salim–Sulaiman,Shruti Pathak & Salim Merchant,"Priyanka Chopra Jonas, Kangana Ranaut, Mugdha Godse, Arjan Bajwa, Samir Soni, Ashwin Mushran, Kitu Gidwani, Arbaaz Khan, Suchitra Pillai, Rohit Roy",2008
Fashion,Kuch Khaas Hai,Salim–Sulaiman,Gurbani Bhatia,"Priyanka Chopra Jonas, Kangana Ranaut, Mugdha Godse, Arjan Bajwa, Samir Soni, Ashwin Mushran, Kitu Gidwani, Arbaaz Khan, Suchitra Pillai, Rohit Roy",2008
Fashion,Aashiyaana,Salim–Sulaiman,Pritam & KK,"Priyanka Chopra Jonas, Kangana Ranaut, Mugdha Godse, Arjan Bajwa, Samir Soni, Ashwin Mushran, Kitu Gidwani, Arbaaz Khan, Suchitra Pillai, Rohit Roy",2008
Fashion,"Fashion Ka Jalwa"" (Remix by DJ A-Myth)",Salim–Sulaiman,"Sukhwinder Singh, Satya Hinduja, Robert 'Bob' Omulo & Dj A-Myth","Priyanka Chopra Jonas, Kangana Ranaut, Mugdha Godse, Arjan Bajwa, Samir Soni, Ashwin Mushran, Kitu Gidwani, Arbaaz Khan, Suchitra Pillai, Rohit Roy",2008
Fashion,"Mar Jawaan"" (Remix by DJ A-Myth)",Salim–Sulaiman,"Shruti Pathak, Salim Merchant & Dj A-Myth","Priyanka Chopra Jonas, Kangana Ranaut, Mugdha Godse, Arjan Bajwa, Samir Soni, Ashwin Mushran, Kitu Gidwani, Arbaaz Khan, Suchitra Pillai, Rohit Roy",2008
Fashion,"Kuch Khaas Hai"" (Remix by DJ A-Myth)",Salim–Sulaiman,"Mohit Chauhan, Neha Bhasin & Dj A-Myth","Priyanka Chopra Jonas, Kangana Ranaut, Mugdha Godse, Arjan Bajwa, Samir Soni, Ashwin Mushran, Kitu Gidwani, Arbaaz Khan, Suchitra Pillai, Rohit Roy",2008
Fashion,"Theme of Fashion"" (Remix by Karsh Kale and Midival Punditz)",Salim–Sulaiman,"Midival Punditz, Karsh Kale & Raghu Dixit","Priyanka Chopra Jonas, Kangana Ranaut, Mugdha Godse, Arjan Bajwa, Samir Soni, Ashwin Mushran, Kitu Gidwani, Arbaaz Khan, Suchitra Pillai, Rohit Roy",2008
Fashion,"Aashiyaana"" (Remix by DJ A-Myth)",Salim–Sulaiman,Not Found,"Priyanka Chopra Jonas, Kangana Ranaut, Mugdha Godse, Arjan Bajwa, Samir Soni, Ashwin Mushran, Kitu Gidwani, Arbaaz Khan, Suchitra Pillai, Rohit Roy",2008
Fashion,Theme of Fashion,Salim–Sulaiman,Salim-Sulaiman,"Priyanka Chopra Jonas, Kangana Ranaut, Mugdha Godse, Arjan Bajwa, Samir Soni, Ashwin Mushran, Kitu Gidwani, Arbaaz Khan, Suchitra Pillai, Rohit Roy",2008
Dasvidaniya,O Maa Meri Maa Pyaari Maa – Mammaa,Kailash Kher,Shankar Mahadevan,"Vinay Pathak, Ranvir Shorey, Rajat Kapoor, Neha Dhupia, Saurabh Shukla, Sarita Joshi, Joy Fernandes, Manoylo Svitlana, Gaurav Gera, Suchitra Pillai",2008
Dasvidaniya,Sare Sehar Ki Jagmag Ke Bitar Hai Andhera – Alvida,Kailash Kher,Not Found,"Vinay Pathak, Ranvir Shorey, Rajat Kapoor, Neha Dhupia, Saurabh Shukla, Sarita Joshi, Joy Fernandes, Manoylo Svitlana, Gaurav Gera, Suchitra Pillai",2008
Dasvidaniya,Muskura Mere Dil,Kailash Kher,Arijit Singh,"Vinay Pathak, Ranvir Shorey, Rajat Kapoor, Neha Dhupia, Saurabh Shukla, Sarita Joshi, Joy Fernandes, Manoylo Svitlana, Gaurav Gera, Suchitra Pillai",2008
Dasvidaniya,Muskura Mere Dil (Inst),Kailash Kher,Not Found,"Vinay Pathak, Ranvir Shorey, Rajat Kapoor, Neha Dhupia, Saurabh Shukla, Sarita Joshi, Joy Fernandes, Manoylo Svitlana, Gaurav Gera, Suchitra Pillai",2008
Dasvidaniya,Sare Sehar Ki Jagmag Ke Bitar Hai Andhera – Alvida (Remix),Kailash Kher,Not Found,"Vinay Pathak, Ranvir Shorey, Rajat Kapoor, Neha Dhupia, Saurabh Shukla, Sarita Joshi, Joy Fernandes, Manoylo Svitlana, Gaurav Gera, Suchitra Pillai",2008
Yuvvraaj,Main Hoon Yuvvraaj,A. R. Rahman,Salman Khan,"Salman Khan, Anil Kapoor, Katrina Kaif, Zayed Khan, Boman Irani, Mithun Chakraborty, Aushima Sawhney, Javed Sheikh",2008
Yuvvraaj,Tu Meri Dost Hai,A. R. Rahman,Vishal Dadlani & Vishal & Shekhar,"Salman Khan, Anil Kapoor, Katrina Kaif, Zayed Khan, Boman Irani, Mithun Chakraborty, Aushima Sawhney, Javed Sheikh",2008
Yuvvraaj,Shanno Shanno,A. R. Rahman,Sunidhi Chauhan,"Salman Khan, Anil Kapoor, Katrina Kaif, Zayed Khan, Boman Irani, Mithun Chakraborty, Aushima Sawhney, Javed Sheikh",2008
Yuvvraaj,Tu Muskura,A. R. Rahman,Alka Yagnik & Javed Ali,"Salman Khan, Anil Kapoor, Katrina Kaif, Zayed Khan, Boman Irani, Mithun Chakraborty, Aushima Sawhney, Javed Sheikh",2008
Yuvvraaj,Mastam Mastam,A. R. Rahman,"Sonu Nigam, Alka Yagnik, Benny Dayal & Naresh Iyer","Salman Khan, Anil Kapoor, Katrina Kaif, Zayed Khan, Boman Irani, Mithun Chakraborty, Aushima Sawhney, Javed Sheikh",2008
Yuvvraaj,Zindagi,A. R. Rahman,Sachin-Jigar & Papon,"Salman Khan, Anil Kapoor, Katrina Kaif, Zayed Khan, Boman Irani, Mithun Chakraborty, Aushima Sawhney, Javed Sheikh",2008
Yuvvraaj,Dil Ka Rishta,A. R. Rahman,"Alka Yagnik, Udit Narayan & Kumar Sanu","Salman Khan, Anil Kapoor, Katrina Kaif, Zayed Khan, Boman Irani, Mithun Chakraborty, Aushima Sawhney, Javed Sheikh",2008
Yuvvraaj,Manmohini Morey,A. R. Rahman,Vijay Prakash,"Salman Khan, Anil Kapoor, Katrina Kaif, Zayed Khan, Boman Irani, Mithun Chakraborty, Aushima Sawhney, Javed Sheikh",2008
Yuvvraaj,"Shanno Shanno"" (remix by Krishna Chetan)",A. R. Rahman,Not Found,"Salman Khan, Anil Kapoor, Katrina Kaif, Zayed Khan, Boman Irani, Mithun Chakraborty, Aushima Sawhney, Javed Sheikh",2008
Oye Lucky! Lucky Oye!,Oye Lucky,"Sneha Khanwalkar, Background Score:, Dhruv Dhalla",Mika Singh,"Abhay Deol, Paresh Rawal, Neetu Chandra, Manu Rishi Chadha, Archana Puran Singh, Manjot Singh, Richa Chadha, Anuraag Arora, Rajendra Sethi, Hasleen Kaur",2008
Oye Lucky! Lucky Oye!,Jugni,"Sneha Khanwalkar, Background Score:, Dhruv Dhalla","Pritam, Arif Lohar, Harshdeep Kaur & Irshad Kamil","Abhay Deol, Paresh Rawal, Neetu Chandra, Manu Rishi Chadha, Archana Puran Singh, Manjot Singh, Richa Chadha, Anuraag Arora, Rajendra Sethi, Hasleen Kaur",2008
Oye Lucky! Lucky Oye!,Tu Raja Ki Raj Dulari,"Sneha Khanwalkar, Background Score:, Dhruv Dhalla",Rajbir,"Abhay Deol, Paresh Rawal, Neetu Chandra, Manu Rishi Chadha, Archana Puran Singh, Manjot Singh, Richa Chadha, Anuraag Arora, Rajendra Sethi, Hasleen Kaur",2008
Oye Lucky! Lucky Oye!,Superchor,"Sneha Khanwalkar, Background Score:, Dhruv Dhalla",Dilbahar & Akshay Verma,"Abhay Deol, Paresh Rawal, Neetu Chandra, Manu Rishi Chadha, Archana Puran Singh, Manjot Singh, Richa Chadha, Anuraag Arora, Rajendra Sethi, Hasleen Kaur",2008
Oye Lucky! Lucky Oye!,Hooriyaan,"Sneha Khanwalkar, Background Score:, Dhruv Dhalla",Brijesh Shandilya & Himani Kapoor,"Abhay Deol, Paresh Rawal, Neetu Chandra, Manu Rishi Chadha, Archana Puran Singh, Manjot Singh, Richa Chadha, Anuraag Arora, Rajendra Sethi, Hasleen Kaur",2008
Oye Lucky! Lucky Oye!,Oye Lucky (Remix),"Sneha Khanwalkar, Background Score:, Dhruv Dhalla",Mika Singh & Dj A-Myth,"Abhay Deol, Paresh Rawal, Neetu Chandra, Manu Rishi Chadha, Archana Puran Singh, Manjot Singh, Richa Chadha, Anuraag Arora, Rajendra Sethi, Hasleen Kaur",2008
Oye Lucky! Lucky Oye!,Jugni (Remix),"Sneha Khanwalkar, Background Score:, Dhruv Dhalla","Pritam, Arif Lohar, Harshdeep Kaur & Irshad Kamil","Abhay Deol, Paresh Rawal, Neetu Chandra, Manu Rishi Chadha, Archana Puran Singh, Manjot Singh, Richa Chadha, Anuraag Arora, Rajendra Sethi, Hasleen Kaur",2008
3 Idiots,Aal Izz Well,Songs:Shantanu MoitraScore:Shantanu MoitraAtul RaningaSanjay Wadrekar,"Sonu Nigam, Swanand Kirkire & Shaan","Aamir Khan, R. Madhavan, Sharman Joshi, Kareena Kapoor Khan, Boman Irani, Omi Vaidya, Mona Singh, Rahul Kumar, Parikshat Sahni, Farida Dadi",2009
3 Idiots,Zoobi Doobi,Songs:Shantanu MoitraScore:Shantanu MoitraAtul RaningaSanjay Wadrekar,Sonu Nigam & Shreya Ghoshal,"Aamir Khan, R. Madhavan, Sharman Joshi, Kareena Kapoor Khan, Boman Irani, Omi Vaidya, Mona Singh, Rahul Kumar, Parikshat Sahni, Farida Dadi",2009
3 Idiots,Behti Hawa Sa Tha Woh,Songs:Shantanu MoitraScore:Shantanu MoitraAtul RaningaSanjay Wadrekar,Shaan & Shantanu Moitra,"Aamir Khan, R. Madhavan, Sharman Joshi, Kareena Kapoor Khan, Boman Irani, Omi Vaidya, Mona Singh, Rahul Kumar, Parikshat Sahni, Farida Dadi",2009
3 Idiots,Give Me Some Sunshine,Songs:Shantanu MoitraScore:Shantanu MoitraAtul RaningaSanjay Wadrekar,Suraj Jagan & Sharman Joshi,"Aamir Khan, R. Madhavan, Sharman Joshi, Kareena Kapoor Khan, Boman Irani, Omi Vaidya, Mona Singh, Rahul Kumar, Parikshat Sahni, Farida Dadi",2009
3 Idiots,Jaane Nahin Denge Tujhe,Songs:Shantanu MoitraScore:Shantanu MoitraAtul RaningaSanjay Wadrekar,Sonu Nigam,"Aamir Khan, R. Madhavan, Sharman Joshi, Kareena Kapoor Khan, Boman Irani, Omi Vaidya, Mona Singh, Rahul Kumar, Parikshat Sahni, Farida Dadi",2009
3 Idiots,Aal Izz Well Remix,Songs:Shantanu MoitraScore:Shantanu MoitraAtul RaningaSanjay Wadrekar,"Sonu Nigam, Swanand Kirkire & Shaan","Aamir Khan, R. Madhavan, Sharman Joshi, Kareena Kapoor Khan, Boman Irani, Omi Vaidya, Mona Singh, Rahul Kumar, Parikshat Sahni, Farida Dadi",2009
3 Idiots,Zoobi Doobi Remix,Songs:Shantanu MoitraScore:Shantanu MoitraAtul RaningaSanjay Wadrekar,Sonu Nigam & Shreya Ghoshal,"Aamir Khan, R. Madhavan, Sharman Joshi, Kareena Kapoor Khan, Boman Irani, Omi Vaidya, Mona Singh, Rahul Kumar, Parikshat Sahni, Farida Dadi",2009
Ajab Prem Ki Ghazab Kahani,Main Tera Dhadkan Teri,Pritam,"KK, Hard Kaur, Sunidhi Chauhan & Pritam","Ranbir Kapoor, Katrina Kaif, Upen Patel, Govind Namdeo, Darshan Jariwala, Mithilesh Chaturvedi, Navneet Nishan, Smita Jaykar, Shyam Mashalkar, Dolly Bindra",2009
Ajab Prem Ki Ghazab Kahani,Tu Jaane Na,Pritam,Atif Aslam & Pritam,"Ranbir Kapoor, Katrina Kaif, Upen Patel, Govind Namdeo, Darshan Jariwala, Mithilesh Chaturvedi, Navneet Nishan, Smita Jaykar, Shyam Mashalkar, Dolly Bindra",2009
Ajab Prem Ki Ghazab Kahani,Oh By God,Pritam,"Mika Singh, Sunidhi Chauhan & Pritam","Ranbir Kapoor, Katrina Kaif, Upen Patel, Govind Namdeo, Darshan Jariwala, Mithilesh Chaturvedi, Navneet Nishan, Smita Jaykar, Shyam Mashalkar, Dolly Bindra",2009
Ajab Prem Ki Ghazab Kahani,Tera Hone Laga Hoon,Pritam,"Atif Aslam, Alisha Chinai & Pritam","Ranbir Kapoor, Katrina Kaif, Upen Patel, Govind Namdeo, Darshan Jariwala, Mithilesh Chaturvedi, Navneet Nishan, Smita Jaykar, Shyam Mashalkar, Dolly Bindra",2009
Ajab Prem Ki Ghazab Kahani,Prem Ki Naiyya,Pritam,"Neeraj Shridhar, Suzanne D'Mello & Pritam","Ranbir Kapoor, Katrina Kaif, Upen Patel, Govind Namdeo, Darshan Jariwala, Mithilesh Chaturvedi, Navneet Nishan, Smita Jaykar, Shyam Mashalkar, Dolly Bindra",2009
Ajab Prem Ki Ghazab Kahani,Aa Jao Meri Tamanna,Pritam,"Javed Ali, JoJo & Pritam","Ranbir Kapoor, Katrina Kaif, Upen Patel, Govind Namdeo, Darshan Jariwala, Mithilesh Chaturvedi, Navneet Nishan, Smita Jaykar, Shyam Mashalkar, Dolly Bindra",2009
Ajab Prem Ki Ghazab Kahani,Follow Me,Pritam,Hard Kaur & Pritam,"Ranbir Kapoor, Katrina Kaif, Upen Patel, Govind Namdeo, Darshan Jariwala, Mithilesh Chaturvedi, Navneet Nishan, Smita Jaykar, Shyam Mashalkar, Dolly Bindra",2009
Ajab Prem Ki Ghazab Kahani,"Tu Jaane Na"" (Reprise)",Pritam,Atif Aslam & Pritam,"Ranbir Kapoor, Katrina Kaif, Upen Patel, Govind Namdeo, Darshan Jariwala, Mithilesh Chaturvedi, Navneet Nishan, Smita Jaykar, Shyam Mashalkar, Dolly Bindra",2009
Ajab Prem Ki Ghazab Kahani,"Main Tera Dhadkan Teri"" (Remix)",Pritam,"KK, Hard Kaur, Sunidhi Chauhan & Pritam","Ranbir Kapoor, Katrina Kaif, Upen Patel, Govind Namdeo, Darshan Jariwala, Mithilesh Chaturvedi, Navneet Nishan, Smita Jaykar, Shyam Mashalkar, Dolly Bindra",2009
Ajab Prem Ki Ghazab Kahani,"Tu Jaane Na"" (Remix)",Pritam,Atif Aslam & Pritam,"Ranbir Kapoor, Katrina Kaif, Upen Patel, Govind Namdeo, Darshan Jariwala, Mithilesh Chaturvedi, Navneet Nishan, Smita Jaykar, Shyam Mashalkar, Dolly Bindra",2009
Ajab Prem Ki Ghazab Kahani,"Prem Ki Naiyya"" (Remix)",Pritam,"Neeraj Shridhar, Suzanne D'Mello & Pritam","Ranbir Kapoor, Katrina Kaif, Upen Patel, Govind Namdeo, Darshan Jariwala, Mithilesh Chaturvedi, Navneet Nishan, Smita Jaykar, Shyam Mashalkar, Dolly Bindra",2009
Ajab Prem Ki Ghazab Kahani,"Tera Hone Laga Hoon"" (Remix)",Pritam,"Atif Aslam, Alisha Chinai & Pritam","Ranbir Kapoor, Katrina Kaif, Upen Patel, Govind Namdeo, Darshan Jariwala, Mithilesh Chaturvedi, Navneet Nishan, Smita Jaykar, Shyam Mashalkar, Dolly Bindra",2009
Ajab Prem Ki Ghazab Kahani,"Aa Jao Meri Tamanna"" (Remix)",Pritam,"Javed Ali, JoJo & Pritam","Ranbir Kapoor, Katrina Kaif, Upen Patel, Govind Namdeo, Darshan Jariwala, Mithilesh Chaturvedi, Navneet Nishan, Smita Jaykar, Shyam Mashalkar, Dolly Bindra",2009
Ajab Prem Ki Ghazab Kahani,"Tu Jaane Na"" (Unplugged Version)",Pritam,Atif Aslam & Pritam,"Ranbir Kapoor, Katrina Kaif, Upen Patel, Govind Namdeo, Darshan Jariwala, Mithilesh Chaturvedi, Navneet Nishan, Smita Jaykar, Shyam Mashalkar, Dolly Bindra",2009
Wanted,Ishq Vishq (Main Yahan Tu Bhi Yahan),Sajid–Wajid,Not Found,"Salman Khan, Vinod Khanna, Ayesha Takia, Mahesh Manjrekar, Prakash Raj, Manoj Pahwa, Inder Kumar, Govind Namdeo, Maheck Chahal, Anupam Shyam",2009
Wanted,Dil Leke,Sajid–Wajid,Shaan & Shreya Ghoshal,"Salman Khan, Vinod Khanna, Ayesha Takia, Mahesh Manjrekar, Prakash Raj, Manoj Pahwa, Inder Kumar, Govind Namdeo, Maheck Chahal, Anupam Shyam",2009
Wanted,Le Le Mazaa Le,Sajid–Wajid,"Suzanne, Saumaya Rao, Hrishikesh Kamerkar & Nikita Nigam","Salman Khan, Vinod Khanna, Ayesha Takia, Mahesh Manjrekar, Prakash Raj, Manoj Pahwa, Inder Kumar, Govind Namdeo, Maheck Chahal, Anupam Shyam",2009
Wanted,Jalwa,Sajid–Wajid,Wajid,"Salman Khan, Vinod Khanna, Ayesha Takia, Mahesh Manjrekar, Prakash Raj, Manoj Pahwa, Inder Kumar, Govind Namdeo, Maheck Chahal, Anupam Shyam",2009
Wanted,Tose Pyaar Karte Hai,Sajid–Wajid,Wajid & Sunidhi Chauhan,"Salman Khan, Vinod Khanna, Ayesha Takia, Mahesh Manjrekar, Prakash Raj, Manoj Pahwa, Inder Kumar, Govind Namdeo, Maheck Chahal, Anupam Shyam",2009
Wanted,Most Wanted Track,Sajid–Wajid,Salman Khan,"Salman Khan, Vinod Khanna, Ayesha Takia, Mahesh Manjrekar, Prakash Raj, Manoj Pahwa, Inder Kumar, Govind Namdeo, Maheck Chahal, Anupam Shyam",2009
Wanted,Love Me Love Me,Sajid–Wajid,JMSN,"Salman Khan, Vinod Khanna, Ayesha Takia, Mahesh Manjrekar, Prakash Raj, Manoj Pahwa, Inder Kumar, Govind Namdeo, Maheck Chahal, Anupam Shyam",2009
Wanted,"Dil Leke"" (Remixed by Dj A-Myth)",Sajid–Wajid,Not Found,"Salman Khan, Vinod Khanna, Ayesha Takia, Mahesh Manjrekar, Prakash Raj, Manoj Pahwa, Inder Kumar, Govind Namdeo, Maheck Chahal, Anupam Shyam",2009
Wanted,"Ishq Vishq"" (Remixed by Dj A-Myth)",Sajid–Wajid,"Kamaal Khan, Sunidhi Chauhan & Dj A-Myth","Salman Khan, Vinod Khanna, Ayesha Takia, Mahesh Manjrekar, Prakash Raj, Manoj Pahwa, Inder Kumar, Govind Namdeo, Maheck Chahal, Anupam Shyam",2009
Wanted,"Jalwa On The House"" (Remixed by Dj Akbar Sami)",Sajid–Wajid,Not Found,"Salman Khan, Vinod Khanna, Ayesha Takia, Mahesh Manjrekar, Prakash Raj, Manoj Pahwa, Inder Kumar, Govind Namdeo, Maheck Chahal, Anupam Shyam",2009
Wanted,"Tose Pyar Karte Hai"" (Remixed by Dj Akbar Sami)",Sajid–Wajid,Not Found,"Salman Khan, Vinod Khanna, Ayesha Takia, Mahesh Manjrekar, Prakash Raj, Manoj Pahwa, Inder Kumar, Govind Namdeo, Maheck Chahal, Anupam Shyam",2009
Wanted,"Love Me Love Me"" ((Mama Papa Mix) remixed by Dj Akbar Sami)",Sajid–Wajid,Not Found,"Salman Khan, Vinod Khanna, Ayesha Takia, Mahesh Manjrekar, Prakash Raj, Manoj Pahwa, Inder Kumar, Govind Namdeo, Maheck Chahal, Anupam Shyam",2009
Kambakkht Ishq,Om Mangalam,"Anu Malik, Bonus Track and Background Score:, Salim–Sulaiman, Guest Composers:, RDB",RDB,"Akshay Kumar, Kareena Kapoor Khan, Aftab Shivdasani, Amrita Arora, Sylvester Stallone, Boman Irani, Kirron Kher, Whoopi Goldberg, Denise Richards, Holly Valance",2009
Kambakkht Ishq,Lakh Lakh,"Anu Malik, Bonus Track and Background Score:, Salim–Sulaiman, Guest Composers:, RDB",Anu Malik & Neeraj Shridhar,"Akshay Kumar, Kareena Kapoor Khan, Aftab Shivdasani, Amrita Arora, Sylvester Stallone, Boman Irani, Kirron Kher, Whoopi Goldberg, Denise Richards, Holly Valance",2009
Kambakkht Ishq,Bebo,"Anu Malik, Bonus Track and Background Score:, Salim–Sulaiman, Guest Composers:, RDB",Anu Malik & Alisha Chinai,"Akshay Kumar, Kareena Kapoor Khan, Aftab Shivdasani, Amrita Arora, Sylvester Stallone, Boman Irani, Kirron Kher, Whoopi Goldberg, Denise Richards, Holly Valance",2009
Kambakkht Ishq,Kambakkht Ishq,"Anu Malik, Bonus Track and Background Score:, Salim–Sulaiman, Guest Composers:, RDB","Anu Malik, KK & Sunidhi Chauhan","Akshay Kumar, Kareena Kapoor Khan, Aftab Shivdasani, Amrita Arora, Sylvester Stallone, Boman Irani, Kirron Kher, Whoopi Goldberg, Denise Richards, Holly Valance",2009
Kambakkht Ishq,Kyun,"Anu Malik, Bonus Track and Background Score:, Salim–Sulaiman, Guest Composers:, RDB","Anu Malik, Shaan & Shreya Ghoshal","Akshay Kumar, Kareena Kapoor Khan, Aftab Shivdasani, Amrita Arora, Sylvester Stallone, Boman Irani, Kirron Kher, Whoopi Goldberg, Denise Richards, Holly Valance",2009
Kambakkht Ishq,"Om Mangalam"" (Reprise)","Anu Malik, Bonus Track and Background Score:, Salim–Sulaiman, Guest Composers:, RDB",Anu Malik & RDB,"Akshay Kumar, Kareena Kapoor Khan, Aftab Shivdasani, Amrita Arora, Sylvester Stallone, Boman Irani, Kirron Kher, Whoopi Goldberg, Denise Richards, Holly Valance",2009
Kambakkht Ishq,"Lakh Lakh"" (Electro Dhol House Remix)","Anu Malik, Bonus Track and Background Score:, Salim–Sulaiman, Guest Composers:, RDB",Not Found,"Akshay Kumar, Kareena Kapoor Khan, Aftab Shivdasani, Amrita Arora, Sylvester Stallone, Boman Irani, Kirron Kher, Whoopi Goldberg, Denise Richards, Holly Valance",2009
Kambakkht Ishq,"Bebo"" (Club Mix)","Anu Malik, Bonus Track and Background Score:, Salim–Sulaiman, Guest Composers:, RDB",Anu Malik & Kilogram K & G,"Akshay Kumar, Kareena Kapoor Khan, Aftab Shivdasani, Amrita Arora, Sylvester Stallone, Boman Irani, Kirron Kher, Whoopi Goldberg, Denise Richards, Holly Valance",2009
Kambakkht Ishq,"Kambakkht Ishq"" (Remix)","Anu Malik, Bonus Track and Background Score:, Salim–Sulaiman, Guest Composers:, RDB",Anu Malik & Kilogram K & G,"Akshay Kumar, Kareena Kapoor Khan, Aftab Shivdasani, Amrita Arora, Sylvester Stallone, Boman Irani, Kirron Kher, Whoopi Goldberg, Denise Richards, Holly Valance",2009
Kambakkht Ishq,"Kyun"" (Female – Reprise)","Anu Malik, Bonus Track and Background Score:, Salim–Sulaiman, Guest Composers:, RDB",Nikhil D'Souza & Priyani Vani,"Akshay Kumar, Kareena Kapoor Khan, Aftab Shivdasani, Amrita Arora, Sylvester Stallone, Boman Irani, Kirron Kher, Whoopi Goldberg, Denise Richards, Holly Valance",2009
Kambakkht Ishq,Welcome To Hollywood,"Anu Malik, Bonus Track and Background Score:, Salim–Sulaiman, Guest Composers:, RDB",Beyoncé,"Akshay Kumar, Kareena Kapoor Khan, Aftab Shivdasani, Amrita Arora, Sylvester Stallone, Boman Irani, Kirron Kher, Whoopi Goldberg, Denise Richards, Holly Valance",2009
De Dana Dan,Rishte Naate,"Pritam, Rhythm Dhol Bass, Ad Boyz",Rahat Fateh Ali Khan & Suzanne Demello,"Akshay Kumar, Suniel Shetty, Paresh Rawal, Katrina Kaif, Sameera Reddy, Manoj Joshi, Johny Lever, Rajpal Yadav, Archana Puran Singh, Tinnu Anand",2009
De Dana Dan,"Paisa Paisa(Composed byRDB, Music Produced by Pritam)","Pritam, Rhythm Dhol Bass, Ad Boyz",Not Found,"Akshay Kumar, Suniel Shetty, Paresh Rawal, Katrina Kaif, Sameera Reddy, Manoj Joshi, Johny Lever, Rajpal Yadav, Archana Puran Singh, Tinnu Anand",2009
De Dana Dan,Gale Lag Ja,"Pritam, Rhythm Dhol Bass, Ad Boyz",Javed Ali & Banjyotsna,"Akshay Kumar, Suniel Shetty, Paresh Rawal, Katrina Kaif, Sameera Reddy, Manoj Joshi, Johny Lever, Rajpal Yadav, Archana Puran Singh, Tinnu Anand",2009
De Dana Dan,Baamulaiza,"Pritam, Rhythm Dhol Bass, Ad Boyz",Error,"Akshay Kumar, Suniel Shetty, Paresh Rawal, Katrina Kaif, Sameera Reddy, Manoj Joshi, Johny Lever, Rajpal Yadav, Archana Puran Singh, Tinnu Anand",2009
De Dana Dan,Hotty Naughty,"Pritam, Rhythm Dhol Bass, Ad Boyz",Error,"Akshay Kumar, Suniel Shetty, Paresh Rawal, Katrina Kaif, Sameera Reddy, Manoj Joshi, Johny Lever, Rajpal Yadav, Archana Puran Singh, Tinnu Anand",2009
De Dana Dan,"Rishte Naate"" (Remix)","Pritam, Rhythm Dhol Bass, Ad Boyz",Rahat Fateh Ali Khan & Suzanne Demello,"Akshay Kumar, Suniel Shetty, Paresh Rawal, Katrina Kaif, Sameera Reddy, Manoj Joshi, Johny Lever, Rajpal Yadav, Archana Puran Singh, Tinnu Anand",2009
De Dana Dan,"Baamulaiza"" (Ragga Mix)","Pritam, Rhythm Dhol Bass, Ad Boyz","Pritam, Domnique Cerejo & Style Bhai","Akshay Kumar, Suniel Shetty, Paresh Rawal, Katrina Kaif, Sameera Reddy, Manoj Joshi, Johny Lever, Rajpal Yadav, Archana Puran Singh, Tinnu Anand",2009
De Dana Dan,"Gale Lag Ja"" (Version 2)","Pritam, Rhythm Dhol Bass, Ad Boyz",Javed Ali & Banjyotsna,"Akshay Kumar, Suniel Shetty, Paresh Rawal, Katrina Kaif, Sameera Reddy, Manoj Joshi, Johny Lever, Rajpal Yadav, Archana Puran Singh, Tinnu Anand",2009
De Dana Dan,Hotty Naughty (Remix),"Pritam, Rhythm Dhol Bass, Ad Boyz",Kalpana Patowary,"Akshay Kumar, Suniel Shetty, Paresh Rawal, Katrina Kaif, Sameera Reddy, Manoj Joshi, Johny Lever, Rajpal Yadav, Archana Puran Singh, Tinnu Anand",2009
De Dana Dan,Baamulaiza (Remix),"Pritam, Rhythm Dhol Bass, Ad Boyz","Pritam, Domnique Cerejo & Style Bhai","Akshay Kumar, Suniel Shetty, Paresh Rawal, Katrina Kaif, Sameera Reddy, Manoj Joshi, Johny Lever, Rajpal Yadav, Archana Puran Singh, Tinnu Anand",2009
De Dana Dan,De Dana Dan(Composed by Ad Boys),"Pritam, Rhythm Dhol Bass, Ad Boyz",Not Found,"Akshay Kumar, Suniel Shetty, Paresh Rawal, Katrina Kaif, Sameera Reddy, Manoj Joshi, Johny Lever, Rajpal Yadav, Archana Puran Singh, Tinnu Anand",2009
De Dana Dan,Paisa Paisa (Club Mix)(Composed byRDB),"Pritam, Rhythm Dhol Bass, Ad Boyz",Not Found,"Akshay Kumar, Suniel Shetty, Paresh Rawal, Katrina Kaif, Sameera Reddy, Manoj Joshi, Johny Lever, Rajpal Yadav, Archana Puran Singh, Tinnu Anand",2009
New York,Hai Junoon,"Pritam, Guest Composition:, Pankaj Awasthi, Background Score:, Julius Packiam",KK,"John Abraham, Neil Nitin Mukesh, Katrina Kaif, Irrfan Khan, Aidan Wagner, Nawazuddin Siddiqui, Samrat Chakrabarti, Ali Quli Mirza",2009
New York,Mere Sang,"Pritam, Guest Composition:, Pankaj Awasthi, Background Score:, Julius Packiam",Sunidhi Chauhan,"John Abraham, Neil Nitin Mukesh, Katrina Kaif, Irrfan Khan, Aidan Wagner, Nawazuddin Siddiqui, Samrat Chakrabarti, Ali Quli Mirza",2009
New York,Tune Jo Na Kaha,"Pritam, Guest Composition:, Pankaj Awasthi, Background Score:, Julius Packiam",Mohit Chauhan,"John Abraham, Neil Nitin Mukesh, Katrina Kaif, Irrfan Khan, Aidan Wagner, Nawazuddin Siddiqui, Samrat Chakrabarti, Ali Quli Mirza",2009
New York,Aye Saaye Mere,"Pritam, Guest Composition:, Pankaj Awasthi, Background Score:, Julius Packiam",Pankaj Awasthi,"John Abraham, Neil Nitin Mukesh, Katrina Kaif, Irrfan Khan, Aidan Wagner, Nawazuddin Siddiqui, Samrat Chakrabarti, Ali Quli Mirza",2009
New York,"Hai Junoon"" (Remix by Julius Packiam)","Pritam, Guest Composition:, Pankaj Awasthi, Background Score:, Julius Packiam",KK,"John Abraham, Neil Nitin Mukesh, Katrina Kaif, Irrfan Khan, Aidan Wagner, Nawazuddin Siddiqui, Samrat Chakrabarti, Ali Quli Mirza",2009
New York,"Mere Sang"" (Remix by Julius Packiam)","Pritam, Guest Composition:, Pankaj Awasthi, Background Score:, Julius Packiam",Sunidhi Chauhan,"John Abraham, Neil Nitin Mukesh, Katrina Kaif, Irrfan Khan, Aidan Wagner, Nawazuddin Siddiqui, Samrat Chakrabarti, Ali Quli Mirza",2009
New York,Sam's Theme,"Pritam, Guest Composition:, Pankaj Awasthi, Background Score:, Julius Packiam",Julius Packiam & Caralisa Monteiro,"John Abraham, Neil Nitin Mukesh, Katrina Kaif, Irrfan Khan, Aidan Wagner, Nawazuddin Siddiqui, Samrat Chakrabarti, Ali Quli Mirza",2009
New York,New York Theme,"Pritam, Guest Composition:, Pankaj Awasthi, Background Score:, Julius Packiam",Julius Packiam,"John Abraham, Neil Nitin Mukesh, Katrina Kaif, Irrfan Khan, Aidan Wagner, Nawazuddin Siddiqui, Samrat Chakrabarti, Ali Quli Mirza",2009
Kaminey,Dhan Te Nan,Vishal Bhardwaj,"Sukhwinder Singh, Vishal Dadlani & Robert 'Bob' Omulo","Shahid Kapoor, Priyanka Chopra Jonas, Amole Gupte, Deb Mukherjee, Shivkumar Subramaniam, Chandan Roy Sanyal, Hrishikesh Joshi, Adil Hussain, Patrícia Bull, Eric Santos",2009
Kaminey,Fatak,Vishal Bhardwaj,Sukhwinder Singh & Kailash Kher,"Shahid Kapoor, Priyanka Chopra Jonas, Amole Gupte, Deb Mukherjee, Shivkumar Subramaniam, Chandan Roy Sanyal, Hrishikesh Joshi, Adil Hussain, Patrícia Bull, Eric Santos",2009
Kaminey,"Go Charlie Go"" (Theme)",Vishal Bhardwaj,Vishal Bhardwaj,"Shahid Kapoor, Priyanka Chopra Jonas, Amole Gupte, Deb Mukherjee, Shivkumar Subramaniam, Chandan Roy Sanyal, Hrishikesh Joshi, Adil Hussain, Patrícia Bull, Eric Santos",2009
Kaminey,Kaminey,Vishal Bhardwaj,Vishal Bhardwaj,"Shahid Kapoor, Priyanka Chopra Jonas, Amole Gupte, Deb Mukherjee, Shivkumar Subramaniam, Chandan Roy Sanyal, Hrishikesh Joshi, Adil Hussain, Patrícia Bull, Eric Santos",2009
Kaminey,Raat Ke Dhai Baje,Vishal Bhardwaj,"Suresh Wadkar, Rekha Bhardwaj, Sunidhi Chauhan & Kunal Ganjawala","Shahid Kapoor, Priyanka Chopra Jonas, Amole Gupte, Deb Mukherjee, Shivkumar Subramaniam, Chandan Roy Sanyal, Hrishikesh Joshi, Adil Hussain, Patrícia Bull, Eric Santos",2009
Kaminey,Pehli Baar Mohabbat,Vishal Bhardwaj,Mohit Chauhan,"Shahid Kapoor, Priyanka Chopra Jonas, Amole Gupte, Deb Mukherjee, Shivkumar Subramaniam, Chandan Roy Sanyal, Hrishikesh Joshi, Adil Hussain, Patrícia Bull, Eric Santos",2009
Kaminey,"Dhan Te Nan"" (Remix)",Vishal Bhardwaj,"Sukhwinder Singh, Vishal Dadlani & Robert 'Bob' Omulo","Shahid Kapoor, Priyanka Chopra Jonas, Amole Gupte, Deb Mukherjee, Shivkumar Subramaniam, Chandan Roy Sanyal, Hrishikesh Joshi, Adil Hussain, Patrícia Bull, Eric Santos",2009
Kaminey,"Raat Ke Dhai Baje"" (Remix)",Vishal Bhardwaj,"Suresh Wadkar, Rekha Bhardwaj, Sunidhi Chauhan & Kunal Ganjawala","Shahid Kapoor, Priyanka Chopra Jonas, Amole Gupte, Deb Mukherjee, Shivkumar Subramaniam, Chandan Roy Sanyal, Hrishikesh Joshi, Adil Hussain, Patrícia Bull, Eric Santos",2009
All the Best: Fun Begins,All The Best,"Pritam, Background Score:, Sanjoy Chowdhury","Pritam, Rana, Soham & Antara","Ajay Devgn, Sanjay Dutt, Fardeen Khan, Bipasha Basu, Mugdha Godse, Ashwini Kalsekar, Mukesh Tiwari, Asrani, Johny Lever, Sanjay Mishra",2009
All the Best: Fun Begins,Dil Kare,"Pritam, Background Score:, Sanjoy Chowdhury","Pritam, Suraj Jagan & Roopam Islam","Ajay Devgn, Sanjay Dutt, Fardeen Khan, Bipasha Basu, Mugdha Godse, Ashwini Kalsekar, Mukesh Tiwari, Asrani, Johny Lever, Sanjay Mishra",2009
All the Best: Fun Begins,Haan Main Jitni Martaba,"Pritam, Background Score:, Sanjoy Chowdhury","Pritam, KK & Yashita","Ajay Devgn, Sanjay Dutt, Fardeen Khan, Bipasha Basu, Mugdha Godse, Ashwini Kalsekar, Mukesh Tiwari, Asrani, Johny Lever, Sanjay Mishra",2009
All the Best: Fun Begins,Kyon,"Pritam, Background Score:, Sanjoy Chowdhury","Papon, Sunidhi Chauhan & Pritam","Ajay Devgn, Sanjay Dutt, Fardeen Khan, Bipasha Basu, Mugdha Godse, Ashwini Kalsekar, Mukesh Tiwari, Asrani, Johny Lever, Sanjay Mishra",2009
All the Best: Fun Begins,You Are My Love,"Pritam, Background Score:, Sanjoy Chowdhury",Marvin Gaye & Tammi Terrell,"Ajay Devgn, Sanjay Dutt, Fardeen Khan, Bipasha Basu, Mugdha Godse, Ashwini Kalsekar, Mukesh Tiwari, Asrani, Johny Lever, Sanjay Mishra",2009
All the Best: Fun Begins,Dil Kare (Remix),"Pritam, Background Score:, Sanjoy Chowdhury","Pritam, Suraj Jagan & Roopam Islam","Ajay Devgn, Sanjay Dutt, Fardeen Khan, Bipasha Basu, Mugdha Godse, Ashwini Kalsekar, Mukesh Tiwari, Asrani, Johny Lever, Sanjay Mishra",2009
All the Best: Fun Begins,Haan Main Jitni Martaba (Remix),"Pritam, Background Score:, Sanjoy Chowdhury","Pritam, KK & Yashita","Ajay Devgn, Sanjay Dutt, Fardeen Khan, Bipasha Basu, Mugdha Godse, Ashwini Kalsekar, Mukesh Tiwari, Asrani, Johny Lever, Sanjay Mishra",2009
Chandni Chowk to China,S.I.D.H.U,"Shankar–Ehsaan–Loy, Kailasa, Kailash Kher, Naresh-Paresh, Bappi Lahiri, Bohemia",Kailash Kher,"Akshay Kumar, Deepika Padukone, Mithun Chakraborty, Ranvir Shorey, Gordon Liu, Roger Yuan, Kiran Juneja, Tiffany Lau Yuk-Ting, Conan Stevens",2009
Chandni Chowk to China,Chandni Chowk To China,"Shankar–Ehsaan–Loy, Kailasa, Kailash Kher, Naresh-Paresh, Bappi Lahiri, Bohemia",Akshay Kumar & Bohemia,"Akshay Kumar, Deepika Padukone, Mithun Chakraborty, Ranvir Shorey, Gordon Liu, Roger Yuan, Kiran Juneja, Tiffany Lau Yuk-Ting, Conan Stevens",2009
Chandni Chowk to China,India Se Aaya Tera Dost (Aap Ki Khatir),"Shankar–Ehsaan–Loy, Kailasa, Kailash Kher, Naresh-Paresh, Bappi Lahiri, Bohemia",Bappi Lahiri,"Akshay Kumar, Deepika Padukone, Mithun Chakraborty, Ranvir Shorey, Gordon Liu, Roger Yuan, Kiran Juneja, Tiffany Lau Yuk-Ting, Conan Stevens",2009
Chandni Chowk to China,Tera Naina,"Shankar–Ehsaan–Loy, Kailasa, Kailash Kher, Naresh-Paresh, Bappi Lahiri, Bohemia","Diljit Dosanjh, Badshah & Raj Ranjodh","Akshay Kumar, Deepika Padukone, Mithun Chakraborty, Ranvir Shorey, Gordon Liu, Roger Yuan, Kiran Juneja, Tiffany Lau Yuk-Ting, Conan Stevens",2009
Chandni Chowk to China,Chak Lein De,"Shankar–Ehsaan–Loy, Kailasa, Kailash Kher, Naresh-Paresh, Bappi Lahiri, Bohemia",Kailash Kher,"Akshay Kumar, Deepika Padukone, Mithun Chakraborty, Ranvir Shorey, Gordon Liu, Roger Yuan, Kiran Juneja, Tiffany Lau Yuk-Ting, Conan Stevens",2009
Chandni Chowk to China,Chandni Chowk To China (CC2C),"Shankar–Ehsaan–Loy, Kailasa, Kailash Kher, Naresh-Paresh, Bappi Lahiri, Bohemia",Akshay Kumar & Bohemia,"Akshay Kumar, Deepika Padukone, Mithun Chakraborty, Ranvir Shorey, Gordon Liu, Roger Yuan, Kiran Juneja, Tiffany Lau Yuk-Ting, Conan Stevens",2009
Chandni Chowk to China,"Chandni Chowk To China"" (Remix)","Shankar–Ehsaan–Loy, Kailasa, Kailash Kher, Naresh-Paresh, Bappi Lahiri, Bohemia","Neeraj Shridhar, Anushka Manchanda, Shankar Mahadevan & Dj A-Myth","Akshay Kumar, Deepika Padukone, Mithun Chakraborty, Ranvir Shorey, Gordon Liu, Roger Yuan, Kiran Juneja, Tiffany Lau Yuk-Ting, Conan Stevens",2009
Chandni Chowk to China,"Chak Lein De"" (Remix)","Shankar–Ehsaan–Loy, Kailasa, Kailash Kher, Naresh-Paresh, Bappi Lahiri, Bohemia",Kailash Kher,"Akshay Kumar, Deepika Padukone, Mithun Chakraborty, Ranvir Shorey, Gordon Liu, Roger Yuan, Kiran Juneja, Tiffany Lau Yuk-Ting, Conan Stevens",2009
Raaz: The Mystery Continues,Maahi,"Raju Singh, Shaarib–Toshi, Pranay M. Rijia, Gourov Dasgupta",Sharib Toshi & Toshi Sabri,"Emraan Hashmi, Kangana Ranaut, Adhyayan Suman, Jackie Shroff, Dinesh Lamba, Anupam Shyam",2009
Raaz: The Mystery Continues,"Soniyo"" (lyrics by Kumaar)","Raju Singh, Shaarib–Toshi, Pranay M. Rijia, Gourov Dasgupta","Raju Singh, Sonu Nigam, Shreya Ghoshal & Neeraj Shridhar","Emraan Hashmi, Kangana Ranaut, Adhyayan Suman, Jackie Shroff, Dinesh Lamba, Anupam Shyam",2009
Raaz: The Mystery Continues,O Jaana,"Raju Singh, Shaarib–Toshi, Pranay M. Rijia, Gourov Dasgupta",Raju Singh & KK,"Emraan Hashmi, Kangana Ranaut, Adhyayan Suman, Jackie Shroff, Dinesh Lamba, Anupam Shyam",2009
Raaz: The Mystery Continues,Kaisa Yeh Raaz Hai,"Raju Singh, Shaarib–Toshi, Pranay M. Rijia, Gourov Dasgupta","Pritam, Tochi Raina & Rekha Bhardwaj","Emraan Hashmi, Kangana Ranaut, Adhyayan Suman, Jackie Shroff, Dinesh Lamba, Anupam Shyam",2009
Raaz: The Mystery Continues,Banda Re,"Raju Singh, Shaarib–Toshi, Pranay M. Rijia, Gourov Dasgupta",Aerosmith,"Emraan Hashmi, Kangana Ranaut, Adhyayan Suman, Jackie Shroff, Dinesh Lamba, Anupam Shyam",2009
Raaz: The Mystery Continues,"Soniyo (From the Heart)"" (lyrics by Kumaar)","Raju Singh, Shaarib–Toshi, Pranay M. Rijia, Gourov Dasgupta",Not Found,"Emraan Hashmi, Kangana Ranaut, Adhyayan Suman, Jackie Shroff, Dinesh Lamba, Anupam Shyam",2009
Raaz: The Mystery Continues,Maahi (Rock with Me),"Raju Singh, Shaarib–Toshi, Pranay M. Rijia, Gourov Dasgupta",Sharib Toshi & Toshi Sabri,"Emraan Hashmi, Kangana Ranaut, Adhyayan Suman, Jackie Shroff, Dinesh Lamba, Anupam Shyam",2009
Raaz: The Mystery Continues,O Jaana (Dance with Me),"Raju Singh, Shaarib–Toshi, Pranay M. Rijia, Gourov Dasgupta",Raju Singh & KK,"Emraan Hashmi, Kangana Ranaut, Adhyayan Suman, Jackie Shroff, Dinesh Lamba, Anupam Shyam",2009
Luck by Chance,Yeh Zindagi Bhi,Shankar–Ehsaan–Loy,Shekhar Ravjiani & Loy Mendonsa,"Konkona Sen Sharma, Farhan Akhtar, Rishi Kapoor, Dimple Kapadia, Juhi Chawla Mehta, Sanjay Kapoor, Hrithik Roshan, Isha Sharvani, Arjun Mathur, Saurabh Shukla",2009
Luck by Chance,Baawre,Shankar–Ehsaan–Loy,Shankar Mahadevan & Loy Mendonsa,"Konkona Sen Sharma, Farhan Akhtar, Rishi Kapoor, Dimple Kapadia, Juhi Chawla Mehta, Sanjay Kapoor, Hrithik Roshan, Isha Sharvani, Arjun Mathur, Saurabh Shukla",2009
Luck by Chance,Pyaar Ki Dastaan,Shankar–Ehsaan–Loy,Mahalakshmi Iyer & Amit Paul,"Konkona Sen Sharma, Farhan Akhtar, Rishi Kapoor, Dimple Kapadia, Juhi Chawla Mehta, Sanjay Kapoor, Hrithik Roshan, Isha Sharvani, Arjun Mathur, Saurabh Shukla",2009
Luck by Chance,Yeh Aaj Kya Ho Gaya,Shankar–Ehsaan–Loy,Sunidhi Chauhan,"Konkona Sen Sharma, Farhan Akhtar, Rishi Kapoor, Dimple Kapadia, Juhi Chawla Mehta, Sanjay Kapoor, Hrithik Roshan, Isha Sharvani, Arjun Mathur, Saurabh Shukla",2009
Luck by Chance,Sapnon Se Bhare Naina,Shankar–Ehsaan–Loy,Shankar Mahadevan,"Konkona Sen Sharma, Farhan Akhtar, Rishi Kapoor, Dimple Kapadia, Juhi Chawla Mehta, Sanjay Kapoor, Hrithik Roshan, Isha Sharvani, Arjun Mathur, Saurabh Shukla",2009
Luck by Chance,O Rahi Re,Shankar–Ehsaan–Loy,Shankar Mahadevan,"Konkona Sen Sharma, Farhan Akhtar, Rishi Kapoor, Dimple Kapadia, Juhi Chawla Mehta, Sanjay Kapoor, Hrithik Roshan, Isha Sharvani, Arjun Mathur, Saurabh Shukla",2009
Luck by Chance,Baawre (Remix),Shankar–Ehsaan–Loy,Shankar Mahadevan & Loy Mendonsa,"Konkona Sen Sharma, Farhan Akhtar, Rishi Kapoor, Dimple Kapadia, Juhi Chawla Mehta, Sanjay Kapoor, Hrithik Roshan, Isha Sharvani, Arjun Mathur, Saurabh Shukla",2009
Dev.D,"Emosanal Attyachar"" (Brass Band Version)",Amit Trivedi,Not Found,"Abhay Deol, Mahie Gill, Kalki Koechlin, Parakh Madan, Kuldeep Singh, Gurkirtan, Sanjay Kumar, Aseem Sharma, Satwant Kaur, Shena Gamat",2009
Dev.D,Duniya,Amit Trivedi,Amit Trivedi,"Abhay Deol, Mahie Gill, Kalki Koechlin, Parakh Madan, Kuldeep Singh, Gurkirtan, Sanjay Kumar, Aseem Sharma, Satwant Kaur, Shena Gamat",2009
Dev.D,Nayan Tarse,Amit Trivedi,Amit Trivedi,"Abhay Deol, Mahie Gill, Kalki Koechlin, Parakh Madan, Kuldeep Singh, Gurkirtan, Sanjay Kumar, Aseem Sharma, Satwant Kaur, Shena Gamat",2009
Dev.D,Pardesi,Amit Trivedi,Tochi Raina & Amit Trivedi,"Abhay Deol, Mahie Gill, Kalki Koechlin, Parakh Madan, Kuldeep Singh, Gurkirtan, Sanjay Kumar, Aseem Sharma, Satwant Kaur, Shena Gamat",2009
Dev.D,Saali Khushi,Amit Trivedi,Amit Trivedi,"Abhay Deol, Mahie Gill, Kalki Koechlin, Parakh Madan, Kuldeep Singh, Gurkirtan, Sanjay Kumar, Aseem Sharma, Satwant Kaur, Shena Gamat",2009
Dev.D,Paayaliya,Amit Trivedi,Shruti Pathak & Amit Trivedi,"Abhay Deol, Mahie Gill, Kalki Koechlin, Parakh Madan, Kuldeep Singh, Gurkirtan, Sanjay Kumar, Aseem Sharma, Satwant Kaur, Shena Gamat",2009
Dev.D,Mahi Mennu,Amit Trivedi,Labh Janjua & Amit Trivedi,"Abhay Deol, Mahie Gill, Kalki Koechlin, Parakh Madan, Kuldeep Singh, Gurkirtan, Sanjay Kumar, Aseem Sharma, Satwant Kaur, Shena Gamat",2009
Dev.D,Aankh Micholi,Amit Trivedi,Amit Trivedi,"Abhay Deol, Mahie Gill, Kalki Koechlin, Parakh Madan, Kuldeep Singh, Gurkirtan, Sanjay Kumar, Aseem Sharma, Satwant Kaur, Shena Gamat",2009
Dev.D,Yahin Meri Zindagi,Amit Trivedi,Sherpaa Roy,"Abhay Deol, Mahie Gill, Kalki Koechlin, Parakh Madan, Kuldeep Singh, Gurkirtan, Sanjay Kumar, Aseem Sharma, Satwant Kaur, Shena Gamat",2009
Dev.D,Dhol Yaara Dhol,Amit Trivedi,"Shilpa Rao, Kshitij Tarey & Amit Trivedi","Abhay Deol, Mahie Gill, Kalki Koechlin, Parakh Madan, Kuldeep Singh, Gurkirtan, Sanjay Kumar, Aseem Sharma, Satwant Kaur, Shena Gamat",2009
Dev.D,Ek Hulchul Si,Amit Trivedi,Joi & Amit Trivedi,"Abhay Deol, Mahie Gill, Kalki Koechlin, Parakh Madan, Kuldeep Singh, Gurkirtan, Sanjay Kumar, Aseem Sharma, Satwant Kaur, Shena Gamat",2009
Dev.D,Hikknaal,Amit Trivedi,Labh Janjua & Amit Trivedi,"Abhay Deol, Mahie Gill, Kalki Koechlin, Parakh Madan, Kuldeep Singh, Gurkirtan, Sanjay Kumar, Aseem Sharma, Satwant Kaur, Shena Gamat",2009
Dev.D,Dil Mein Jaagi,Amit Trivedi,Anusha Mani & Amit Trivedi,"Abhay Deol, Mahie Gill, Kalki Koechlin, Parakh Madan, Kuldeep Singh, Gurkirtan, Sanjay Kumar, Aseem Sharma, Satwant Kaur, Shena Gamat",2009
Dev.D,"Emotional Attyachar"" (Rock Version)",Amit Trivedi,Bonnie Chakraborty & Amit Trivedi,"Abhay Deol, Mahie Gill, Kalki Koechlin, Parakh Madan, Kuldeep Singh, Gurkirtan, Sanjay Kumar, Aseem Sharma, Satwant Kaur, Shena Gamat",2009
Dev.D,Ranjhana,Amit Trivedi,"Dhrruv dhalla, Devendra Kafir, Kavita Seth & Laqshay Kapoor","Abhay Deol, Mahie Gill, Kalki Koechlin, Parakh Madan, Kuldeep Singh, Gurkirtan, Sanjay Kumar, Aseem Sharma, Satwant Kaur, Shena Gamat",2009
Dev.D,"Mahi Mennu"" (Sad Version)",Amit Trivedi,Labh Janjua & Amit Trivedi,"Abhay Deol, Mahie Gill, Kalki Koechlin, Parakh Madan, Kuldeep Singh, Gurkirtan, Sanjay Kumar, Aseem Sharma, Satwant Kaur, Shena Gamat",2009
Dev.D,"Dev-Chanda"" (Theme 1)",Amit Trivedi,"Neuman Pinto, Bianca Gomes & Amit Trivedi","Abhay Deol, Mahie Gill, Kalki Koechlin, Parakh Madan, Kuldeep Singh, Gurkirtan, Sanjay Kumar, Aseem Sharma, Satwant Kaur, Shena Gamat",2009
Dev.D,"Dev-Chanda"" (Theme 2)",Amit Trivedi,Amit Trivedi & Abhijeet,"Abhay Deol, Mahie Gill, Kalki Koechlin, Parakh Madan, Kuldeep Singh, Gurkirtan, Sanjay Kumar, Aseem Sharma, Satwant Kaur, Shena Gamat",2009
Billu,Marjaani,Pritam,"Pritam, Sukhwinder Singh & Sunidhi Chauhan","Irrfan Khan, Shah Rukh Khan, Lara Dutta, Om Puri, Rajpal Yadav, Mitali Mayekar, Pratik Dalvi, Manoj Joshi, Rishikesh Sharma, Kareena Kapoor Khan",2009
Billu,Love Mera Hit Hit,Pritam,"Pritam, Neeraj Shridhar, Tulsi Kumar & Mayur Puri","Irrfan Khan, Shah Rukh Khan, Lara Dutta, Om Puri, Rajpal Yadav, Mitali Mayekar, Pratik Dalvi, Manoj Joshi, Rishikesh Sharma, Kareena Kapoor Khan",2009
Billu,You Get Me Rocking & Reeling,Pritam,Pritam & Neeraj Shridhar,"Irrfan Khan, Shah Rukh Khan, Lara Dutta, Om Puri, Rajpal Yadav, Mitali Mayekar, Pratik Dalvi, Manoj Joshi, Rishikesh Sharma, Kareena Kapoor Khan",2009
Billu,Ae Aa O,Pritam,"Pritam, KK, Rana Majumder & Suraj","Irrfan Khan, Shah Rukh Khan, Lara Dutta, Om Puri, Rajpal Yadav, Mitali Mayekar, Pratik Dalvi, Manoj Joshi, Rishikesh Sharma, Kareena Kapoor Khan",2009
Billu,Jaaun Kahan,Pritam,Jubin Nautiyal & Ravi Basrur,"Irrfan Khan, Shah Rukh Khan, Lara Dutta, Om Puri, Rajpal Yadav, Mitali Mayekar, Pratik Dalvi, Manoj Joshi, Rishikesh Sharma, Kareena Kapoor Khan",2009
Billu,Billu Bhayankar,Pritam,"Pritam, Ajay Jhingaran, Raghuvir & Kalpana","Irrfan Khan, Shah Rukh Khan, Lara Dutta, Om Puri, Rajpal Yadav, Mitali Mayekar, Pratik Dalvi, Manoj Joshi, Rishikesh Sharma, Kareena Kapoor Khan",2009
Billu,Khudaya Khair,Pritam,"Pritam, Soham, Akriti Kakkar & Monali","Irrfan Khan, Shah Rukh Khan, Lara Dutta, Om Puri, Rajpal Yadav, Mitali Mayekar, Pratik Dalvi, Manoj Joshi, Rishikesh Sharma, Kareena Kapoor Khan",2009
Billu,You Get Me Rocking & Reeling (Video Edit),Pritam,Pritam & Neeraj Shridhar,"Irrfan Khan, Shah Rukh Khan, Lara Dutta, Om Puri, Rajpal Yadav, Mitali Mayekar, Pratik Dalvi, Manoj Joshi, Rishikesh Sharma, Kareena Kapoor Khan",2009
Billu,"Love Mera Hit Hit"" (House Mix)",Pritam,"Pritam, Neeraj Shridhar, Tulsi Kumar & Mayur Puri","Irrfan Khan, Shah Rukh Khan, Lara Dutta, Om Puri, Rajpal Yadav, Mitali Mayekar, Pratik Dalvi, Manoj Joshi, Rishikesh Sharma, Kareena Kapoor Khan",2009
Billu,Marjaani (Kilogram's Balkan Mix),Pritam,"KK, Pritam, Akriti Kakkar & K&G","Irrfan Khan, Shah Rukh Khan, Lara Dutta, Om Puri, Rajpal Yadav, Mitali Mayekar, Pratik Dalvi, Manoj Joshi, Rishikesh Sharma, Kareena Kapoor Khan",2009
Billu,Khudaya Khair (Reprise),Pritam,Pritam & Abhijeet,"Irrfan Khan, Shah Rukh Khan, Lara Dutta, Om Puri, Rajpal Yadav, Mitali Mayekar, Pratik Dalvi, Manoj Joshi, Rishikesh Sharma, Kareena Kapoor Khan",2009
Billu,You Get Me Rocking & Reeling (Remix),Pritam,Pritam & Neeraj Shridhar,"Irrfan Khan, Shah Rukh Khan, Lara Dutta, Om Puri, Rajpal Yadav, Mitali Mayekar, Pratik Dalvi, Manoj Joshi, Rishikesh Sharma, Kareena Kapoor Khan",2009
Billu,Ae Aa O (Remix),Pritam,"Pritam, KK, Rana Majumder, Suraj, DJ Nikhil & Nawed","Irrfan Khan, Shah Rukh Khan, Lara Dutta, Om Puri, Rajpal Yadav, Mitali Mayekar, Pratik Dalvi, Manoj Joshi, Rishikesh Sharma, Kareena Kapoor Khan",2009
Billu,Marjaani (Electro Mix),Pritam,"Sukhwinder Singh, Pritam, Sunidhi Chauhan & Dj Sunil Spinz","Irrfan Khan, Shah Rukh Khan, Lara Dutta, Om Puri, Rajpal Yadav, Mitali Mayekar, Pratik Dalvi, Manoj Joshi, Rishikesh Sharma, Kareena Kapoor Khan",2009
Billu,Love Mera Hit Hit (Remix),Pritam,"Pritam, Neeraj Shridhar, Tulsi Kumar & Mayur Puri","Irrfan Khan, Shah Rukh Khan, Lara Dutta, Om Puri, Rajpal Yadav, Mitali Mayekar, Pratik Dalvi, Manoj Joshi, Rishikesh Sharma, Kareena Kapoor Khan",2009
Delhi-6,Masakali,A. R. Rahman,Mohit Chauhan,"Abhishek Bachchan, Sonam Kapoor Ahuja, Waheeda Rehman, Rishi Kapoor, Om Puri, Divya Dutta, Prem Chopra, Vijay Raaz, Supriya Pathak, Pavan Malhotra",2009
Delhi-6,Arziyan,A. R. Rahman,Javed Ali & Kailash Kher,"Abhishek Bachchan, Sonam Kapoor Ahuja, Waheeda Rehman, Rishi Kapoor, Om Puri, Divya Dutta, Prem Chopra, Vijay Raaz, Supriya Pathak, Pavan Malhotra",2009
Delhi-6,"Dilli-6"" (French lyrics by Viviane Chaix, Claire)",A. R. Rahman,Not Found,"Abhishek Bachchan, Sonam Kapoor Ahuja, Waheeda Rehman, Rishi Kapoor, Om Puri, Divya Dutta, Prem Chopra, Vijay Raaz, Supriya Pathak, Pavan Malhotra",2009
Delhi-6,Rehna Tu,A. R. Rahman,A.R. Rahman,"Abhishek Bachchan, Sonam Kapoor Ahuja, Waheeda Rehman, Rishi Kapoor, Om Puri, Divya Dutta, Prem Chopra, Vijay Raaz, Supriya Pathak, Pavan Malhotra",2009
Delhi-6,Hey Kaala Bandar,A. R. Rahman,"Karthik, Naresh, Srinivas & Bonnie Chakraborty","Abhishek Bachchan, Sonam Kapoor Ahuja, Waheeda Rehman, Rishi Kapoor, Om Puri, Divya Dutta, Prem Chopra, Vijay Raaz, Supriya Pathak, Pavan Malhotra",2009
Delhi-6,Dil Gira Dafatan,A. R. Rahman,Ash King,"Abhishek Bachchan, Sonam Kapoor Ahuja, Waheeda Rehman, Rishi Kapoor, Om Puri, Divya Dutta, Prem Chopra, Vijay Raaz, Supriya Pathak, Pavan Malhotra",2009
Delhi-6,Genda Phool,A. R. Rahman,Rekha Bhardwaj,"Abhishek Bachchan, Sonam Kapoor Ahuja, Waheeda Rehman, Rishi Kapoor, Om Puri, Divya Dutta, Prem Chopra, Vijay Raaz, Supriya Pathak, Pavan Malhotra",2009
Delhi-6,"Bhor Bhaye"" (Raag: Gujri Todi)",A. R. Rahman,Not Found,"Abhishek Bachchan, Sonam Kapoor Ahuja, Waheeda Rehman, Rishi Kapoor, Om Puri, Divya Dutta, Prem Chopra, Vijay Raaz, Supriya Pathak, Pavan Malhotra",2009
Delhi-6,Aarti (Tumre Bhavan Mein),A. R. Rahman,"Rekha Bhardwaj, Kishori Gowariker, Shraddha Pandit & Sujata Majumdar","Abhishek Bachchan, Sonam Kapoor Ahuja, Waheeda Rehman, Rishi Kapoor, Om Puri, Divya Dutta, Prem Chopra, Vijay Raaz, Supriya Pathak, Pavan Malhotra",2009
Delhi-6,"Noor"" (Recital)",A. R. Rahman,Not Found,"Abhishek Bachchan, Sonam Kapoor Ahuja, Waheeda Rehman, Rishi Kapoor, Om Puri, Divya Dutta, Prem Chopra, Vijay Raaz, Supriya Pathak, Pavan Malhotra",2009
13B,Sab Khairiyat Hai,"Shankar–Ehsaan–Loy, Background Score:, Tubby–Parik",Shankar Mahadevan,"R. Madhavan, Neetu Chandra, Sachin Khedekar, Ravi Babu, Murali Sharma, Saranya Ponvannan, Poonam Dhillon, Sanjaih Bokaria, Amitha Rajan, Dhritiman Chatterjee",2009
13B,Bade Se Shehar Mein,"Shankar–Ehsaan–Loy, Background Score:, Tubby–Parik",Karthik,"R. Madhavan, Neetu Chandra, Sachin Khedekar, Ravi Babu, Murali Sharma, Saranya Ponvannan, Poonam Dhillon, Sanjaih Bokaria, Amitha Rajan, Dhritiman Chatterjee",2009
13B,Oh Sexy Mama,"Shankar–Ehsaan–Loy, Background Score:, Tubby–Parik","Baba Sehgal, Anushka Manchanda & Loy Mendonsa","R. Madhavan, Neetu Chandra, Sachin Khedekar, Ravi Babu, Murali Sharma, Saranya Ponvannan, Poonam Dhillon, Sanjaih Bokaria, Amitha Rajan, Dhritiman Chatterjee",2009
13B,Aasma Odhkar,"Shankar–Ehsaan–Loy, Background Score:, Tubby–Parik",Not Found,"R. Madhavan, Neetu Chandra, Sachin Khedekar, Ravi Babu, Murali Sharma, Saranya Ponvannan, Poonam Dhillon, Sanjaih Bokaria, Amitha Rajan, Dhritiman Chatterjee",2009
13B,"Sab Khairiyat Hai"" (Remix)","Shankar–Ehsaan–Loy, Background Score:, Tubby–Parik",Shankar Mahadevan,"R. Madhavan, Neetu Chandra, Sachin Khedekar, Ravi Babu, Murali Sharma, Saranya Ponvannan, Poonam Dhillon, Sanjaih Bokaria, Amitha Rajan, Dhritiman Chatterjee",2009
13B,"Aasma Odhkar"" (Remix)","Shankar–Ehsaan–Loy, Background Score:, Tubby–Parik",Error,"R. Madhavan, Neetu Chandra, Sachin Khedekar, Ravi Babu, Murali Sharma, Saranya Ponvannan, Poonam Dhillon, Sanjaih Bokaria, Amitha Rajan, Dhritiman Chatterjee",2009
13B,Oh Crazy Mama,"Shankar–Ehsaan–Loy, Background Score:, Tubby–Parik",Not Found,"R. Madhavan, Neetu Chandra, Sachin Khedekar, Ravi Babu, Murali Sharma, Saranya Ponvannan, Poonam Dhillon, Sanjaih Bokaria, Amitha Rajan, Dhritiman Chatterjee",2009
13B,"Bade Se Shehar Mein"" (Remix)","Shankar–Ehsaan–Loy, Background Score:, Tubby–Parik",Karthik,"R. Madhavan, Neetu Chandra, Sachin Khedekar, Ravi Babu, Murali Sharma, Saranya Ponvannan, Poonam Dhillon, Sanjaih Bokaria, Amitha Rajan, Dhritiman Chatterjee",2009
Firaaq,Meri Gali Mein Andhera,"Piyush Kanojia, Rajat Dholakia",Zra Beats,"Naseeruddin Shah, Paresh Rawal, Inaamulhaq, Nassar, Shahana Goswami, Nawazuddin Siddiqui, Honey Chhaya, Deepti Naval, Dilip Joshi, Kavan Antani",2009
Firaaq,Gujarat Ke Firaaq Soon Hai,"Piyush Kanojia, Rajat Dholakia",Error,"Naseeruddin Shah, Paresh Rawal, Inaamulhaq, Nassar, Shahana Goswami, Nawazuddin Siddiqui, Honey Chhaya, Deepti Naval, Dilip Joshi, Kavan Antani",2009
Firaaq,Ummeed Ab Kahi Koi Dar Kholti Nahi,"Piyush Kanojia, Rajat Dholakia",Not Found,"Naseeruddin Shah, Paresh Rawal, Inaamulhaq, Nassar, Shahana Goswami, Nawazuddin Siddiqui, Honey Chhaya, Deepti Naval, Dilip Joshi, Kavan Antani",2009
Firaaq,Daag Daag Ujaala,"Piyush Kanojia, Rajat Dholakia",Error,"Naseeruddin Shah, Paresh Rawal, Inaamulhaq, Nassar, Shahana Goswami, Nawazuddin Siddiqui, Honey Chhaya, Deepti Naval, Dilip Joshi, Kavan Antani",2009
Firaaq,Kuchh is Tarah,"Piyush Kanojia, Rajat Dholakia",Error,"Naseeruddin Shah, Paresh Rawal, Inaamulhaq, Nassar, Shahana Goswami, Nawazuddin Siddiqui, Honey Chhaya, Deepti Naval, Dilip Joshi, Kavan Antani",2009
Sikandar,Zohra Jabeen,Pritam,Error,"Salman Khan, Rashmika Mandanna, Sathyaraj, Sharman Joshi, Prateik Smita Patil, Kajal Aggarwal, Nawab Shah, Kishore, Neha Iyer, Jatin Sarna",2025
Sikandar,Bam Bam Bhole,Pritam,Error,"Salman Khan, Rashmika Mandanna, Sathyaraj, Sharman Joshi, Prateik Smita Patil, Kajal Aggarwal, Nawab Shah, Kishore, Neha Iyer, Jatin Sarna",2025
Sikandar,Sikandar Naache,Pritam,"JAM8, Sameer Anjaan, Amit Mishra, Akasa & Siddhaant Miishhraa","Salman Khan, Rashmika Mandanna, Sathyaraj, Sharman Joshi, Prateik Smita Patil, Kajal Aggarwal, Nawab Shah, Kishore, Neha Iyer, Jatin Sarna",2025
Sikandar,Hum Aapke Bina,Pritam,"Pritam, Arijit Singh & Sameer Anjaan","Salman Khan, Rashmika Mandanna, Sathyaraj, Sharman Joshi, Prateik Smita Patil, Kajal Aggarwal, Nawab Shah, Kishore, Neha Iyer, Jatin Sarna",2025
Sikandar,Taikhaane Mein,Pritam,"Pritam, Vishal Mishra & Som","Salman Khan, Rashmika Mandanna, Sathyaraj, Sharman Joshi, Prateik Smita Patil, Kajal Aggarwal, Nawab Shah, Kishore, Neha Iyer, Jatin Sarna",2025
Sikandar,"Hum Aapke Bina"" (Palak Muchhal Version)",Pritam,"Pritam, Palak Muchhal & Sameer Anjaan","Salman Khan, Rashmika Mandanna, Sathyaraj, Sharman Joshi, Prateik Smita Patil, Kajal Aggarwal, Nawab Shah, Kishore, Neha Iyer, Jatin Sarna",2025
Sanam Teri Kasam,Sanam Teri Kasam,Himesh Reshammiya,"Himesh Reshammiya, Akasa, Ankit Tiwari & Palak Muchhal","Harshvardhan Rane, Mawra Hocane, Vijay Raaz, Murali Sharma, Manish Chaudhary, Anurag Sinha, Sudesh Berry, Rushad Rana",2016
Sanam Teri Kasam,Kheech Meri Photo,Himesh Reshammiya,"Himesh Reshammiya, Neeti Mohan & Darshan Raval","Harshvardhan Rane, Mawra Hocane, Vijay Raaz, Murali Sharma, Manish Chaudhary, Anurag Sinha, Sudesh Berry, Rushad Rana",2016
Sanam Teri Kasam,Bewajah,Himesh Reshammiya,Himesh Reshammiya,"Harshvardhan Rane, Mawra Hocane, Vijay Raaz, Murali Sharma, Manish Chaudhary, Anurag Sinha, Sudesh Berry, Rushad Rana",2016
Sanam Teri Kasam,Tera Chehra,Himesh Reshammiya,Himesh Reshammiya & Arijit Singh,"Harshvardhan Rane, Mawra Hocane, Vijay Raaz, Murali Sharma, Manish Chaudhary, Anurag Sinha, Sudesh Berry, Rushad Rana",2016
Sanam Teri Kasam,"Haal-E-Dil"" (Male)",Himesh Reshammiya,Himesh Reshammiya & Sreerama Chandra,"Harshvardhan Rane, Mawra Hocane, Vijay Raaz, Murali Sharma, Manish Chaudhary, Anurag Sinha, Sudesh Berry, Rushad Rana",2016
Sanam Teri Kasam,"Haal-E-Dil"" (Female)",Himesh Reshammiya,Himesh Reshammiya & Neeti Mohan,"Harshvardhan Rane, Mawra Hocane, Vijay Raaz, Murali Sharma, Manish Chaudhary, Anurag Sinha, Sudesh Berry, Rushad Rana",2016
Sanam Teri Kasam,Ek Number,Himesh Reshammiya,Himesh Reshammiya & Neeti Mohan,"Harshvardhan Rane, Mawra Hocane, Vijay Raaz, Murali Sharma, Manish Chaudhary, Anurag Sinha, Sudesh Berry, Rushad Rana",2016
Sanam Teri Kasam,Teri Yaadon Main,Himesh Reshammiya,KK & Shreya Ghoshal,"Harshvardhan Rane, Mawra Hocane, Vijay Raaz, Murali Sharma, Manish Chaudhary, Anurag Sinha, Sudesh Berry, Rushad Rana",2016
Sanam Teri Kasam,"Sanam Teri Kasam"" (Reprise)",Himesh Reshammiya,"Himesh Reshammiya, Akasa, Ankit Tiwari & Palak Muchhal","Harshvardhan Rane, Mawra Hocane, Vijay Raaz, Murali Sharma, Manish Chaudhary, Anurag Sinha, Sudesh Berry, Rushad Rana",2016
Luck,Luck Aazma,"Salim–Sulaiman, Background Score:, Amar Mohile",Sukhwinder Singh & Satya Hinduja,"Sanjay Dutt, Mithun Chakraborty, Danny Denzongpa, Imran Khan, Shruti Haasan, Ravi Kishan, Chitrashi Rawat, Rati Agnihotri, Daya Shankar Pandey, Kota Srinivasa Rao",2009
Luck,Khudaya Ve,"Salim–Sulaiman, Background Score:, Amar Mohile",Salim Merchant,"Sanjay Dutt, Mithun Chakraborty, Danny Denzongpa, Imran Khan, Shruti Haasan, Ravi Kishan, Chitrashi Rawat, Rati Agnihotri, Daya Shankar Pandey, Kota Srinivasa Rao",2009
Luck,Jee Le,"Salim–Sulaiman, Background Score:, Amar Mohile",Shruti Pathak & Naresh Kamath,"Sanjay Dutt, Mithun Chakraborty, Danny Denzongpa, Imran Khan, Shruti Haasan, Ravi Kishan, Chitrashi Rawat, Rati Agnihotri, Daya Shankar Pandey, Kota Srinivasa Rao",2009
Luck,Luck Aazma,"Salim–Sulaiman, Background Score:, Amar Mohile",Sukhwinder Singh & Satya Hinduja,"Sanjay Dutt, Mithun Chakraborty, Danny Denzongpa, Imran Khan, Shruti Haasan, Ravi Kishan, Chitrashi Rawat, Rati Agnihotri, Daya Shankar Pandey, Kota Srinivasa Rao",2009
Luck,Laaga Le,"Salim–Sulaiman, Background Score:, Amar Mohile",Anushka Manchanda & Robert 'Bob' Omulo,"Sanjay Dutt, Mithun Chakraborty, Danny Denzongpa, Imran Khan, Shruti Haasan, Ravi Kishan, Chitrashi Rawat, Rati Agnihotri, Daya Shankar Pandey, Kota Srinivasa Rao",2009
Luck,"Khudaya Ve"" (Radio Mix)","Salim–Sulaiman, Background Score:, Amar Mohile",Salim Merchant,"Sanjay Dutt, Mithun Chakraborty, Danny Denzongpa, Imran Khan, Shruti Haasan, Ravi Kishan, Chitrashi Rawat, Rati Agnihotri, Daya Shankar Pandey, Kota Srinivasa Rao",2009
Luck,"Luck Aazma"" (Remix)","Salim–Sulaiman, Background Score:, Amar Mohile","Sukhwinder Singh, Satya Hinduja & Dj A-Myth","Sanjay Dutt, Mithun Chakraborty, Danny Denzongpa, Imran Khan, Shruti Haasan, Ravi Kishan, Chitrashi Rawat, Rati Agnihotri, Daya Shankar Pandey, Kota Srinivasa Rao",2009
Luck,"Jee Le"" (Remix)","Salim–Sulaiman, Background Score:, Amar Mohile",Shruti Pathak & Naresh Kamath,"Sanjay Dutt, Mithun Chakraborty, Danny Denzongpa, Imran Khan, Shruti Haasan, Ravi Kishan, Chitrashi Rawat, Rati Agnihotri, Daya Shankar Pandey, Kota Srinivasa Rao",2009
Luck,"Khudaya Ve"" (Remix)","Salim–Sulaiman, Background Score:, Amar Mohile",Salim Merchant,"Sanjay Dutt, Mithun Chakraborty, Danny Denzongpa, Imran Khan, Shruti Haasan, Ravi Kishan, Chitrashi Rawat, Rati Agnihotri, Daya Shankar Pandey, Kota Srinivasa Rao",2009
Dil Bole Hadippa!,Gym Shim,"Pritam, Background Score:, Julius Packiam",Joshilay,"Rani Mukerji, Shahid Kapoor, Anupam Kher, Dalip Tahil, Rakhi Sawant, Sherlyn Chopra, Vrajesh Hirjee, Poonam Dhillon, Shonali Nagrani, Shri Vallabh Vyas",2009
Dil Bole Hadippa!,Bhangra Bistar,"Pritam, Background Score:, Julius Packiam","Alisha Chinai, Sunidhi Chauhan & Hard Kaur","Rani Mukerji, Shahid Kapoor, Anupam Kher, Dalip Tahil, Rakhi Sawant, Sherlyn Chopra, Vrajesh Hirjee, Poonam Dhillon, Shonali Nagrani, Shri Vallabh Vyas",2009
Dil Bole Hadippa!,Ishq Hi Hai Rab,"Pritam, Background Score:, Julius Packiam",Sonu Nigam & Shreya Ghoshal,"Rani Mukerji, Shahid Kapoor, Anupam Kher, Dalip Tahil, Rakhi Sawant, Sherlyn Chopra, Vrajesh Hirjee, Poonam Dhillon, Shonali Nagrani, Shri Vallabh Vyas",2009
Dil Bole Hadippa!,Discowale Khisko,"Pritam, Background Score:, Julius Packiam","KK, Sunidhi Chauhan & Rana Mazumder","Rani Mukerji, Shahid Kapoor, Anupam Kher, Dalip Tahil, Rakhi Sawant, Sherlyn Chopra, Vrajesh Hirjee, Poonam Dhillon, Shonali Nagrani, Shri Vallabh Vyas",2009
Dil Bole Hadippa!,Hadippa,"Pritam, Background Score:, Julius Packiam",Mika Singh,"Rani Mukerji, Shahid Kapoor, Anupam Kher, Dalip Tahil, Rakhi Sawant, Sherlyn Chopra, Vrajesh Hirjee, Poonam Dhillon, Shonali Nagrani, Shri Vallabh Vyas",2009
Dil Bole Hadippa!,"Discowale Khisko"" (Remix)","Pritam, Background Score:, Julius Packiam",Not Found,"Rani Mukerji, Shahid Kapoor, Anupam Kher, Dalip Tahil, Rakhi Sawant, Sherlyn Chopra, Vrajesh Hirjee, Poonam Dhillon, Shonali Nagrani, Shri Vallabh Vyas",2009
Dil Bole Hadippa!,"Hadippa"" (Remix)","Pritam, Background Score:, Julius Packiam","Mika Singh, Sunidhi Chauhan & Sandeep Shirodkar","Rani Mukerji, Shahid Kapoor, Anupam Kher, Dalip Tahil, Rakhi Sawant, Sherlyn Chopra, Vrajesh Hirjee, Poonam Dhillon, Shonali Nagrani, Shri Vallabh Vyas",2009
What's Your Raashee?,Aries/Mesh(Anjali),Sohail Sen,Not Found,"Priyanka Chopra Jonas, Harman Baweja, Dilip Joshi, Darshan Jariwala, Manju Singh, Ajita Kulkarni, Vishwa S. Badola, Bhairavi Vaidya, Geeta Tyagi, Rajesh Vivek",2009
What's Your Raashee?,Aquarius/Kumbh(Sanjana),Sohail Sen,Error,"Priyanka Chopra Jonas, Harman Baweja, Dilip Joshi, Darshan Jariwala, Manju Singh, Ajita Kulkarni, Vishwa S. Badola, Bhairavi Vaidya, Geeta Tyagi, Rajesh Vivek",2009
What's Your Raashee?,Gemini/Mithun(Kajal),Sohail Sen,Not Found,"Priyanka Chopra Jonas, Harman Baweja, Dilip Joshi, Darshan Jariwala, Manju Singh, Ajita Kulkarni, Vishwa S. Badola, Bhairavi Vaidya, Geeta Tyagi, Rajesh Vivek",2009
What's Your Raashee?,Cancer/Kark(Hansa),Sohail Sen,Not Found,"Priyanka Chopra Jonas, Harman Baweja, Dilip Joshi, Darshan Jariwala, Manju Singh, Ajita Kulkarni, Vishwa S. Badola, Bhairavi Vaidya, Geeta Tyagi, Rajesh Vivek",2009
What's Your Raashee?,Libra/Tula(Rajni),Sohail Sen,Not Found,"Priyanka Chopra Jonas, Harman Baweja, Dilip Joshi, Darshan Jariwala, Manju Singh, Ajita Kulkarni, Vishwa S. Badola, Bhairavi Vaidya, Geeta Tyagi, Rajesh Vivek",2009
What's Your Raashee?,Pisces/Meen(Chandrika),Sohail Sen,Not Found,"Priyanka Chopra Jonas, Harman Baweja, Dilip Joshi, Darshan Jariwala, Manju Singh, Ajita Kulkarni, Vishwa S. Badola, Bhairavi Vaidya, Geeta Tyagi, Rajesh Vivek",2009
What's Your Raashee?,Leo/Simha(Mallika),Sohail Sen,Not Found,"Priyanka Chopra Jonas, Harman Baweja, Dilip Joshi, Darshan Jariwala, Manju Singh, Ajita Kulkarni, Vishwa S. Badola, Bhairavi Vaidya, Geeta Tyagi, Rajesh Vivek",2009
What's Your Raashee?,Scorpio/Vrishchik(Nandini),Sohail Sen,Not Found,"Priyanka Chopra Jonas, Harman Baweja, Dilip Joshi, Darshan Jariwala, Manju Singh, Ajita Kulkarni, Vishwa S. Badola, Bhairavi Vaidya, Geeta Tyagi, Rajesh Vivek",2009
What's Your Raashee?,Virgo/Kanya(Pooja),Sohail Sen,Not Found,"Priyanka Chopra Jonas, Harman Baweja, Dilip Joshi, Darshan Jariwala, Manju Singh, Ajita Kulkarni, Vishwa S. Badola, Bhairavi Vaidya, Geeta Tyagi, Rajesh Vivek",2009
What's Your Raashee?,Taurus/Vrishabh(Vishakha),Sohail Sen,Not Found,"Priyanka Chopra Jonas, Harman Baweja, Dilip Joshi, Darshan Jariwala, Manju Singh, Ajita Kulkarni, Vishwa S. Badola, Bhairavi Vaidya, Geeta Tyagi, Rajesh Vivek",2009
What's Your Raashee?,Sagittarius/Dhanu(Bhavna),Sohail Sen,Not Found,"Priyanka Chopra Jonas, Harman Baweja, Dilip Joshi, Darshan Jariwala, Manju Singh, Ajita Kulkarni, Vishwa S. Badola, Bhairavi Vaidya, Geeta Tyagi, Rajesh Vivek",2009
What's Your Raashee?,Capricorn/Makar(Jhankhna),Sohail Sen,Not Found,"Priyanka Chopra Jonas, Harman Baweja, Dilip Joshi, Darshan Jariwala, Manju Singh, Ajita Kulkarni, Vishwa S. Badola, Bhairavi Vaidya, Geeta Tyagi, Rajesh Vivek",2009
What's Your Raashee?,All the twelve girls and Yogesh,Sohail Sen,Not Found,"Priyanka Chopra Jonas, Harman Baweja, Dilip Joshi, Darshan Jariwala, Manju Singh, Ajita Kulkarni, Vishwa S. Badola, Bhairavi Vaidya, Geeta Tyagi, Rajesh Vivek",2009
Wake Up Sid,Wake Up Sid!,"Shankar–Ehsaan–Loy, Amit Trivedi","Shankar Ehsaan Loy, Shankar Mahadevan & Loy Mendonsa","Ranbir Kapoor, Konkona Sen Sharma, Rahul Khanna, Anupam Kher, Supriya Pathak, Namit Das, Shikha Talsania, Kashmera Shah, Shruti Bapna, Kainaz Motivala",2009
Wake Up Sid,Kya Karoon?,"Shankar–Ehsaan–Loy, Amit Trivedi","Clinton Cerejo, Shankar Ehsaan Loy, Dominique Cerejo & Loy Mendonsa","Ranbir Kapoor, Konkona Sen Sharma, Rahul Khanna, Anupam Kher, Supriya Pathak, Namit Das, Shikha Talsania, Kashmera Shah, Shruti Bapna, Kainaz Motivala",2009
Wake Up Sid,Aaj Kal Zindagi,"Shankar–Ehsaan–Loy, Amit Trivedi",Shankar Ehsaan Loy & Shankar Mahadevan,"Ranbir Kapoor, Konkona Sen Sharma, Rahul Khanna, Anupam Kher, Supriya Pathak, Namit Das, Shikha Talsania, Kashmera Shah, Shruti Bapna, Kainaz Motivala",2009
Wake Up Sid,"Iktara"" (Female)","Shankar–Ehsaan–Loy, Amit Trivedi","Amit Trivedi, Kavita Seth & Amitabh Bhattacharya","Ranbir Kapoor, Konkona Sen Sharma, Rahul Khanna, Anupam Kher, Supriya Pathak, Namit Das, Shikha Talsania, Kashmera Shah, Shruti Bapna, Kainaz Motivala",2009
Wake Up Sid,Life Is Crazy,"Shankar–Ehsaan–Loy, Amit Trivedi","Shankar Ehsaan Loy, Shankar Mahadevan, Uday Benegal, Loy Mendonsa & Alyssa Mendonsa","Ranbir Kapoor, Konkona Sen Sharma, Rahul Khanna, Anupam Kher, Supriya Pathak, Namit Das, Shikha Talsania, Kashmera Shah, Shruti Bapna, Kainaz Motivala",2009
Wake Up Sid,"Iktara"" (Male)","Shankar–Ehsaan–Loy, Amit Trivedi","Amit Trivedi, Kavita Seth & Amitabh Bhattacharya","Ranbir Kapoor, Konkona Sen Sharma, Rahul Khanna, Anupam Kher, Supriya Pathak, Namit Das, Shikha Talsania, Kashmera Shah, Shruti Bapna, Kainaz Motivala",2009
Wake Up Sid,"Wake Up Sid!"" (Club Mix)","Shankar–Ehsaan–Loy, Amit Trivedi",Shankar Ehsaan Loy & Shankar Mahadevan,"Ranbir Kapoor, Konkona Sen Sharma, Rahul Khanna, Anupam Kher, Supriya Pathak, Namit Das, Shikha Talsania, Kashmera Shah, Shruti Bapna, Kainaz Motivala",2009
Main Aurr Mrs Khanna,Don't Say Alvida,"Sajid–Wajid, Background Score:, Dharam-Sandeep","Sonu Nigam, Shreya Ghoshal & Suzanne D'Mello","Salman Khan, Kareena Kapoor Khan, Sohail Khan, Bappi Lahiri, Deepika Padukone, Preity Zinta, Dino Morea",2009
Main Aurr Mrs Khanna,"Don't Say Alvida"" (Remix by Dj A-Myth)","Sajid–Wajid, Background Score:, Dharam-Sandeep",Not Found,"Salman Khan, Kareena Kapoor Khan, Sohail Khan, Bappi Lahiri, Deepika Padukone, Preity Zinta, Dino Morea",2009
Main Aurr Mrs Khanna,"Don't Say Alvida"" (Sad)","Sajid–Wajid, Background Score:, Dharam-Sandeep",Shreya Ghoshal,"Salman Khan, Kareena Kapoor Khan, Sohail Khan, Bappi Lahiri, Deepika Padukone, Preity Zinta, Dino Morea",2009
Main Aurr Mrs Khanna,Happening I Am Happening,"Sajid–Wajid, Background Score:, Dharam-Sandeep","bollywoodFM, Everthe8 & Polina Online","Salman Khan, Kareena Kapoor Khan, Sohail Khan, Bappi Lahiri, Deepika Padukone, Preity Zinta, Dino Morea",2009
Main Aurr Mrs Khanna,"Happening I Am Happening"" (Remix by Dj A-Myth)","Sajid–Wajid, Background Score:, Dharam-Sandeep",Black Eyed Peas,"Salman Khan, Kareena Kapoor Khan, Sohail Khan, Bappi Lahiri, Deepika Padukone, Preity Zinta, Dino Morea",2009
Main Aurr Mrs Khanna,Mrs. Khanna,"Sajid–Wajid, Background Score:, Dharam-Sandeep","Bappi Lahiri, Shaan, Sunidhi Chauhan, Neuman Pinto & Suzanne D'Mello","Salman Khan, Kareena Kapoor Khan, Sohail Khan, Bappi Lahiri, Deepika Padukone, Preity Zinta, Dino Morea",2009
Main Aurr Mrs Khanna,Rabba,"Sajid–Wajid, Background Score:, Dharam-Sandeep",Mohit Chauhan,"Salman Khan, Kareena Kapoor Khan, Sohail Khan, Bappi Lahiri, Deepika Padukone, Preity Zinta, Dino Morea",2009
Main Aurr Mrs Khanna,Tumne Socha,"Sajid–Wajid, Background Score:, Dharam-Sandeep",Not Found,"Salman Khan, Kareena Kapoor Khan, Sohail Khan, Bappi Lahiri, Deepika Padukone, Preity Zinta, Dino Morea",2009
London Dreams,Barso Yaaron,"Shankar-Ehsaan-Loy, Background Score:, Salim–Sulaiman",Vishal Dadlani & Roop Kumar Rathod,"Ajay Devgn, Salman Khan, Aditya Roy Kapur, Rannvijay Singha, Asin Thottumkal, Om Puri",2009
London Dreams,Man Ko Ati Bhavey Saiyaan,"Shankar-Ehsaan-Loy, Background Score:, Salim–Sulaiman",Not Found,"Ajay Devgn, Salman Khan, Aditya Roy Kapur, Rannvijay Singha, Asin Thottumkal, Om Puri",2009
London Dreams,Tapkey Masti,"Shankar-Ehsaan-Loy, Background Score:, Salim–Sulaiman",Feroz Khan,"Ajay Devgn, Salman Khan, Aditya Roy Kapur, Rannvijay Singha, Asin Thottumkal, Om Puri",2009
London Dreams,Khanabadosh,"Shankar-Ehsaan-Loy, Background Score:, Salim–Sulaiman",Mohan,"Ajay Devgn, Salman Khan, Aditya Roy Kapur, Rannvijay Singha, Asin Thottumkal, Om Puri",2009
London Dreams,Khwab,"Shankar-Ehsaan-Loy, Background Score:, Salim–Sulaiman",Bollywood Instrumentals,"Ajay Devgn, Salman Khan, Aditya Roy Kapur, Rannvijay Singha, Asin Thottumkal, Om Puri",2009
London Dreams,Yaari Bina,"Shankar-Ehsaan-Loy, Background Score:, Salim–Sulaiman",Roop Kumar Rathod & Milind,"Ajay Devgn, Salman Khan, Aditya Roy Kapur, Rannvijay Singha, Asin Thottumkal, Om Puri",2009
London Dreams,Jashn Hai Jeet Ka,"Shankar-Ehsaan-Loy, Background Score:, Salim–Sulaiman",Abhijeet Ghoshal,"Ajay Devgn, Salman Khan, Aditya Roy Kapur, Rannvijay Singha, Asin Thottumkal, Om Puri",2009
London Dreams,Shola Shola,"Shankar-Ehsaan-Loy, Background Score:, Salim–Sulaiman",Zubeen Garg,"Ajay Devgn, Salman Khan, Aditya Roy Kapur, Rannvijay Singha, Asin Thottumkal, Om Puri",2009
London Dreams,"Khanabadosh"" (Remix)","Shankar-Ehsaan-Loy, Background Score:, Salim–Sulaiman",Mohan & Dj A-Myth,"Ajay Devgn, Salman Khan, Aditya Roy Kapur, Rannvijay Singha, Asin Thottumkal, Om Puri",2009
London Dreams,"Man Ko Ati Bhavey"" (Remix)","Shankar-Ehsaan-Loy, Background Score:, Salim–Sulaiman",Shankar Mahadevan & Dj A-Myth,"Ajay Devgn, Salman Khan, Aditya Roy Kapur, Rannvijay Singha, Asin Thottumkal, Om Puri",2009
London Dreams,"Tapke Masti"" (Remix)","Shankar-Ehsaan-Loy, Background Score:, Salim–Sulaiman",Not Found,"Ajay Devgn, Salman Khan, Aditya Roy Kapur, Rannvijay Singha, Asin Thottumkal, Om Puri",2009
Aladin,Genie Rap,Score:Jody J JenkinsSongs:Vishal–Shekhar,"Vishal & Shekhar, Amitabh Bachchan, Anushka Manchanda & Vishal Dadlani","Riteish Deshmukh, Amitabh Bachchan, Jacqueline Fernandez, Victor Banerjee, Ratna Pathak Shah, Sahil Khan, Mita Vashisht, Sanjay Dutt",2009
Aladin,Tak Dhina Dhin,Score:Jody J JenkinsSongs:Vishal–Shekhar,"Vishal & Shekhar, Shankar Mahadevan, Shaan & Vishal Dadlani","Riteish Deshmukh, Amitabh Bachchan, Jacqueline Fernandez, Victor Banerjee, Ratna Pathak Shah, Sahil Khan, Mita Vashisht, Sanjay Dutt",2009
Aladin,Ore Saawariya,Score:Jody J JenkinsSongs:Vishal–Shekhar,Not Found,"Riteish Deshmukh, Amitabh Bachchan, Jacqueline Fernandez, Victor Banerjee, Ratna Pathak Shah, Sahil Khan, Mita Vashisht, Sanjay Dutt",2009
Aladin,You May Be,Score:Jody J JenkinsSongs:Vishal–Shekhar,"Vishal & Shekhar, Vishal Dadlani & Shekhar Ravjiani","Riteish Deshmukh, Amitabh Bachchan, Jacqueline Fernandez, Victor Banerjee, Ratna Pathak Shah, Sahil Khan, Mita Vashisht, Sanjay Dutt",2009
Aladin,Bachke O Bachke,Score:Jody J JenkinsSongs:Vishal–Shekhar,"Vishal & Shekhar, Shankar Mahadevan, Shaan, Sunidhi Chauhan & Anvita Dutt","Riteish Deshmukh, Amitabh Bachchan, Jacqueline Fernandez, Victor Banerjee, Ratna Pathak Shah, Sahil Khan, Mita Vashisht, Sanjay Dutt",2009
Aladin,Giri Giri,Score:Jody J JenkinsSongs:Vishal–Shekhar,"Vishal & Shekhar, Sanjay Dutt & Vishal Dadlani","Riteish Deshmukh, Amitabh Bachchan, Jacqueline Fernandez, Victor Banerjee, Ratna Pathak Shah, Sahil Khan, Mita Vashisht, Sanjay Dutt",2009
Aladin,"Genie Rap"" (Remix -DJ Suketu feat. Aks)",Score:Jody J JenkinsSongs:Vishal–Shekhar,Not Found,"Riteish Deshmukh, Amitabh Bachchan, Jacqueline Fernandez, Victor Banerjee, Ratna Pathak Shah, Sahil Khan, Mita Vashisht, Sanjay Dutt",2009
Aladin,"Ore Saawariya"" (Remix -DJ Suketu feat. Aks)",Score:Jody J JenkinsSongs:Vishal–Shekhar,Not Found,"Riteish Deshmukh, Amitabh Bachchan, Jacqueline Fernandez, Victor Banerjee, Ratna Pathak Shah, Sahil Khan, Mita Vashisht, Sanjay Dutt",2009
Jail,Sainya Ve,"Shaarib-Toshi, Shamir Tandon, Background Score:, Amar Mohile",Toshi,"Neil Nitin Mukesh, Mugdha Godse, Manoj Bajpayee, Arya Babbar, Rahul Singh, Chetan Pandit, Navni Parihar, Sandeep Mehta, Ali Quli Mirza, Atul Kulkarni",2009
Jail,Milke Yun Lagaa,"Shaarib-Toshi, Shamir Tandon, Background Score:, Amar Mohile",Sharib,"Neil Nitin Mukesh, Mugdha Godse, Manoj Bajpayee, Arya Babbar, Rahul Singh, Chetan Pandit, Navni Parihar, Sandeep Mehta, Ali Quli Mirza, Atul Kulkarni",2009
Jail,Bareily Ke Bazaar Mein,"Shaarib-Toshi, Shamir Tandon, Background Score:, Amar Mohile",Sonu Kakkar,"Neil Nitin Mukesh, Mugdha Godse, Manoj Bajpayee, Arya Babbar, Rahul Singh, Chetan Pandit, Navni Parihar, Sandeep Mehta, Ali Quli Mirza, Atul Kulkarni",2009
Jail,Daata Sun Le,"Shaarib-Toshi, Shamir Tandon, Background Score:, Amar Mohile",Lata Mangeshkar,"Neil Nitin Mukesh, Mugdha Godse, Manoj Bajpayee, Arya Babbar, Rahul Singh, Chetan Pandit, Navni Parihar, Sandeep Mehta, Ali Quli Mirza, Atul Kulkarni",2009
Tum Mile,Tum Mile,"Pritam, Background Score:, Raju Singh",Neeraj Shridhar & Pritam,"Emraan Hashmi, Soha Ali Khan, Mantra, Sachin Khedekar, Rituraj Singh, Atul Srivastava",2009
Tum Mile,Dil Ibadat,"Pritam, Background Score:, Raju Singh",KK & Pritam,"Emraan Hashmi, Soha Ali Khan, Mantra, Sachin Khedekar, Rituraj Singh, Atul Srivastava",2009
Tum Mile,Tu Hi Haqeeqat,"Pritam, Background Score:, Raju Singh","Javed Ali, Pritam, Irshan Ashraf & Shadab","Emraan Hashmi, Soha Ali Khan, Mantra, Sachin Khedekar, Rituraj Singh, Atul Srivastava",2009
Tum Mile,Iss Jahan Main,"Pritam, Background Score:, Raju Singh",Ved Sharma,"Emraan Hashmi, Soha Ali Khan, Mantra, Sachin Khedekar, Rituraj Singh, Atul Srivastava",2009
Tum Mile,Tum Mile (Reprise),"Pritam, Background Score:, Raju Singh",Javed Ali & Pritam,"Emraan Hashmi, Soha Ali Khan, Mantra, Sachin Khedekar, Rituraj Singh, Atul Srivastava",2009
Tum Mile,O Meri Jaan,"Pritam, Background Score:, Raju Singh",KK & Pritam,"Emraan Hashmi, Soha Ali Khan, Mantra, Sachin Khedekar, Rituraj Singh, Atul Srivastava",2009
Tum Mile,Dil Ibadat (Qawwali),"Pritam, Background Score:, Raju Singh",Not Found,"Emraan Hashmi, Soha Ali Khan, Mantra, Sachin Khedekar, Rituraj Singh, Atul Srivastava",2009
Tum Mile,Tum Mile (Hindustani Classical),"Pritam, Background Score:, Raju Singh",Javed Ali & Pritam,"Emraan Hashmi, Soha Ali Khan, Mantra, Sachin Khedekar, Rituraj Singh, Atul Srivastava",2009
Tum Mile,Soul of Tum Mile,"Pritam, Background Score:, Raju Singh",Neeraj Shridhar & Pritam,"Emraan Hashmi, Soha Ali Khan, Mantra, Sachin Khedekar, Rituraj Singh, Atul Srivastava",2009
Kurbaan,Shukran Allah,Salim–Sulaiman,"Salim Merchant, Salim-Sulaiman, Sonu Nigam & Shreya Ghoshal","Saif Ali Khan, Kareena Kapoor Khan, Vivek Oberoi, Dia Mirza, Om Puri, Kirron Kher, Kulbhushan Kharbanda, Nauheed Cyrusi, Rupinder Nagra, Shishir Sharma",2009
Kurbaan,Dua,Salim–Sulaiman,"Salim-Sulaiman, Sukhwinder Singh, Kailash Kher & Marianne D'cruz Aiman","Saif Ali Khan, Kareena Kapoor Khan, Vivek Oberoi, Dia Mirza, Om Puri, Kirron Kher, Kulbhushan Kharbanda, Nauheed Cyrusi, Rupinder Nagra, Shishir Sharma",2009
Kurbaan,Ali Maula,Salim–Sulaiman,Salim Merchant & Salim-Sulaiman,"Saif Ali Khan, Kareena Kapoor Khan, Vivek Oberoi, Dia Mirza, Om Puri, Kirron Kher, Kulbhushan Kharbanda, Nauheed Cyrusi, Rupinder Nagra, Shishir Sharma",2009
Kurbaan,Rasiya,Salim–Sulaiman,"Pritam, Shreya Ghoshal & Tushar Joshi","Saif Ali Khan, Kareena Kapoor Khan, Vivek Oberoi, Dia Mirza, Om Puri, Kirron Kher, Kulbhushan Kharbanda, Nauheed Cyrusi, Rupinder Nagra, Shishir Sharma",2009
Kurbaan,Kurbaan Hua,Salim–Sulaiman,Salim-Sulaiman & Vishal Dadlani,"Saif Ali Khan, Kareena Kapoor Khan, Vivek Oberoi, Dia Mirza, Om Puri, Kirron Kher, Kulbhushan Kharbanda, Nauheed Cyrusi, Rupinder Nagra, Shishir Sharma",2009
Kurbaan,"Ali Maula"" (remix)",Salim–Sulaiman,Salim Merchant & Salim-Sulaiman,"Saif Ali Khan, Kareena Kapoor Khan, Vivek Oberoi, Dia Mirza, Om Puri, Kirron Kher, Kulbhushan Kharbanda, Nauheed Cyrusi, Rupinder Nagra, Shishir Sharma",2009
Paa,Mudhi Mudhi Ittefaq Se,Ilaiyaraaja,Shilpa Rao,"Amitabh Bachchan, Abhishek Bachchan, Vidya Balan, Paresh Rawal, Arundathi Nag, Swini Khara, Jaya Bachchan, Taruni Sachdev, Olivier Lafont, Rajiv Kachroo",2009
Paa,Gumm Summ Gumm,Ilaiyaraaja,Bhavatharini & Shravan,"Amitabh Bachchan, Abhishek Bachchan, Vidya Balan, Paresh Rawal, Arundathi Nag, Swini Khara, Jaya Bachchan, Taruni Sachdev, Olivier Lafont, Rajiv Kachroo",2009
Paa,Udhi Udhi Ittefaq Se,Ilaiyaraaja,Shilpa Rao,"Amitabh Bachchan, Abhishek Bachchan, Vidya Balan, Paresh Rawal, Arundathi Nag, Swini Khara, Jaya Bachchan, Taruni Sachdev, Olivier Lafont, Rajiv Kachroo",2009
Paa,Hichki Hichki,Ilaiyaraaja,Sunidhi Chauhan,"Amitabh Bachchan, Abhishek Bachchan, Vidya Balan, Paresh Rawal, Arundathi Nag, Swini Khara, Jaya Bachchan, Taruni Sachdev, Olivier Lafont, Rajiv Kachroo",2009
Paa,Gali Mudhi Ittefaq Se,Ilaiyaraaja,Shaan,"Amitabh Bachchan, Abhishek Bachchan, Vidya Balan, Paresh Rawal, Arundathi Nag, Swini Khara, Jaya Bachchan, Taruni Sachdev, Olivier Lafont, Rajiv Kachroo",2009
Paa,Halke Se Bole,Ilaiyaraaja,Ilaiyaraaja,"Amitabh Bachchan, Abhishek Bachchan, Vidya Balan, Paresh Rawal, Arundathi Nag, Swini Khara, Jaya Bachchan, Taruni Sachdev, Olivier Lafont, Rajiv Kachroo",2009
Paa,Mere Paa,Ilaiyaraaja,Amitabh Bachchan,"Amitabh Bachchan, Abhishek Bachchan, Vidya Balan, Paresh Rawal, Arundathi Nag, Swini Khara, Jaya Bachchan, Taruni Sachdev, Olivier Lafont, Rajiv Kachroo",2009
Paa,Paa Theme (Remix),Ilaiyaraaja,Sukhwinder Singh & Renesa,"Amitabh Bachchan, Abhishek Bachchan, Vidya Balan, Paresh Rawal, Arundathi Nag, Swini Khara, Jaya Bachchan, Taruni Sachdev, Olivier Lafont, Rajiv Kachroo",2009
Rocket Singh: Salesman of the Year,Pankho Ko Hawa Zara,Salim–Sulaiman,Not Found,"Ranbir Kapoor, Prem Chopra, Mukesh Bhatt, D. Santosh, Naveen Kaushik, Gauahar Khan, Manish Chaudhary, Shazahn Padamsee, Imtiaz Ahamed, Kumar Amit",2009
Rocket Singh: Salesman of the Year,Pocket Mein Rocket Hai,Salim–Sulaiman,Meghna Mishra,"Ranbir Kapoor, Prem Chopra, Mukesh Bhatt, D. Santosh, Naveen Kaushik, Gauahar Khan, Manish Chaudhary, Shazahn Padamsee, Imtiaz Ahamed, Kumar Amit",2009
Rocket Singh: Salesman of the Year,Gadbadi Hai Hadbadi Hai,Salim–Sulaiman,Vishal Dadlani,"Ranbir Kapoor, Prem Chopra, Mukesh Bhatt, D. Santosh, Naveen Kaushik, Gauahar Khan, Manish Chaudhary, Shazahn Padamsee, Imtiaz Ahamed, Kumar Amit",2009
My Name Is Khan,Sajdaa,Shankar–Ehsaan–Loy,"Shankar Ehsaan Loy, Rahat Fateh Ali Khan, Shankar Mahadevan & Richa Sharma","Shah Rukh Khan, Kajol, Arjan Aujla, Jimmy Shergill, Sonya Jehan, Zarina Wahab, Adarsh Gourav, Tanay Chheda, Yuvan Makar, Kenton Duty",2010
My Name Is Khan,Noor-E-Khuda,Shankar–Ehsaan–Loy,"Shankar Ehsaan Loy, Adnan Sami, Shankar Mahadevan & Shreya Ghoshal","Shah Rukh Khan, Kajol, Arjan Aujla, Jimmy Shergill, Sonya Jehan, Zarina Wahab, Adarsh Gourav, Tanay Chheda, Yuvan Makar, Kenton Duty",2010
My Name Is Khan,Tere Naina,Shankar–Ehsaan–Loy,Shankar Mahadevan & Shreya Ghoshal,"Shah Rukh Khan, Kajol, Arjan Aujla, Jimmy Shergill, Sonya Jehan, Zarina Wahab, Adarsh Gourav, Tanay Chheda, Yuvan Makar, Kenton Duty",2010
My Name Is Khan,Allah Hi Rahem,Shankar–Ehsaan–Loy,Krishna Beura,"Shah Rukh Khan, Kajol, Arjan Aujla, Jimmy Shergill, Sonya Jehan, Zarina Wahab, Adarsh Gourav, Tanay Chheda, Yuvan Makar, Kenton Duty",2010
My Name Is Khan,Khan Theme,Shankar–Ehsaan–Loy,Shankar Ehsaan Loy,"Shah Rukh Khan, Kajol, Arjan Aujla, Jimmy Shergill, Sonya Jehan, Zarina Wahab, Adarsh Gourav, Tanay Chheda, Yuvan Makar, Kenton Duty",2010
My Name Is Khan,Rang De,Shankar–Ehsaan–Loy,"Shankar Ehsaan Loy, Suraj Jagan & Shankar Mahadevan","Shah Rukh Khan, Kajol, Arjan Aujla, Jimmy Shergill, Sonya Jehan, Zarina Wahab, Adarsh Gourav, Tanay Chheda, Yuvan Makar, Kenton Duty",2010
Golmaal 3,Golmaal,"Pritam, Guest Composition:, Amar Mohile","Anushka Manchanda, Vishal Dadlani & Vishal & Shekhar","Ajay Devgn, Arshad Warsi, Shreyas Talpade, Tusshar Kapoor, Kunal Kemmu, Kareena Kapoor Khan, Mithun Chakraborty, Ratna Pathak Shah, Johny Lever, Mukesh Tiwari",2010
Golmaal 3,Apna Har Din,"Pritam, Guest Composition:, Amar Mohile","Pritam, Shaan & Anushka Manchanda","Ajay Devgn, Arshad Warsi, Shreyas Talpade, Tusshar Kapoor, Kunal Kemmu, Kareena Kapoor Khan, Mithun Chakraborty, Ratna Pathak Shah, Johny Lever, Mukesh Tiwari",2010
Golmaal 3,Ale,"Pritam, Guest Composition:, Amar Mohile","Pritam, Neeraj Shridhar & Antara Mitra","Ajay Devgn, Arshad Warsi, Shreyas Talpade, Tusshar Kapoor, Kunal Kemmu, Kareena Kapoor Khan, Mithun Chakraborty, Ratna Pathak Shah, Johny Lever, Mukesh Tiwari",2010
Golmaal 3,Desi Kali,"Pritam, Guest Composition:, Amar Mohile","Pritam, Neeraj Shridhar & Sunidhi Chauhan","Ajay Devgn, Arshad Warsi, Shreyas Talpade, Tusshar Kapoor, Kunal Kemmu, Kareena Kapoor Khan, Mithun Chakraborty, Ratna Pathak Shah, Johny Lever, Mukesh Tiwari",2010
Golmaal 3,"Golmaal"" (Remix by DJ Suketu featuring PaVaN)","Pritam, Guest Composition:, Amar Mohile",Not Found,"Ajay Devgn, Arshad Warsi, Shreyas Talpade, Tusshar Kapoor, Kunal Kemmu, Kareena Kapoor Khan, Mithun Chakraborty, Ratna Pathak Shah, Johny Lever, Mukesh Tiwari",2010
Golmaal 3,"Apna Har Din"" (Remix by DJ A-Myth)","Pritam, Guest Composition:, Amar Mohile","Pritam, Shaan, Anushka Manchanda & Dj A-Myth","Ajay Devgn, Arshad Warsi, Shreyas Talpade, Tusshar Kapoor, Kunal Kemmu, Kareena Kapoor Khan, Mithun Chakraborty, Ratna Pathak Shah, Johny Lever, Mukesh Tiwari",2010
Golmaal 3,"Desi Kali"" (Remix by DJ Chetas & DJ NYK)","Pritam, Guest Composition:, Amar Mohile","Pritam, Neeraj Shridhar, Sunidhi Chauhan, Dj Chetas & Dj Nyk","Ajay Devgn, Arshad Warsi, Shreyas Talpade, Tusshar Kapoor, Kunal Kemmu, Kareena Kapoor Khan, Mithun Chakraborty, Ratna Pathak Shah, Johny Lever, Mukesh Tiwari",2010
Golmaal 3,Disco Dancer,"Pritam, Guest Composition:, Amar Mohile",Kiki Gyan,"Ajay Devgn, Arshad Warsi, Shreyas Talpade, Tusshar Kapoor, Kunal Kemmu, Kareena Kapoor Khan, Mithun Chakraborty, Ratna Pathak Shah, Johny Lever, Mukesh Tiwari",2010
Golmaal 3,Yaad Aa Raha Hain,"Pritam, Guest Composition:, Amar Mohile","Bappi Lahiri, Vishal Dadlani, Merriene & Nisha","Ajay Devgn, Arshad Warsi, Shreyas Talpade, Tusshar Kapoor, Kunal Kemmu, Kareena Kapoor Khan, Mithun Chakraborty, Ratna Pathak Shah, Johny Lever, Mukesh Tiwari",2010
Raajneeti,Bheegi Si Bhaagi Si,"Pritam, Aadesh Shrivastava, Shantanu Moitra, Wayne Sharpe","Pritam, Mohit Chauhan & Antara Mitra","Ajay Devgn, Ranbir Kapoor, Manoj Bajpayee, Katrina Kaif, Arjun Rampal, Nana Patekar, Naseeruddin Shah, Sarah Thompson, Darshan Jariwala, Shruti Seth",2010
Raajneeti,"Mora Piya"" (Male)","Pritam, Aadesh Shrivastava, Shantanu Moitra, Wayne Sharpe","Aadesh Shrivastava, Shashi & Rosalie Nicholson","Ajay Devgn, Ranbir Kapoor, Manoj Bajpayee, Katrina Kaif, Arjun Rampal, Nana Patekar, Naseeruddin Shah, Sarah Thompson, Darshan Jariwala, Shruti Seth",2010
Raajneeti,"Mora Piya"" (Female)","Pritam, Aadesh Shrivastava, Shantanu Moitra, Wayne Sharpe","Aadesh Shrivastava, Shashi & Rosalie Nicholson","Ajay Devgn, Ranbir Kapoor, Manoj Bajpayee, Katrina Kaif, Arjun Rampal, Nana Patekar, Naseeruddin Shah, Sarah Thompson, Darshan Jariwala, Shruti Seth",2010
Raajneeti,Ishq Barse,"Pritam, Aadesh Shrivastava, Shantanu Moitra, Wayne Sharpe","Shantanu Moitra, Hamsika Iyer, Swanand Kirkire & Pronob Biswas","Ajay Devgn, Ranbir Kapoor, Manoj Bajpayee, Katrina Kaif, Arjun Rampal, Nana Patekar, Naseeruddin Shah, Sarah Thompson, Darshan Jariwala, Shruti Seth",2010
Raajneeti,Dhan Dhan Dharti,"Pritam, Aadesh Shrivastava, Shantanu Moitra, Wayne Sharpe",Wayne Sharpe & Sonu Nigam,"Ajay Devgn, Ranbir Kapoor, Manoj Bajpayee, Katrina Kaif, Arjun Rampal, Nana Patekar, Naseeruddin Shah, Sarah Thompson, Darshan Jariwala, Shruti Seth",2010
Raajneeti,"Ishq Barse Club Mix"" (The Bombay Bounce Club Mix by DJ Lloyd)","Pritam, Aadesh Shrivastava, Shantanu Moitra, Wayne Sharpe","Shantanu Moitra, Swanand Kirkire, Hamsika Iyer & Pronob Biswas","Ajay Devgn, Ranbir Kapoor, Manoj Bajpayee, Katrina Kaif, Arjun Rampal, Nana Patekar, Naseeruddin Shah, Sarah Thompson, Darshan Jariwala, Shruti Seth",2010
Raajneeti,"Dhan Dhan Dharti"" (Reprise) (Call of the Soil)","Pritam, Aadesh Shrivastava, Shantanu Moitra, Wayne Sharpe",Wayne Sharpe & Sonu Nigam,"Ajay Devgn, Ranbir Kapoor, Manoj Bajpayee, Katrina Kaif, Arjun Rampal, Nana Patekar, Naseeruddin Shah, Sarah Thompson, Darshan Jariwala, Shruti Seth",2010
Raajneeti,"Mora Piya Remix"" (Male) (Twilight Mix by Deep & DJ Chantz)","Pritam, Aadesh Shrivastava, Shantanu Moitra, Wayne Sharpe",Aadesh Shrivastava,"Ajay Devgn, Ranbir Kapoor, Manoj Bajpayee, Katrina Kaif, Arjun Rampal, Nana Patekar, Naseeruddin Shah, Sarah Thompson, Darshan Jariwala, Shruti Seth",2010
Raajneeti,"Mora Piya Remix"" (Female) (Trance Mix by Deep & DJ Chantz)","Pritam, Aadesh Shrivastava, Shantanu Moitra, Wayne Sharpe",Aadesh Shrivastava & Kavita Seth,"Ajay Devgn, Ranbir Kapoor, Manoj Bajpayee, Katrina Kaif, Arjun Rampal, Nana Patekar, Naseeruddin Shah, Sarah Thompson, Darshan Jariwala, Shruti Seth",2010
Housefull,Oh Girl You're Mine,Songs:Shankar–Ehsaan–LoyBackground Score:Sandeep Chowta,"Tarun Sagar, Alyssa Mendonsa & Loy Mendonsa","Akshay Kumar, Arjun Rampal, Riteish Deshmukh, Deepika Padukone, Lara Dutta, Jiah Khan, Boman Irani, Malaika Arora, Chunky Panday, Randhir Kapoor",2010
Housefull,Papa Jaag Jaayega,Songs:Shankar–Ehsaan–LoyBackground Score:Sandeep Chowta,Not Found,"Akshay Kumar, Arjun Rampal, Riteish Deshmukh, Deepika Padukone, Lara Dutta, Jiah Khan, Boman Irani, Malaika Arora, Chunky Panday, Randhir Kapoor",2010
Housefull,I Don't Know What To Do,Songs:Shankar–Ehsaan–LoyBackground Score:Sandeep Chowta,Shabbir Kumar & Sunidhi Chauhan,"Akshay Kumar, Arjun Rampal, Riteish Deshmukh, Deepika Padukone, Lara Dutta, Jiah Khan, Boman Irani, Malaika Arora, Chunky Panday, Randhir Kapoor",2010
Housefull,Aapka Kya Hoga (Dhanno),Songs:Shankar–Ehsaan–LoyBackground Score:Sandeep Chowta,"Mika Singh, Sunidhi Chauhan & Sajid Khan","Akshay Kumar, Arjun Rampal, Riteish Deshmukh, Deepika Padukone, Lara Dutta, Jiah Khan, Boman Irani, Malaika Arora, Chunky Panday, Randhir Kapoor",2010
Housefull,Loser,Songs:Shankar–Ehsaan–LoyBackground Score:Sandeep Chowta,Vivieanne Pocha & Amitabh Bhattacharya,"Akshay Kumar, Arjun Rampal, Riteish Deshmukh, Deepika Padukone, Lara Dutta, Jiah Khan, Boman Irani, Malaika Arora, Chunky Panday, Randhir Kapoor",2010
Housefull,"Oh Girl You're Mine"" (O Boy What A Girl Mix)",Songs:Shankar–Ehsaan–LoyBackground Score:Sandeep Chowta,"Tarun Sagar, Alyssa Mendonsa & Loy Mendonsa","Akshay Kumar, Arjun Rampal, Riteish Deshmukh, Deepika Padukone, Lara Dutta, Jiah Khan, Boman Irani, Malaika Arora, Chunky Panday, Randhir Kapoor",2010
Housefull,"Papa Jaag Jaayega"" (Insane Insomaniac Mix)",Songs:Shankar–Ehsaan–LoyBackground Score:Sandeep Chowta,Not Found,"Akshay Kumar, Arjun Rampal, Riteish Deshmukh, Deepika Padukone, Lara Dutta, Jiah Khan, Boman Irani, Malaika Arora, Chunky Panday, Randhir Kapoor",2010
Housefull,"I Don't Know What To Do"" (Shabbir's Sexy 70's Mix)",Songs:Shankar–Ehsaan–LoyBackground Score:Sandeep Chowta,Shabbir Kumar & Sunidhi Chauhan,"Akshay Kumar, Arjun Rampal, Riteish Deshmukh, Deepika Padukone, Lara Dutta, Jiah Khan, Boman Irani, Malaika Arora, Chunky Panday, Randhir Kapoor",2010
Tees Maar Khan,Tees Maar Khan,"Title Song and Background Score:, Shirish Kunder, Original soundtrack:, Vishal–Shekhar",Sonu Nigam,"Akshay Kumar, Katrina Kaif, Akshaye Khanna, Ali Asgar, Vijay Maurya, Dharampal, Apara Mehta, Sudhir Pandey, Raghu Ram, Rajiv Laxman",2010
Tees Maar Khan,Sheila Ki Jawani,"Title Song and Background Score:, Shirish Kunder, Original soundtrack:, Vishal–Shekhar","Sunidhi Chauhan, Vishal Dadlani & Vishal & Shekhar","Akshay Kumar, Katrina Kaif, Akshaye Khanna, Ali Asgar, Vijay Maurya, Dharampal, Apara Mehta, Sudhir Pandey, Raghu Ram, Rajiv Laxman",2010
Tees Maar Khan,Wallah Re Wallah,"Title Song and Background Score:, Shirish Kunder, Original soundtrack:, Vishal–Shekhar",Error,"Akshay Kumar, Katrina Kaif, Akshaye Khanna, Ali Asgar, Vijay Maurya, Dharampal, Apara Mehta, Sudhir Pandey, Raghu Ram, Rajiv Laxman",2010
Tees Maar Khan,Badey Dilwala,"Title Song and Background Score:, Shirish Kunder, Original soundtrack:, Vishal–Shekhar","Sukhwinder Singh, Shreya Ghoshal & Vishal & Shekhar","Akshay Kumar, Katrina Kaif, Akshaye Khanna, Ali Asgar, Vijay Maurya, Dharampal, Apara Mehta, Sudhir Pandey, Raghu Ram, Rajiv Laxman",2010
Tees Maar Khan,Happy Ending,"Title Song and Background Score:, Shirish Kunder, Original soundtrack:, Vishal–Shekhar","Prajakta Shukre, Harshit Saxena, Abhijeet Sawant, Debojit Saha & Vishal & Shekhar","Akshay Kumar, Katrina Kaif, Akshaye Khanna, Ali Asgar, Vijay Maurya, Dharampal, Apara Mehta, Sudhir Pandey, Raghu Ram, Rajiv Laxman",2010
Tees Maar Khan,"Tees Maar Khan"" (Remix by DJ Kiran Kamath)","Title Song and Background Score:, Shirish Kunder, Original soundtrack:, Vishal–Shekhar",Error,"Akshay Kumar, Katrina Kaif, Akshaye Khanna, Ali Asgar, Vijay Maurya, Dharampal, Apara Mehta, Sudhir Pandey, Raghu Ram, Rajiv Laxman",2010
Tees Maar Khan,"Sheila Ki Jawani"" (Remix by DJ A-Myth)","Title Song and Background Score:, Shirish Kunder, Original soundtrack:, Vishal–Shekhar","Sunidhi Chauhan, Vishal Dadlani, Dj A-Myth & Vishal & Shekhar","Akshay Kumar, Katrina Kaif, Akshaye Khanna, Ali Asgar, Vijay Maurya, Dharampal, Apara Mehta, Sudhir Pandey, Raghu Ram, Rajiv Laxman",2010
Tees Maar Khan,"Wallah Re Wallah"" (Remix by DJ Kiran Kamath)","Title Song and Background Score:, Shirish Kunder, Original soundtrack:, Vishal–Shekhar",Error,"Akshay Kumar, Katrina Kaif, Akshaye Khanna, Ali Asgar, Vijay Maurya, Dharampal, Apara Mehta, Sudhir Pandey, Raghu Ram, Rajiv Laxman",2010
Tees Maar Khan,"Badey Dilwala"" (Remix by DJ Kiran Kamath)","Title Song and Background Score:, Shirish Kunder, Original soundtrack:, Vishal–Shekhar",Error,"Akshay Kumar, Katrina Kaif, Akshaye Khanna, Ali Asgar, Vijay Maurya, Dharampal, Apara Mehta, Sudhir Pandey, Raghu Ram, Rajiv Laxman",2010
Once Upon A Time In Mumbaai,Tum Jo Aaye Zindagi Mein,Pritam,"Pritam, Rahat Fateh Ali Khan & Tulsi Kumar","Ajay Devgn, Emraan Hashmi, Kangana Ranaut, Prachi Desai, Randeep Hooda, Gauahar Khan, Naved Aslam, Asif Basra, Avtar Gill, Sushil Pandey",2010
Once Upon A Time In Mumbaai,"Pee Loon"" (Male)",Pritam,Pritam & Mohit Chauhan,"Ajay Devgn, Emraan Hashmi, Kangana Ranaut, Prachi Desai, Randeep Hooda, Gauahar Khan, Naved Aslam, Asif Basra, Avtar Gill, Sushil Pandey",2010
Once Upon A Time In Mumbaai,"I Am in Love"" (Male)",Pritam,Randy Travis,"Ajay Devgn, Emraan Hashmi, Kangana Ranaut, Prachi Desai, Randeep Hooda, Gauahar Khan, Naved Aslam, Asif Basra, Avtar Gill, Sushil Pandey",2010
Once Upon A Time In Mumbaai,Parda,Pritam,"Pritam, Sunidhi Chauhan & Rana Mazumder","Ajay Devgn, Emraan Hashmi, Kangana Ranaut, Prachi Desai, Randeep Hooda, Gauahar Khan, Naved Aslam, Asif Basra, Avtar Gill, Sushil Pandey",2010
Once Upon A Time In Mumbaai,BaburaoMast Hai,Pritam,Not Found,"Ajay Devgn, Emraan Hashmi, Kangana Ranaut, Prachi Desai, Randeep Hooda, Gauahar Khan, Naved Aslam, Asif Basra, Avtar Gill, Sushil Pandey",2010
Once Upon A Time In Mumbaai,"Tum Jo Aaye Zindagi Mein"" (Reprise)",Pritam,"Pritam, Rahat Fateh Ali Khan & Tulsi Kumar","Ajay Devgn, Emraan Hashmi, Kangana Ranaut, Prachi Desai, Randeep Hooda, Gauahar Khan, Naved Aslam, Asif Basra, Avtar Gill, Sushil Pandey",2010
Once Upon A Time In Mumbaai,"I Am in Love"" (Reprise)",Pritam,"Pritam, KK & Dominique","Ajay Devgn, Emraan Hashmi, Kangana Ranaut, Prachi Desai, Randeep Hooda, Gauahar Khan, Naved Aslam, Asif Basra, Avtar Gill, Sushil Pandey",2010
Once Upon A Time In Mumbaai,"Pee Loon"" (Female)",Pritam,Pritam & Mohit Chauhan,"Ajay Devgn, Emraan Hashmi, Kangana Ranaut, Prachi Desai, Randeep Hooda, Gauahar Khan, Naved Aslam, Asif Basra, Avtar Gill, Sushil Pandey",2010
Once Upon A Time In Mumbaai,"Pee Loon"" (remixed by DJ A-myth)",Pritam,Not Found,"Ajay Devgn, Emraan Hashmi, Kangana Ranaut, Prachi Desai, Randeep Hooda, Gauahar Khan, Naved Aslam, Asif Basra, Avtar Gill, Sushil Pandey",2010
Once Upon A Time In Mumbaai,"I Am in Love"" (dance version)",Pritam,DNCE,"Ajay Devgn, Emraan Hashmi, Kangana Ranaut, Prachi Desai, Randeep Hooda, Gauahar Khan, Naved Aslam, Asif Basra, Avtar Gill, Sushil Pandey",2010
Once Upon A Time In Mumbaai,"I Am in Love"" (Female)",Pritam,Tulsi Kumar & Pritam,"Ajay Devgn, Emraan Hashmi, Kangana Ranaut, Prachi Desai, Randeep Hooda, Gauahar Khan, Naved Aslam, Asif Basra, Avtar Gill, Sushil Pandey",2010
I Hate Luv Storys,Jab Mila Tu,"Vishal–Shekhar, Background Score:, Salim–Sulaiman",Vishal & Shekhar & Vishal Dadlani,"Imran Khan, Sonam Kapoor Ahuja, Sammir Dattani, Samir Soni, Bruna Abdullah, Kavin Dave, Ketki Dave, Simon Tyrrell, Adam Aseem Tiwari, Anju Mahendru",2010
I Hate Luv Storys,Bin Tere,"Vishal–Shekhar, Background Score:, Salim–Sulaiman","Shafqat Amanat Ali, Vishal & Shekhar & Sunidhi Chauhan","Imran Khan, Sonam Kapoor Ahuja, Sammir Dattani, Samir Soni, Bruna Abdullah, Kavin Dave, Ketki Dave, Simon Tyrrell, Adam Aseem Tiwari, Anju Mahendru",2010
I Hate Luv Storys,I Hate Luv Storys,"Vishal–Shekhar, Background Score:, Salim–Sulaiman",Vishal & Shekhar & Vishal Dadlani,"Imran Khan, Sonam Kapoor Ahuja, Sammir Dattani, Samir Soni, Bruna Abdullah, Kavin Dave, Ketki Dave, Simon Tyrrell, Adam Aseem Tiwari, Anju Mahendru",2010
I Hate Luv Storys,Sadka Kiya,"Vishal–Shekhar, Background Score:, Salim–Sulaiman","Suraj Jagan, Vishal & Shekhar & Mahalakshmi Iyer","Imran Khan, Sonam Kapoor Ahuja, Sammir Dattani, Samir Soni, Bruna Abdullah, Kavin Dave, Ketki Dave, Simon Tyrrell, Adam Aseem Tiwari, Anju Mahendru",2010
I Hate Luv Storys,Bahara,"Vishal–Shekhar, Background Score:, Salim–Sulaiman","Shreya Ghoshal, Vishal & Shekhar & Sona Mohapatra","Imran Khan, Sonam Kapoor Ahuja, Sammir Dattani, Samir Soni, Bruna Abdullah, Kavin Dave, Ketki Dave, Simon Tyrrell, Adam Aseem Tiwari, Anju Mahendru",2010
I Hate Luv Storys,"Bin Tere"" (Reprise)","Vishal–Shekhar, Background Score:, Salim–Sulaiman","Shafqat Amanat Ali, Vishal & Shekhar & Sunidhi Chauhan","Imran Khan, Sonam Kapoor Ahuja, Sammir Dattani, Samir Soni, Bruna Abdullah, Kavin Dave, Ketki Dave, Simon Tyrrell, Adam Aseem Tiwari, Anju Mahendru",2010
I Hate Luv Storys,"Bahara"" (Chill Version)","Vishal–Shekhar, Background Score:, Salim–Sulaiman",Rahat Fateh Ali Khan & Vishal & Shekhar,"Imran Khan, Sonam Kapoor Ahuja, Sammir Dattani, Samir Soni, Bruna Abdullah, Kavin Dave, Ketki Dave, Simon Tyrrell, Adam Aseem Tiwari, Anju Mahendru",2010
I Hate Luv Storys,"Bin Tere"" (Remix by DJ Kiran Kamath)","Vishal–Shekhar, Background Score:, Salim–Sulaiman","Mannan Shaah, Atif Aslam, Akanksha Bhandari & DJ Kiran Kamath","Imran Khan, Sonam Kapoor Ahuja, Sammir Dattani, Samir Soni, Bruna Abdullah, Kavin Dave, Ketki Dave, Simon Tyrrell, Adam Aseem Tiwari, Anju Mahendru",2010
Anjaana Anjaani,Anjaana Anjaani Ki Kahani (Title Track 1),Songs:Vishal–ShekharScore:Salim–Sulaiman,"Nikhil D'Souza, Monali Thakur & Vishal & Shekhar","Priyanka Chopra Jonas, Ranbir Kapoor, Zayed Khan, Vishal Malhotra, Joy Sengupta, Pooja Kumar, Tanvi Azmi, Kumar Pallana",2010
Anjaana Anjaani,Hairat,Songs:Vishal–ShekharScore:Salim–Sulaiman,Lucky Ali & Vishal & Shekhar,"Priyanka Chopra Jonas, Ranbir Kapoor, Zayed Khan, Vishal Malhotra, Joy Sengupta, Pooja Kumar, Tanvi Azmi, Kumar Pallana",2010
Anjaana Anjaani,Aas Paas Khuda,Songs:Vishal–ShekharScore:Salim–Sulaiman,Rahat Fateh Ali Khan & Vishal & Shekhar,"Priyanka Chopra Jonas, Ranbir Kapoor, Zayed Khan, Vishal Malhotra, Joy Sengupta, Pooja Kumar, Tanvi Azmi, Kumar Pallana",2010
Anjaana Anjaani,Tumse Hi Tumse,Songs:Vishal–ShekharScore:Salim–Sulaiman,"Shekhar Ravjiani, Caralisa Monteiro & Vishal & Shekhar","Priyanka Chopra Jonas, Ranbir Kapoor, Zayed Khan, Vishal Malhotra, Joy Sengupta, Pooja Kumar, Tanvi Azmi, Kumar Pallana",2010
Anjaana Anjaani,Tujhe Bhula Diya,Songs:Vishal–ShekharScore:Salim–Sulaiman,"Mohit Chauhan, Shekhar Ravjiani, Shruti Pathak & Vishal & Shekhar","Priyanka Chopra Jonas, Ranbir Kapoor, Zayed Khan, Vishal Malhotra, Joy Sengupta, Pooja Kumar, Tanvi Azmi, Kumar Pallana",2010
Anjaana Anjaani,I Feel Good,Songs:Vishal–ShekharScore:Salim–Sulaiman,"Vishal Dadlani, Shilpa Rao & Vishal & Shekhar","Priyanka Chopra Jonas, Ranbir Kapoor, Zayed Khan, Vishal Malhotra, Joy Sengupta, Pooja Kumar, Tanvi Azmi, Kumar Pallana",2010
Anjaana Anjaani,Anjaana Anjaani (Title Track 2),Songs:Vishal–ShekharScore:Salim–Sulaiman,"Vishal Dadlani, Shilpa Rao & Vishal & Shekhar","Priyanka Chopra Jonas, Ranbir Kapoor, Zayed Khan, Vishal Malhotra, Joy Sengupta, Pooja Kumar, Tanvi Azmi, Kumar Pallana",2010
Anjaana Anjaani,"Tujhe Bhula Diya"" (Remix – The Dance To Forget Mix)",Songs:Vishal–ShekharScore:Salim–Sulaiman,"Mohit Chauhan, Shekhar Ravjiani, Shruti Pathak, Abhijit Vaghani & Vishal & Shekhar","Priyanka Chopra Jonas, Ranbir Kapoor, Zayed Khan, Vishal Malhotra, Joy Sengupta, Pooja Kumar, Tanvi Azmi, Kumar Pallana",2010
Anjaana Anjaani,"Aas Paas Khuda"" (Unplugged)",Songs:Vishal–ShekharScore:Salim–Sulaiman,Rahat Fateh Ali Khan & Vishal & Shekhar,"Priyanka Chopra Jonas, Ranbir Kapoor, Zayed Khan, Vishal Malhotra, Joy Sengupta, Pooja Kumar, Tanvi Azmi, Kumar Pallana",2010
Khatta Meetha,Nana Chi Taang,Songs:PritamGuest Composers:URLShani ArshadBackground Score:Ouseppachan,Pritam & Kunal Ganjawala,"Akshay Kumar, Trisha Krishnan, Rajpal Yadav, Johny Lever, Makrand Deshpande, Asrani, Jaideep Ahlawat, Paresh Brahmabhatt, Anupam Bhattacharya, Anant Jog",2010
Khatta Meetha,Sajde Kiye,Songs:PritamGuest Composers:URLShani ArshadBackground Score:Ouseppachan,"Pritam, KK & Sunidhi Chauhan","Akshay Kumar, Trisha Krishnan, Rajpal Yadav, Johny Lever, Makrand Deshpande, Asrani, Jaideep Ahlawat, Paresh Brahmabhatt, Anupam Bhattacharya, Anant Jog",2010
Khatta Meetha,Bullshit(Music by:Shani Arshad),Songs:PritamGuest Composers:URLShani ArshadBackground Score:Ouseppachan,Not Found,"Akshay Kumar, Trisha Krishnan, Rajpal Yadav, Johny Lever, Makrand Deshpande, Asrani, Jaideep Ahlawat, Paresh Brahmabhatt, Anupam Bhattacharya, Anant Jog",2010
Khatta Meetha,Aila Re Aila,Songs:PritamGuest Composers:URLShani ArshadBackground Score:Ouseppachan,"Pritam, Daler Mehndi & Kalpana Patowary","Akshay Kumar, Trisha Krishnan, Rajpal Yadav, Johny Lever, Makrand Deshpande, Asrani, Jaideep Ahlawat, Paresh Brahmabhatt, Anupam Bhattacharya, Anant Jog",2010
Khatta Meetha,"Nana Chi Taang"" (Remix)",Songs:PritamGuest Composers:URLShani ArshadBackground Score:Ouseppachan,"Pritam, Kunal Ganjawala & Kiran Kamath","Akshay Kumar, Trisha Krishnan, Rajpal Yadav, Johny Lever, Makrand Deshpande, Asrani, Jaideep Ahlawat, Paresh Brahmabhatt, Anupam Bhattacharya, Anant Jog",2010
Khatta Meetha,"Sajde Kiye"" (Remix)",Songs:PritamGuest Composers:URLShani ArshadBackground Score:Ouseppachan,Arijit Singh & Nihira Joshi Deshpande,"Akshay Kumar, Trisha Krishnan, Rajpal Yadav, Johny Lever, Makrand Deshpande, Asrani, Jaideep Ahlawat, Paresh Brahmabhatt, Anupam Bhattacharya, Anant Jog",2010
Khatta Meetha,"Aila Re Aila"" (Remix)",Songs:PritamGuest Composers:URLShani ArshadBackground Score:Ouseppachan,"Pritam, Daler Mehndi & Kalpana Patowary","Akshay Kumar, Trisha Krishnan, Rajpal Yadav, Johny Lever, Makrand Deshpande, Asrani, Jaideep Ahlawat, Paresh Brahmabhatt, Anupam Bhattacharya, Anant Jog",2010
Khatta Meetha,"Nachde Re"" (instrumental)",Songs:PritamGuest Composers:URLShani ArshadBackground Score:Ouseppachan,Not Found,"Akshay Kumar, Trisha Krishnan, Rajpal Yadav, Johny Lever, Makrand Deshpande, Asrani, Jaideep Ahlawat, Paresh Brahmabhatt, Anupam Bhattacharya, Anant Jog",2010
Pyaar Impossible!,Alisha,Salim–Sulaiman,Anushka Manchanda & Salim Merchant,"Priyanka Chopra Jonas, Uday Chopra, Advika Yadav, Anupam Kher, Dino Morea, Rahul Vohra, Jugal Hansraj, Mark Charnick, Michael Charnick, Shivansu Sachan",2010
Pyaar Impossible!,10 on 10,Salim–Sulaiman,"Anushka Manchanda, Mahua Kamath & Naresh Kamath","Priyanka Chopra Jonas, Uday Chopra, Advika Yadav, Anupam Kher, Dino Morea, Rahul Vohra, Jugal Hansraj, Mark Charnick, Michael Charnick, Shivansu Sachan",2010
Pyaar Impossible!,Pyaar Impossible!,Salim–Sulaiman,Dominique Cerejo & Vishal Dadlani,"Priyanka Chopra Jonas, Uday Chopra, Advika Yadav, Anupam Kher, Dino Morea, Rahul Vohra, Jugal Hansraj, Mark Charnick, Michael Charnick, Shivansu Sachan",2010
Pyaar Impossible!,Ek Thi Ladki,Salim–Sulaiman,Rishika Sawant,"Priyanka Chopra Jonas, Uday Chopra, Advika Yadav, Anupam Kher, Dino Morea, Rahul Vohra, Jugal Hansraj, Mark Charnick, Michael Charnick, Shivansu Sachan",2010
Pyaar Impossible!,You and Me,Salim–Sulaiman,"Vishal & Shekhar, Nikhil D'Souza & Rachel Varghese","Priyanka Chopra Jonas, Uday Chopra, Advika Yadav, Anupam Kher, Dino Morea, Rahul Vohra, Jugal Hansraj, Mark Charnick, Michael Charnick, Shivansu Sachan",2010
Pyaar Impossible!,"Alisha"" (Remix)",Salim–Sulaiman,"Anushka Manchanda, Salim Merchant & Abhijeet Waghani","Priyanka Chopra Jonas, Uday Chopra, Advika Yadav, Anupam Kher, Dino Morea, Rahul Vohra, Jugal Hansraj, Mark Charnick, Michael Charnick, Shivansu Sachan",2010
Pyaar Impossible!,"Pyaar Impossible!"" (Remix)",Salim–Sulaiman,"Dominique Cerejo, Vishal Dadlani & Abhijeet Waghani","Priyanka Chopra Jonas, Uday Chopra, Advika Yadav, Anupam Kher, Dino Morea, Rahul Vohra, Jugal Hansraj, Mark Charnick, Michael Charnick, Shivansu Sachan",2010
Veer,Meherbaniyan,Sajid–Wajid,Sajid Wajid & Sonu Nigam,"Salman Khan, Mithun Chakraborty, Jackie Shroff, Sohail Khan, Raj Khatri, Raj Premi, Zareen Khan, Puru Raaj Kumar, Lisa Lazarus, Tim James Lawrence",2010
Veer,Taali,Sajid–Wajid,"Sajid Wajid, Sukhwinder Singh, Sonu Nigam, Wajid Khan & Neuman Pinto","Salman Khan, Mithun Chakraborty, Jackie Shroff, Sohail Khan, Raj Khatri, Raj Premi, Zareen Khan, Puru Raaj Kumar, Lisa Lazarus, Tim James Lawrence",2010
Veer,Surili Akhiyon Wale,Sajid–Wajid,"Sajid Wajid, Rahat Fateh Ali Khan & Suzanne Dmello","Salman Khan, Mithun Chakraborty, Jackie Shroff, Sohail Khan, Raj Khatri, Raj Premi, Zareen Khan, Puru Raaj Kumar, Lisa Lazarus, Tim James Lawrence",2010
Veer,Kanha (Thumari),Sajid–Wajid,Not Found,"Salman Khan, Mithun Chakraborty, Jackie Shroff, Sohail Khan, Raj Khatri, Raj Premi, Zareen Khan, Puru Raaj Kumar, Lisa Lazarus, Tim James Lawrence",2010
Veer,"Taali"" (Version 2)",Sajid–Wajid,Not Found,"Salman Khan, Mithun Chakraborty, Jackie Shroff, Sohail Khan, Raj Khatri, Raj Premi, Zareen Khan, Puru Raaj Kumar, Lisa Lazarus, Tim James Lawrence",2010
Veer,"Surili Akhiyon Wale"" (Version 2)",Sajid–Wajid,"Sajid Wajid, Rahat Fateh Ali Khan & Suzanne Dmello","Salman Khan, Mithun Chakraborty, Jackie Shroff, Sohail Khan, Raj Khatri, Raj Premi, Zareen Khan, Puru Raaj Kumar, Lisa Lazarus, Tim James Lawrence",2010
Veer,Salaam Aaya,Sajid–Wajid,"Sajid Wajid, Roop Kumar Rathod, Shreya Ghoshal & Suzanne Dmello","Salman Khan, Mithun Chakraborty, Jackie Shroff, Sohail Khan, Raj Khatri, Raj Premi, Zareen Khan, Puru Raaj Kumar, Lisa Lazarus, Tim James Lawrence",2010
Veer,"Spirit of Veer"" (Instrumental)",Sajid–Wajid,Sajid Wajid,"Salman Khan, Mithun Chakraborty, Jackie Shroff, Sohail Khan, Raj Khatri, Raj Premi, Zareen Khan, Puru Raaj Kumar, Lisa Lazarus, Tim James Lawrence",2010
Ishqiya,Dil To Bachcha Hai Ji,"Vishal Bhardwaj, Background Score:, Hitesh Sonik",Rahat Fateh Ali Khan,"Naseeruddin Shah, Vidya Balan, Arshad Warsi, Salman Shahid, Adil Hussain, Anupama Kumar, Alok Kumar, Gauri Malla, Rajesh Sharma",2010
Ishqiya,Ibn-E-Batuta,"Vishal Bhardwaj, Background Score:, Hitesh Sonik",Sukhwinder Singh & Mika Singh,"Naseeruddin Shah, Vidya Balan, Arshad Warsi, Salman Shahid, Adil Hussain, Anupama Kumar, Alok Kumar, Gauri Malla, Rajesh Sharma",2010
Ishqiya,Ab Mujhe Koi,"Vishal Bhardwaj, Background Score:, Hitesh Sonik",Rekha Bhardwaj,"Naseeruddin Shah, Vidya Balan, Arshad Warsi, Salman Shahid, Adil Hussain, Anupama Kumar, Alok Kumar, Gauri Malla, Rajesh Sharma",2010
Ishqiya,Badi Dheere Jali,"Vishal Bhardwaj, Background Score:, Hitesh Sonik",Rekha Bhardwaj,"Naseeruddin Shah, Vidya Balan, Arshad Warsi, Salman Shahid, Adil Hussain, Anupama Kumar, Alok Kumar, Gauri Malla, Rajesh Sharma",2010
Ishqiya,"Dil To Bachcha Hai"" (Remix byClinton Cerejo)","Vishal Bhardwaj, Background Score:, Hitesh Sonik",Not Found,"Naseeruddin Shah, Vidya Balan, Arshad Warsi, Salman Shahid, Adil Hussain, Anupama Kumar, Alok Kumar, Gauri Malla, Rajesh Sharma",2010
Ishqiya,"Ibn-E-Batuta"" (Remix byNucleya)","Vishal Bhardwaj, Background Score:, Hitesh Sonik",Not Found,"Naseeruddin Shah, Vidya Balan, Arshad Warsi, Salman Shahid, Adil Hussain, Anupama Kumar, Alok Kumar, Gauri Malla, Rajesh Sharma",2010
Ishqiya,"Ibn-E-Batuta"" (Remix by Jackie V)","Vishal Bhardwaj, Background Score:, Hitesh Sonik","Sukhwinder Singh, Mika Singh & Jackie V","Naseeruddin Shah, Vidya Balan, Arshad Warsi, Salman Shahid, Adil Hussain, Anupama Kumar, Alok Kumar, Gauri Malla, Rajesh Sharma",2010
Rann,Sikkon Ki Bhook,"Sanjeev Kohli, Amar Mohile, Sandeep Patil, Jayesh Gandhi, Kumar Bapi, Dharmaraj Bhatt",Not Found,"Amitabh Bachchan, Riteish Deshmukh, Paresh Rawal, Kichcha Sudeepa, Mohnish Behl, Rajat Kapoor, Rajpal Yadav, Gul Panag, Suchitra Krishnamoorthi, Neetu Chandra",2010
Rann,Remote Ko Baahar Phek,"Sanjeev Kohli, Amar Mohile, Sandeep Patil, Jayesh Gandhi, Kumar Bapi, Dharmaraj Bhatt",Not Found,"Amitabh Bachchan, Riteish Deshmukh, Paresh Rawal, Kichcha Sudeepa, Mohnish Behl, Rajat Kapoor, Rajpal Yadav, Gul Panag, Suchitra Krishnamoorthi, Neetu Chandra",2010
Rann,Kaanch Ke Jaise,"Sanjeev Kohli, Amar Mohile, Sandeep Patil, Jayesh Gandhi, Kumar Bapi, Dharmaraj Bhatt",Atmadhvani,"Amitabh Bachchan, Riteish Deshmukh, Paresh Rawal, Kichcha Sudeepa, Mohnish Behl, Rajat Kapoor, Rajpal Yadav, Gul Panag, Suchitra Krishnamoorthi, Neetu Chandra",2010
Rann,Rann Hai,"Sanjeev Kohli, Amar Mohile, Sandeep Patil, Jayesh Gandhi, Kumar Bapi, Dharmaraj Bhatt","Amit Trivedi, Vicky Kaushal, Mast Ali & Sikander Kahlon","Amitabh Bachchan, Riteish Deshmukh, Paresh Rawal, Kichcha Sudeepa, Mohnish Behl, Rajat Kapoor, Rajpal Yadav, Gul Panag, Suchitra Krishnamoorthi, Neetu Chandra",2010
Rann,Gali Gali Mein,"Sanjeev Kohli, Amar Mohile, Sandeep Patil, Jayesh Gandhi, Kumar Bapi, Dharmaraj Bhatt",Manhar Udhas & Alka Yagnik,"Amitabh Bachchan, Riteish Deshmukh, Paresh Rawal, Kichcha Sudeepa, Mohnish Behl, Rajat Kapoor, Rajpal Yadav, Gul Panag, Suchitra Krishnamoorthi, Neetu Chandra",2010
Rann,Besharam,"Sanjeev Kohli, Amar Mohile, Sandeep Patil, Jayesh Gandhi, Kumar Bapi, Dharmaraj Bhatt",Shree D-Ishq Bector,"Amitabh Bachchan, Riteish Deshmukh, Paresh Rawal, Kichcha Sudeepa, Mohnish Behl, Rajat Kapoor, Rajpal Yadav, Gul Panag, Suchitra Krishnamoorthi, Neetu Chandra",2010
Rann,Mera Bharat Mahaan,"Sanjeev Kohli, Amar Mohile, Sandeep Patil, Jayesh Gandhi, Kumar Bapi, Dharmaraj Bhatt",Ankush Bhardwaj,"Amitabh Bachchan, Riteish Deshmukh, Paresh Rawal, Kichcha Sudeepa, Mohnish Behl, Rajat Kapoor, Rajpal Yadav, Gul Panag, Suchitra Krishnamoorthi, Neetu Chandra",2010
Striker,Aim Lagaa,"Vishal Bharadwaj, Amit Trivedi, Yuvan Shankar Raja, Blaaze, Swanand Kirkire, Shailendra Barve",Blaaze,"Siddharth, Anupam Kher, Vidya Malvade, Aditya Pancholi, Padmapriya Janakiraman, Nicolette Bird, Seema Biswas, Anup Soni, Ankur Vikal, Bhavya Gandhi",2010
Striker,Aim Lagaa - Ricksha Mix,"Vishal Bharadwaj, Amit Trivedi, Yuvan Shankar Raja, Blaaze, Swanand Kirkire, Shailendra Barve",Not Found,"Siddharth, Anupam Kher, Vidya Malvade, Aditya Pancholi, Padmapriya Janakiraman, Nicolette Bird, Seema Biswas, Anup Soni, Ankur Vikal, Bhavya Gandhi",2010
Striker,Bombay Bombay,"Vishal Bharadwaj, Amit Trivedi, Yuvan Shankar Raja, Blaaze, Swanand Kirkire, Shailendra Barve",Siddharth Narayan & Amit Trivedi,"Siddharth, Anupam Kher, Vidya Malvade, Aditya Pancholi, Padmapriya Janakiraman, Nicolette Bird, Seema Biswas, Anup Soni, Ankur Vikal, Bhavya Gandhi",2010
Striker,Cham Cham,"Vishal Bharadwaj, Amit Trivedi, Yuvan Shankar Raja, Blaaze, Swanand Kirkire, Shailendra Barve",Meet Bros & Monali Thakur,"Siddharth, Anupam Kher, Vidya Malvade, Aditya Pancholi, Padmapriya Janakiraman, Nicolette Bird, Seema Biswas, Anup Soni, Ankur Vikal, Bhavya Gandhi",2010
Striker,Haq Se,"Vishal Bharadwaj, Amit Trivedi, Yuvan Shankar Raja, Blaaze, Swanand Kirkire, Shailendra Barve",Yuvan Shankar Raja & Siddharth Narayan,"Siddharth, Anupam Kher, Vidya Malvade, Aditya Pancholi, Padmapriya Janakiraman, Nicolette Bird, Seema Biswas, Anup Soni, Ankur Vikal, Bhavya Gandhi",2010
Striker,Maula,"Vishal Bharadwaj, Amit Trivedi, Yuvan Shankar Raja, Blaaze, Swanand Kirkire, Shailendra Barve",Ali Azmat,"Siddharth, Anupam Kher, Vidya Malvade, Aditya Pancholi, Padmapriya Janakiraman, Nicolette Bird, Seema Biswas, Anup Soni, Ankur Vikal, Bhavya Gandhi",2010
Striker,Pia Saanvara,"Vishal Bharadwaj, Amit Trivedi, Yuvan Shankar Raja, Blaaze, Swanand Kirkire, Shailendra Barve",Sunidhi Chauhan,"Siddharth, Anupam Kher, Vidya Malvade, Aditya Pancholi, Padmapriya Janakiraman, Nicolette Bird, Seema Biswas, Anup Soni, Ankur Vikal, Bhavya Gandhi",2010
Striker,Yun Hua,"Vishal Bharadwaj, Amit Trivedi, Yuvan Shankar Raja, Blaaze, Swanand Kirkire, Shailendra Barve","Anu Malik, Sonu Nigam, Alka Yagnik & Sameer Anjaan","Siddharth, Anupam Kher, Vidya Malvade, Aditya Pancholi, Padmapriya Janakiraman, Nicolette Bird, Seema Biswas, Anup Soni, Ankur Vikal, Bhavya Gandhi",2010
Karthik Calling Karthik,Hey Ya!,Shankar–Ehsaan–Loy,"Clinton Cerejo, Shankar Mahadevan & Loy Mendonsa","Farhan Akhtar, Deepika Padukone, Shefali Shah, Ram Kapoor, Vivan Bhatena, Vipin Sharma, Yatin Karyekar, Tarana Raja, Vinay Jain, Siddhartha Gupta",2010
Karthik Calling Karthik,Uff Teri Adaa,Shankar–Ehsaan–Loy,Shankar Mahadevan & Alyssa Mendonsa,"Farhan Akhtar, Deepika Padukone, Shefali Shah, Ram Kapoor, Vivan Bhatena, Vipin Sharma, Yatin Karyekar, Tarana Raja, Vinay Jain, Siddhartha Gupta",2010
Karthik Calling Karthik,Jaane Ye Kya Hua,Shankar–Ehsaan–Loy,KK,"Farhan Akhtar, Deepika Padukone, Shefali Shah, Ram Kapoor, Vivan Bhatena, Vipin Sharma, Yatin Karyekar, Tarana Raja, Vinay Jain, Siddhartha Gupta",2010
Karthik Calling Karthik,Kaisi Hai Yeh Udaasi,Shankar–Ehsaan–Loy,Shilpa Rao & Javed Ali,"Farhan Akhtar, Deepika Padukone, Shefali Shah, Ram Kapoor, Vivan Bhatena, Vipin Sharma, Yatin Karyekar, Tarana Raja, Vinay Jain, Siddhartha Gupta",2010
Karthik Calling Karthik,Karthik Calling Karthik,Shankar–Ehsaan–Loy,"Suraj Jagan, Shankar Mahadevan, Caralisa Monteiro & Malika Singh","Farhan Akhtar, Deepika Padukone, Shefali Shah, Ram Kapoor, Vivan Bhatena, Vipin Sharma, Yatin Karyekar, Tarana Raja, Vinay Jain, Siddhartha Gupta",2010
Karthik Calling Karthik,Karthik 2.0,Shankar–Ehsaan–Loy,Not Found,"Farhan Akhtar, Deepika Padukone, Shefali Shah, Ram Kapoor, Vivan Bhatena, Vipin Sharma, Yatin Karyekar, Tarana Raja, Vinay Jain, Siddhartha Gupta",2010
Karthik Calling Karthik,"Karthik Calling Karthik"" (Theme Remix)",Shankar–Ehsaan–Loy,"Suraj Jagan, Shankar Mahadevan, Caralisa, Monteiro, Malika Singh, Midival Punditz & Karsh Kale","Farhan Akhtar, Deepika Padukone, Shefali Shah, Ram Kapoor, Vivan Bhatena, Vipin Sharma, Yatin Karyekar, Tarana Raja, Vinay Jain, Siddhartha Gupta",2010
Karthik Calling Karthik,"Hey Ya!"" (Remix)",Shankar–Ehsaan–Loy,"Clinton Cerejo, Shankar Mahadevan & Loy Mendonsa","Farhan Akhtar, Deepika Padukone, Shefali Shah, Ram Kapoor, Vivan Bhatena, Vipin Sharma, Yatin Karyekar, Tarana Raja, Vinay Jain, Siddhartha Gupta",2010
Karthik Calling Karthik,"Uff Teri Adaa"" (Remix)",Shankar–Ehsaan–Loy,Shankar Mahadevan & Alyssa Mendonsa,"Farhan Akhtar, Deepika Padukone, Shefali Shah, Ram Kapoor, Vivan Bhatena, Vipin Sharma, Yatin Karyekar, Tarana Raja, Vinay Jain, Siddhartha Gupta",2010
Teen Patti,"Life Is A Game"" (Hindi Version)",Salim–Sulaiman,Sonia Saigal & Anoushka Manchanda,"Amitabh Bachchan, Ben Kingsley, R. Madhavan, Shraddha Kapoor, Dhruv Ganesh, Raima Sen, Mahesh Manjrekar, Saira Mohan, Tinnu Anand, Vaibhav Talwar",2010
Teen Patti,Summertime And The Living,Salim–Sulaiman,Joe Alvares,"Amitabh Bachchan, Ben Kingsley, R. Madhavan, Shraddha Kapoor, Dhruv Ganesh, Raima Sen, Mahesh Manjrekar, Saira Mohan, Tinnu Anand, Vaibhav Talwar",2010
Teen Patti,Teen Patti Ke Gulaam,Salim–Sulaiman,Not Found,"Amitabh Bachchan, Ben Kingsley, R. Madhavan, Shraddha Kapoor, Dhruv Ganesh, Raima Sen, Mahesh Manjrekar, Saira Mohan, Tinnu Anand, Vaibhav Talwar",2010
Teen Patti,Neeyat Kharab Hai,Salim–Sulaiman,Clinton Cerejo & Neha Kakkar,"Amitabh Bachchan, Ben Kingsley, R. Madhavan, Shraddha Kapoor, Dhruv Ganesh, Raima Sen, Mahesh Manjrekar, Saira Mohan, Tinnu Anand, Vaibhav Talwar",2010
Teen Patti,Intezar Me Chupa Kahi,Salim–Sulaiman,Not Found,"Amitabh Bachchan, Ben Kingsley, R. Madhavan, Shraddha Kapoor, Dhruv Ganesh, Raima Sen, Mahesh Manjrekar, Saira Mohan, Tinnu Anand, Vaibhav Talwar",2010
Teen Patti,"Life Is A Game"" (English Version)",Salim–Sulaiman,The Cheetah Girls,"Amitabh Bachchan, Ben Kingsley, R. Madhavan, Shraddha Kapoor, Dhruv Ganesh, Raima Sen, Mahesh Manjrekar, Saira Mohan, Tinnu Anand, Vaibhav Talwar",2010
Teen Patti,"Neeyat Kharab Hai"" (Remix)",Salim–Sulaiman,Not Found,"Amitabh Bachchan, Ben Kingsley, R. Madhavan, Shraddha Kapoor, Dhruv Ganesh, Raima Sen, Mahesh Manjrekar, Saira Mohan, Tinnu Anand, Vaibhav Talwar",2010
Teen Patti,"Teen Patti Ke Gulaam"" (Remix)",Salim–Sulaiman,Not Found,"Amitabh Bachchan, Ben Kingsley, R. Madhavan, Shraddha Kapoor, Dhruv Ganesh, Raima Sen, Mahesh Manjrekar, Saira Mohan, Tinnu Anand, Vaibhav Talwar",2010
Atithi Tum Kab Jaoge?,Atithi Tum Kab Jaoge,"Amit Mishra, Pritam Chakraborty, Background Score:, Sanjoy Chowdhury",Not Found,"Ajay Devgn, Konkona Sen Sharma, Paresh Rawal, Sanjay Mishra, Mukesh Tiwari, Satish Kaushik, Akhilendra Mishra, Viju Khote, Rohitashv Gour, Hrishikesh Joshi",2010
Atithi Tum Kab Jaoge?,Jyoti Jalaile,"Amit Mishra, Pritam Chakraborty, Background Score:, Sanjoy Chowdhury",Not Found,"Ajay Devgn, Konkona Sen Sharma, Paresh Rawal, Sanjay Mishra, Mukesh Tiwari, Satish Kaushik, Akhilendra Mishra, Viju Khote, Rohitashv Gour, Hrishikesh Joshi",2010
Atithi Tum Kab Jaoge?,Aaja Aaja,"Amit Mishra, Pritam Chakraborty, Background Score:, Sanjoy Chowdhury",Asha Bhosle,"Ajay Devgn, Konkona Sen Sharma, Paresh Rawal, Sanjay Mishra, Mukesh Tiwari, Satish Kaushik, Akhilendra Mishra, Viju Khote, Rohitashv Gour, Hrishikesh Joshi",2010
Atithi Tum Kab Jaoge?,Dohe,"Amit Mishra, Pritam Chakraborty, Background Score:, Sanjoy Chowdhury",Hyacinth D'Souza,"Ajay Devgn, Konkona Sen Sharma, Paresh Rawal, Sanjay Mishra, Mukesh Tiwari, Satish Kaushik, Akhilendra Mishra, Viju Khote, Rohitashv Gour, Hrishikesh Joshi",2010
Atithi Tum Kab Jaoge?,Sukhakarta,"Amit Mishra, Pritam Chakraborty, Background Score:, Sanjoy Chowdhury",Rishabh Saxena,"Ajay Devgn, Konkona Sen Sharma, Paresh Rawal, Sanjay Mishra, Mukesh Tiwari, Satish Kaushik, Akhilendra Mishra, Viju Khote, Rohitashv Gour, Hrishikesh Joshi",2010
Atithi Tum Kab Jaoge?,Aaja Aaja (remix),"Amit Mishra, Pritam Chakraborty, Background Score:, Sanjoy Chowdhury",Rahat Fateh Ali Khan,"Ajay Devgn, Konkona Sen Sharma, Paresh Rawal, Sanjay Mishra, Mukesh Tiwari, Satish Kaushik, Akhilendra Mishra, Viju Khote, Rohitashv Gour, Hrishikesh Joshi",2010
Lahore,"""Ab Ye Kaafila"" –KK,Karthik,M. M. Keeravani",M. M. KreemWayne Sharpe,Not Found,"Farooq Shaikh, Nafisa Ali, Sabyasachi Chakraborty, Shraddha Das, Sushant Singh, Saurabh Shukla, Mukesh Rishi, Nirmal Pandey, Shaji Choudhary",2010
Lahore,"""Musafir"" –Daler Mehndi",M. M. KreemWayne Sharpe,Not Found,"Farooq Shaikh, Nafisa Ali, Sabyasachi Chakraborty, Shraddha Das, Sushant Singh, Saurabh Shukla, Mukesh Rishi, Nirmal Pandey, Shaji Choudhary",2010
Lahore,"""Rang De"" –Shankar Mahadevan,Shilpa Rao",M. M. KreemWayne Sharpe,"Shankar Ehsaan Loy, Shankar Mahadevan, Sadhana Sargam, Sujata Bhattacharya, Udit Narayan & Sonu Nigam","Farooq Shaikh, Nafisa Ali, Sabyasachi Chakraborty, Shraddha Das, Sushant Singh, Saurabh Shukla, Mukesh Rishi, Nirmal Pandey, Shaji Choudhary",2010
Lahore,Saaware,M. M. KreemWayne Sharpe,Roop Kumar Rathod,"Farooq Shaikh, Nafisa Ali, Sabyasachi Chakraborty, Shraddha Das, Sushant Singh, Saurabh Shukla, Mukesh Rishi, Nirmal Pandey, Shaji Choudhary",2010
Lahore,Musafir,M. M. KreemWayne Sharpe,Palash Muchhal,"Farooq Shaikh, Nafisa Ali, Sabyasachi Chakraborty, Shraddha Das, Sushant Singh, Saurabh Shukla, Mukesh Rishi, Nirmal Pandey, Shaji Choudhary",2010
Lahore,"""O Re Bande"" –Rahat Fateh Ali Khan, Shilpa Rao",M. M. KreemWayne Sharpe,"Pritam, Rahat Fateh Ali Khan & Tulsi Kumar","Farooq Shaikh, Nafisa Ali, Sabyasachi Chakraborty, Shraddha Das, Sushant Singh, Saurabh Shukla, Mukesh Rishi, Nirmal Pandey, Shaji Choudhary",2010
Lahore,"""Lahore Theme"" –Lisbeth Scott",M. M. KreemWayne Sharpe,Not Found,"Farooq Shaikh, Nafisa Ali, Sabyasachi Chakraborty, Shraddha Das, Sushant Singh, Saurabh Shukla, Mukesh Rishi, Nirmal Pandey, Shaji Choudhary",2010
Lahore,"""Fitrat"" –Surendra Chaturvedi(lyrics)",M. M. KreemWayne Sharpe,Not Found,"Farooq Shaikh, Nafisa Ali, Sabyasachi Chakraborty, Shraddha Das, Sushant Singh, Saurabh Shukla, Mukesh Rishi, Nirmal Pandey, Shaji Choudhary",2010
Love Sex Aur Dhokha,I Can't Hold It,Sneha Khanwalkar,Marvin Gaye,"Anshuman Jha, Nushrratt Bharuccha, Rajkummar Rao, Neha Chauhan, Amit Sial, Arya Banerjee, Herry Tangiri, Aaditi Pohankar, Sandeep Bose, Ashish Sharma",2010
Love Sex Aur Dhokha,LSD Remix,Sneha Khanwalkar,Not Found,"Anshuman Jha, Nushrratt Bharuccha, Rajkummar Rao, Neha Chauhan, Amit Sial, Arya Banerjee, Herry Tangiri, Aaditi Pohankar, Sandeep Bose, Ashish Sharma",2010
Love Sex Aur Dhokha,LSD Title Track,Sneha Khanwalkar,"Diplo, Pritam & Mohit Chauhan","Anshuman Jha, Nushrratt Bharuccha, Rajkummar Rao, Neha Chauhan, Amit Sial, Arya Banerjee, Herry Tangiri, Aaditi Pohankar, Sandeep Bose, Ashish Sharma",2010
Love Sex Aur Dhokha,Mohabbat Bollywood Style,Sneha Khanwalkar,"Sneha Khanwalkar, Nihira Joshi & Amey Date","Anshuman Jha, Nushrratt Bharuccha, Rajkummar Rao, Neha Chauhan, Amit Sial, Arya Banerjee, Herry Tangiri, Aaditi Pohankar, Sandeep Bose, Ashish Sharma",2010
Love Sex Aur Dhokha,Na Batati Tu,Sneha Khanwalkar,Not Found,"Anshuman Jha, Nushrratt Bharuccha, Rajkummar Rao, Neha Chauhan, Amit Sial, Arya Banerjee, Herry Tangiri, Aaditi Pohankar, Sandeep Bose, Ashish Sharma",2010
Love Sex Aur Dhokha,Tainu TV Per Wekhya,Sneha Khanwalkar,Sneha Khanwalkar & Kailash Kher,"Anshuman Jha, Nushrratt Bharuccha, Rajkummar Rao, Neha Chauhan, Amit Sial, Arya Banerjee, Herry Tangiri, Aaditi Pohankar, Sandeep Bose, Ashish Sharma",2010
Love Sex Aur Dhokha,Tauba Tauba (Remix),Sneha Khanwalkar,Karan Aujla,"Anshuman Jha, Nushrratt Bharuccha, Rajkummar Rao, Neha Chauhan, Amit Sial, Arya Banerjee, Herry Tangiri, Aaditi Pohankar, Sandeep Bose, Ashish Sharma",2010
Love Sex Aur Dhokha,Tu Gandi,Sneha Khanwalkar,"Pritam, Arijit Singh, Badshah, Jonita Gandhi & Nakash Aziz","Anshuman Jha, Nushrratt Bharuccha, Rajkummar Rao, Neha Chauhan, Amit Sial, Arya Banerjee, Herry Tangiri, Aaditi Pohankar, Sandeep Bose, Ashish Sharma",2010
Well Done Abba,Meri Banno Hoshiyar,"Shantanu Moitra, Promotional Song:, Vishal Khurana, Background Score:, Shantanu Moitra",Ila Arun & Daniel George,"Boman Irani, Minissha Lamba, Sammir Dattani, Ravi Kishan, Ila Arun, Salim Ghouse, Sonali Kulkarni, Rajit Kapoor, Akhil Mishra, Yashpal Sharma",2010
Well Done Abba,Hum Toh Apni Bawdi Lenge,"Shantanu Moitra, Promotional Song:, Vishal Khurana, Background Score:, Shantanu Moitra",Mohit Chauhan & Swanand Kirkire,"Boman Irani, Minissha Lamba, Sammir Dattani, Ravi Kishan, Ila Arun, Salim Ghouse, Sonali Kulkarni, Rajit Kapoor, Akhil Mishra, Yashpal Sharma",2010
Well Done Abba,Sandesa Sandesa,"Shantanu Moitra, Promotional Song:, Vishal Khurana, Background Score:, Shantanu Moitra",Shreya Ghoshal & Rupankar,"Boman Irani, Minissha Lamba, Sammir Dattani, Ravi Kishan, Ila Arun, Salim Ghouse, Sonali Kulkarni, Rajit Kapoor, Akhil Mishra, Yashpal Sharma",2010
Well Done Abba,Rahiman Ishq Ka Dhaga Re,"Shantanu Moitra, Promotional Song:, Vishal Khurana, Background Score:, Shantanu Moitra",Raghav & Raja Hasan,"Boman Irani, Minissha Lamba, Sammir Dattani, Ravi Kishan, Ila Arun, Salim Ghouse, Sonali Kulkarni, Rajit Kapoor, Akhil Mishra, Yashpal Sharma",2010
Well Done Abba,Pani Ko Taraste,"Shantanu Moitra, Promotional Song:, Vishal Khurana, Background Score:, Shantanu Moitra",Krishna Beura & Raja Hasan,"Boman Irani, Minissha Lamba, Sammir Dattani, Ravi Kishan, Ila Arun, Salim Ghouse, Sonali Kulkarni, Rajit Kapoor, Akhil Mishra, Yashpal Sharma",2010
Prince,O Mere Khuda,"Sachin Gupta, Background Score:, Sandeep Shirodkar",Atif Aslam & Garima Jhingon,"Vivek Oberoi, Aruna Shields, Nandana Sen, Sanjay Kapoor, Neeru Bajwa, Dalip Tahil, Mayur Puri, Rajesh Khattar, Amit Behl, Mohit Chauhan",2010
Prince,Tere Liye,"Sachin Gupta, Background Score:, Sandeep Shirodkar",Atif Aslam & Shreya Ghoshal,"Vivek Oberoi, Aruna Shields, Nandana Sen, Sanjay Kapoor, Neeru Bajwa, Dalip Tahil, Mayur Puri, Rajesh Khattar, Amit Behl, Mohit Chauhan",2010
Prince,Kaun Hoon Main,"Sachin Gupta, Background Score:, Sandeep Shirodkar",Atif Aslam,"Vivek Oberoi, Aruna Shields, Nandana Sen, Sanjay Kapoor, Neeru Bajwa, Dalip Tahil, Mayur Puri, Rajesh Khattar, Amit Behl, Mohit Chauhan",2010
Prince,Aa Bhi Jaa Sanam,"Sachin Gupta, Background Score:, Sandeep Shirodkar",Atif Aslam,"Vivek Oberoi, Aruna Shields, Nandana Sen, Sanjay Kapoor, Neeru Bajwa, Dalip Tahil, Mayur Puri, Rajesh Khattar, Amit Behl, Mohit Chauhan",2010
Prince,Jiyara Jiyara,"Sachin Gupta, Background Score:, Sandeep Shirodkar",Alisha Chinai & Hard Kaur,"Vivek Oberoi, Aruna Shields, Nandana Sen, Sanjay Kapoor, Neeru Bajwa, Dalip Tahil, Mayur Puri, Rajesh Khattar, Amit Behl, Mohit Chauhan",2010
Prince,Ishq Mein,"Sachin Gupta, Background Score:, Sandeep Shirodkar","Sachin-Jigar, Sachet Tandon, Asees Kaur & Amitabh Bhattacharya","Vivek Oberoi, Aruna Shields, Nandana Sen, Sanjay Kapoor, Neeru Bajwa, Dalip Tahil, Mayur Puri, Rajesh Khattar, Amit Behl, Mohit Chauhan",2010
Prince,"Tere Liye"" (Unplugged)","Sachin Gupta, Background Score:, Sandeep Shirodkar",Atif Aslam & Shreya Ghoshal,"Vivek Oberoi, Aruna Shields, Nandana Sen, Sanjay Kapoor, Neeru Bajwa, Dalip Tahil, Mayur Puri, Rajesh Khattar, Amit Behl, Mohit Chauhan",2010
Prince,"Tere Liye"" (Dance Remix)","Sachin Gupta, Background Score:, Sandeep Shirodkar",Atif Aslam & Shreya Ghoshal,"Vivek Oberoi, Aruna Shields, Nandana Sen, Sanjay Kapoor, Neeru Bajwa, Dalip Tahil, Mayur Puri, Rajesh Khattar, Amit Behl, Mohit Chauhan",2010
Prince,"Tere Liye"" (Hip-Hop Remix)","Sachin Gupta, Background Score:, Sandeep Shirodkar",Atif Aslam & Shreya Ghoshal,"Vivek Oberoi, Aruna Shields, Nandana Sen, Sanjay Kapoor, Neeru Bajwa, Dalip Tahil, Mayur Puri, Rajesh Khattar, Amit Behl, Mohit Chauhan",2010
Prince,"Aa Bhi Jaa Sanam"" (Dance Mix)","Sachin Gupta, Background Score:, Sandeep Shirodkar",Atif Aslam,"Vivek Oberoi, Aruna Shields, Nandana Sen, Sanjay Kapoor, Neeru Bajwa, Dalip Tahil, Mayur Puri, Rajesh Khattar, Amit Behl, Mohit Chauhan",2010
Prince,"Kaun Hoon Main"" (Dance Mix)","Sachin Gupta, Background Score:, Sandeep Shirodkar",Atif Aslam,"Vivek Oberoi, Aruna Shields, Nandana Sen, Sanjay Kapoor, Neeru Bajwa, Dalip Tahil, Mayur Puri, Rajesh Khattar, Amit Behl, Mohit Chauhan",2010
Prince,"Kaun Hoon Main"" (Lounge Mix)","Sachin Gupta, Background Score:, Sandeep Shirodkar",Atif Aslam,"Vivek Oberoi, Aruna Shields, Nandana Sen, Sanjay Kapoor, Neeru Bajwa, Dalip Tahil, Mayur Puri, Rajesh Khattar, Amit Behl, Mohit Chauhan",2010
Prince,"O Mere Khuda"" (Dance Mix)","Sachin Gupta, Background Score:, Sandeep Shirodkar",Atif Aslam & Garima Jhingon,"Vivek Oberoi, Aruna Shields, Nandana Sen, Sanjay Kapoor, Neeru Bajwa, Dalip Tahil, Mayur Puri, Rajesh Khattar, Amit Behl, Mohit Chauhan",2010
Prince,"Jiyara Jiyara"" (Bhangra remix)","Sachin Gupta, Background Score:, Sandeep Shirodkar",Alisha Chinai & Hard Kaur,"Vivek Oberoi, Aruna Shields, Nandana Sen, Sanjay Kapoor, Neeru Bajwa, Dalip Tahil, Mayur Puri, Rajesh Khattar, Amit Behl, Mohit Chauhan",2010
Prince,"Prince Theme"" (Mega Mix)","Sachin Gupta, Background Score:, Sandeep Shirodkar","Atif Aslam, Alisha Chinai, Garima Jhingon, Hard Kaur & Shreya Ghoshal","Vivek Oberoi, Aruna Shields, Nandana Sen, Sanjay Kapoor, Neeru Bajwa, Dalip Tahil, Mayur Puri, Rajesh Khattar, Amit Behl, Mohit Chauhan",2010
Prince,"Prince Theme"" (Instrumental)","Sachin Gupta, Background Score:, Sandeep Shirodkar",Sachin Gupta,"Vivek Oberoi, Aruna Shields, Nandana Sen, Sanjay Kapoor, Neeru Bajwa, Dalip Tahil, Mayur Puri, Rajesh Khattar, Amit Behl, Mohit Chauhan",2010
Paathshaala,"Aye Khuda"" (Salim Merchant)",Hanif Shaikh,Salim Merchant,"Shahid Kapoor, Nana Patekar, Ayesha Takia, Sushant Singh, Saurabh Shukla, Aanjjan Srivastav, Kurush Deboo, Sanatan Mody, Shraddha Arya, Kainaz Motivala",2010
Paathshaala,"Khushnuma"" (Vishal Dadlani)",Hanif Shaikh,Vishal Dadlani,"Shahid Kapoor, Nana Patekar, Ayesha Takia, Sushant Singh, Saurabh Shukla, Aanjjan Srivastav, Kurush Deboo, Sanatan Mody, Shraddha Arya, Kainaz Motivala",2010
Paathshaala,"Bekarar"" (Lucky Ali,Abrar-ul-Haq)",Hanif Shaikh,Abrar Ul Haq,"Shahid Kapoor, Nana Patekar, Ayesha Takia, Sushant Singh, Saurabh Shukla, Aanjjan Srivastav, Kurush Deboo, Sanatan Mody, Shraddha Arya, Kainaz Motivala",2010
Paathshaala,"Mujhe Teri"" (Tulsi Kumar, Hanif Sheikh, Akansha Lama)",Hanif Shaikh,"Tulsi Kumar, Akansha Lama & Hanif Shaikh","Shahid Kapoor, Nana Patekar, Ayesha Takia, Sushant Singh, Saurabh Shukla, Aanjjan Srivastav, Kurush Deboo, Sanatan Mody, Shraddha Arya, Kainaz Motivala",2010
Paathshaala,"Teri Marzi Aye Khuda"" (Kailash Kher)",Hanif Shaikh,Kailash Kher,"Shahid Kapoor, Nana Patekar, Ayesha Takia, Sushant Singh, Saurabh Shukla, Aanjjan Srivastav, Kurush Deboo, Sanatan Mody, Shraddha Arya, Kainaz Motivala",2010
Paathshaala,Aye Khuda,Hanif Shaikh,"Kshitij Tarey, Saim Bhat & Mithoon","Shahid Kapoor, Nana Patekar, Ayesha Takia, Sushant Singh, Saurabh Shukla, Aanjjan Srivastav, Kurush Deboo, Sanatan Mody, Shraddha Arya, Kainaz Motivala",2010
Paathshaala,Mujhe Teri,Hanif Shaikh,"Tulsi Kumar, Akansha Lama & Hanif Shaikh","Shahid Kapoor, Nana Patekar, Ayesha Takia, Sushant Singh, Saurabh Shukla, Aanjjan Srivastav, Kurush Deboo, Sanatan Mody, Shraddha Arya, Kainaz Motivala",2010
Paathshaala,Teri Marzi Aye Khuda,Hanif Shaikh,"Kshitij Tarey, Saim Bhat & Mithoon","Shahid Kapoor, Nana Patekar, Ayesha Takia, Sushant Singh, Saurabh Shukla, Aanjjan Srivastav, Kurush Deboo, Sanatan Mody, Shraddha Arya, Kainaz Motivala",2010
Paathshaala,Bekarar,Hanif Shaikh,Lucky Ali,"Shahid Kapoor, Nana Patekar, Ayesha Takia, Sushant Singh, Saurabh Shukla, Aanjjan Srivastav, Kurush Deboo, Sanatan Mody, Shraddha Arya, Kainaz Motivala",2010
Paathshaala,Paathshaala,Hanif Shaikh,Vishal Dadlani,"Shahid Kapoor, Nana Patekar, Ayesha Takia, Sushant Singh, Saurabh Shukla, Aanjjan Srivastav, Kurush Deboo, Sanatan Mody, Shraddha Arya, Kainaz Motivala",2010
Badmaash Company,Ayaashi,Pritam,KK,"Shahid Kapoor, Anushka Sharma, Meiyang Chang, Vir Das, Anupam Kher, Kiran Juneja, Pavan Malhotra, Jameel Khan, Shalini Chandran",2010
Badmaash Company,Jingle Jingle,Pritam,"Farhid, Master Salim & Mohit Chauhan","Shahid Kapoor, Anushka Sharma, Meiyang Chang, Vir Das, Anupam Kher, Kiran Juneja, Pavan Malhotra, Jameel Khan, Shalini Chandran",2010
Badmaash Company,Chaska,Pritam,Krishna & Url,"Shahid Kapoor, Anushka Sharma, Meiyang Chang, Vir Das, Anupam Kher, Kiran Juneja, Pavan Malhotra, Jameel Khan, Shalini Chandran",2010
Badmaash Company,Fakeera,Pritam,Rahat Fateh Ali Khan,"Shahid Kapoor, Anushka Sharma, Meiyang Chang, Vir Das, Anupam Kher, Kiran Juneja, Pavan Malhotra, Jameel Khan, Shalini Chandran",2010
Badmaash Company,Badmaash Company,Pritam,Benny Dayal,"Shahid Kapoor, Anushka Sharma, Meiyang Chang, Vir Das, Anupam Kher, Kiran Juneja, Pavan Malhotra, Jameel Khan, Shalini Chandran",2010
Badmaash Company,"Ayaashi"" (Remix)",Pritam,KK,"Shahid Kapoor, Anushka Sharma, Meiyang Chang, Vir Das, Anupam Kher, Kiran Juneja, Pavan Malhotra, Jameel Khan, Shalini Chandran",2010
Badmaash Company,"Chaska"" (Remix)",Pritam,Krishna & Url,"Shahid Kapoor, Anushka Sharma, Meiyang Chang, Vir Das, Anupam Kher, Kiran Juneja, Pavan Malhotra, Jameel Khan, Shalini Chandran",2010
Lamhaa,Madno,Mithoon,Kshitij Tarey & Chinmayi Sripada,"Sanjay Dutt, Bipasha Basu, Kunal Kapoor, Anupam Kher, Asif Basra",2010
Lamhaa,Main Kaun Hoon,Mithoon,Meghna Mishra,"Sanjay Dutt, Bipasha Basu, Kunal Kapoor, Anupam Kher, Asif Basra",2010
Lamhaa,Rehmat Zara,Mithoon,Mohammed Irfan & Mithoon,"Sanjay Dutt, Bipasha Basu, Kunal Kapoor, Anupam Kher, Asif Basra",2010
Lamhaa,Sajnaa,Mithoon,Arijit Singh,"Sanjay Dutt, Bipasha Basu, Kunal Kapoor, Anupam Kher, Asif Basra",2010
Lamhaa,Salaam Zindagi,Mithoon,Arun Daga & Mohammed Irfan,"Sanjay Dutt, Bipasha Basu, Kunal Kapoor, Anupam Kher, Asif Basra",2010
Lamhaa,Zameen O Aasmaa,Mithoon,Kshitij Tarey,"Sanjay Dutt, Bipasha Basu, Kunal Kapoor, Anupam Kher, Asif Basra",2010
Once Upon a Time in Mumbaai,Tum Jo Aaye Zindagi Mein,Pritam,"Pritam, Rahat Fateh Ali Khan & Tulsi Kumar","Ajay Devgn, Emraan Hashmi, Kangana Ranaut, Prachi Desai, Randeep Hooda, Gauahar Khan, Naved Aslam, Asif Basra, Avtar Gill, Sushil Pandey",2010
Once Upon a Time in Mumbaai,"Pee Loon"" (Male)",Pritam,Pritam & Mohit Chauhan,"Ajay Devgn, Emraan Hashmi, Kangana Ranaut, Prachi Desai, Randeep Hooda, Gauahar Khan, Naved Aslam, Asif Basra, Avtar Gill, Sushil Pandey",2010
Once Upon a Time in Mumbaai,"I Am in Love"" (Male)",Pritam,Randy Travis,"Ajay Devgn, Emraan Hashmi, Kangana Ranaut, Prachi Desai, Randeep Hooda, Gauahar Khan, Naved Aslam, Asif Basra, Avtar Gill, Sushil Pandey",2010
Once Upon a Time in Mumbaai,Parda,Pritam,"Pritam, Sunidhi Chauhan & Rana Mazumder","Ajay Devgn, Emraan Hashmi, Kangana Ranaut, Prachi Desai, Randeep Hooda, Gauahar Khan, Naved Aslam, Asif Basra, Avtar Gill, Sushil Pandey",2010
Once Upon a Time in Mumbaai,BaburaoMast Hai,Pritam,Not Found,"Ajay Devgn, Emraan Hashmi, Kangana Ranaut, Prachi Desai, Randeep Hooda, Gauahar Khan, Naved Aslam, Asif Basra, Avtar Gill, Sushil Pandey",2010
Once Upon a Time in Mumbaai,"Tum Jo Aaye Zindagi Mein"" (Reprise)",Pritam,"Pritam, Rahat Fateh Ali Khan & Tulsi Kumar","Ajay Devgn, Emraan Hashmi, Kangana Ranaut, Prachi Desai, Randeep Hooda, Gauahar Khan, Naved Aslam, Asif Basra, Avtar Gill, Sushil Pandey",2010
Once Upon a Time in Mumbaai,"I Am in Love"" (Reprise)",Pritam,"Pritam, KK & Dominique","Ajay Devgn, Emraan Hashmi, Kangana Ranaut, Prachi Desai, Randeep Hooda, Gauahar Khan, Naved Aslam, Asif Basra, Avtar Gill, Sushil Pandey",2010
Once Upon a Time in Mumbaai,"Pee Loon"" (Female)",Pritam,Pritam & Mohit Chauhan,"Ajay Devgn, Emraan Hashmi, Kangana Ranaut, Prachi Desai, Randeep Hooda, Gauahar Khan, Naved Aslam, Asif Basra, Avtar Gill, Sushil Pandey",2010
Once Upon a Time in Mumbaai,"Pee Loon"" (remixed by DJ A-myth)",Pritam,Not Found,"Ajay Devgn, Emraan Hashmi, Kangana Ranaut, Prachi Desai, Randeep Hooda, Gauahar Khan, Naved Aslam, Asif Basra, Avtar Gill, Sushil Pandey",2010
Once Upon a Time in Mumbaai,"I Am in Love"" (dance version)",Pritam,DNCE,"Ajay Devgn, Emraan Hashmi, Kangana Ranaut, Prachi Desai, Randeep Hooda, Gauahar Khan, Naved Aslam, Asif Basra, Avtar Gill, Sushil Pandey",2010
Once Upon a Time in Mumbaai,"I Am in Love"" (Female)",Pritam,Tulsi Kumar & Pritam,"Ajay Devgn, Emraan Hashmi, Kangana Ranaut, Prachi Desai, Randeep Hooda, Gauahar Khan, Naved Aslam, Asif Basra, Avtar Gill, Sushil Pandey",2010
Aisha,Suno Aisha,Amit Trivedi,"Amit Trivedi, Nakash Aziz & Ash King","Sonam Kapoor Ahuja, Abhay Deol, Cyrus Sahukar, Arunoday Singh, Ira Dubey, Amrita Puri, Lisa Haydon, Yuri Suri, M. K. Raina, Anand Tiwari",2010
Aisha,Gal Mitthi Mitthi,Amit Trivedi,Amit Trivedi & Tochi Raina,"Sonam Kapoor Ahuja, Abhay Deol, Cyrus Sahukar, Arunoday Singh, Ira Dubey, Amrita Puri, Lisa Haydon, Yuri Suri, M. K. Raina, Anand Tiwari",2010
Aisha,Shaam,Amit Trivedi,Pritam & Arijit Singh,"Sonam Kapoor Ahuja, Abhay Deol, Cyrus Sahukar, Arunoday Singh, Ira Dubey, Amrita Puri, Lisa Haydon, Yuri Suri, M. K. Raina, Anand Tiwari",2010
Aisha,Behke Behke,Amit Trivedi,"Amit Trivedi, Anushka Manchanda, Samrat Kaushal, Raman Mahadevan, Robert Omulo & Suman Sridhar","Sonam Kapoor Ahuja, Abhay Deol, Cyrus Sahukar, Arunoday Singh, Ira Dubey, Amrita Puri, Lisa Haydon, Yuri Suri, M. K. Raina, Anand Tiwari",2010
Aisha,Lehrein,Amit Trivedi,"Amit Trivedi, Anusha Mani, Neuman Pinto & Nikhil D'Souza","Sonam Kapoor Ahuja, Abhay Deol, Cyrus Sahukar, Arunoday Singh, Ira Dubey, Amrita Puri, Lisa Haydon, Yuri Suri, M. K. Raina, Anand Tiwari",2010
Aisha,By The Way,Amit Trivedi,"Amit Trivedi, Anushka Manchanda & Neuman Pinto","Sonam Kapoor Ahuja, Abhay Deol, Cyrus Sahukar, Arunoday Singh, Ira Dubey, Amrita Puri, Lisa Haydon, Yuri Suri, M. K. Raina, Anand Tiwari",2010
Aisha,"Gal Mitthi"" (Bombay Bounce Dhol Mix)",Amit Trivedi,Amit Trivedi & Tochi Raina,"Sonam Kapoor Ahuja, Abhay Deol, Cyrus Sahukar, Arunoday Singh, Ira Dubey, Amrita Puri, Lisa Haydon, Yuri Suri, M. K. Raina, Anand Tiwari",2010
Aisha,"Lehrein"" (Bombay Bounce Lounge Mix)",Amit Trivedi,"Amit Trivedi, Anusha Mani, Neuman Pinto & Nikhil D'Souza","Sonam Kapoor Ahuja, Abhay Deol, Cyrus Sahukar, Arunoday Singh, Ira Dubey, Amrita Puri, Lisa Haydon, Yuri Suri, M. K. Raina, Anand Tiwari",2010
Help,Kehna Hai,Ashutosh Phatak,Babul Supriyo & Pritha Mazumder,"Bobby Deol, Mugdha Godse, Sophia Handa",2010
Help,Kyun Gum Hai Khushiyan,Ashutosh Phatak,Not Found,"Bobby Deol, Mugdha Godse, Sophia Handa",2010
Help,Help,Ashutosh Phatak,Liz Phair,"Bobby Deol, Mugdha Godse, Sophia Handa",2010
Help,"Incubated, Just for Death",Ashutosh Phatak,Not Found,"Bobby Deol, Mugdha Godse, Sophia Handa",2010
Help,"Kehna Hai"" (remix)",Ashutosh Phatak,Badshah & Aastha,"Bobby Deol, Mugdha Godse, Sophia Handa",2010
Help,"Kyun Gum Hai Khushiyan"" (remix)",Ashutosh Phatak,Not Found,"Bobby Deol, Mugdha Godse, Sophia Handa",2010
Help,"Help"" (remix)",Ashutosh Phatak,"Akon, Hamsika Iyer & Dj A-Myth","Bobby Deol, Mugdha Godse, Sophia Handa",2010
Peepli Live,Chola Maati Ke Ram,"Indian Ocean, Brij Mandal, Bhadwai, Nagin Tanvir, Ram Sampath",Nageen Tanvir,"Omkar Das Manikpuri, Raghubir Yadav, Malaika Shenoy, Nawazuddin Siddiqui, Sitaram Panchal, Shalini Vatsa, Naseeruddin Shah, Aamir Bashir, Anoop Trevedi, Pravin Singh Sisodia",2010
Peepli Live,Des Mera,"Indian Ocean, Brij Mandal, Bhadwai, Nagin Tanvir, Ram Sampath",Indian Ocean,"Omkar Das Manikpuri, Raghubir Yadav, Malaika Shenoy, Nawazuddin Siddiqui, Sitaram Panchal, Shalini Vatsa, Naseeruddin Shah, Aamir Bashir, Anoop Trevedi, Pravin Singh Sisodia",2010
Peepli Live,Des Mera – I,"Indian Ocean, Brij Mandal, Bhadwai, Nagin Tanvir, Ram Sampath",Indian Ocean,"Omkar Das Manikpuri, Raghubir Yadav, Malaika Shenoy, Nawazuddin Siddiqui, Sitaram Panchal, Shalini Vatsa, Naseeruddin Shah, Aamir Bashir, Anoop Trevedi, Pravin Singh Sisodia",2010
Peepli Live,Mehngai Dayain,"Indian Ocean, Brij Mandal, Bhadwai, Nagin Tanvir, Ram Sampath",Raghubir Yadav & Bhadwai Village Mandali,"Omkar Das Manikpuri, Raghubir Yadav, Malaika Shenoy, Nawazuddin Siddiqui, Sitaram Panchal, Shalini Vatsa, Naseeruddin Shah, Aamir Bashir, Anoop Trevedi, Pravin Singh Sisodia",2010
Peepli Live,Zindagi Se Darte Ho,"Indian Ocean, Brij Mandal, Bhadwai, Nagin Tanvir, Ram Sampath",Indian Ocean,"Omkar Das Manikpuri, Raghubir Yadav, Malaika Shenoy, Nawazuddin Siddiqui, Sitaram Panchal, Shalini Vatsa, Naseeruddin Shah, Aamir Bashir, Anoop Trevedi, Pravin Singh Sisodia",2010
Peepli Live,"Mehngai Dayain"" (Remix)","Indian Ocean, Brij Mandal, Bhadwai, Nagin Tanvir, Ram Sampath","Raghubir Yadav, Bhadwai Village Mandali & Ram Sampath","Omkar Das Manikpuri, Raghubir Yadav, Malaika Shenoy, Nawazuddin Siddiqui, Sitaram Panchal, Shalini Vatsa, Naseeruddin Shah, Aamir Bashir, Anoop Trevedi, Pravin Singh Sisodia",2010
Lafangey Parindey,Lafangey Parindey,R. Anandh,Ronit Sarkar,"Neil Nitin Mukesh, Deepika Padukone, Kay Kay Menon, Piyush Mishra, Namit Das, Manish Choudhary, Ameya Pandya, Pankaj Jha, Viraj Adhav, Juhi Chawla Mehta",2010
Lafangey Parindey,Mann Lafanga,R. Anandh,Rahat Fateh Ali Khan,"Neil Nitin Mukesh, Deepika Padukone, Kay Kay Menon, Piyush Mishra, Namit Das, Manish Choudhary, Ameya Pandya, Pankaj Jha, Viraj Adhav, Juhi Chawla Mehta",2010
Lafangey Parindey,Dhatad Tatad,R. Anandh,Shail Hada & Anushka Manchanda,"Neil Nitin Mukesh, Deepika Padukone, Kay Kay Menon, Piyush Mishra, Namit Das, Manish Choudhary, Ameya Pandya, Pankaj Jha, Viraj Adhav, Juhi Chawla Mehta",2010
Lafangey Parindey,Nain Parindey,R. Anandh,Shilpa Rao,"Neil Nitin Mukesh, Deepika Padukone, Kay Kay Menon, Piyush Mishra, Namit Das, Manish Choudhary, Ameya Pandya, Pankaj Jha, Viraj Adhav, Juhi Chawla Mehta",2010
Lafangey Parindey,Rang Daalein,R. Anandh,Suraj Jagan,"Neil Nitin Mukesh, Deepika Padukone, Kay Kay Menon, Piyush Mishra, Namit Das, Manish Choudhary, Ameya Pandya, Pankaj Jha, Viraj Adhav, Juhi Chawla Mehta",2010
Lafangey Parindey,Born To Fly,R. Anandh,Chris Stapleton,"Neil Nitin Mukesh, Deepika Padukone, Kay Kay Menon, Piyush Mishra, Namit Das, Manish Choudhary, Ameya Pandya, Pankaj Jha, Viraj Adhav, Juhi Chawla Mehta",2010
Lafangey Parindey,"Mann Lafanga"" (Club Mix)",R. Anandh,Mohit Chauhan & Joshilay,"Neil Nitin Mukesh, Deepika Padukone, Kay Kay Menon, Piyush Mishra, Namit Das, Manish Choudhary, Ameya Pandya, Pankaj Jha, Viraj Adhav, Juhi Chawla Mehta",2010
We Are Family,Ankhon Mein Neendein,"Original Soundtrack:, Shankar–Ehsaan–Loy, Title Theme:, Salim-Sulaiman, Background Score:, Raju Singh","Shankar Ehsaan Loy, Rahat Fateh Ali Khan, Shreya Ghoshal & Shankar Mahadevan","Arjun Rampal, Kajol, Kareena Kapoor Khan, Aanchal Munjal, Diya Sonecha, Nominath Ginsburg",2010
We Are Family,Dil Khol Ke Let's Rock,"Original Soundtrack:, Shankar–Ehsaan–Loy, Title Theme:, Salim-Sulaiman, Background Score:, Raju Singh","Shankar Ehsaan Loy, Anushka Manchanda, Akriti Kakar & Suraj Jagan","Arjun Rampal, Kajol, Kareena Kapoor Khan, Aanchal Munjal, Diya Sonecha, Nominath Ginsburg",2010
We Are Family,Reham O Karam,"Original Soundtrack:, Shankar–Ehsaan–Loy, Title Theme:, Salim-Sulaiman, Background Score:, Raju Singh","Shankar Ehsaan Loy, Vishal Dadlani & Shankar Mahadevan","Arjun Rampal, Kajol, Kareena Kapoor Khan, Aanchal Munjal, Diya Sonecha, Nominath Ginsburg",2010
We Are Family,Hamesha & Forever,"Original Soundtrack:, Shankar–Ehsaan–Loy, Title Theme:, Salim-Sulaiman, Background Score:, Raju Singh","Soundtrack, Kavita Krishnamurthy & Udit Narayan","Arjun Rampal, Kajol, Kareena Kapoor Khan, Aanchal Munjal, Diya Sonecha, Nominath Ginsburg",2010
We Are Family,"Sun Le Dua Yeh Aasmaan"" (Theme Slow Version)","Original Soundtrack:, Shankar–Ehsaan–Loy, Title Theme:, Salim-Sulaiman, Background Score:, Raju Singh",Not Found,"Arjun Rampal, Kajol, Kareena Kapoor Khan, Aanchal Munjal, Diya Sonecha, Nominath Ginsburg",2010
We Are Family,"We Are Family"" (Theme)","Original Soundtrack:, Shankar–Ehsaan–Loy, Title Theme:, Salim-Sulaiman, Background Score:, Raju Singh",Sister Sledge,"Arjun Rampal, Kajol, Kareena Kapoor Khan, Aanchal Munjal, Diya Sonecha, Nominath Ginsburg",2010
We Are Family,Noor E Khunda,"Original Soundtrack:, Shankar–Ehsaan–Loy, Title Theme:, Salim-Sulaiman, Background Score:, Raju Singh",Not Found,"Arjun Rampal, Kajol, Kareena Kapoor Khan, Aanchal Munjal, Diya Sonecha, Nominath Ginsburg",2010
We Are Family,Aaj Kal Zindagi,"Original Soundtrack:, Shankar–Ehsaan–Loy, Title Theme:, Salim-Sulaiman, Background Score:, Raju Singh",Shankar Ehsaan Loy & Shankar Mahadevan,"Arjun Rampal, Kajol, Kareena Kapoor Khan, Aanchal Munjal, Diya Sonecha, Nominath Ginsburg",2010
We Are Family,Kabhi Alvida Naa Kehna,"Original Soundtrack:, Shankar–Ehsaan–Loy, Title Theme:, Salim-Sulaiman, Background Score:, Raju Singh","Alka Yagnik, Shankar Ehsaan Loy & Sonu Nigam","Arjun Rampal, Kajol, Kareena Kapoor Khan, Aanchal Munjal, Diya Sonecha, Nominath Ginsburg",2010
We Are Family,Kal Ho Naa Ho,"Original Soundtrack:, Shankar–Ehsaan–Loy, Title Theme:, Salim-Sulaiman, Background Score:, Raju Singh","Shah Rukh Khan, Saif Ali Khan & Preity Zinta","Arjun Rampal, Kajol, Kareena Kapoor Khan, Aanchal Munjal, Diya Sonecha, Nominath Ginsburg",2010
Crook,Challa,Pritam,Rabbi,"Emraan Hashmi, Neha Sharma, Arjan Bajwa, Gulshan Grover, Smiley Suri, Kavin Dave, Francis Chouler, Shella Alan",2010
Crook,Mere Bina,Pritam,Nikhil D'Souza & Pritam,"Emraan Hashmi, Neha Sharma, Arjan Bajwa, Gulshan Grover, Smiley Suri, Kavin Dave, Francis Chouler, Shella Alan",2010
Crook,Kya,Pritam,Neeraj Shridhar & Pritam,"Emraan Hashmi, Neha Sharma, Arjan Bajwa, Gulshan Grover, Smiley Suri, Kavin Dave, Francis Chouler, Shella Alan",2010
Crook,Tujhi Mein,Pritam,KK & Pritam,"Emraan Hashmi, Neha Sharma, Arjan Bajwa, Gulshan Grover, Smiley Suri, Kavin Dave, Francis Chouler, Shella Alan",2010
Crook,Tujhko Jo Paaya,Pritam,Mohit Chauhan & Pritam,"Emraan Hashmi, Neha Sharma, Arjan Bajwa, Gulshan Grover, Smiley Suri, Kavin Dave, Francis Chouler, Shella Alan",2010
Crook,Challa (Remix),Pritam,Rabbi,"Emraan Hashmi, Neha Sharma, Arjan Bajwa, Gulshan Grover, Smiley Suri, Kavin Dave, Francis Chouler, Shella Alan",2010
Crook,Mere Bina (Unplugged),Pritam,KK & Pritam,"Emraan Hashmi, Neha Sharma, Arjan Bajwa, Gulshan Grover, Smiley Suri, Kavin Dave, Francis Chouler, Shella Alan",2010
Crook,Tujhi Mein (Reprise),Pritam,KK & Pritam,"Emraan Hashmi, Neha Sharma, Arjan Bajwa, Gulshan Grover, Smiley Suri, Kavin Dave, Francis Chouler, Shella Alan",2010
Do Dooni Chaar,"""Do Dooni Chaar"" –Shankar Mahadevan,Vishal Dadlani","Meet Bros Anjjan, Ankit Tiwari",Not Found,"Rishi Kapoor, Neetu Singh, Aditi Vasudev, Archit Krishna, Supriya Shukla, Rajesh Vivek, Akhilendra Mishra, Natasha Rastogi, Mohit Chadda, Manju Bahuguna",2010
Do Dooni Chaar,"""Baaja Bajya"" –Sunidhi Chauhan, Meet Bros Anjan Ankit","Meet Bros Anjjan, Ankit Tiwari",Not Found,"Rishi Kapoor, Neetu Singh, Aditi Vasudev, Archit Krishna, Supriya Shukla, Rajesh Vivek, Akhilendra Mishra, Natasha Rastogi, Mohit Chadda, Manju Bahuguna",2010
Do Dooni Chaar,Ek Haath De,"Meet Bros Anjjan, Ankit Tiwari","Aamir Khan, Kajol, Sonu Nigam & Sunidhi Chauhan","Rishi Kapoor, Neetu Singh, Aditi Vasudev, Archit Krishna, Supriya Shukla, Rajesh Vivek, Akhilendra Mishra, Natasha Rastogi, Mohit Chadda, Manju Bahuguna",2010
Do Dooni Chaar,Maange Ki Ghodi,"Meet Bros Anjjan, Ankit Tiwari",Not Found,"Rishi Kapoor, Neetu Singh, Aditi Vasudev, Archit Krishna, Supriya Shukla, Rajesh Vivek, Akhilendra Mishra, Natasha Rastogi, Mohit Chadda, Manju Bahuguna",2010
Do Dooni Chaar,"Do Dooni Chaar"" Jam","Meet Bros Anjjan, Ankit Tiwari",Amit Kumar & Anuradha Paudwal,"Rishi Kapoor, Neetu Singh, Aditi Vasudev, Archit Krishna, Supriya Shukla, Rajesh Vivek, Akhilendra Mishra, Natasha Rastogi, Mohit Chadda, Manju Bahuguna",2010
Do Dooni Chaar,"Do Dooni Chaar"" Club Mix","Meet Bros Anjjan, Ankit Tiwari",Amit Kumar & Anuradha Paudwal,"Rishi Kapoor, Neetu Singh, Aditi Vasudev, Archit Krishna, Supriya Shukla, Rajesh Vivek, Akhilendra Mishra, Natasha Rastogi, Mohit Chadda, Manju Bahuguna",2010
Aakrosh,Isak Se Meetha Kuch Bhi,Pritam,Not Found,"Ajay Devgn, Akshaye Khanna, Bipasha Basu, Reema Sen, Paresh Rawal, Jaideep Ahlawat, Pankaj Tripathi, Ashraf Ul Haq, Kanchan Pagare, Vineet Sharma",2010
Aakrosh,Saude Baazi,Pritam,Pritam & Javed Bashir,"Ajay Devgn, Akshaye Khanna, Bipasha Basu, Reema Sen, Paresh Rawal, Jaideep Ahlawat, Pankaj Tripathi, Ashraf Ul Haq, Kanchan Pagare, Vineet Sharma",2010
Aakrosh,Man Ki Mat Pe Mat Chaliyo,Pritam,Not Found,"Ajay Devgn, Akshaye Khanna, Bipasha Basu, Reema Sen, Paresh Rawal, Jaideep Ahlawat, Pankaj Tripathi, Ashraf Ul Haq, Kanchan Pagare, Vineet Sharma",2010
Aakrosh,"Isak Se Meetha Kuch Bhi"" (Dhol Mix)",Pritam,"Pritam, Kalpana Patowary & Ajay Jhingaran","Ajay Devgn, Akshaye Khanna, Bipasha Basu, Reema Sen, Paresh Rawal, Jaideep Ahlawat, Pankaj Tripathi, Ashraf Ul Haq, Kanchan Pagare, Vineet Sharma",2010
Aakrosh,Sasural Munia Rato Ko Piya,Pritam,Not Found,"Ajay Devgn, Akshaye Khanna, Bipasha Basu, Reema Sen, Paresh Rawal, Jaideep Ahlawat, Pankaj Tripathi, Ashraf Ul Haq, Kanchan Pagare, Vineet Sharma",2010
Aakrosh,Ramkatha Ye Harlegi Sakal,Pritam,Not Found,"Ajay Devgn, Akshaye Khanna, Bipasha Basu, Reema Sen, Paresh Rawal, Jaideep Ahlawat, Pankaj Tripathi, Ashraf Ul Haq, Kanchan Pagare, Vineet Sharma",2010
Aakrosh,"Isak Se Meetha Kuch Bhi"" (Remix Version)",Pritam,Not Found,"Ajay Devgn, Akshaye Khanna, Bipasha Basu, Reema Sen, Paresh Rawal, Jaideep Ahlawat, Pankaj Tripathi, Ashraf Ul Haq, Kanchan Pagare, Vineet Sharma",2010
Aakrosh,"Saude Baazi"" (Encore)",Pritam,Pritam & Anupam Amod,"Ajay Devgn, Akshaye Khanna, Bipasha Basu, Reema Sen, Paresh Rawal, Jaideep Ahlawat, Pankaj Tripathi, Ashraf Ul Haq, Kanchan Pagare, Vineet Sharma",2010
Jhootha Hi Sahi,Cry Cry,A. R. Rahman,Rashid Ali & Shreya Ghoshal,"Paakhi A. Tyrewala, John Abraham, Manasi Scott, Raghu Ram",2010
Jhootha Hi Sahi,Maiyya Yashoda (Jamuna Mix),A. R. Rahman,Sachet-Parampara & Sachet Tandon,"Paakhi A. Tyrewala, John Abraham, Manasi Scott, Raghu Ram",2010
Jhootha Hi Sahi,Hello Hello,A. R. Rahman,Rekha Bhardwaj,"Paakhi A. Tyrewala, John Abraham, Manasi Scott, Raghu Ram",2010
Jhootha Hi Sahi,Do Nishaniyan,A. R. Rahman,Pritam & Mohit Chauhan,"Paakhi A. Tyrewala, John Abraham, Manasi Scott, Raghu Ram",2010
Jhootha Hi Sahi,Pam Pa Ra,A. R. Rahman,Shreya Ghoshal,"Paakhi A. Tyrewala, John Abraham, Manasi Scott, Raghu Ram",2010
Jhootha Hi Sahi,I've Been Waiting,A. R. Rahman,Vijay Yesudas,"Paakhi A. Tyrewala, John Abraham, Manasi Scott, Raghu Ram",2010
Jhootha Hi Sahi,Mayya Yashoda (Thames Mix),A. R. Rahman,Not Found,"Paakhi A. Tyrewala, John Abraham, Manasi Scott, Raghu Ram",2010
Jhootha Hi Sahi,Do Nishaniyan (Heartbreak Reprise),A. R. Rahman,Not Found,"Paakhi A. Tyrewala, John Abraham, Manasi Scott, Raghu Ram",2010
Jhootha Hi Sahi,Call Me Dil,A. R. Rahman,Rashid Ali,"Paakhi A. Tyrewala, John Abraham, Manasi Scott, Raghu Ram",2010
Rakta Charitra,Khaul Khaul Ke,"Bapi Tutul, Dharam–Sandeep, Imran–Vikram, Sukhwinder Singh",Jojo & Ujwal,"Suriya, Vivek Oberoi, Priyamani, Radhika Apte, Shatrughan Sinha, Ajaz Khan, Kichcha Sudeepa, Anupam Shyam, Zarina Wahab, Kota Srinivasa Rao",2010
Rakta Charitra,Mila Toh Marega,"Bapi Tutul, Dharam–Sandeep, Imran–Vikram, Sukhwinder Singh","Ravindra Upadhyay, Vishvesh Parmar & Sandeep Patil","Suriya, Vivek Oberoi, Priyamani, Radhika Apte, Shatrughan Sinha, Ajaz Khan, Kichcha Sudeepa, Anupam Shyam, Zarina Wahab, Kota Srinivasa Rao",2010
Rakta Charitra,Paisewala,"Bapi Tutul, Dharam–Sandeep, Imran–Vikram, Sukhwinder Singh",Sukhwinder Singh,"Suriya, Vivek Oberoi, Priyamani, Radhika Apte, Shatrughan Sinha, Ajaz Khan, Kichcha Sudeepa, Anupam Shyam, Zarina Wahab, Kota Srinivasa Rao",2010
Rakta Charitra,Maar De,"Bapi Tutul, Dharam–Sandeep, Imran–Vikram, Sukhwinder Singh",Jojo,"Suriya, Vivek Oberoi, Priyamani, Radhika Apte, Shatrughan Sinha, Ajaz Khan, Kichcha Sudeepa, Anupam Shyam, Zarina Wahab, Kota Srinivasa Rao",2010
Rakta Charitra,Kaaton Se,"Bapi Tutul, Dharam–Sandeep, Imran–Vikram, Sukhwinder Singh",Suresh Wadkar,"Suriya, Vivek Oberoi, Priyamani, Radhika Apte, Shatrughan Sinha, Ajaz Khan, Kichcha Sudeepa, Anupam Shyam, Zarina Wahab, Kota Srinivasa Rao",2010
Rakta Charitra,Karma Dharma,"Bapi Tutul, Dharam–Sandeep, Imran–Vikram, Sukhwinder Singh",Vardan Singh & Aditi Kaur,"Suriya, Vivek Oberoi, Priyamani, Radhika Apte, Shatrughan Sinha, Ajaz Khan, Kichcha Sudeepa, Anupam Shyam, Zarina Wahab, Kota Srinivasa Rao",2010
Rakta Charitra,Har Jazbe Mein,"Bapi Tutul, Dharam–Sandeep, Imran–Vikram, Sukhwinder Singh",Sukhwinder Singh,"Suriya, Vivek Oberoi, Priyamani, Radhika Apte, Shatrughan Sinha, Ajaz Khan, Kichcha Sudeepa, Anupam Shyam, Zarina Wahab, Kota Srinivasa Rao",2010
Rakta Charitra,Paisa Mix,"Bapi Tutul, Dharam–Sandeep, Imran–Vikram, Sukhwinder Singh","Manak E, Selina & RDB","Suriya, Vivek Oberoi, Priyamani, Radhika Apte, Shatrughan Sinha, Ajaz Khan, Kichcha Sudeepa, Anupam Shyam, Zarina Wahab, Kota Srinivasa Rao",2010
Action Replayy,Zor Ka Jhatka,"Pritam, Background Score:, Salim–Sulaiman","Pritam, Daler Mehndi & Richa Sharma","Akshay Kumar, Aishwarya Rai Bachchan, Aditya Roy Kapur, Neha Dhupia, Randhir Kapoor, Rannvijay Singha, Om Puri, Alok Kumar, Kirron Kher",2010
Action Replayy,O Bekhabar,"Pritam, Background Score:, Salim–Sulaiman",Pritam & Shreya Ghoshal,"Akshay Kumar, Aishwarya Rai Bachchan, Aditya Roy Kapur, Neha Dhupia, Randhir Kapoor, Rannvijay Singha, Om Puri, Alok Kumar, Kirron Kher",2010
Action Replayy,Nakhre,"Pritam, Background Score:, Salim–Sulaiman",Pritam & Francois Castellino,"Akshay Kumar, Aishwarya Rai Bachchan, Aditya Roy Kapur, Neha Dhupia, Randhir Kapoor, Rannvijay Singha, Om Puri, Alok Kumar, Kirron Kher",2010
Action Replayy,Chhan Ke Mohalla,"Pritam, Background Score:, Salim–Sulaiman","Pritam, Sunidhi Chauhan & Ritu Pathak","Akshay Kumar, Aishwarya Rai Bachchan, Aditya Roy Kapur, Neha Dhupia, Randhir Kapoor, Rannvijay Singha, Om Puri, Alok Kumar, Kirron Kher",2010
Action Replayy,Tera Mera Pyaar,"Pritam, Background Score:, Salim–Sulaiman",Nish,"Akshay Kumar, Aishwarya Rai Bachchan, Aditya Roy Kapur, Neha Dhupia, Randhir Kapoor, Rannvijay Singha, Om Puri, Alok Kumar, Kirron Kher",2010
Action Replayy,Dhak Dhak Dhak,"Pritam, Background Score:, Salim–Sulaiman",Saba Azad,"Akshay Kumar, Aishwarya Rai Bachchan, Aditya Roy Kapur, Neha Dhupia, Randhir Kapoor, Rannvijay Singha, Om Puri, Alok Kumar, Kirron Kher",2010
Action Replayy,Luk Chup Jaana,"Pritam, Background Score:, Salim–Sulaiman","Pritam, Tulsi Kumar & KK","Akshay Kumar, Aishwarya Rai Bachchan, Aditya Roy Kapur, Neha Dhupia, Randhir Kapoor, Rannvijay Singha, Om Puri, Alok Kumar, Kirron Kher",2010
Action Replayy,I've Turned Down Crazy,"Pritam, Background Score:, Salim–Sulaiman","A.R. Rahman, Kaly, Hard Kaur, ADK, Shashaa Tirupati, Ashima Mahajan & Paroma Das Gupta","Akshay Kumar, Aishwarya Rai Bachchan, Aditya Roy Kapur, Neha Dhupia, Randhir Kapoor, Rannvijay Singha, Om Puri, Alok Kumar, Kirron Kher",2010
Action Replayy,Baaki Main Bhool Gayi,"Pritam, Background Score:, Salim–Sulaiman",Arjun Kanungo,"Akshay Kumar, Aishwarya Rai Bachchan, Aditya Roy Kapur, Neha Dhupia, Randhir Kapoor, Rannvijay Singha, Om Puri, Alok Kumar, Kirron Kher",2010
Action Replayy,"Zor Ka Jhatka"" (remix)","Pritam, Background Score:, Salim–Sulaiman","Pritam, Daler Mehndi & Richa Sharma","Akshay Kumar, Aishwarya Rai Bachchan, Aditya Roy Kapur, Neha Dhupia, Randhir Kapoor, Rannvijay Singha, Om Puri, Alok Kumar, Kirron Kher",2010
Action Replayy,"Chhan Ke Mohalla"" (remix)","Pritam, Background Score:, Salim–Sulaiman","Sunidhi Chauhan, Pritam, Ritu Pathak & Tiger Style","Akshay Kumar, Aishwarya Rai Bachchan, Aditya Roy Kapur, Neha Dhupia, Randhir Kapoor, Rannvijay Singha, Om Puri, Alok Kumar, Kirron Kher",2010
Action Replayy,"Tera Mera Pyaar"" (remix)","Pritam, Background Score:, Salim–Sulaiman",Nish,"Akshay Kumar, Aishwarya Rai Bachchan, Aditya Roy Kapur, Neha Dhupia, Randhir Kapoor, Rannvijay Singha, Om Puri, Alok Kumar, Kirron Kher",2010
Action Replayy,"Nakhre"" (remix)","Pritam, Background Score:, Salim–Sulaiman","Wajid, Labh Janjua & Sneha Pant","Akshay Kumar, Aishwarya Rai Bachchan, Aditya Roy Kapur, Neha Dhupia, Randhir Kapoor, Rannvijay Singha, Om Puri, Alok Kumar, Kirron Kher",2010
Guzaarish,Guzaarish,"Sanjay Leela Bhansali, Background Score:, Tubby-Parik","KK, Shail Hada & A M Turaz","Hrithik Roshan, Aishwarya Rai Bachchan, Shernaz Patel, Aditya Roy Kapur, Suhel Seth, Nafisa Ali, Rajit Kapoor, Vijay Crishna, Jineet Rath, Parveen Rabbani",2010
Guzaarish,Sau Gram Zindagi,"Sanjay Leela Bhansali, Background Score:, Tubby-Parik",Kunal Ganjawala,"Hrithik Roshan, Aishwarya Rai Bachchan, Shernaz Patel, Aditya Roy Kapur, Suhel Seth, Nafisa Ali, Rajit Kapoor, Vijay Crishna, Jineet Rath, Parveen Rabbani",2010
Guzaarish,Tera Zikr,"Sanjay Leela Bhansali, Background Score:, Tubby-Parik","Shail Hada, Rakesh Pandit & A M Turaz","Hrithik Roshan, Aishwarya Rai Bachchan, Shernaz Patel, Aditya Roy Kapur, Suhel Seth, Nafisa Ali, Rajit Kapoor, Vijay Crishna, Jineet Rath, Parveen Rabbani",2010
Guzaarish,Saiba,"Sanjay Leela Bhansali, Background Score:, Tubby-Parik","Vibhavari Joshi, Franco & Shail Hada","Hrithik Roshan, Aishwarya Rai Bachchan, Shernaz Patel, Aditya Roy Kapur, Suhel Seth, Nafisa Ali, Rajit Kapoor, Vijay Crishna, Jineet Rath, Parveen Rabbani",2010
Guzaarish,Jaane Kiske Khwaab,"Sanjay Leela Bhansali, Background Score:, Tubby-Parik",KK & A M Turaz,"Hrithik Roshan, Aishwarya Rai Bachchan, Shernaz Patel, Aditya Roy Kapur, Suhel Seth, Nafisa Ali, Rajit Kapoor, Vijay Crishna, Jineet Rath, Parveen Rabbani",2010
Guzaarish,Udi,"Sanjay Leela Bhansali, Background Score:, Tubby-Parik","Sunidhi Chauhan, Shail Hada & A M Turaz","Hrithik Roshan, Aishwarya Rai Bachchan, Shernaz Patel, Aditya Roy Kapur, Suhel Seth, Nafisa Ali, Rajit Kapoor, Vijay Crishna, Jineet Rath, Parveen Rabbani",2010
Guzaarish,Keh Na Saku,"Sanjay Leela Bhansali, Background Score:, Tubby-Parik",Not Found,"Hrithik Roshan, Aishwarya Rai Bachchan, Shernaz Patel, Aditya Roy Kapur, Suhel Seth, Nafisa Ali, Rajit Kapoor, Vijay Crishna, Jineet Rath, Parveen Rabbani",2010
Guzaarish,Chaand Ki Katori,"Sanjay Leela Bhansali, Background Score:, Tubby-Parik",Harshdeep Kaur,"Hrithik Roshan, Aishwarya Rai Bachchan, Shernaz Patel, Aditya Roy Kapur, Suhel Seth, Nafisa Ali, Rajit Kapoor, Vijay Crishna, Jineet Rath, Parveen Rabbani",2010
Guzaarish,Daayein Baayein,"Sanjay Leela Bhansali, Background Score:, Tubby-Parik",KK & A M Turaz,"Hrithik Roshan, Aishwarya Rai Bachchan, Shernaz Patel, Aditya Roy Kapur, Suhel Seth, Nafisa Ali, Rajit Kapoor, Vijay Crishna, Jineet Rath, Parveen Rabbani",2010
Guzaarish,Dhundhli Dhundhli,"Sanjay Leela Bhansali, Background Score:, Tubby-Parik",Shankar Mahadevan & A M Turaz,"Hrithik Roshan, Aishwarya Rai Bachchan, Shernaz Patel, Aditya Roy Kapur, Suhel Seth, Nafisa Ali, Rajit Kapoor, Vijay Crishna, Jineet Rath, Parveen Rabbani",2010
Allah Ke Banday,Kaala Jaadu,Kailash KherChirantan BhattHamza Faruqui,"Pritam, Arijit Singh & Nikhita Gandhi","Sharman Joshi, Faruk Kabir, Naseeruddin Shah",2010
Allah Ke Banday,Kya Hawa Kya Baadal,Kailash KherChirantan BhattHamza Faruqui,Not Found,"Sharman Joshi, Faruk Kabir, Naseeruddin Shah",2010
Allah Ke Banday,Kya Hawa Kya Baadal,Kailash KherChirantan BhattHamza Faruqui,Not Found,"Sharman Joshi, Faruk Kabir, Naseeruddin Shah",2010
Allah Ke Banday,Maula,Kailash KherChirantan BhattHamza Faruqui,Ali Azmat,"Sharman Joshi, Faruk Kabir, Naseeruddin Shah",2010
Allah Ke Banday,Mayoos,Kailash KherChirantan BhattHamza Faruqui,Kishore Kumar,"Sharman Joshi, Faruk Kabir, Naseeruddin Shah",2010
Allah Ke Banday,Rabba Rabb,Kailash KherChirantan BhattHamza Faruqui,Not Found,"Sharman Joshi, Faruk Kabir, Naseeruddin Shah",2010
Khelein Hum Jee Jaan Sey,Yeh Des Hai Mera,Sohail Sen,Sohail Sen,"Abhishek Bachchan, Deepika Padukone, Sikandar Kher, Maninder Singh, Feroz Wahid Khan, Shreyas Pandit, Vishakha Singh, Samrat Mukerji, Vikramjeet Virk, Monty Munford",2010
Khelein Hum Jee Jaan Sey,Naiyn Tere,Sohail Sen,Pamela Jain & Ranjini Jose,"Abhishek Bachchan, Deepika Padukone, Sikandar Kher, Maninder Singh, Feroz Wahid Khan, Shreyas Pandit, Vishakha Singh, Samrat Mukerji, Vikramjeet Virk, Monty Munford",2010
Khelein Hum Jee Jaan Sey,Khelein Hum Jee Jaan Sey,Sohail Sen,Suresh Wadkar,"Abhishek Bachchan, Deepika Padukone, Sikandar Kher, Maninder Singh, Feroz Wahid Khan, Shreyas Pandit, Vishakha Singh, Samrat Mukerji, Vikramjeet Virk, Monty Munford",2010
Khelein Hum Jee Jaan Sey,Sapne Saloney,Sohail Sen,Sohail Sen & Pamela Jain,"Abhishek Bachchan, Deepika Padukone, Sikandar Kher, Maninder Singh, Feroz Wahid Khan, Shreyas Pandit, Vishakha Singh, Samrat Mukerji, Vikramjeet Virk, Monty Munford",2010
Khelein Hum Jee Jaan Sey,"Vande Mataram Revised""(Sanskrit into Hindi)",Sohail Sen,Sohail Sen,"Abhishek Bachchan, Deepika Padukone, Sikandar Kher, Maninder Singh, Feroz Wahid Khan, Shreyas Pandit, Vishakha Singh, Samrat Mukerji, Vikramjeet Virk, Monty Munford",2010
Khelein Hum Jee Jaan Sey,Background score cues,Sohail Sen,Not Found,"Abhishek Bachchan, Deepika Padukone, Sikandar Kher, Maninder Singh, Feroz Wahid Khan, Shreyas Pandit, Vishakha Singh, Samrat Mukerji, Vikramjeet Virk, Monty Munford",2010
Khelein Hum Jee Jaan Sey,Long Live Chittagong,Sohail Sen,Sohail Sen,"Abhishek Bachchan, Deepika Padukone, Sikandar Kher, Maninder Singh, Feroz Wahid Khan, Shreyas Pandit, Vishakha Singh, Samrat Mukerji, Vikramjeet Virk, Monty Munford",2010
Khelein Hum Jee Jaan Sey,The Teenagers Whistle,Sohail Sen,Sohail Sen,"Abhishek Bachchan, Deepika Padukone, Sikandar Kher, Maninder Singh, Feroz Wahid Khan, Shreyas Pandit, Vishakha Singh, Samrat Mukerji, Vikramjeet Virk, Monty Munford",2010
Khelein Hum Jee Jaan Sey,Surjya's Sorrow,Sohail Sen,Sohail Sen,"Abhishek Bachchan, Deepika Padukone, Sikandar Kher, Maninder Singh, Feroz Wahid Khan, Shreyas Pandit, Vishakha Singh, Samrat Mukerji, Vikramjeet Virk, Monty Munford",2010
Khelein Hum Jee Jaan Sey,Vande Mataram,Sohail Sen,"Sandesh Shandilya, Usha Uthup & Kavita Krishnamurthy","Abhishek Bachchan, Deepika Padukone, Sikandar Kher, Maninder Singh, Feroz Wahid Khan, Shreyas Pandit, Vishakha Singh, Samrat Mukerji, Vikramjeet Virk, Monty Munford",2010
Khelein Hum Jee Jaan Sey,The Escape,Sohail Sen,Gwen Stefani,"Abhishek Bachchan, Deepika Padukone, Sikandar Kher, Maninder Singh, Feroz Wahid Khan, Shreyas Pandit, Vishakha Singh, Samrat Mukerji, Vikramjeet Virk, Monty Munford",2010
Khelein Hum Jee Jaan Sey,"Naiyn Tere""(Sad)",Sohail Sen,Pamela Jain & Ranjini Jose,"Abhishek Bachchan, Deepika Padukone, Sikandar Kher, Maninder Singh, Feroz Wahid Khan, Shreyas Pandit, Vishakha Singh, Samrat Mukerji, Vikramjeet Virk, Monty Munford",2010
Khelein Hum Jee Jaan Sey,Revolutionary Comrades,Sohail Sen,Sohail Sen,"Abhishek Bachchan, Deepika Padukone, Sikandar Kher, Maninder Singh, Feroz Wahid Khan, Shreyas Pandit, Vishakha Singh, Samrat Mukerji, Vikramjeet Virk, Monty Munford",2010
Phas Gaye Re Obama,"""American Meltdown"" (Instrumental)",Manish J. Tipu,Instrumental,"Rajat Kapoor, Manu Rishi Chadha, Neha Dhupia, Sanjay Mishra, Amole Gupte, Amit Sial, Sushil Pandey, Devender Chaudhary, Pragati Pandey, Brijendra Kala",2010
Phas Gaye Re Obama,"""Amrikwa Ne Loot Liya"" (Manish J. Tipu)",Manish J. Tipu,Manish J. Tipu,"Rajat Kapoor, Manu Rishi Chadha, Neha Dhupia, Sanjay Mishra, Amole Gupte, Amit Sial, Sushil Pandey, Devender Chaudhary, Pragati Pandey, Brijendra Kala",2010
Phas Gaye Re Obama,"""Returning Home"" (Instrumental)",Manish J. Tipu,Instrumental,"Rajat Kapoor, Manu Rishi Chadha, Neha Dhupia, Sanjay Mishra, Amole Gupte, Amit Sial, Sushil Pandey, Devender Chaudhary, Pragati Pandey, Brijendra Kala",2010
Phas Gaye Re Obama,"""Run For Ransom"" (Instrumental)",Manish J. Tipu,Instrumental,"Rajat Kapoor, Manu Rishi Chadha, Neha Dhupia, Sanjay Mishra, Amole Gupte, Amit Sial, Sushil Pandey, Devender Chaudhary, Pragati Pandey, Brijendra Kala",2010
Phas Gaye Re Obama,"""Sara Pyaar Hai Bekaar"" (Manish J. Tipu,Richa Sharma,Kailash Kher, Neha Dhupia)",Manish J. Tipu,Not Found,"Rajat Kapoor, Manu Rishi Chadha, Neha Dhupia, Sanjay Mishra, Amole Gupte, Amit Sial, Sushil Pandey, Devender Chaudhary, Pragati Pandey, Brijendra Kala",2010
Phas Gaye Re Obama,"""Sara Pyaar Hai Bekaar (Remix)"" (Kailash Kher)",Manish J. Tipu,Not Found,"Rajat Kapoor, Manu Rishi Chadha, Neha Dhupia, Sanjay Mishra, Amole Gupte, Amit Sial, Sushil Pandey, Devender Chaudhary, Pragati Pandey, Brijendra Kala",2010
Phas Gaye Re Obama,"""Welcome to the Gang"" (Instrumental)",Manish J. Tipu,Cigarettes After Sex,"Rajat Kapoor, Manu Rishi Chadha, Neha Dhupia, Sanjay Mishra, Amole Gupte, Amit Sial, Sushil Pandey, Devender Chaudhary, Pragati Pandey, Brijendra Kala",2010
Phas Gaye Re Obama,"""Yes We Can"" (Instrumental)",Manish J. Tipu,Instrumental,"Rajat Kapoor, Manu Rishi Chadha, Neha Dhupia, Sanjay Mishra, Amole Gupte, Amit Sial, Sushil Pandey, Devender Chaudhary, Pragati Pandey, Brijendra Kala",2010
Band Baaja Baaraat,Ainvayi Ainvayi,Salim–Sulaiman,Salim Merchant & Sunidhi Chauhan,"Ranveer Singh, Anushka Sharma, Neeraj Sood, Manmeet Singh, Revant Shergill, Puru Chibber, Manish Chaudhary, Manit Joura, Sushil Dahiya, Manu Rishi Chadha",2010
Band Baaja Baaraat,Tarkeebein,Salim–Sulaiman,Benny Dayal & Salim Merchant,"Ranveer Singh, Anushka Sharma, Neeraj Sood, Manmeet Singh, Revant Shergill, Puru Chibber, Manish Chaudhary, Manit Joura, Sushil Dahiya, Manu Rishi Chadha",2010
Band Baaja Baaraat,Aadha Ishq,Salim–Sulaiman,Shreya Ghoshal,"Ranveer Singh, Anushka Sharma, Neeraj Sood, Manmeet Singh, Revant Shergill, Puru Chibber, Manish Chaudhary, Manit Joura, Sushil Dahiya, Manu Rishi Chadha",2010
Band Baaja Baaraat,Dum Dum,Salim–Sulaiman,Benny Dayal & Himani Kapoor,"Ranveer Singh, Anushka Sharma, Neeraj Sood, Manmeet Singh, Revant Shergill, Puru Chibber, Manish Chaudhary, Manit Joura, Sushil Dahiya, Manu Rishi Chadha",2010
Band Baaja Baaraat,Mitra,Salim–Sulaiman,Amitabh Bhattacharya & Salim Merchant,"Ranveer Singh, Anushka Sharma, Neeraj Sood, Manmeet Singh, Revant Shergill, Puru Chibber, Manish Chaudhary, Manit Joura, Sushil Dahiya, Manu Rishi Chadha",2010
Band Baaja Baaraat,Baari Barsi,Salim–Sulaiman,"Harshdeep Kaur, Labh Janjua & Salim Merchant","Ranveer Singh, Anushka Sharma, Neeraj Sood, Manmeet Singh, Revant Shergill, Puru Chibber, Manish Chaudhary, Manit Joura, Sushil Dahiya, Manu Rishi Chadha",2010
Band Baaja Baaraat,Band Baaja Baaraat (Theme),Salim–Sulaiman,Salim Merchant & Shraddha Pandit,"Ranveer Singh, Anushka Sharma, Neeraj Sood, Manmeet Singh, Revant Shergill, Puru Chibber, Manish Chaudhary, Manit Joura, Sushil Dahiya, Manu Rishi Chadha",2010
Band Baaja Baaraat,"Ainvayi Ainvayi (Dilli Club Mix)"" (Remix by Abhijit Vaghani)",Salim–Sulaiman,Not Found,"Ranveer Singh, Anushka Sharma, Neeraj Sood, Manmeet Singh, Revant Shergill, Puru Chibber, Manish Chaudhary, Manit Joura, Sushil Dahiya, Manu Rishi Chadha",2010
Band Baaja Baaraat,"Dum Dum (Sufi Mix)"" (Remix by Abhijit Vaghani)",Salim–Sulaiman,"Rahat Fateh Ali Khan, Abhijit Vaghani, Nusrat Fateh Ali Khan & Mujahid Mubarak Ali Khan","Ranveer Singh, Anushka Sharma, Neeraj Sood, Manmeet Singh, Revant Shergill, Puru Chibber, Manish Chaudhary, Manit Joura, Sushil Dahiya, Manu Rishi Chadha",2010
No Problem,Babe Di Kripa,"Pritam, Sajid–Wajid, Anand Raj Anand",Labh Janjua,"Sanjay Dutt, Akshaye Khanna, Kangana Ranaut, Anil Kapoor, Paresh Rawal, Suniel Shetty, Sushmita Sen, Shakti Kapoor, Kiku Sharda, Suresh Menon",2010
No Problem,Mast Punjabi,"Pritam, Sajid–Wajid, Anand Raj Anand",Mika Singh & Yo Yo Honey Singh,"Sanjay Dutt, Akshaye Khanna, Kangana Ranaut, Anil Kapoor, Paresh Rawal, Suniel Shetty, Sushmita Sen, Shakti Kapoor, Kiku Sharda, Suresh Menon",2010
No Problem,No Problem,"Pritam, Sajid–Wajid, Anand Raj Anand",Sadhana Sargam & Abhijeet,"Sanjay Dutt, Akshaye Khanna, Kangana Ranaut, Anil Kapoor, Paresh Rawal, Suniel Shetty, Sushmita Sen, Shakti Kapoor, Kiku Sharda, Suresh Menon",2010
No Problem,Shakira,"Pritam, Sajid–Wajid, Anand Raj Anand",Shalmali Kholgade,"Sanjay Dutt, Akshaye Khanna, Kangana Ranaut, Anil Kapoor, Paresh Rawal, Suniel Shetty, Sushmita Sen, Shakti Kapoor, Kiku Sharda, Suresh Menon",2010
No Problem,We Are Innocent,"Pritam, Sajid–Wajid, Anand Raj Anand",After Cinema,"Sanjay Dutt, Akshaye Khanna, Kangana Ranaut, Anil Kapoor, Paresh Rawal, Suniel Shetty, Sushmita Sen, Shakti Kapoor, Kiku Sharda, Suresh Menon",2010
No Problem,Babe Di Kripa (Remix by Kiran Kamath),"Pritam, Sajid–Wajid, Anand Raj Anand",Not Found,"Sanjay Dutt, Akshaye Khanna, Kangana Ranaut, Anil Kapoor, Paresh Rawal, Suniel Shetty, Sushmita Sen, Shakti Kapoor, Kiku Sharda, Suresh Menon",2010
No Problem,Mast Punjabi (Remix byDJ Suketufeat PaVaN),"Pritam, Sajid–Wajid, Anand Raj Anand",Not Found,"Sanjay Dutt, Akshaye Khanna, Kangana Ranaut, Anil Kapoor, Paresh Rawal, Suniel Shetty, Sushmita Sen, Shakti Kapoor, Kiku Sharda, Suresh Menon",2010
No Problem,Shakira (Remix by DJ Suketu feat PaVaN),"Pritam, Sajid–Wajid, Anand Raj Anand",Not Found,"Sanjay Dutt, Akshaye Khanna, Kangana Ranaut, Anil Kapoor, Paresh Rawal, Suniel Shetty, Sushmita Sen, Shakti Kapoor, Kiku Sharda, Suresh Menon",2010
Bodyguard,Bodyguard,"Himesh Reshammiya, Guest Composer:, Pritam",Rahat Fateh Ali Khan & Shreya Ghoshal,"Salman Khan, Kareena Kapoor Khan, Hazel Keech, Raj Babbar, Mahesh Manjrekar, Asrani, Rajat Rawail, Sharat Saxena, Aditya Pancholi, Chetan Hansraj",2011
Bodyguard,I Love You,"Himesh Reshammiya, Guest Composer:, Pritam","Pritam, Ash King & Clinton Cerejo","Salman Khan, Kareena Kapoor Khan, Hazel Keech, Raj Babbar, Mahesh Manjrekar, Asrani, Rajat Rawail, Sharat Saxena, Aditya Pancholi, Chetan Hansraj",2011
Bodyguard,Desi Beat,"Himesh Reshammiya, Guest Composer:, Pritam",Mika Singh & Amrita Kak,"Salman Khan, Kareena Kapoor Khan, Hazel Keech, Raj Babbar, Mahesh Manjrekar, Asrani, Rajat Rawail, Sharat Saxena, Aditya Pancholi, Chetan Hansraj",2011
Bodyguard,Teri Meri,"Himesh Reshammiya, Guest Composer:, Pritam",Rahat Fateh Ali Khan & Shreya Ghoshal,"Salman Khan, Kareena Kapoor Khan, Hazel Keech, Raj Babbar, Mahesh Manjrekar, Asrani, Rajat Rawail, Sharat Saxena, Aditya Pancholi, Chetan Hansraj",2011
Bodyguard,"Desi Beat"" (Remix)","Himesh Reshammiya, Guest Composer:, Pritam",Mika Singh & Amrita Kak,"Salman Khan, Kareena Kapoor Khan, Hazel Keech, Raj Babbar, Mahesh Manjrekar, Asrani, Rajat Rawail, Sharat Saxena, Aditya Pancholi, Chetan Hansraj",2011
Bodyguard,"Teri Meri"" (Reprise)","Himesh Reshammiya, Guest Composer:, Pritam",Rahat Fateh Ali Khan & Shreya Ghoshal,"Salman Khan, Kareena Kapoor Khan, Hazel Keech, Raj Babbar, Mahesh Manjrekar, Asrani, Rajat Rawail, Sharat Saxena, Aditya Pancholi, Chetan Hansraj",2011
Bodyguard,"Teri Meri"" (Remix)","Himesh Reshammiya, Guest Composer:, Pritam",Rahat Fateh Ali Khan & Shreya Ghoshal,"Salman Khan, Kareena Kapoor Khan, Hazel Keech, Raj Babbar, Mahesh Manjrekar, Asrani, Rajat Rawail, Sharat Saxena, Aditya Pancholi, Chetan Hansraj",2011
Bodyguard,"Bodyguard"" (Remix)","Himesh Reshammiya, Guest Composer:, Pritam","Salman Khan, Band Of Power, Deep & Chantz","Salman Khan, Kareena Kapoor Khan, Hazel Keech, Raj Babbar, Mahesh Manjrekar, Asrani, Rajat Rawail, Sharat Saxena, Aditya Pancholi, Chetan Hansraj",2011
Bodyguard,"Desi Beat"" (Punjabi Hip-Hop Mix)","Himesh Reshammiya, Guest Composer:, Pritam",Alam Gir Khan & Amrita Kak,"Salman Khan, Kareena Kapoor Khan, Hazel Keech, Raj Babbar, Mahesh Manjrekar, Asrani, Rajat Rawail, Sharat Saxena, Aditya Pancholi, Chetan Hansraj",2011
Bodyguard,"I Love You"" (Remix)","Himesh Reshammiya, Guest Composer:, Pritam",Jhené Aiko,"Salman Khan, Kareena Kapoor Khan, Hazel Keech, Raj Babbar, Mahesh Manjrekar, Asrani, Rajat Rawail, Sharat Saxena, Aditya Pancholi, Chetan Hansraj",2011
Bodyguard,"I Love You"" (Unplugged)","Himesh Reshammiya, Guest Composer:, Pritam","Pritam, Ash King & Clinton Cerejo","Salman Khan, Kareena Kapoor Khan, Hazel Keech, Raj Babbar, Mahesh Manjrekar, Asrani, Rajat Rawail, Sharat Saxena, Aditya Pancholi, Chetan Hansraj",2011
Bodyguard,"Theme"" (Instrumental)","Himesh Reshammiya, Guest Composer:, Pritam",Sanchit Balhara,"Salman Khan, Kareena Kapoor Khan, Hazel Keech, Raj Babbar, Mahesh Manjrekar, Asrani, Rajat Rawail, Sharat Saxena, Aditya Pancholi, Chetan Hansraj",2011
Ra.One,Chammak Challo,Vishal–Shekhar,Akon & Hamsika Iyer,"Shah Rukh Khan, Arjun Rampal, Kareena Kapoor Khan, Armaan Verma, Tom Wu, Shahana Goswami, Dalip Tahil, Satish Shah, Suresh Menon, Atul Sharma",2011
Ra.One,"Dildaara"" (Stand by Me)",Vishal–Shekhar,Shafqat Amanat Ali,"Shah Rukh Khan, Arjun Rampal, Kareena Kapoor Khan, Armaan Verma, Tom Wu, Shahana Goswami, Dalip Tahil, Satish Shah, Suresh Menon, Atul Sharma",2011
Ra.One,Criminal,Vishal–Shekhar,"Akon, Vishal Dadlani & Shruti Pathak","Shah Rukh Khan, Arjun Rampal, Kareena Kapoor Khan, Armaan Verma, Tom Wu, Shahana Goswami, Dalip Tahil, Satish Shah, Suresh Menon, Atul Sharma",2011
Ra.One,Bhare Naina,Vishal–Shekhar,Nandini Srikar,"Shah Rukh Khan, Arjun Rampal, Kareena Kapoor Khan, Armaan Verma, Tom Wu, Shahana Goswami, Dalip Tahil, Satish Shah, Suresh Menon, Atul Sharma",2011
Ra.One,Right By Your Side,Vishal–Shekhar,Sidd Coutto,"Shah Rukh Khan, Arjun Rampal, Kareena Kapoor Khan, Armaan Verma, Tom Wu, Shahana Goswami, Dalip Tahil, Satish Shah, Suresh Menon, Atul Sharma",2011
Ra.One,Raftaarein,Vishal–Shekhar,Vishal Dadlani & Shekhar Ravjiani,"Shah Rukh Khan, Arjun Rampal, Kareena Kapoor Khan, Armaan Verma, Tom Wu, Shahana Goswami, Dalip Tahil, Satish Shah, Suresh Menon, Atul Sharma",2011
Ra.One,"Jiya Mora Ghabraaye"" (The Chase)",Vishal–Shekhar,Sukhwinder Singh & Vishal Dadlani,"Shah Rukh Khan, Arjun Rampal, Kareena Kapoor Khan, Armaan Verma, Tom Wu, Shahana Goswami, Dalip Tahil, Satish Shah, Suresh Menon, Atul Sharma",2011
Ra.One,"Chammak Challo"" (Punjabi Mix)",Vishal–Shekhar,Akon & Hamsika Iyer,"Shah Rukh Khan, Arjun Rampal, Kareena Kapoor Khan, Armaan Verma, Tom Wu, Shahana Goswami, Dalip Tahil, Satish Shah, Suresh Menon, Atul Sharma",2011
Ra.One,"Comes The Light"" (Theme)",Vishal–Shekhar,Vishal & Shekhar,"Shah Rukh Khan, Arjun Rampal, Kareena Kapoor Khan, Armaan Verma, Tom Wu, Shahana Goswami, Dalip Tahil, Satish Shah, Suresh Menon, Atul Sharma",2011
Ra.One,"I'm On"" (Theme)",Vishal–Shekhar,Vishal & Shekhar,"Shah Rukh Khan, Arjun Rampal, Kareena Kapoor Khan, Armaan Verma, Tom Wu, Shahana Goswami, Dalip Tahil, Satish Shah, Suresh Menon, Atul Sharma",2011
Ra.One,"Song of the End"" (Theme)",Vishal–Shekhar,Vishal & Shekhar,"Shah Rukh Khan, Arjun Rampal, Kareena Kapoor Khan, Armaan Verma, Tom Wu, Shahana Goswami, Dalip Tahil, Satish Shah, Suresh Menon, Atul Sharma",2011
Ra.One,"Chammak Challo"" (Club Mix)",Vishal–Shekhar,Akon & Hamsika Iyer,"Shah Rukh Khan, Arjun Rampal, Kareena Kapoor Khan, Armaan Verma, Tom Wu, Shahana Goswami, Dalip Tahil, Satish Shah, Suresh Menon, Atul Sharma",2011
Ra.One,"Criminal"" (Club Mix)",Vishal–Shekhar,"Akon, Vishal Dadlani, Shruti Pathak & Dj A-Myth","Shah Rukh Khan, Arjun Rampal, Kareena Kapoor Khan, Armaan Verma, Tom Wu, Shahana Goswami, Dalip Tahil, Satish Shah, Suresh Menon, Atul Sharma",2011
Ra.One,"Chammak Challo"" (International)",Vishal–Shekhar,Akon & Hamsika Iyer,"Shah Rukh Khan, Arjun Rampal, Kareena Kapoor Khan, Armaan Verma, Tom Wu, Shahana Goswami, Dalip Tahil, Satish Shah, Suresh Menon, Atul Sharma",2011
Ra.One,"Chammak Challo"" (Remix)",Vishal–Shekhar,Akon & Hamsika Iyer,"Shah Rukh Khan, Arjun Rampal, Kareena Kapoor Khan, Armaan Verma, Tom Wu, Shahana Goswami, Dalip Tahil, Satish Shah, Suresh Menon, Atul Sharma",2011
Don 2,Main Hoon Don,Shankar–Ehsaan–Loy,Shaan,"Shah Rukh Khan, Priyanka Chopra Jonas, Boman Irani, Kunal Kapoor, Lara Dutta, Om Puri, Nawab Shah, Sahil Shroff, Alyy Khan, Rike Schmid",2011
Don 2,Mourya Re,Shankar–Ehsaan–Loy,Shankar Mahadevan,"Shah Rukh Khan, Priyanka Chopra Jonas, Boman Irani, Kunal Kapoor, Lara Dutta, Om Puri, Nawab Shah, Sahil Shroff, Alyy Khan, Rike Schmid",2011
Don 2,Aaj Ki Raat,Shankar–Ehsaan–Loy,"Madhubanti Bagchi, Divya Kumar, Sachin-Jigar & Amitabh Bhattacharya","Shah Rukh Khan, Priyanka Chopra Jonas, Boman Irani, Kunal Kapoor, Lara Dutta, Om Puri, Nawab Shah, Sahil Shroff, Alyy Khan, Rike Schmid",2011
Don 2,Khaike Paan Banaraswala (Not included in the album),Shankar–Ehsaan–Loy,Kishore Kumar,"Shah Rukh Khan, Priyanka Chopra Jonas, Boman Irani, Kunal Kapoor, Lara Dutta, Om Puri, Nawab Shah, Sahil Shroff, Alyy Khan, Rike Schmid",2011
Don 2,Ye Mera Dil (Not included in the album),Shankar–Ehsaan–Loy,Shaan & Nihira,"Shah Rukh Khan, Priyanka Chopra Jonas, Boman Irani, Kunal Kapoor, Lara Dutta, Om Puri, Nawab Shah, Sahil Shroff, Alyy Khan, Rike Schmid",2011
Don 2,Don - The Theme,Shankar–Ehsaan–Loy,Shankar Ehsaan Loy,"Shah Rukh Khan, Priyanka Chopra Jonas, Boman Irani, Kunal Kapoor, Lara Dutta, Om Puri, Nawab Shah, Sahil Shroff, Alyy Khan, Rike Schmid",2011
Don 2,Don Revisited,Shankar–Ehsaan–Loy,Midival Punditz,"Shah Rukh Khan, Priyanka Chopra Jonas, Boman Irani, Kunal Kapoor, Lara Dutta, Om Puri, Nawab Shah, Sahil Shroff, Alyy Khan, Rike Schmid",2011
Don 2,"Main Hoon Don"" (Funcinternational Mix)",Shankar–Ehsaan–Loy,Shaan,"Shah Rukh Khan, Priyanka Chopra Jonas, Boman Irani, Kunal Kapoor, Lara Dutta, Om Puri, Nawab Shah, Sahil Shroff, Alyy Khan, Rike Schmid",2011
Ready,Character Dheela,"Pritam, Guest Composer:, Devi Sri Prasad, Background Score:, Sandeep Shirodkar","Pritam, Neeraj Shridhar & Amrita Kak","Salman Khan, Asin Thottumkal, Paresh Rawal, Sudesh Lehri, Sharat Saxena, Akhilendra Mishra, Mahesh Manjrekar, Manoj Joshi, Manoj Pahwa, Anuradha Patel",2011
Ready,Humko Pyaar Hua,"Pritam, Guest Composer:, Devi Sri Prasad, Background Score:, Sandeep Shirodkar",Pritam & KK,"Salman Khan, Asin Thottumkal, Paresh Rawal, Sudesh Lehri, Sharat Saxena, Akhilendra Mishra, Mahesh Manjrekar, Manoj Joshi, Manoj Pahwa, Anuradha Patel",2011
Ready,Dhinka Chika,"Pritam, Guest Composer:, Devi Sri Prasad, Background Score:, Sandeep Shirodkar",Amrita Kak & Mika Singh,"Salman Khan, Asin Thottumkal, Paresh Rawal, Sudesh Lehri, Sharat Saxena, Akhilendra Mishra, Mahesh Manjrekar, Manoj Joshi, Manoj Pahwa, Anuradha Patel",2011
Ready,Meri Ada Bhi,"Pritam, Guest Composer:, Devi Sri Prasad, Background Score:, Sandeep Shirodkar","Pritam, Rahat Fateh Ali Khan & Tulsi Kumar","Salman Khan, Asin Thottumkal, Paresh Rawal, Sudesh Lehri, Sharat Saxena, Akhilendra Mishra, Mahesh Manjrekar, Manoj Joshi, Manoj Pahwa, Anuradha Patel",2011
Ready,"Dhinka Chika"" (Remixed by DJ A-Myth)","Pritam, Guest Composer:, Devi Sri Prasad, Background Score:, Sandeep Shirodkar",Not Found,"Salman Khan, Asin Thottumkal, Paresh Rawal, Sudesh Lehri, Sharat Saxena, Akhilendra Mishra, Mahesh Manjrekar, Manoj Joshi, Manoj Pahwa, Anuradha Patel",2011
Ready,"Humko Pyaar Hua"" (Remixed by DJ A-Myth)","Pritam, Guest Composer:, Devi Sri Prasad, Background Score:, Sandeep Shirodkar",Not Found,"Salman Khan, Asin Thottumkal, Paresh Rawal, Sudesh Lehri, Sharat Saxena, Akhilendra Mishra, Mahesh Manjrekar, Manoj Joshi, Manoj Pahwa, Anuradha Patel",2011
Ready,"Character Dheela"" (Remixed by DJ A-Myth)","Pritam, Guest Composer:, Devi Sri Prasad, Background Score:, Sandeep Shirodkar",Not Found,"Salman Khan, Asin Thottumkal, Paresh Rawal, Sudesh Lehri, Sharat Saxena, Akhilendra Mishra, Mahesh Manjrekar, Manoj Joshi, Manoj Pahwa, Anuradha Patel",2011
Ready,"Meri Ada Bhi"" (Remixed by DJ A-Myth)","Pritam, Guest Composer:, Devi Sri Prasad, Background Score:, Sandeep Shirodkar",Adnan Sami & Pritam,"Salman Khan, Asin Thottumkal, Paresh Rawal, Sudesh Lehri, Sharat Saxena, Akhilendra Mishra, Mahesh Manjrekar, Manoj Joshi, Manoj Pahwa, Anuradha Patel",2011
Zindagi Na Milegi Dobara,Dil Dhadakne Do,Shankar-Ehsaan-Loy,Joi Barua & Suraj Jagan,"Hrithik Roshan, Abhay Deol, Farhan Akhtar, Katrina Kaif, Kalki Koechlin, Naseeruddin Shah, Ariadna Cabrol, Deepti Naval, Anisa, Suhel Seth",2011
Zindagi Na Milegi Dobara,Ik Junoon (Paint It Red),Shankar-Ehsaan-Loy,Vishal Dadlani,"Hrithik Roshan, Abhay Deol, Farhan Akhtar, Katrina Kaif, Kalki Koechlin, Naseeruddin Shah, Ariadna Cabrol, Deepti Naval, Anisa, Suhel Seth",2011
Zindagi Na Milegi Dobara,Khaabon Ke Parindey,Shankar-Ehsaan-Loy,Alyssa Mendonsa & Mohit Chauhan,"Hrithik Roshan, Abhay Deol, Farhan Akhtar, Katrina Kaif, Kalki Koechlin, Naseeruddin Shah, Ariadna Cabrol, Deepti Naval, Anisa, Suhel Seth",2011
Zindagi Na Milegi Dobara,Señorita,Shankar-Ehsaan-Loy,"Farhan Akhtar, Hrithik Roshan, Abhay Deol & Maria Del Mar Fernandez","Hrithik Roshan, Abhay Deol, Farhan Akhtar, Katrina Kaif, Kalki Koechlin, Naseeruddin Shah, Ariadna Cabrol, Deepti Naval, Anisa, Suhel Seth",2011
Zindagi Na Milegi Dobara,Der Lagi Lekin,Shankar-Ehsaan-Loy,Shankar Mahadevan,"Hrithik Roshan, Abhay Deol, Farhan Akhtar, Katrina Kaif, Kalki Koechlin, Naseeruddin Shah, Ariadna Cabrol, Deepti Naval, Anisa, Suhel Seth",2011
Zindagi Na Milegi Dobara,Sooraj Ki Baahon Mein,Shankar-Ehsaan-Loy,"Dominique Cerejo, Clinton Cerejo & Loy Mendonsa","Hrithik Roshan, Abhay Deol, Farhan Akhtar, Katrina Kaif, Kalki Koechlin, Naseeruddin Shah, Ariadna Cabrol, Deepti Naval, Anisa, Suhel Seth",2011
Zindagi Na Milegi Dobara,Ik Junoon - (Remix),Shankar-Ehsaan-Loy,Vishal Dadlani & Dj Shiva,"Hrithik Roshan, Abhay Deol, Farhan Akhtar, Katrina Kaif, Kalki Koechlin, Naseeruddin Shah, Ariadna Cabrol, Deepti Naval, Anisa, Suhel Seth",2011
Zindagi Na Milegi Dobara,Señorita  – (Remix),Shankar-Ehsaan-Loy,"Farhan Akhtar, Hrithik Roshan, Abhay Deol, Maria Del Mar Fernandez & Dj Shiva","Hrithik Roshan, Abhay Deol, Farhan Akhtar, Katrina Kaif, Kalki Koechlin, Naseeruddin Shah, Ariadna Cabrol, Deepti Naval, Anisa, Suhel Seth",2011
Singham,Maula Maula,Ajay–Atul,Kunal Ganjawala & Richa Sharma,"Ajay Devgn, Kajal Aggarwal, Prakash Raj, Sachin Khedekar, Ashok Saraf, Murali Sharma, Sudhanshu Pandey, Sonali Kulkarni, Govind Namdeo, Vineet Sharma",2011
Singham,"Saathiya"" (remix)",Ajay–Atul,Sonu Nigam,"Ajay Devgn, Kajal Aggarwal, Prakash Raj, Sachin Khedekar, Ashok Saraf, Murali Sharma, Sudhanshu Pandey, Sonali Kulkarni, Govind Namdeo, Vineet Sharma",2011
Singham,Singham,Ajay–Atul,Sukhwinder Singh,"Ajay Devgn, Kajal Aggarwal, Prakash Raj, Sachin Khedekar, Ashok Saraf, Murali Sharma, Sudhanshu Pandey, Sonali Kulkarni, Govind Namdeo, Vineet Sharma",2011
Singham,Saathiya,Ajay–Atul,Sonu Nigam,"Ajay Devgn, Kajal Aggarwal, Prakash Raj, Sachin Khedekar, Ashok Saraf, Murali Sharma, Sudhanshu Pandey, Sonali Kulkarni, Govind Namdeo, Vineet Sharma",2011
Singham,"Maula Maula"" (remix)",Ajay–Atul,"Kunal Ganjawala, Richa Sharma & Abhijit Vaghani","Ajay Devgn, Kajal Aggarwal, Prakash Raj, Sachin Khedekar, Ashok Saraf, Murali Sharma, Sudhanshu Pandey, Sonali Kulkarni, Govind Namdeo, Vineet Sharma",2011
Singham,"Singham"" (Remix)",Ajay–Atul,Sukhwinder Singh & Abhijit Vaghani,"Ajay Devgn, Kajal Aggarwal, Prakash Raj, Sachin Khedekar, Ashok Saraf, Murali Sharma, Sudhanshu Pandey, Sonali Kulkarni, Govind Namdeo, Vineet Sharma",2011
The Dirty Picture,Ooh La La,Vishal–Shekhar,Faces,"Vidya Balan, Emraan Hashmi, Tusshar Kapoor, Naseeruddin Shah, Anju Mahendru, Rajesh Sharma, Imran Hasnee, Shivani Tanksale, Lavin Gothi",2011
The Dirty Picture,"Ishq Sufiana"" (Male)",Vishal–Shekhar,Gurbani Bhatia,"Vidya Balan, Emraan Hashmi, Tusshar Kapoor, Naseeruddin Shah, Anju Mahendru, Rajesh Sharma, Imran Hasnee, Shivani Tanksale, Lavin Gothi",2011
The Dirty Picture,"Ishq Sufiana"" (Female)",Vishal–Shekhar,Gurbani Bhatia,"Vidya Balan, Emraan Hashmi, Tusshar Kapoor, Naseeruddin Shah, Anju Mahendru, Rajesh Sharma, Imran Hasnee, Shivani Tanksale, Lavin Gothi",2011
The Dirty Picture,Honeymoon Ki Raat,Vishal–Shekhar,Sunidhi Chauhan & Vishal & Shekhar,"Vidya Balan, Emraan Hashmi, Tusshar Kapoor, Naseeruddin Shah, Anju Mahendru, Rajesh Sharma, Imran Hasnee, Shivani Tanksale, Lavin Gothi",2011
The Dirty Picture,Twinkle Twinkle,Vishal–Shekhar,"Shreya Ghoshal, Rana Mazumder & Vishal & Shekhar","Vidya Balan, Emraan Hashmi, Tusshar Kapoor, Naseeruddin Shah, Anju Mahendru, Rajesh Sharma, Imran Hasnee, Shivani Tanksale, Lavin Gothi",2011
The Dirty Picture,"Ooh La La"" (Dhol Mix)",Vishal–Shekhar,Faces,"Vidya Balan, Emraan Hashmi, Tusshar Kapoor, Naseeruddin Shah, Anju Mahendru, Rajesh Sharma, Imran Hasnee, Shivani Tanksale, Lavin Gothi",2011
Rockstar,Phir Se Udd Chala,A. R. Rahman,Mohit Chauhan,"Ranbir Kapoor, Nargis Fakhri, Shammi Kapoor, Aditi Rao Hydari, Kumud Mishra, Piyush Mishra, Moufid Aziz, Shernaz Patel, Jaideep Ahlawat, Shreya Narayan",2011
Rockstar,Jo Bhi Main,A. R. Rahman,Mohit Chauhan,"Ranbir Kapoor, Nargis Fakhri, Shammi Kapoor, Aditi Rao Hydari, Kumud Mishra, Piyush Mishra, Moufid Aziz, Shernaz Patel, Jaideep Ahlawat, Shreya Narayan",2011
Rockstar,Katiya Karoon,A. R. Rahman,Harshdeep Kaur,"Ranbir Kapoor, Nargis Fakhri, Shammi Kapoor, Aditi Rao Hydari, Kumud Mishra, Piyush Mishra, Moufid Aziz, Shernaz Patel, Jaideep Ahlawat, Shreya Narayan",2011
Rockstar,Kun Faaya Kun (Raga Bhairavi),A. R. Rahman,Not Found,"Ranbir Kapoor, Nargis Fakhri, Shammi Kapoor, Aditi Rao Hydari, Kumud Mishra, Piyush Mishra, Moufid Aziz, Shernaz Patel, Jaideep Ahlawat, Shreya Narayan",2011
Rockstar,Aur Ho,A. R. Rahman,Mohit Chauhan & Alma Ferovic,"Ranbir Kapoor, Nargis Fakhri, Shammi Kapoor, Aditi Rao Hydari, Kumud Mishra, Piyush Mishra, Moufid Aziz, Shernaz Patel, Jaideep Ahlawat, Shreya Narayan",2011
Rockstar,Hawa Hawa,A. R. Rahman,Mika Singh & Prakriti Kakar,"Ranbir Kapoor, Nargis Fakhri, Shammi Kapoor, Aditi Rao Hydari, Kumud Mishra, Piyush Mishra, Moufid Aziz, Shernaz Patel, Jaideep Ahlawat, Shreya Narayan",2011
Rockstar,"Tango For Taj"" (Instrumental)",A. R. Rahman,A.R. Rahman,"Ranbir Kapoor, Nargis Fakhri, Shammi Kapoor, Aditi Rao Hydari, Kumud Mishra, Piyush Mishra, Moufid Aziz, Shernaz Patel, Jaideep Ahlawat, Shreya Narayan",2011
Rockstar,Tum Ko,A. R. Rahman,Kavita Subrahmanyam,"Ranbir Kapoor, Nargis Fakhri, Shammi Kapoor, Aditi Rao Hydari, Kumud Mishra, Piyush Mishra, Moufid Aziz, Shernaz Patel, Jaideep Ahlawat, Shreya Narayan",2011
Rockstar,Sadda Haq,A. R. Rahman,Sreerama Chandra,"Ranbir Kapoor, Nargis Fakhri, Shammi Kapoor, Aditi Rao Hydari, Kumud Mishra, Piyush Mishra, Moufid Aziz, Shernaz Patel, Jaideep Ahlawat, Shreya Narayan",2011
Rockstar,"The Dichotomy of Fame"" (Instrumental)",A. R. Rahman,Not Found,"Ranbir Kapoor, Nargis Fakhri, Shammi Kapoor, Aditi Rao Hydari, Kumud Mishra, Piyush Mishra, Moufid Aziz, Shernaz Patel, Jaideep Ahlawat, Shreya Narayan",2011
Rockstar,Naadaan Parinde,A. R. Rahman,A.R. Rahman & Mohit Chauhan,"Ranbir Kapoor, Nargis Fakhri, Shammi Kapoor, Aditi Rao Hydari, Kumud Mishra, Piyush Mishra, Moufid Aziz, Shernaz Patel, Jaideep Ahlawat, Shreya Narayan",2011
Rockstar,Tum Ho,A. R. Rahman,Mohit Chauhan & Suzanne D'Mello,"Ranbir Kapoor, Nargis Fakhri, Shammi Kapoor, Aditi Rao Hydari, Kumud Mishra, Piyush Mishra, Moufid Aziz, Shernaz Patel, Jaideep Ahlawat, Shreya Narayan",2011
Rockstar,Sheher Mein,A. R. Rahman,Mohit Chauhan & Karthik,"Ranbir Kapoor, Nargis Fakhri, Shammi Kapoor, Aditi Rao Hydari, Kumud Mishra, Piyush Mishra, Moufid Aziz, Shernaz Patel, Jaideep Ahlawat, Shreya Narayan",2011
Rockstar,"The Meeting Place"" (Based on a poem byRumi)",A. R. Rahman,Not Found,"Ranbir Kapoor, Nargis Fakhri, Shammi Kapoor, Aditi Rao Hydari, Kumud Mishra, Piyush Mishra, Moufid Aziz, Shernaz Patel, Jaideep Ahlawat, Shreya Narayan",2011
Murder 2,Haal-E-Dil,"Mithoon, Harshit Saxena, Sangeet-Siddharth, Background Score:, Raju Singh",Himesh Reshammiya & Sreerama Chandra,"Emraan Hashmi, Jacqueline Fernandez, Prashant Narayanan, Sudhanshu Pandey, Sulagna Panigrahi, Sanjay Batra, Bikramjeet Kanwarpal, Shweta Kawatra, Amardeep Jha, Rajgopal Iyer",2011
Murder 2,Aa Zara,"Mithoon, Harshit Saxena, Sangeet-Siddharth, Background Score:, Raju Singh",Sunidhi Chauhan,"Emraan Hashmi, Jacqueline Fernandez, Prashant Narayanan, Sudhanshu Pandey, Sulagna Panigrahi, Sanjay Batra, Bikramjeet Kanwarpal, Shweta Kawatra, Amardeep Jha, Rajgopal Iyer",2011
Murder 2,Aye Khuda,"Mithoon, Harshit Saxena, Sangeet-Siddharth, Background Score:, Raju Singh","Kshitij Tarey, Saim Bhat & Mithoon","Emraan Hashmi, Jacqueline Fernandez, Prashant Narayanan, Sudhanshu Pandey, Sulagna Panigrahi, Sanjay Batra, Bikramjeet Kanwarpal, Shweta Kawatra, Amardeep Jha, Rajgopal Iyer",2011
Murder 2,Phir Mohabbat,"Mithoon, Harshit Saxena, Sangeet-Siddharth, Background Score:, Raju Singh","Mohammed Irfan, Arijit Singh & Saim Bhat","Emraan Hashmi, Jacqueline Fernandez, Prashant Narayanan, Sudhanshu Pandey, Sulagna Panigrahi, Sanjay Batra, Bikramjeet Kanwarpal, Shweta Kawatra, Amardeep Jha, Rajgopal Iyer",2011
Murder 2,Tujhko Bhulana,"Mithoon, Harshit Saxena, Sangeet-Siddharth, Background Score:, Raju Singh",Lata Mangeshkar,"Emraan Hashmi, Jacqueline Fernandez, Prashant Narayanan, Sudhanshu Pandey, Sulagna Panigrahi, Sanjay Batra, Bikramjeet Kanwarpal, Shweta Kawatra, Amardeep Jha, Rajgopal Iyer",2011
Murder 2,"Aa Zara"" (Reloaded)","Mithoon, Harshit Saxena, Sangeet-Siddharth, Background Score:, Raju Singh",Sunidhi Chauhan & Kiran Kamath,"Emraan Hashmi, Jacqueline Fernandez, Prashant Narayanan, Sudhanshu Pandey, Sulagna Panigrahi, Sanjay Batra, Bikramjeet Kanwarpal, Shweta Kawatra, Amardeep Jha, Rajgopal Iyer",2011
Murder 2,"Haal-E-Dil"" (Acoustic)","Mithoon, Harshit Saxena, Sangeet-Siddharth, Background Score:, Raju Singh",Himesh Reshammiya & Sreerama Chandra,"Emraan Hashmi, Jacqueline Fernandez, Prashant Narayanan, Sudhanshu Pandey, Sulagna Panigrahi, Sanjay Batra, Bikramjeet Kanwarpal, Shweta Kawatra, Amardeep Jha, Rajgopal Iyer",2011
Murder 2,"Aye Khuda"" (Remix)","Mithoon, Harshit Saxena, Sangeet-Siddharth, Background Score:, Raju Singh",Salim Merchant,"Emraan Hashmi, Jacqueline Fernandez, Prashant Narayanan, Sudhanshu Pandey, Sulagna Panigrahi, Sanjay Batra, Bikramjeet Kanwarpal, Shweta Kawatra, Amardeep Jha, Rajgopal Iyer",2011
Delhi Belly,Bhaag D.K. Bose,Ram Sampath,Hsevras Edrok & Ketan Bhosale,"Imran Khan, Kunaal Roy Kapur, Vir Das, Shenaz Treasury, Poorna Jagannathan, Raju Kher, Vijay Raaz, Lushin Dubey, Paresh Ganatra, Rahul Singh",2011
Delhi Belly,"Nakkaddwaley Disco, Udhaarwaley Khisko",Ram Sampath,Not Found,"Imran Khan, Kunaal Roy Kapur, Vir Das, Shenaz Treasury, Poorna Jagannathan, Raju Kher, Vijay Raaz, Lushin Dubey, Paresh Ganatra, Rahul Singh",2011
Delhi Belly,Saigal Blues,Ram Sampath,Amit Kumar & Sadhana Sargam,"Imran Khan, Kunaal Roy Kapur, Vir Das, Shenaz Treasury, Poorna Jagannathan, Raju Kher, Vijay Raaz, Lushin Dubey, Paresh Ganatra, Rahul Singh",2011
Delhi Belly,Bedardi Raja,Ram Sampath,"Alka Yagnik, Udit Narayan, Nadeem Shravan & Sameer Anjaan","Imran Khan, Kunaal Roy Kapur, Vir Das, Shenaz Treasury, Poorna Jagannathan, Raju Kher, Vijay Raaz, Lushin Dubey, Paresh Ganatra, Rahul Singh",2011
Delhi Belly,Jaa Chudail,Ram Sampath,Not Found,"Imran Khan, Kunaal Roy Kapur, Vir Das, Shenaz Treasury, Poorna Jagannathan, Raju Kher, Vijay Raaz, Lushin Dubey, Paresh Ganatra, Rahul Singh",2011
Delhi Belly,Tere Siva,Ram Sampath,Renessa Das & Ash King,"Imran Khan, Kunaal Roy Kapur, Vir Das, Shenaz Treasury, Poorna Jagannathan, Raju Kher, Vijay Raaz, Lushin Dubey, Paresh Ganatra, Rahul Singh",2011
Delhi Belly,Switty Tera Pyaar Chaida,Ram Sampath,Not Found,"Imran Khan, Kunaal Roy Kapur, Vir Das, Shenaz Treasury, Poorna Jagannathan, Raju Kher, Vijay Raaz, Lushin Dubey, Paresh Ganatra, Rahul Singh",2011
Delhi Belly,"I Hate You"" (Like I Love You)",Ram Sampath,Taylor Swift,"Imran Khan, Kunaal Roy Kapur, Vir Das, Shenaz Treasury, Poorna Jagannathan, Raju Kher, Vijay Raaz, Lushin Dubey, Paresh Ganatra, Rahul Singh",2011
Delhi Belly,"Bedardi Raja"" (Remix)",Ram Sampath,Kakkar Singh,"Imran Khan, Kunaal Roy Kapur, Vir Das, Shenaz Treasury, Poorna Jagannathan, Raju Kher, Vijay Raaz, Lushin Dubey, Paresh Ganatra, Rahul Singh",2011
Delhi Belly,"Switty"" (Punk)",Ram Sampath,Not Found,"Imran Khan, Kunaal Roy Kapur, Vir Das, Shenaz Treasury, Poorna Jagannathan, Raju Kher, Vijay Raaz, Lushin Dubey, Paresh Ganatra, Rahul Singh",2011
No One Killed Jessica,Dilli,Amit Trivedi,"Blaaze, Benny Dayal, Viviane, Tanvi & Claire","Rani Mukerji, Vidya Balan, Myra Karn, Neil Bhoopalam, Mohammed Zeeshan Ayyub, Satyadeep Misra, Yogendra Tiku, Purnendu Bhattacharya, Rajesh Sharma, Manoj Bakshi",2011
No One Killed Jessica,Aali Re,Amit Trivedi,"Vishal Bhardwaj, Avadhoot Gupte & Gulzar","Rani Mukerji, Vidya Balan, Myra Karn, Neil Bhoopalam, Mohammed Zeeshan Ayyub, Satyadeep Misra, Yogendra Tiku, Purnendu Bhattacharya, Rajesh Sharma, Manoj Bakshi",2011
No One Killed Jessica,Yeh Pal,Amit Trivedi,"Javed Mohsin, Arijit Singh & Shreya Ghoshal","Rani Mukerji, Vidya Balan, Myra Karn, Neil Bhoopalam, Mohammed Zeeshan Ayyub, Satyadeep Misra, Yogendra Tiku, Purnendu Bhattacharya, Rajesh Sharma, Manoj Bakshi",2011
No One Killed Jessica,Aitbaar,Amit Trivedi,"Sachin-Jigar, Faheem Abdullah & Amitabh Bhattacharya","Rani Mukerji, Vidya Balan, Myra Karn, Neil Bhoopalam, Mohammed Zeeshan Ayyub, Satyadeep Misra, Yogendra Tiku, Purnendu Bhattacharya, Rajesh Sharma, Manoj Bakshi",2011
No One Killed Jessica,Dua,Amit Trivedi,"Salim-Sulaiman, Sukhwinder Singh, Kailash Kher & Marianne D'cruz Aiman","Rani Mukerji, Vidya Balan, Myra Karn, Neil Bhoopalam, Mohammed Zeeshan Ayyub, Satyadeep Misra, Yogendra Tiku, Purnendu Bhattacharya, Rajesh Sharma, Manoj Bakshi",2011
No One Killed Jessica,"Dilli"" (Hardcore)",Amit Trivedi,Not Found,"Rani Mukerji, Vidya Balan, Myra Karn, Neil Bhoopalam, Mohammed Zeeshan Ayyub, Satyadeep Misra, Yogendra Tiku, Purnendu Bhattacharya, Rajesh Sharma, Manoj Bakshi",2011
Yamla Pagla Deewana,Yamla Pagla Deewana,"Laxmikant–Pyarelal, Anu Malik, Sandesh Shandilya, Nouman Javaid, RDB, Rahul B. Seth","Vishal Mishra, Jordi Patel, Disha Sharma, Akash Ojha, REKHA, Dharmendra, Shatrughan Sinha, Salman Khan & Sonakshi Sinha","Dharmendra, Sunny Deol, Bobby Deol, Kulraj Randhawa, Anupam Kher, Nafisa Ali, Puneet Issar, Mukul Dev, Johny Lever, Madhuri Bhattacharya",2011
Yamla Pagla Deewana,Charha De Rang,"Laxmikant–Pyarelal, Anu Malik, Sandesh Shandilya, Nouman Javaid, RDB, Rahul B. Seth","Ali Pervez Mehdi, Shweta Pandit, Mahalakshmi Iyer & Rahul B. Seth","Dharmendra, Sunny Deol, Bobby Deol, Kulraj Randhawa, Anupam Kher, Nafisa Ali, Puneet Issar, Mukul Dev, Johny Lever, Madhuri Bhattacharya",2011
Yamla Pagla Deewana,Tinku Jiya,"Laxmikant–Pyarelal, Anu Malik, Sandesh Shandilya, Nouman Javaid, RDB, Rahul B. Seth",Mamta Sharma & Javed Ali,"Dharmendra, Sunny Deol, Bobby Deol, Kulraj Randhawa, Anupam Kher, Nafisa Ali, Puneet Issar, Mukul Dev, Johny Lever, Madhuri Bhattacharya",2011
Yamla Pagla Deewana,Sau Baar,"Laxmikant–Pyarelal, Anu Malik, Sandesh Shandilya, Nouman Javaid, RDB, Rahul B. Seth",Omar Nadeem & Shreya Ghoshal,"Dharmendra, Sunny Deol, Bobby Deol, Kulraj Randhawa, Anupam Kher, Nafisa Ali, Puneet Issar, Mukul Dev, Johny Lever, Madhuri Bhattacharya",2011
Yamla Pagla Deewana,Chamki Jawaani,"Laxmikant–Pyarelal, Anu Malik, Sandesh Shandilya, Nouman Javaid, RDB, Rahul B. Seth","Mamta Sharma, Daler Mehndi & Master Saleem","Dharmendra, Sunny Deol, Bobby Deol, Kulraj Randhawa, Anupam Kher, Nafisa Ali, Puneet Issar, Mukul Dev, Johny Lever, Madhuri Bhattacharya",2011
Yamla Pagla Deewana,Son Titariya,"Laxmikant–Pyarelal, Anu Malik, Sandesh Shandilya, Nouman Javaid, RDB, Rahul B. Seth",Krishna Beura,"Dharmendra, Sunny Deol, Bobby Deol, Kulraj Randhawa, Anupam Kher, Nafisa Ali, Puneet Issar, Mukul Dev, Johny Lever, Madhuri Bhattacharya",2011
Yamla Pagla Deewana,Kadd Ke Botal,"Laxmikant–Pyarelal, Anu Malik, Sandesh Shandilya, Nouman Javaid, RDB, Rahul B. Seth","Sukhwinder Singh, Harshdeep & Rosalie Nicholson","Dharmendra, Sunny Deol, Bobby Deol, Kulraj Randhawa, Anupam Kher, Nafisa Ali, Puneet Issar, Mukul Dev, Johny Lever, Madhuri Bhattacharya",2011
Yamla Pagla Deewana,"Yamla Pagla Deewana"" (Remix)","Laxmikant–Pyarelal, Anu Malik, Sandesh Shandilya, Nouman Javaid, RDB, Rahul B. Seth","Vishal Mishra, Jordi Patel, Disha Sharma, Akash Ojha, REKHA, Dharmendra, Shatrughan Sinha, Salman Khan & Sonakshi Sinha","Dharmendra, Sunny Deol, Bobby Deol, Kulraj Randhawa, Anupam Kher, Nafisa Ali, Puneet Issar, Mukul Dev, Johny Lever, Madhuri Bhattacharya",2011
Yamla Pagla Deewana,"Charha De Rang"" (Version 2)","Laxmikant–Pyarelal, Anu Malik, Sandesh Shandilya, Nouman Javaid, RDB, Rahul B. Seth","Ali Pervez Mehdi, Shweta Pandit, Mahalakshmi Iyer & Rahul B. Seth","Dharmendra, Sunny Deol, Bobby Deol, Kulraj Randhawa, Anupam Kher, Nafisa Ali, Puneet Issar, Mukul Dev, Johny Lever, Madhuri Bhattacharya",2011
Yamla Pagla Deewana,"Charha De Rang"" (Pervez Adlib Version)","Laxmikant–Pyarelal, Anu Malik, Sandesh Shandilya, Nouman Javaid, RDB, Rahul B. Seth",Ali Pervez Mehdi,"Dharmendra, Sunny Deol, Bobby Deol, Kulraj Randhawa, Anupam Kher, Nafisa Ali, Puneet Issar, Mukul Dev, Johny Lever, Madhuri Bhattacharya",2011
Yamla Pagla Deewana,"Charha De Rang"" (Rahat Adlib Version)","Laxmikant–Pyarelal, Anu Malik, Sandesh Shandilya, Nouman Javaid, RDB, Rahul B. Seth",Rahat Fateh Ali Khan,"Dharmendra, Sunny Deol, Bobby Deol, Kulraj Randhawa, Anupam Kher, Nafisa Ali, Puneet Issar, Mukul Dev, Johny Lever, Madhuri Bhattacharya",2011
Yamla Pagla Deewana,Gurbani,"Laxmikant–Pyarelal, Anu Malik, Sandesh Shandilya, Nouman Javaid, RDB, Rahul B. Seth",Shankar Ehsaan Loy & Daler Mehndi,"Dharmendra, Sunny Deol, Bobby Deol, Kulraj Randhawa, Anupam Kher, Nafisa Ali, Puneet Issar, Mukul Dev, Johny Lever, Madhuri Bhattacharya",2011
Dhobi Ghat,Stranger Lives,Gustavo Santaolalla,Lala Ayen,"Prateik Smita Patil, Monica Dogra, Aamir Khan, Kriti Malhotra, Danish Husain, Kitu Gidwani, Jehan Manekshaw, Ashok Varma, Sanjivani Oagle, Aasha Pawar",2010
Dhobi Ghat,You With Me,Gustavo Santaolalla,GIVĒON,"Prateik Smita Patil, Monica Dogra, Aamir Khan, Kriti Malhotra, Danish Husain, Kitu Gidwani, Jehan Manekshaw, Ashok Varma, Sanjivani Oagle, Aasha Pawar",2010
Dhobi Ghat,Ghat Kaisi,Gustavo Santaolalla,Not Found,"Prateik Smita Patil, Monica Dogra, Aamir Khan, Kriti Malhotra, Danish Husain, Kitu Gidwani, Jehan Manekshaw, Ashok Varma, Sanjivani Oagle, Aasha Pawar",2010
Yeh Saali Zindagi,Dil Dar Ba Dar,"Nishat Khan, Abhishek Ray",Shilpa Rao & Javed Ali,"Irrfan Khan, Aditi Rao Hydari, Chitrangada Singh, Arunoday Singh, Saurabh Shukla, Yashpal Sharma, Sushant Singh, Vipul Gupta, Nassar Abdulla",2011
Yeh Saali Zindagi,Ishq Tere Jalwe,"Nishat Khan, Abhishek Ray",Shilpa Rao & Javed Ali,"Irrfan Khan, Aditi Rao Hydari, Chitrangada Singh, Arunoday Singh, Saurabh Shukla, Yashpal Sharma, Sushant Singh, Vipul Gupta, Nassar Abdulla",2011
Yeh Saali Zindagi,Kaise Kahein Alvida,"Nishat Khan, Abhishek Ray",Javed Ali,"Irrfan Khan, Aditi Rao Hydari, Chitrangada Singh, Arunoday Singh, Saurabh Shukla, Yashpal Sharma, Sushant Singh, Vipul Gupta, Nassar Abdulla",2011
Yeh Saali Zindagi,Sararara,"Nishat Khan, Abhishek Ray",Sukhwinder Singh,"Irrfan Khan, Aditi Rao Hydari, Chitrangada Singh, Arunoday Singh, Saurabh Shukla, Yashpal Sharma, Sushant Singh, Vipul Gupta, Nassar Abdulla",2011
Yeh Saali Zindagi,Sararara,"Nishat Khan, Abhishek Ray",Sukhwinder Singh,"Irrfan Khan, Aditi Rao Hydari, Chitrangada Singh, Arunoday Singh, Saurabh Shukla, Yashpal Sharma, Sushant Singh, Vipul Gupta, Nassar Abdulla",2011
Yeh Saali Zindagi,Yeh Saali Zindagi,"Nishat Khan, Abhishek Ray","Sunidhi Chauhan, Kunal Ganjawala & Shilpa Rao","Irrfan Khan, Aditi Rao Hydari, Chitrangada Singh, Arunoday Singh, Saurabh Shukla, Yashpal Sharma, Sushant Singh, Vipul Gupta, Nassar Abdulla",2011
Yeh Saali Zindagi,Yeh Saali Zindagi (Bonus Song),"Nishat Khan, Abhishek Ray",Abhishek Ray,"Irrfan Khan, Aditi Rao Hydari, Chitrangada Singh, Arunoday Singh, Saurabh Shukla, Yashpal Sharma, Sushant Singh, Vipul Gupta, Nassar Abdulla",2011
Yeh Saali Zindagi,Yeh Saali Zindagi (Female Version),"Nishat Khan, Abhishek Ray","Sunidhi Chauhan, Kunal Ganjawala & Shilpa Rao","Irrfan Khan, Aditi Rao Hydari, Chitrangada Singh, Arunoday Singh, Saurabh Shukla, Yashpal Sharma, Sushant Singh, Vipul Gupta, Nassar Abdulla",2011
Patiala House,Laung Da Lashkara,Shankar–Ehsaan–Loy,"Mahalakshmi Iyer, Hard Kaur & Jasbir Jassi","Akshay Kumar, Anushka Sharma, Rishi Kapoor, Dimple Kapadia, Masha Paur, Soni Razdan, Neelu Kohli, Hard Kaur, Tinnu Anand, Nasser Hussain",2011
Patiala House,Kyun Main Jagoon,Shankar–Ehsaan–Loy,Shafqat Amanat Ali,"Akshay Kumar, Anushka Sharma, Rishi Kapoor, Dimple Kapadia, Masha Paur, Soni Razdan, Neelu Kohli, Hard Kaur, Tinnu Anand, Nasser Hussain",2011
Patiala House,Rola Pe Gaya,Shankar–Ehsaan–Loy,"Mahalakshmi Iyer, Hard Kaur, Shankar Mahadevan, Earl & Master Saleem","Akshay Kumar, Anushka Sharma, Rishi Kapoor, Dimple Kapadia, Masha Paur, Soni Razdan, Neelu Kohli, Hard Kaur, Tinnu Anand, Nasser Hussain",2011
Patiala House,Aadat Hai Woh,Shankar–Ehsaan–Loy,"Roop Kumar Rathod, Sayeed Quadri, Mithoon, Naresh Sharma & Atif Aslam","Akshay Kumar, Anushka Sharma, Rishi Kapoor, Dimple Kapadia, Masha Paur, Soni Razdan, Neelu Kohli, Hard Kaur, Tinnu Anand, Nasser Hussain",2011
Patiala House,Baby When You Talk To Me,Shankar–Ehsaan–Loy,Suraj Jagan & Alyssa Mendonsa,"Akshay Kumar, Anushka Sharma, Rishi Kapoor, Dimple Kapadia, Masha Paur, Soni Razdan, Neelu Kohli, Hard Kaur, Tinnu Anand, Nasser Hussain",2011
Patiala House,Tumba Tumba,Shankar–Ehsaan–Loy,Hans Raj Hans,"Akshay Kumar, Anushka Sharma, Rishi Kapoor, Dimple Kapadia, Masha Paur, Soni Razdan, Neelu Kohli, Hard Kaur, Tinnu Anand, Nasser Hussain",2011
Patiala House,Aval Allah,Shankar–Ehsaan–Loy,Richa Sharma,"Akshay Kumar, Anushka Sharma, Rishi Kapoor, Dimple Kapadia, Masha Paur, Soni Razdan, Neelu Kohli, Hard Kaur, Tinnu Anand, Nasser Hussain",2011
Patiala House,"Kyun Main Jaagoon"" (Unplugged)",Shankar–Ehsaan–Loy,Shafqat Amanat Ali,"Akshay Kumar, Anushka Sharma, Rishi Kapoor, Dimple Kapadia, Masha Paur, Soni Razdan, Neelu Kohli, Hard Kaur, Tinnu Anand, Nasser Hussain",2011
Patiala House,"Kyun Main Jagoon"" (Remix)",Shankar–Ehsaan–Loy,Shafqat Amanat Ali,"Akshay Kumar, Anushka Sharma, Rishi Kapoor, Dimple Kapadia, Masha Paur, Soni Razdan, Neelu Kohli, Hard Kaur, Tinnu Anand, Nasser Hussain",2011
Patiala House,"Role Pe Gaya"" (Remix)",Shankar–Ehsaan–Loy,"Pritam, Arijit Singh, Swanand Kirkire & IP Singh","Akshay Kumar, Anushka Sharma, Rishi Kapoor, Dimple Kapadia, Masha Paur, Soni Razdan, Neelu Kohli, Hard Kaur, Tinnu Anand, Nasser Hussain",2011
Patiala House,"Baby When You Talk To Me"" (Remix)",Shankar–Ehsaan–Loy,"Suraj Jagan, Alyssa Mendonsa & Andrew T Mackay","Akshay Kumar, Anushka Sharma, Rishi Kapoor, Dimple Kapadia, Masha Paur, Soni Razdan, Neelu Kohli, Hard Kaur, Tinnu Anand, Nasser Hussain",2011
Patiala House,"Laung Da Lashkara"" (Remix)",Shankar–Ehsaan–Loy,"Mahalakshmi Iyer, Hard Kaur & Jasbir Jassi","Akshay Kumar, Anushka Sharma, Rishi Kapoor, Dimple Kapadia, Masha Paur, Soni Razdan, Neelu Kohli, Hard Kaur, Tinnu Anand, Nasser Hussain",2011
7 Khoon Maaf,Darling,Vishal Bhardwaj,"Usha Uthup, Rekha Bhardwaj & Vishal Bhardwaj","Priyanka Chopra Jonas, Vivaan Shah, Konkona Sen Sharma, Neil Nitin Mukesh, Usha Uthup, Harish Khanna, Ayush Tandon, John Abraham, Annu Kapoor, Irrfan Khan",2011
7 Khoon Maaf,Bekaraan,Vishal Bhardwaj,Vishal Bhardwaj,"Priyanka Chopra Jonas, Vivaan Shah, Konkona Sen Sharma, Neil Nitin Mukesh, Usha Uthup, Harish Khanna, Ayush Tandon, John Abraham, Annu Kapoor, Irrfan Khan",2011
7 Khoon Maaf,O' Mama,Vishal Bhardwaj,KK & Vishal Bhardwaj,"Priyanka Chopra Jonas, Vivaan Shah, Konkona Sen Sharma, Neil Nitin Mukesh, Usha Uthup, Harish Khanna, Ayush Tandon, John Abraham, Annu Kapoor, Irrfan Khan",2011
7 Khoon Maaf,Awaara,Vishal Bhardwaj,Altamash Faridi & Saim Bhat,"Priyanka Chopra Jonas, Vivaan Shah, Konkona Sen Sharma, Neil Nitin Mukesh, Usha Uthup, Harish Khanna, Ayush Tandon, John Abraham, Annu Kapoor, Irrfan Khan",2011
7 Khoon Maaf,Tere Liye,Vishal Bhardwaj,Atif Aslam & Shreya Ghoshal,"Priyanka Chopra Jonas, Vivaan Shah, Konkona Sen Sharma, Neil Nitin Mukesh, Usha Uthup, Harish Khanna, Ayush Tandon, John Abraham, Annu Kapoor, Irrfan Khan",2011
7 Khoon Maaf,Dil Dil Hai,Vishal Bhardwaj,Kaushik-Guddu & Raghav Chaitanya,"Priyanka Chopra Jonas, Vivaan Shah, Konkona Sen Sharma, Neil Nitin Mukesh, Usha Uthup, Harish Khanna, Ayush Tandon, John Abraham, Annu Kapoor, Irrfan Khan",2011
7 Khoon Maaf,Yeshu,Vishal Bhardwaj,"Jubin Nautiyal, Neeti Mohan, Rochak Kohli & Nusrat Fateh Ali Khan","Priyanka Chopra Jonas, Vivaan Shah, Konkona Sen Sharma, Neil Nitin Mukesh, Usha Uthup, Harish Khanna, Ayush Tandon, John Abraham, Annu Kapoor, Irrfan Khan",2011
7 Khoon Maaf,Doosri Darling,Vishal Bhardwaj,"Usha Uthup, Rekha Bhardwaj, Clinton Cerejo, Francois Castellino & Vishal Bhardwaj","Priyanka Chopra Jonas, Vivaan Shah, Konkona Sen Sharma, Neil Nitin Mukesh, Usha Uthup, Harish Khanna, Ayush Tandon, John Abraham, Annu Kapoor, Irrfan Khan",2011
7 Khoon Maaf,O' Mama (Acoustic),Vishal Bhardwaj,KK & Vishal Bhardwaj,"Priyanka Chopra Jonas, Vivaan Shah, Konkona Sen Sharma, Neil Nitin Mukesh, Usha Uthup, Harish Khanna, Ayush Tandon, John Abraham, Annu Kapoor, Irrfan Khan",2011
Tanu Weds Manu,Banno,Songs:Krsna SoloTanishk-Vayu(Tanishk Bagchi)Background Score:Krsna Solo,"Tanishk-Vayu, Brijesh Shandliya & Swati Sharma","R. Madhavan, Kangana Ranaut, Jimmy Shergill, Eijaz Khan, Deepak Dobriyal, Swara Bhasker, K.K. Raina, Rajendra Gupta, Navni Parihar, Neha Kaul",2011
Tanu Weds Manu,Move On,Songs:Krsna SoloTanishk-Vayu(Tanishk Bagchi)Background Score:Krsna Solo,"Adam Port, Stryv & Malachiii","R. Madhavan, Kangana Ranaut, Jimmy Shergill, Eijaz Khan, Deepak Dobriyal, Swara Bhasker, K.K. Raina, Rajendra Gupta, Navni Parihar, Neha Kaul",2011
Tanu Weds Manu,Mat Ja Re,Songs:Krsna SoloTanishk-Vayu(Tanishk Bagchi)Background Score:Krsna Solo,Krsna Solo & Ankit Tiwari,"R. Madhavan, Kangana Ranaut, Jimmy Shergill, Eijaz Khan, Deepak Dobriyal, Swara Bhasker, K.K. Raina, Rajendra Gupta, Navni Parihar, Neha Kaul",2011
Tanu Weds Manu,Ghani Bawri,Songs:Krsna SoloTanishk-Vayu(Tanishk Bagchi)Background Score:Krsna Solo,Krsna Solo & Jyoti Nooran,"R. Madhavan, Kangana Ranaut, Jimmy Shergill, Eijaz Khan, Deepak Dobriyal, Swara Bhasker, K.K. Raina, Rajendra Gupta, Navni Parihar, Neha Kaul",2011
Tanu Weds Manu,Old School Girl,Songs:Krsna SoloTanishk-Vayu(Tanishk Bagchi)Background Score:Krsna Solo,Krsna Solo & Anmol Malik,"R. Madhavan, Kangana Ranaut, Jimmy Shergill, Eijaz Khan, Deepak Dobriyal, Swara Bhasker, K.K. Raina, Rajendra Gupta, Navni Parihar, Neha Kaul",2011
Tanu Weds Manu,"Old School Girl"" (Haryanvi)",Songs:Krsna SoloTanishk-Vayu(Tanishk Bagchi)Background Score:Krsna Solo,Krsna Solo & Kalpana Gandharv,"R. Madhavan, Kangana Ranaut, Jimmy Shergill, Eijaz Khan, Deepak Dobriyal, Swara Bhasker, K.K. Raina, Rajendra Gupta, Navni Parihar, Neha Kaul",2011
Tanu Weds Manu,Ho Gaya Hai Pyar,Songs:Krsna SoloTanishk-Vayu(Tanishk Bagchi)Background Score:Krsna Solo,Error,"R. Madhavan, Kangana Ranaut, Jimmy Shergill, Eijaz Khan, Deepak Dobriyal, Swara Bhasker, K.K. Raina, Rajendra Gupta, Navni Parihar, Neha Kaul",2011
Tanu Weds Manu,O Sathi Mere,Songs:Krsna SoloTanishk-Vayu(Tanishk Bagchi)Background Score:Krsna Solo,Krsna Solo & Sonu Nigam,"R. Madhavan, Kangana Ranaut, Jimmy Shergill, Eijaz Khan, Deepak Dobriyal, Swara Bhasker, K.K. Raina, Rajendra Gupta, Navni Parihar, Neha Kaul",2011
Tanu Weds Manu,"Ghani Bawri"" (Remix)",Songs:Krsna SoloTanishk-Vayu(Tanishk Bagchi)Background Score:Krsna Solo,Krsna Solo & Jyoti Nooran,"R. Madhavan, Kangana Ranaut, Jimmy Shergill, Eijaz Khan, Deepak Dobriyal, Swara Bhasker, K.K. Raina, Rajendra Gupta, Navni Parihar, Neha Kaul",2011
Tanu Weds Manu,Mari Gali,Songs:Krsna SoloTanishk-Vayu(Tanishk Bagchi)Background Score:Krsna Solo,"NS Chauhan, Dilbag Singh & Surj Rdb","R. Madhavan, Kangana Ranaut, Jimmy Shergill, Eijaz Khan, Deepak Dobriyal, Swara Bhasker, K.K. Raina, Rajendra Gupta, Navni Parihar, Neha Kaul",2011
Tanu Weds Manu,Tanu Weds Manu Returns Mashup,Songs:Krsna SoloTanishk-Vayu(Tanishk Bagchi)Background Score:Krsna Solo,"Krsna Solo, Tanishk-Vayu, Ankit Tiwari, Jyoti Nooran, Brijesh Shandliya, Swati Sharma & DJ Kiran Kamath","R. Madhavan, Kangana Ranaut, Jimmy Shergill, Eijaz Khan, Deepak Dobriyal, Swara Bhasker, K.K. Raina, Rajendra Gupta, Navni Parihar, Neha Kaul",2011
F.A.L.T.U,Le Jaa Tu Mujhe,Sachin–Jigar,Atif Aslam & Sachin-Jigar,"Arshad Warsi, Riteish Deshmukh, Jacky Bhagnani, Puja Gupta, Chandan Roy Sanyal, Angad Bedi, Akbar Khan, Darshan Jariwala, Mahesh Thakur, Vijay Kashyap",2011
F.A.L.T.U,Char Baj Gaye,Sachin–Jigar,Hard Kaur & Sachin-Jigar,"Arshad Warsi, Riteish Deshmukh, Jacky Bhagnani, Puja Gupta, Chandan Roy Sanyal, Angad Bedi, Akbar Khan, Darshan Jariwala, Mahesh Thakur, Vijay Kashyap",2011
F.A.L.T.U,Rab Sab Se Sona,Sachin–Jigar,"Anuradha Sriram, Sujatha, A.R. Rahman & Sonu Nigam","Arshad Warsi, Riteish Deshmukh, Jacky Bhagnani, Puja Gupta, Chandan Roy Sanyal, Angad Bedi, Akbar Khan, Darshan Jariwala, Mahesh Thakur, Vijay Kashyap",2011
F.A.L.T.U,Awaaz,Sachin–Jigar,"Neuman Pinto, Jigar Saraiya & Sachin-Jigar","Arshad Warsi, Riteish Deshmukh, Jacky Bhagnani, Puja Gupta, Chandan Roy Sanyal, Angad Bedi, Akbar Khan, Darshan Jariwala, Mahesh Thakur, Vijay Kashyap",2011
F.A.L.T.U,Faltu,Sachin–Jigar,Mika Singh & Sachin-Jigar,"Arshad Warsi, Riteish Deshmukh, Jacky Bhagnani, Puja Gupta, Chandan Roy Sanyal, Angad Bedi, Akbar Khan, Darshan Jariwala, Mahesh Thakur, Vijay Kashyap",2011
F.A.L.T.U,Gale Laga Le,Sachin–Jigar,"Vijay Prakash, Priya Panchal & Sachin-Jigar","Arshad Warsi, Riteish Deshmukh, Jacky Bhagnani, Puja Gupta, Chandan Roy Sanyal, Angad Bedi, Akbar Khan, Darshan Jariwala, Mahesh Thakur, Vijay Kashyap",2011
F.A.L.T.U,Nayee Subah,Sachin–Jigar,Not Found,"Arshad Warsi, Riteish Deshmukh, Jacky Bhagnani, Puja Gupta, Chandan Roy Sanyal, Angad Bedi, Akbar Khan, Darshan Jariwala, Mahesh Thakur, Vijay Kashyap",2011
F.A.L.T.U,O Teri,Sachin–Jigar,Rajiv Bhalla,"Arshad Warsi, Riteish Deshmukh, Jacky Bhagnani, Puja Gupta, Chandan Roy Sanyal, Angad Bedi, Akbar Khan, Darshan Jariwala, Mahesh Thakur, Vijay Kashyap",2011
F.A.L.T.U,Percentage,Sachin–Jigar,Neuman Pinto & Sachin-Jigar,"Arshad Warsi, Riteish Deshmukh, Jacky Bhagnani, Puja Gupta, Chandan Roy Sanyal, Angad Bedi, Akbar Khan, Darshan Jariwala, Mahesh Thakur, Vijay Kashyap",2011
F.A.L.T.U,Beh Chala,Sachin–Jigar,Neeraj Shridhar & Sachin-Jigar,"Arshad Warsi, Riteish Deshmukh, Jacky Bhagnani, Puja Gupta, Chandan Roy Sanyal, Angad Bedi, Akbar Khan, Darshan Jariwala, Mahesh Thakur, Vijay Kashyap",2011
F.A.L.T.U,Bhoot,Sachin–Jigar,Ashim Kemson,"Arshad Warsi, Riteish Deshmukh, Jacky Bhagnani, Puja Gupta, Chandan Roy Sanyal, Angad Bedi, Akbar Khan, Darshan Jariwala, Mahesh Thakur, Vijay Kashyap",2011
Thank You,Pyaar Do Pyaar Lo,Pritam,Pritam & Mika Singh,"Akshay Kumar, Bobby Deol, Irrfan Khan, Suniel Shetty, Sonam Kapoor Ahuja, Rimi Sen, Celina Jaitly, Mukesh Tiwari, Smita Jaykar, Rakhee Tandon",2011
Thank You,Razia,Pritam,"Pritam, Master Saleem & Ritu Pathak","Akshay Kumar, Bobby Deol, Irrfan Khan, Suniel Shetty, Sonam Kapoor Ahuja, Rimi Sen, Celina Jaitly, Mukesh Tiwari, Smita Jaykar, Rakhee Tandon",2011
Thank You,Full Volume,Pritam,"Vishal & Shekhar, Benny Dayal & Neeti Mohan","Akshay Kumar, Bobby Deol, Irrfan Khan, Suniel Shetty, Sonam Kapoor Ahuja, Rimi Sen, Celina Jaitly, Mukesh Tiwari, Smita Jaykar, Rakhee Tandon",2011
Thank You,My Heart Is Beating,Pritam,Preeti Sagar,"Akshay Kumar, Bobby Deol, Irrfan Khan, Suniel Shetty, Sonam Kapoor Ahuja, Rimi Sen, Celina Jaitly, Mukesh Tiwari, Smita Jaykar, Rakhee Tandon",2011
Thank You,Pyaar Mein,Pritam,Zack Knight,"Akshay Kumar, Bobby Deol, Irrfan Khan, Suniel Shetty, Sonam Kapoor Ahuja, Rimi Sen, Celina Jaitly, Mukesh Tiwari, Smita Jaykar, Rakhee Tandon",2011
Thank You,Haan Har Ghadi,Pritam,Shafqat Amanat Ali & Pritam,"Akshay Kumar, Bobby Deol, Irrfan Khan, Suniel Shetty, Sonam Kapoor Ahuja, Rimi Sen, Celina Jaitly, Mukesh Tiwari, Smita Jaykar, Rakhee Tandon",2011
Thank You,Khushiyan Da Mela,Pritam,Not Found,"Akshay Kumar, Bobby Deol, Irrfan Khan, Suniel Shetty, Sonam Kapoor Ahuja, Rimi Sen, Celina Jaitly, Mukesh Tiwari, Smita Jaykar, Rakhee Tandon",2011
Thank You,"Pyaar Do Pyaar Lo"" (Remix by Abhijit Vaghani)",Pritam,"Pritam, Mika Singh & Abhijit Vaghani","Akshay Kumar, Bobby Deol, Irrfan Khan, Suniel Shetty, Sonam Kapoor Ahuja, Rimi Sen, Celina Jaitly, Mukesh Tiwari, Smita Jaykar, Rakhee Tandon",2011
Thank You,"Razia"" (Remix by Abhijit Vaghani)",Pritam,"Pritam, Master Saleem, Ritu Pathak & Abhijit Vaghani","Akshay Kumar, Bobby Deol, Irrfan Khan, Suniel Shetty, Sonam Kapoor Ahuja, Rimi Sen, Celina Jaitly, Mukesh Tiwari, Smita Jaykar, Rakhee Tandon",2011
Thank You,"Full Volume"" (Remix by Harry Anand)",Pritam,"Pritam, Neeraj Shridhar, Richa Sharma & Harry Anand","Akshay Kumar, Bobby Deol, Irrfan Khan, Suniel Shetty, Sonam Kapoor Ahuja, Rimi Sen, Celina Jaitly, Mukesh Tiwari, Smita Jaykar, Rakhee Tandon",2011
Thank You,"My Heart Is Beating"" (Remix by Harry Anand)",Pritam,"Pritam, Sonu Nigam & Harry Anand","Akshay Kumar, Bobby Deol, Irrfan Khan, Suniel Shetty, Sonam Kapoor Ahuja, Rimi Sen, Celina Jaitly, Mukesh Tiwari, Smita Jaykar, Rakhee Tandon",2011
Dum Maaro Dum,Jaana Hai,Pritam,Models,"Abhishek Bachchan, Bipasha Basu, Rana Daggubati, Prateik Smita Patil, Aditya Pancholi, Anaitha Nair, Govind Namdeo, Vidya Balan, Gulshan Devaiah, Deepika Padukone",2011
Dum Maaro Dum,Jiyein Kyun,Pritam,Axonn,"Abhishek Bachchan, Bipasha Basu, Rana Daggubati, Prateik Smita Patil, Aditya Pancholi, Anaitha Nair, Govind Namdeo, Vidya Balan, Gulshan Devaiah, Deepika Padukone",2011
Dum Maaro Dum,Mit Jaaye Gham (Dum Maaro Dum),Pritam,Pritam & Anushka Manchanda,"Abhishek Bachchan, Bipasha Basu, Rana Daggubati, Prateik Smita Patil, Aditya Pancholi, Anaitha Nair, Govind Namdeo, Vidya Balan, Gulshan Devaiah, Deepika Padukone",2011
Dum Maaro Dum,"Te Amo"" (Duet)",Pritam,"Pritam, Ash King & Sunidhi Chauhan","Abhishek Bachchan, Bipasha Basu, Rana Daggubati, Prateik Smita Patil, Aditya Pancholi, Anaitha Nair, Govind Namdeo, Vidya Balan, Gulshan Devaiah, Deepika Padukone",2011
Dum Maaro Dum,"Te Amo"" (Female)",Pritam,Banda Los Sebastianes De Saúl Plata,"Abhishek Bachchan, Bipasha Basu, Rana Daggubati, Prateik Smita Patil, Aditya Pancholi, Anaitha Nair, Govind Namdeo, Vidya Balan, Gulshan Devaiah, Deepika Padukone",2011
Dum Maaro Dum,"Te Amo"" (Reprise)",Pritam,Pritam & Mohit Chauhan,"Abhishek Bachchan, Bipasha Basu, Rana Daggubati, Prateik Smita Patil, Aditya Pancholi, Anaitha Nair, Govind Namdeo, Vidya Balan, Gulshan Devaiah, Deepika Padukone",2011
Dum Maaro Dum,Thayn Thayn,Pritam,"Pritam, Abhishek Bachchan, Ayush Phukan & Earl","Abhishek Bachchan, Bipasha Basu, Rana Daggubati, Prateik Smita Patil, Aditya Pancholi, Anaitha Nair, Govind Namdeo, Vidya Balan, Gulshan Devaiah, Deepika Padukone",2011
Dum Maaro Dum,"Te Amo"" (Remix)",Pritam,"Pritam, Ash King & Sunidhi Chauhan","Abhishek Bachchan, Bipasha Basu, Rana Daggubati, Prateik Smita Patil, Aditya Pancholi, Anaitha Nair, Govind Namdeo, Vidya Balan, Gulshan Devaiah, Deepika Padukone",2011
Shor in the City,Saibo,"Sachin–Jigar, Harpreet, Background Score:, Roshan Machado","VIBIE, Sachin-Jigar, Shreya Ghoshal, Tochi Raina & Bollywood Lofi","Sundeep Kishan, Tusshar Kapoor, Sendhil Ramamurthy, Nikhil Dwivedi, Preeti Desai, Radhika Apte, Girija Oak, Pitobash, Amit Mistry",2011
Shor in the City,Karma Is a Bitch,"Sachin–Jigar, Harpreet, Background Score:, Roshan Machado","Suraj Jagan, Priya Panchal, Swati Mukund & Sachin-Jigar","Sundeep Kishan, Tusshar Kapoor, Sendhil Ramamurthy, Nikhil Dwivedi, Preeti Desai, Radhika Apte, Girija Oak, Pitobash, Amit Mistry",2011
Shor in the City,Shor,"Sachin–Jigar, Harpreet, Background Score:, Roshan Machado",Adele,"Sundeep Kishan, Tusshar Kapoor, Sendhil Ramamurthy, Nikhil Dwivedi, Preeti Desai, Radhika Apte, Girija Oak, Pitobash, Amit Mistry",2011
Shor in the City,Deem Deem,"Sachin–Jigar, Harpreet, Background Score:, Roshan Machado",Asha Bhosle,"Sundeep Kishan, Tusshar Kapoor, Sendhil Ramamurthy, Nikhil Dwivedi, Preeti Desai, Radhika Apte, Girija Oak, Pitobash, Amit Mistry",2011
Shor in the City,"Saibo"" (Remixed by DJ Suketu featuring PaVaN)","Sachin–Jigar, Harpreet, Background Score:, Roshan Machado",Not Found,"Sundeep Kishan, Tusshar Kapoor, Sendhil Ramamurthy, Nikhil Dwivedi, Preeti Desai, Radhika Apte, Girija Oak, Pitobash, Amit Mistry",2011
I Am,Baangur,"Amit Trivedi, Vivek Phillip, Rajiv Bhalla","Mame Khan, Kavita Seth & Amit Trivedi","Rahul Bose, Nandita Das, Juhi Chawla Mehta, Sanjay Suri, Manisha Koirala, Arjun Mathur, Radhika Apte, Purab Kohli, Anurag Basu, Manav Kaul",2011
I Am,Issi Baat Pe (Agar Zindagi),"Amit Trivedi, Vivek Phillip, Rajiv Bhalla",Not Found,"Rahul Bose, Nandita Das, Juhi Chawla Mehta, Sanjay Suri, Manisha Koirala, Arjun Mathur, Radhika Apte, Purab Kohli, Anurag Basu, Manav Kaul",2011
I Am,Bhojhal Se,"Amit Trivedi, Vivek Phillip, Rajiv Bhalla",KK & Rajiiv Bhalla,"Rahul Bose, Nandita Das, Juhi Chawla Mehta, Sanjay Suri, Manisha Koirala, Arjun Mathur, Radhika Apte, Purab Kohli, Anurag Basu, Manav Kaul",2011
I Am,Aankhein,"Amit Trivedi, Vivek Phillip, Rajiv Bhalla",Karthik & Vivek Philip,"Rahul Bose, Nandita Das, Juhi Chawla Mehta, Sanjay Suri, Manisha Koirala, Arjun Mathur, Radhika Apte, Purab Kohli, Anurag Basu, Manav Kaul",2011
I Am,Saye Saye,"Amit Trivedi, Vivek Phillip, Rajiv Bhalla","Mohan, Amit Trivedi & Rekha Bhardwaj","Rahul Bose, Nandita Das, Juhi Chawla Mehta, Sanjay Suri, Manisha Koirala, Arjun Mathur, Radhika Apte, Purab Kohli, Anurag Basu, Manav Kaul",2011
I Am,Wundoo Yeredoo,"Amit Trivedi, Vivek Phillip, Rajiv Bhalla",Rajiiv Bhalla,"Rahul Bose, Nandita Das, Juhi Chawla Mehta, Sanjay Suri, Manisha Koirala, Arjun Mathur, Radhika Apte, Purab Kohli, Anurag Basu, Manav Kaul",2011
I Am,"Bhojhal Se"" (Remix)","Amit Trivedi, Vivek Phillip, Rajiv Bhalla","KK, Paroma Das Gupta & Rajiiv Bhalla","Rahul Bose, Nandita Das, Juhi Chawla Mehta, Sanjay Suri, Manisha Koirala, Arjun Mathur, Radhika Apte, Purab Kohli, Anurag Basu, Manav Kaul",2011
I Am,"Issi Baat Pe"" (The Bombay Bounce Club Mix)","Amit Trivedi, Vivek Phillip, Rajiv Bhalla",KK & Amit Trivedi,"Rahul Bose, Nandita Das, Juhi Chawla Mehta, Sanjay Suri, Manisha Koirala, Arjun Mathur, Radhika Apte, Purab Kohli, Anurag Basu, Manav Kaul",2011
I Am,"Baangur"" (Remix by DJ Suketu feat PaVaN)","Amit Trivedi, Vivek Phillip, Rajiv Bhalla",Not Found,"Rahul Bose, Nandita Das, Juhi Chawla Mehta, Sanjay Suri, Manisha Koirala, Arjun Mathur, Radhika Apte, Purab Kohli, Anurag Basu, Manav Kaul",2011
Stanley Ka Dabba,Dabba!,"Hitesh Sonik, Amole Gupte",Sukhwinder Singh,"Partho A. Gupte, Amole Gupte, Divya Dutta, Raj Zutshi, Walter D'Souza, Leo Crasto, Faraz Ansari, Vidyut Jammwal",2011
Stanley Ka Dabba,Jhoola Jhool,"Hitesh Sonik, Amole Gupte",Hamsika Iyer,"Partho A. Gupte, Amole Gupte, Divya Dutta, Raj Zutshi, Walter D'Souza, Leo Crasto, Faraz Ansari, Vidyut Jammwal",2011
Stanley Ka Dabba,Life Bahot Simple Hai,"Hitesh Sonik, Amole Gupte",Shaan,"Partho A. Gupte, Amole Gupte, Divya Dutta, Raj Zutshi, Walter D'Souza, Leo Crasto, Faraz Ansari, Vidyut Jammwal",2011
Stanley Ka Dabba,Nanhi Si Jaan,"Hitesh Sonik, Amole Gupte",Shankar Mahadevan,"Partho A. Gupte, Amole Gupte, Divya Dutta, Raj Zutshi, Walter D'Souza, Leo Crasto, Faraz Ansari, Vidyut Jammwal",2011
Stanley Ka Dabba,Tere Andar Bhi Kahin,"Hitesh Sonik, Amole Gupte",Vishal Dadlani,"Partho A. Gupte, Amole Gupte, Divya Dutta, Raj Zutshi, Walter D'Souza, Leo Crasto, Faraz Ansari, Vidyut Jammwal",2011
Stanley Ka Dabba,Tere Andar Bhi Kahin – Aditya Rox,"Hitesh Sonik, Amole Gupte",Aditya Chakravarty,"Partho A. Gupte, Amole Gupte, Divya Dutta, Raj Zutshi, Walter D'Souza, Leo Crasto, Faraz Ansari, Vidyut Jammwal",2011
Stanley Ka Dabba,Thirsty – Stanley's Theme,"Hitesh Sonik, Amole Gupte",Hitesh Sonik,"Partho A. Gupte, Amole Gupte, Divya Dutta, Raj Zutshi, Walter D'Souza, Leo Crasto, Faraz Ansari, Vidyut Jammwal",2011
Pyaar Ka Punchnama,"""Life Sahi Hai""Singers :-Benny Dayal,Vishal Dadlani,KK, Sid Cuotto; Composer :-Clinton Cerejo","Clinton Cerejo, Hitesh Sonik, Luv Ranjan, AD Boyz",Not Found,"Kartik Aaryan, Raayo S. Bakhirta, Divyendu Sharma, Nushrratt Bharuccha, Sonnalli Seygall, Ishita Raj Sharma, Ranjit Batra, Padam Bhola, Karthik Chauhan, Ravjeet Singh",2011
Pyaar Ka Punchnama,"Singers :-Benny Dayal,Vishal Dadlani,KK, Sid Cuotto; Composer :-Clinton Cerejo","Clinton Cerejo, Hitesh Sonik, Luv Ranjan, AD Boyz",Not Found,"Kartik Aaryan, Raayo S. Bakhirta, Divyendu Sharma, Nushrratt Bharuccha, Sonnalli Seygall, Ishita Raj Sharma, Ranjit Batra, Padam Bhola, Karthik Chauhan, Ravjeet Singh",2011
Pyaar Ka Punchnama,"""Chak Glassy""Singer :-Suzanne D'Mello; Composer :- AD Boyz","Clinton Cerejo, Hitesh Sonik, Luv Ranjan, AD Boyz",Not Found,"Kartik Aaryan, Raayo S. Bakhirta, Divyendu Sharma, Nushrratt Bharuccha, Sonnalli Seygall, Ishita Raj Sharma, Ranjit Batra, Padam Bhola, Karthik Chauhan, Ravjeet Singh",2011
Pyaar Ka Punchnama,Singer :-Suzanne D'Mello; Composer :- AD Boyz,"Clinton Cerejo, Hitesh Sonik, Luv Ranjan, AD Boyz",Ad Boyz & Suzanne D'Mello,"Kartik Aaryan, Raayo S. Bakhirta, Divyendu Sharma, Nushrratt Bharuccha, Sonnalli Seygall, Ishita Raj Sharma, Ranjit Batra, Padam Bhola, Karthik Chauhan, Ravjeet Singh",2011
Pyaar Ka Punchnama,"""Baawre""Singer :-Clinton Cerejo; Composer :- Hitesh Sonik","Clinton Cerejo, Hitesh Sonik, Luv Ranjan, AD Boyz",Not Found,"Kartik Aaryan, Raayo S. Bakhirta, Divyendu Sharma, Nushrratt Bharuccha, Sonnalli Seygall, Ishita Raj Sharma, Ranjit Batra, Padam Bhola, Karthik Chauhan, Ravjeet Singh",2011
Pyaar Ka Punchnama,Singer :-Clinton Cerejo; Composer :- Hitesh Sonik,"Clinton Cerejo, Hitesh Sonik, Luv Ranjan, AD Boyz",Not Found,"Kartik Aaryan, Raayo S. Bakhirta, Divyendu Sharma, Nushrratt Bharuccha, Sonnalli Seygall, Ishita Raj Sharma, Ranjit Batra, Padam Bhola, Karthik Chauhan, Ravjeet Singh",2011
Pyaar Ka Punchnama,"""Koi Aa Raha""Singer :-Suraj Jagan; Composer :- Hitesh Sonik","Clinton Cerejo, Hitesh Sonik, Luv Ranjan, AD Boyz",Not Found,"Kartik Aaryan, Raayo S. Bakhirta, Divyendu Sharma, Nushrratt Bharuccha, Sonnalli Seygall, Ishita Raj Sharma, Ranjit Batra, Padam Bhola, Karthik Chauhan, Ravjeet Singh",2011
Pyaar Ka Punchnama,Singer :-Suraj Jagan; Composer :- Hitesh Sonik,"Clinton Cerejo, Hitesh Sonik, Luv Ranjan, AD Boyz",Not Found,"Kartik Aaryan, Raayo S. Bakhirta, Divyendu Sharma, Nushrratt Bharuccha, Sonnalli Seygall, Ishita Raj Sharma, Ranjit Batra, Padam Bhola, Karthik Chauhan, Ravjeet Singh",2011
Pyaar Ka Punchnama,"""Ban Gaya Kutta""Singer :-Mika Singh; Composer :- Luv Ranjan","Clinton Cerejo, Hitesh Sonik, Luv Ranjan, AD Boyz",Not Found,"Kartik Aaryan, Raayo S. Bakhirta, Divyendu Sharma, Nushrratt Bharuccha, Sonnalli Seygall, Ishita Raj Sharma, Ranjit Batra, Padam Bhola, Karthik Chauhan, Ravjeet Singh",2011
Pyaar Ka Punchnama,Singer :-Mika Singh; Composer :- Luv Ranjan,"Clinton Cerejo, Hitesh Sonik, Luv Ranjan, AD Boyz",Not Found,"Kartik Aaryan, Raayo S. Bakhirta, Divyendu Sharma, Nushrratt Bharuccha, Sonnalli Seygall, Ishita Raj Sharma, Ranjit Batra, Padam Bhola, Karthik Chauhan, Ravjeet Singh",2011
Pyaar Ka Punchnama,"""Ishq Na Kariyo Kaake""Singer :-Mika Singh; Composer :-Clinton Cerejo","Clinton Cerejo, Hitesh Sonik, Luv Ranjan, AD Boyz",Not Found,"Kartik Aaryan, Raayo S. Bakhirta, Divyendu Sharma, Nushrratt Bharuccha, Sonnalli Seygall, Ishita Raj Sharma, Ranjit Batra, Padam Bhola, Karthik Chauhan, Ravjeet Singh",2011
Pyaar Ka Punchnama,Singer :-Mika Singh; Composer :-Clinton Cerejo,"Clinton Cerejo, Hitesh Sonik, Luv Ranjan, AD Boyz",Not Found,"Kartik Aaryan, Raayo S. Bakhirta, Divyendu Sharma, Nushrratt Bharuccha, Sonnalli Seygall, Ishita Raj Sharma, Ranjit Batra, Padam Bhola, Karthik Chauhan, Ravjeet Singh",2011
Shaitan,Amy's Theme,"Prashant Pillai, Amar Mohile, Ranjit Barot, Anupam Roy, Bhayanak Maut, Mikey McCleary",Suzanne D'Mello,"Rajeev Khandelwal, Kalki Koechlin, Shiv Panditt, Neil Bhoopalam, Gulshan Devaiah, Kirti Kulhari, Rajit Kapoor, Rajat Barmecha, Shivani Tanksale, Nikhil Chinapa",2011
Shaitan,Fareeda,"Prashant Pillai, Amar Mohile, Ranjit Barot, Anupam Roy, Bhayanak Maut, Mikey McCleary",Suraj Jagan,"Rajeev Khandelwal, Kalki Koechlin, Shiv Panditt, Neil Bhoopalam, Gulshan Devaiah, Kirti Kulhari, Rajit Kapoor, Rajat Barmecha, Shivani Tanksale, Nikhil Chinapa",2011
Shaitan,Josh,"Prashant Pillai, Amar Mohile, Ranjit Barot, Anupam Roy, Bhayanak Maut, Mikey McCleary","Colin Terence, Abhishek & Shradha","Rajeev Khandelwal, Kalki Koechlin, Shiv Panditt, Neil Bhoopalam, Gulshan Devaiah, Kirti Kulhari, Rajit Kapoor, Rajat Barmecha, Shivani Tanksale, Nikhil Chinapa",2011
Shaitan,Hawa Hawai,"Prashant Pillai, Amar Mohile, Ranjit Barot, Anupam Roy, Bhayanak Maut, Mikey McCleary",Kavita Krishnamurthy,"Rajeev Khandelwal, Kalki Koechlin, Shiv Panditt, Neil Bhoopalam, Gulshan Devaiah, Kirti Kulhari, Rajit Kapoor, Rajat Barmecha, Shivani Tanksale, Nikhil Chinapa",2011
Shaitan,Nasha,"Prashant Pillai, Amar Mohile, Ranjit Barot, Anupam Roy, Bhayanak Maut, Mikey McCleary","Jasmine Sandlas, Sachet Tandon, Jaani, White Noise Collectives, Divya Kumar & Sumonto Mukherjee","Rajeev Khandelwal, Kalki Koechlin, Shiv Panditt, Neil Bhoopalam, Gulshan Devaiah, Kirti Kulhari, Rajit Kapoor, Rajat Barmecha, Shivani Tanksale, Nikhil Chinapa",2011
Shaitan,O Yaara,"Prashant Pillai, Amar Mohile, Ranjit Barot, Anupam Roy, Bhayanak Maut, Mikey McCleary",Kishore Kumar & Anupama Deshpande,"Rajeev Khandelwal, Kalki Koechlin, Shiv Panditt, Neil Bhoopalam, Gulshan Devaiah, Kirti Kulhari, Rajit Kapoor, Rajat Barmecha, Shivani Tanksale, Nikhil Chinapa",2011
Shaitan,Pintya,"Prashant Pillai, Amar Mohile, Ranjit Barot, Anupam Roy, Bhayanak Maut, Mikey McCleary",Chandan Shive,"Rajeev Khandelwal, Kalki Koechlin, Shiv Panditt, Neil Bhoopalam, Gulshan Devaiah, Kirti Kulhari, Rajit Kapoor, Rajat Barmecha, Shivani Tanksale, Nikhil Chinapa",2011
Shaitan,Zindagi,"Prashant Pillai, Amar Mohile, Ranjit Barot, Anupam Roy, Bhayanak Maut, Mikey McCleary",Sachin-Jigar & Papon,"Rajeev Khandelwal, Kalki Koechlin, Shiv Panditt, Neil Bhoopalam, Gulshan Devaiah, Kirti Kulhari, Rajit Kapoor, Rajat Barmecha, Shivani Tanksale, Nikhil Chinapa",2011
Shaitan,"Bali"" (The Sound of Shaitan)","Prashant Pillai, Amar Mohile, Ranjit Barot, Anupam Roy, Bhayanak Maut, Mikey McCleary","K. S. Krishnan, Preeti Pillai, Kalloist, Farhad Bhiwandiwala & Hitesh Modak","Rajeev Khandelwal, Kalki Koechlin, Shiv Panditt, Neil Bhoopalam, Gulshan Devaiah, Kirti Kulhari, Rajit Kapoor, Rajat Barmecha, Shivani Tanksale, Nikhil Chinapa",2011
Shaitan,Enter,"Prashant Pillai, Amar Mohile, Ranjit Barot, Anupam Roy, Bhayanak Maut, Mikey McCleary",Prashant Pillai,"Rajeev Khandelwal, Kalki Koechlin, Shiv Panditt, Neil Bhoopalam, Gulshan Devaiah, Kirti Kulhari, Rajit Kapoor, Rajat Barmecha, Shivani Tanksale, Nikhil Chinapa",2011
Shaitan,"Nasha"" (Rock & Soul Version)","Prashant Pillai, Amar Mohile, Ranjit Barot, Anupam Roy, Bhayanak Maut, Mikey McCleary","Ranjit Barot, Farhad Bhiwandiwala & Bindu Nambiar","Rajeev Khandelwal, Kalki Koechlin, Shiv Panditt, Neil Bhoopalam, Gulshan Devaiah, Kirti Kulhari, Rajit Kapoor, Rajat Barmecha, Shivani Tanksale, Nikhil Chinapa",2011
Shaitan,Outro,"Prashant Pillai, Amar Mohile, Ranjit Barot, Anupam Roy, Bhayanak Maut, Mikey McCleary",Prashant Pillai,"Rajeev Khandelwal, Kalki Koechlin, Shiv Panditt, Neil Bhoopalam, Gulshan Devaiah, Kirti Kulhari, Rajit Kapoor, Rajat Barmecha, Shivani Tanksale, Nikhil Chinapa",2011
Shaitan,Retro Pop Shit,"Prashant Pillai, Amar Mohile, Ranjit Barot, Anupam Roy, Bhayanak Maut, Mikey McCleary",Anupam Roy,"Rajeev Khandelwal, Kalki Koechlin, Shiv Panditt, Neil Bhoopalam, Gulshan Devaiah, Kirti Kulhari, Rajit Kapoor, Rajat Barmecha, Shivani Tanksale, Nikhil Chinapa",2011
Shaitan,Unleashed,"Prashant Pillai, Amar Mohile, Ranjit Barot, Anupam Roy, Bhayanak Maut, Mikey McCleary",Bhayanak Maut,"Rajeev Khandelwal, Kalki Koechlin, Shiv Panditt, Neil Bhoopalam, Gulshan Devaiah, Kirti Kulhari, Rajit Kapoor, Rajat Barmecha, Shivani Tanksale, Nikhil Chinapa",2011
Shaitan,Khoya Khoya Chand,"Prashant Pillai, Amar Mohile, Ranjit Barot, Anupam Roy, Bhayanak Maut, Mikey McCleary",Swanand Kirkire & Ajay Jhingaran,"Rajeev Khandelwal, Kalki Koechlin, Shiv Panditt, Neil Bhoopalam, Gulshan Devaiah, Kirti Kulhari, Rajit Kapoor, Rajat Barmecha, Shivani Tanksale, Nikhil Chinapa",2011
Double Dhamaal,Chal Kudiye,Anand Raj Anand,"Diljit Dosanjh, Alia Bhatt, Manpreet Singh & Harmanjeet Singh","Sanjay Dutt, Arshad Warsi, Riteish Deshmukh, Javed Jaffrey, Aashish Chaudhary, Mallika Sherawat, Kangana Ranaut, Satish Kaushik, Harry Josh, Zakir Hussain",2011
Double Dhamaal,Chill Maar,Anand Raj Anand,"Diljit Dosanjh, Badshah & Raj Ranjodh","Sanjay Dutt, Arshad Warsi, Riteish Deshmukh, Javed Jaffrey, Aashish Chaudhary, Mallika Sherawat, Kangana Ranaut, Satish Kaushik, Harry Josh, Zakir Hussain",2011
Double Dhamaal,Jalebi Bai,Anand Raj Anand,Ritu Pathak,"Sanjay Dutt, Arshad Warsi, Riteish Deshmukh, Javed Jaffrey, Aashish Chaudhary, Mallika Sherawat, Kangana Ranaut, Satish Kaushik, Harry Josh, Zakir Hussain",2011
Double Dhamaal,Oye Oye,Anand Raj Anand,Aditi Singh Sharma & Armaan Malik,"Sanjay Dutt, Arshad Warsi, Riteish Deshmukh, Javed Jaffrey, Aashish Chaudhary, Mallika Sherawat, Kangana Ranaut, Satish Kaushik, Harry Josh, Zakir Hussain",2011
Double Dhamaal,"Chal Kudiye"" (Remix)",Anand Raj Anand,"Alia Bhatt, Diljit Dosanjh, Manpreet Singh & Harmanjeet Singh","Sanjay Dutt, Arshad Warsi, Riteish Deshmukh, Javed Jaffrey, Aashish Chaudhary, Mallika Sherawat, Kangana Ranaut, Satish Kaushik, Harry Josh, Zakir Hussain",2011
Double Dhamaal,"Chill Maaro"" (Remix)",Anand Raj Anand,"Mahati Swara Sagar, Nakash Aziz, Sanjana Kalmanje & Krishna Chaitanya","Sanjay Dutt, Arshad Warsi, Riteish Deshmukh, Javed Jaffrey, Aashish Chaudhary, Mallika Sherawat, Kangana Ranaut, Satish Kaushik, Harry Josh, Zakir Hussain",2011
Double Dhamaal,"Oye Oye"" (Remix)",Anand Raj Anand,Aditi Singh Sharma & Armaan Malik,"Sanjay Dutt, Arshad Warsi, Riteish Deshmukh, Javed Jaffrey, Aashish Chaudhary, Mallika Sherawat, Kangana Ranaut, Satish Kaushik, Harry Josh, Zakir Hussain",2011
Bbuddah... Hoga Terra Baap,"Bbuddah Hoga Terra Baap"" (Accapella)",Vishal–Shekhar,Amitabh Bachchan & Vishal & Shekhar,"Amitabh Bachchan, Hema Malini, Sonu Sood, Sonal Chauhan, Prakash Raj, Makrand Deshpande, Shawar Ali, Vishwajeet Pradhan, Atul Parchure, Raveena Tandon",2011
Bbuddah... Hoga Terra Baap,"Bbuddah Hoga Terra Baap"" (Dub Step)",Vishal–Shekhar,Amitabh Bachchan & Vishal & Shekhar,"Amitabh Bachchan, Hema Malini, Sonu Sood, Sonal Chauhan, Prakash Raj, Makrand Deshpande, Shawar Ali, Vishwajeet Pradhan, Atul Parchure, Raveena Tandon",2011
Bbuddah... Hoga Terra Baap,Go Meera Go,Vishal–Shekhar,Shubha Mudgal,"Amitabh Bachchan, Hema Malini, Sonu Sood, Sonal Chauhan, Prakash Raj, Makrand Deshpande, Shawar Ali, Vishwajeet Pradhan, Atul Parchure, Raveena Tandon",2011
Bbuddah... Hoga Terra Baap,Haal-E-Dil,Vishal–Shekhar,Himesh Reshammiya & Sreerama Chandra,"Amitabh Bachchan, Hema Malini, Sonu Sood, Sonal Chauhan, Prakash Raj, Makrand Deshpande, Shawar Ali, Vishwajeet Pradhan, Atul Parchure, Raveena Tandon",2011
Bbuddah... Hoga Terra Baap,Main Chandigarh Di Star,Vishal–Shekhar,Sunidhi Chauhan & Vishal & Shekhar,"Amitabh Bachchan, Hema Malini, Sonu Sood, Sonal Chauhan, Prakash Raj, Makrand Deshpande, Shawar Ali, Vishwajeet Pradhan, Atul Parchure, Raveena Tandon",2011
Chillar Party,Aa Rela Hai Apun,Amit Trivedi,"Amit Trivedi, Armaan Malik, Tanmay Chaudhari, Amitabh Bhattacharya & Arvind Vishwakarma","Irfan Khan, Sanath Menon, Rohan Grover, Naman Jain, Visshesh Tiwari, Chinmay Chandraunshuh, Aarav Khanna, Vedant Desai, Divij Handa, Rajesh Sharma",2011
Chillar Party,Behla Do,Amit Trivedi,"Amit Trivedi, Armaan Malik & Firoza","Irfan Khan, Sanath Menon, Rohan Grover, Naman Jain, Visshesh Tiwari, Chinmay Chandraunshuh, Aarav Khanna, Vedant Desai, Divij Handa, Rajesh Sharma",2011
Chillar Party,Chatte Batte,Amit Trivedi,"Amit Trivedi, Armaan Malik, Mohit Chauhan, Gaurika Rai & Keshav Rai","Irfan Khan, Sanath Menon, Rohan Grover, Naman Jain, Visshesh Tiwari, Chinmay Chandraunshuh, Aarav Khanna, Vedant Desai, Divij Handa, Rajesh Sharma",2011
Chillar Party,Ek School Banana Hai,Amit Trivedi,"Amit Trivedi, Gaurika Rai, Keshav Rai & Firoza","Irfan Khan, Sanath Menon, Rohan Grover, Naman Jain, Visshesh Tiwari, Chinmay Chandraunshuh, Aarav Khanna, Vedant Desai, Divij Handa, Rajesh Sharma",2011
Chillar Party,Liar Liar,Amit Trivedi,"Amit Trivedi, Gaurika Rai & Keshav Rai","Irfan Khan, Sanath Menon, Rohan Grover, Naman Jain, Visshesh Tiwari, Chinmay Chandraunshuh, Aarav Khanna, Vedant Desai, Divij Handa, Rajesh Sharma",2011
Chillar Party,Tai Tai Phish,Amit Trivedi,Not Found,"Irfan Khan, Sanath Menon, Rohan Grover, Naman Jain, Visshesh Tiwari, Chinmay Chandraunshuh, Aarav Khanna, Vedant Desai, Divij Handa, Rajesh Sharma",2011
Chillar Party,Ziddi Piddi,Amit Trivedi,"Amit Trivedi, Armaan Malik, Tanmay Chaudhari & Gaurika Rai","Irfan Khan, Sanath Menon, Rohan Grover, Naman Jain, Visshesh Tiwari, Chinmay Chandraunshuh, Aarav Khanna, Vedant Desai, Divij Handa, Rajesh Sharma",2011
Chillar Party,"Chatte Batte"" (Sad Version)",Amit Trivedi,"Amit Trivedi, Armaan Malik, Mohit Chauhan, Gaurika Rai & Keshav Rai","Irfan Khan, Sanath Menon, Rohan Grover, Naman Jain, Visshesh Tiwari, Chinmay Chandraunshuh, Aarav Khanna, Vedant Desai, Divij Handa, Rajesh Sharma",2011
Aarakshan,Achha Lagta Hai,Shankar–Ehsaan–Loy,"Mohit Chauhan, Shreya Ghoshal, Neuman Pinto & Shankar Ehsaan Loy","Amitabh Bachchan, Saif Ali Khan, Deepika Padukone, Manoj Bajpayee, Prateik Smita Patil, Aanchal Munjal, Hema Malini, Tanvi Azmi, Mukesh Tiwari, Yashpal Sharma",2011
Aarakshan,Mauka,Shankar–Ehsaan–Loy,"Mahalakshmi Iyer, Raman Mahadevan, Tarun Sagar, Gaurav Gupta, Arun Ingle, Hrishikesh Kamerkar, Kshitij Tarey, Mani Mahadevan, Rehaan Khan & Shankar Ehsaan Loy","Amitabh Bachchan, Saif Ali Khan, Deepika Padukone, Manoj Bajpayee, Prateik Smita Patil, Aanchal Munjal, Hema Malini, Tanvi Azmi, Mukesh Tiwari, Yashpal Sharma",2011
Aarakshan,Kaun Si Dor,Shankar–Ehsaan–Loy,"Shreya Ghoshal, Prasoon Joshi, Pt. Channulal Mishra & Shankar Ehsaan Loy","Amitabh Bachchan, Saif Ali Khan, Deepika Padukone, Manoj Bajpayee, Prateik Smita Patil, Aanchal Munjal, Hema Malini, Tanvi Azmi, Mukesh Tiwari, Yashpal Sharma",2011
Aarakshan,Roshanee,Shankar–Ehsaan–Loy,Shankar Mahadevan & Shankar Ehsaan Loy,"Amitabh Bachchan, Saif Ali Khan, Deepika Padukone, Manoj Bajpayee, Prateik Smita Patil, Aanchal Munjal, Hema Malini, Tanvi Azmi, Mukesh Tiwari, Yashpal Sharma",2011
Aarakshan,Saans Albeli,Shankar–Ehsaan–Loy,"Prasoon Joshi, Pt. Channulal Mishra & Shankar Ehsaan Loy","Amitabh Bachchan, Saif Ali Khan, Deepika Padukone, Manoj Bajpayee, Prateik Smita Patil, Aanchal Munjal, Hema Malini, Tanvi Azmi, Mukesh Tiwari, Yashpal Sharma",2011
Aarakshan,"Mauka"" (Remix)",Shankar–Ehsaan–Loy,"Mahalakshmi Iyer, Raman Mahadevan, Tarun Sagar, Gaurav Gupta, Arun Ingle, Hrishikesh Kamerkar, Kshitij Tarey, Mani Mahadevan, Rehaan Khan & Shankar Ehsaan Loy","Amitabh Bachchan, Saif Ali Khan, Deepika Padukone, Manoj Bajpayee, Prateik Smita Patil, Aanchal Munjal, Hema Malini, Tanvi Azmi, Mukesh Tiwari, Yashpal Sharma",2011
Mere Brother Ki Dulhan,Mere Brother Ki Dulhan,Sohail Sen,KK & Krishna Beura,"Ali Zafar, Imran Khan, Katrina Kaif, Tara D'Souza, Kyra Dutt, Parikshat Sahni, Mohammed Zeeshan Ayyub, Kanwaljit Singh, Sufi Malhotra, Suparna Marwah",2011
Mere Brother Ki Dulhan,Dhunki,Sohail Sen,Neha Bhasin,"Ali Zafar, Imran Khan, Katrina Kaif, Tara D'Souza, Kyra Dutt, Parikshat Sahni, Mohammed Zeeshan Ayyub, Kanwaljit Singh, Sufi Malhotra, Suparna Marwah",2011
Mere Brother Ki Dulhan,Choomantar,Sohail Sen,Aditi Singh Sharma & Benny Dayal,"Ali Zafar, Imran Khan, Katrina Kaif, Tara D'Souza, Kyra Dutt, Parikshat Sahni, Mohammed Zeeshan Ayyub, Kanwaljit Singh, Sufi Malhotra, Suparna Marwah",2011
Mere Brother Ki Dulhan,Isq Risk,Sohail Sen,Rahat Fateh Ali Khan,"Ali Zafar, Imran Khan, Katrina Kaif, Tara D'Souza, Kyra Dutt, Parikshat Sahni, Mohammed Zeeshan Ayyub, Kanwaljit Singh, Sufi Malhotra, Suparna Marwah",2011
Mere Brother Ki Dulhan,Madhubala,Sohail Sen,Ali Zafar & Shweta Pandit,"Ali Zafar, Imran Khan, Katrina Kaif, Tara D'Souza, Kyra Dutt, Parikshat Sahni, Mohammed Zeeshan Ayyub, Kanwaljit Singh, Sufi Malhotra, Suparna Marwah",2011
Mere Brother Ki Dulhan,Do Dhaari Talwaar,Sohail Sen,Shahid Mallya & Shweta Pandit,"Ali Zafar, Imran Khan, Katrina Kaif, Tara D'Souza, Kyra Dutt, Parikshat Sahni, Mohammed Zeeshan Ayyub, Kanwaljit Singh, Sufi Malhotra, Suparna Marwah",2011
Mere Brother Ki Dulhan,"Choomantar"" (Remix)",Sohail Sen,Aditi Singh Sharma & Benny Dayal,"Ali Zafar, Imran Khan, Katrina Kaif, Tara D'Souza, Kyra Dutt, Parikshat Sahni, Mohammed Zeeshan Ayyub, Kanwaljit Singh, Sufi Malhotra, Suparna Marwah",2011
Mere Brother Ki Dulhan,"Isq Risk"" (Risky Mix)",Sohail Sen,Neha Bhasin & Sreeram Chandra,"Ali Zafar, Imran Khan, Katrina Kaif, Tara D'Souza, Kyra Dutt, Parikshat Sahni, Mohammed Zeeshan Ayyub, Kanwaljit Singh, Sufi Malhotra, Suparna Marwah",2011
Mausam,Aag Lage Uss Aag Ko,Pritam,Not Found,"Shahid Kapoor, Sonam Kapoor Ahuja, Anupam Kher, Supriya Pathak, Aditi Sharma, Manoj Pahwa, Vaibhav Talwar, Herry Tangiri, Shayan Munshi, Jass Bhatia",2011
Mausam,Ik Tu Hi Tu Hi,Pritam,Pritam & Hans Raj Hans,"Shahid Kapoor, Sonam Kapoor Ahuja, Anupam Kher, Supriya Pathak, Aditi Sharma, Manoj Pahwa, Vaibhav Talwar, Herry Tangiri, Shayan Munshi, Jass Bhatia",2011
Mausam,"Mallo Malli"" (Version 1)",Pritam,Pritam & Tochi Raina,"Shahid Kapoor, Sonam Kapoor Ahuja, Anupam Kher, Supriya Pathak, Aditi Sharma, Manoj Pahwa, Vaibhav Talwar, Herry Tangiri, Shayan Munshi, Jass Bhatia",2011
Mausam,"Mallo Malli"" (Version 2)",Pritam,Pritam & Tochi Raina,"Shahid Kapoor, Sonam Kapoor Ahuja, Anupam Kher, Supriya Pathak, Aditi Sharma, Manoj Pahwa, Vaibhav Talwar, Herry Tangiri, Shayan Munshi, Jass Bhatia",2011
Mausam,Poore Se Zara Sa Kam Hai,Pritam,Pritam & Rashid Khan,"Shahid Kapoor, Sonam Kapoor Ahuja, Anupam Kher, Supriya Pathak, Aditi Sharma, Manoj Pahwa, Vaibhav Talwar, Herry Tangiri, Shayan Munshi, Jass Bhatia",2011
Mausam,"Rabba Main Toh Mar Gaya Oye"" (Version 1)",Pritam,Pritam & Shahid Mallya,"Shahid Kapoor, Sonam Kapoor Ahuja, Anupam Kher, Supriya Pathak, Aditi Sharma, Manoj Pahwa, Vaibhav Talwar, Herry Tangiri, Shayan Munshi, Jass Bhatia",2011
Mausam,"Rabba Main Toh Mar Gaya Oye"" (Version 2)",Pritam,Pritam & Shahid Mallya,"Shahid Kapoor, Sonam Kapoor Ahuja, Anupam Kher, Supriya Pathak, Aditi Sharma, Manoj Pahwa, Vaibhav Talwar, Herry Tangiri, Shayan Munshi, Jass Bhatia",2011
Mausam,Sajh Dhaj Ke,Pritam,"Pritam, Mika Singh & Pankaj Kapur","Shahid Kapoor, Sonam Kapoor Ahuja, Anupam Kher, Supriya Pathak, Aditi Sharma, Manoj Pahwa, Vaibhav Talwar, Herry Tangiri, Shayan Munshi, Jass Bhatia",2011
Mausam,"Ik Tu Hi Tu Hi"" (Mehfil Mix)",Pritam,Wadali Brothers & Pritam,"Shahid Kapoor, Sonam Kapoor Ahuja, Anupam Kher, Supriya Pathak, Aditi Sharma, Manoj Pahwa, Vaibhav Talwar, Herry Tangiri, Shayan Munshi, Jass Bhatia",2011
Mausam,"Ik Tu Hi Tu Hi"" (Reprise)",Pritam,Shahid Mallya & Pritam,"Shahid Kapoor, Sonam Kapoor Ahuja, Anupam Kher, Supriya Pathak, Aditi Sharma, Manoj Pahwa, Vaibhav Talwar, Herry Tangiri, Shayan Munshi, Jass Bhatia",2011
Mausam,"Mallo Malli"" (Remix)",Pritam,"Tochi Raina, Pritam & Kiran Kamath","Shahid Kapoor, Sonam Kapoor Ahuja, Anupam Kher, Supriya Pathak, Aditi Sharma, Manoj Pahwa, Vaibhav Talwar, Herry Tangiri, Shayan Munshi, Jass Bhatia",2011
Mausam,"Sajh Dhaj Ke"" (Club Mix Tiger Style)",Pritam,"Pritam, Mika Singh & Pankaj Kapur","Shahid Kapoor, Sonam Kapoor Ahuja, Anupam Kher, Supriya Pathak, Aditi Sharma, Manoj Pahwa, Vaibhav Talwar, Herry Tangiri, Shayan Munshi, Jass Bhatia",2011
Mausam,"Sajh Dhaj Ke"" (Desi Mix Tiger Style)",Pritam,"Pritam, Mika Singh & Pankaj Kapur","Shahid Kapoor, Sonam Kapoor Ahuja, Anupam Kher, Supriya Pathak, Aditi Sharma, Manoj Pahwa, Vaibhav Talwar, Herry Tangiri, Shayan Munshi, Jass Bhatia",2011
Force,Khwabon Khwabon,"Harris Jayaraj, Background Score:, Sameer Phaterpekar",KK & Suchitra,"John Abraham, Genelia D'Souza, Raj Babbar, Mohnish Behl, Kamlesh Sawant, Vidyut Jammwal, Mukesh Rishi, Sandhya Mridul, Ameet Gaurr, Anaitha Nair",2011
Force,Chahoon Bhi,"Harris Jayaraj, Background Score:, Sameer Phaterpekar",Karthik & Bombay Jayashri,"John Abraham, Genelia D'Souza, Raj Babbar, Mohnish Behl, Kamlesh Sawant, Vidyut Jammwal, Mukesh Rishi, Sandhya Mridul, Ameet Gaurr, Anaitha Nair",2011
Force,Dum Hai Toh Aaja,"Harris Jayaraj, Background Score:, Sameer Phaterpekar",Shankar Ehsaan Loy & Sunidhi Chauhan,"John Abraham, Genelia D'Souza, Raj Babbar, Mohnish Behl, Kamlesh Sawant, Vidyut Jammwal, Mukesh Rishi, Sandhya Mridul, Ameet Gaurr, Anaitha Nair",2011
Force,Main Chali,"Harris Jayaraj, Background Score:, Sameer Phaterpekar",Naresh Iyer & Shreya Ghoshal,"John Abraham, Genelia D'Souza, Raj Babbar, Mohnish Behl, Kamlesh Sawant, Vidyut Jammwal, Mukesh Rishi, Sandhya Mridul, Ameet Gaurr, Anaitha Nair",2011
Force,Dil Ki Hai Tamanna,"Harris Jayaraj, Background Score:, Sameer Phaterpekar","Vijay Prakash, Shalini Singh & Neha Bhasin","John Abraham, Genelia D'Souza, Raj Babbar, Mohnish Behl, Kamlesh Sawant, Vidyut Jammwal, Mukesh Rishi, Sandhya Mridul, Ameet Gaurr, Anaitha Nair",2011
"Saheb, Biwi Aur Gangster",Chu Chu Chu,"Abhishek Ray, Mukhtar Sahota, Ankit Tiwari, Jaidev Kumar, Anuj Garg, Sunil Bhatia, Amit Sial",Poornima & Ila Arun,"Jimmy Shergill, Mahie Gill, Randeep Hooda, Deepraj Rana, Vipin Sharma, Deepal Shaw, Shreya Narayan, Sitaram Panchal, Kanika Dang, Rajiv Gupta",2011
"Saheb, Biwi Aur Gangster",Jugni,"Abhishek Ray, Mukhtar Sahota, Ankit Tiwari, Jaidev Kumar, Anuj Garg, Sunil Bhatia, Amit Sial","Pritam, Arif Lohar, Harshdeep Kaur & Irshad Kamil","Jimmy Shergill, Mahie Gill, Randeep Hooda, Deepraj Rana, Vipin Sharma, Deepal Shaw, Shreya Narayan, Sitaram Panchal, Kanika Dang, Rajiv Gupta",2011
"Saheb, Biwi Aur Gangster",Main Ek Bhanwara,"Abhishek Ray, Mukhtar Sahota, Ankit Tiwari, Jaidev Kumar, Anuj Garg, Sunil Bhatia, Amit Sial",Mangala Ranade,"Jimmy Shergill, Mahie Gill, Randeep Hooda, Deepraj Rana, Vipin Sharma, Deepal Shaw, Shreya Narayan, Sitaram Panchal, Kanika Dang, Rajiv Gupta",2011
"Saheb, Biwi Aur Gangster",I Love To Love You,"Abhishek Ray, Mukhtar Sahota, Ankit Tiwari, Jaidev Kumar, Anuj Garg, Sunil Bhatia, Amit Sial",Jhené Aiko,"Jimmy Shergill, Mahie Gill, Randeep Hooda, Deepraj Rana, Vipin Sharma, Deepal Shaw, Shreya Narayan, Sitaram Panchal, Kanika Dang, Rajiv Gupta",2011
"Saheb, Biwi Aur Gangster",Saheb Bada Hathila,"Abhishek Ray, Mukhtar Sahota, Ankit Tiwari, Jaidev Kumar, Anuj Garg, Sunil Bhatia, Amit Sial",Not Found,"Jimmy Shergill, Mahie Gill, Randeep Hooda, Deepraj Rana, Vipin Sharma, Deepal Shaw, Shreya Narayan, Sitaram Panchal, Kanika Dang, Rajiv Gupta",2011
"Saheb, Biwi Aur Gangster",Ankhian,"Abhishek Ray, Mukhtar Sahota, Ankit Tiwari, Jaidev Kumar, Anuj Garg, Sunil Bhatia, Amit Sial","Diljit Dosanjh, Badshah & Raj Ranjodh","Jimmy Shergill, Mahie Gill, Randeep Hooda, Deepraj Rana, Vipin Sharma, Deepal Shaw, Shreya Narayan, Sitaram Panchal, Kanika Dang, Rajiv Gupta",2011
"Saheb, Biwi Aur Gangster",Raat Mujhe,"Abhishek Ray, Mukhtar Sahota, Ankit Tiwari, Jaidev Kumar, Anuj Garg, Sunil Bhatia, Amit Sial",Arijit Singh & Shreya Ghoshal,"Jimmy Shergill, Mahie Gill, Randeep Hooda, Deepraj Rana, Vipin Sharma, Deepal Shaw, Shreya Narayan, Sitaram Panchal, Kanika Dang, Rajiv Gupta",2011
"Saheb, Biwi Aur Gangster",Chu Chu Chu (Acoustic),"Abhishek Ray, Mukhtar Sahota, Ankit Tiwari, Jaidev Kumar, Anuj Garg, Sunil Bhatia, Amit Sial",ChuChu TV,"Jimmy Shergill, Mahie Gill, Randeep Hooda, Deepraj Rana, Vipin Sharma, Deepal Shaw, Shreya Narayan, Sitaram Panchal, Kanika Dang, Rajiv Gupta",2011
Rascals,Rascals,"Vishal–Shekhar, Background Score:, Sanjay Wandrekar, Atul Raninga",Neeraj Shridhar,"Sanjay Dutt, Ajay Devgn, Kangana Ranaut, Arjun Rampal, Lisa Haydon, Chunky Panday, Satish Kaushik, Mushtaq Khan, Hiten Paintal, Manel Soler",2011
Rascals,Parda Nasheen,"Vishal–Shekhar, Background Score:, Sanjay Wandrekar, Atul Raninga",Lata Mangeshkar,"Sanjay Dutt, Ajay Devgn, Kangana Ranaut, Arjun Rampal, Lisa Haydon, Chunky Panday, Satish Kaushik, Mushtaq Khan, Hiten Paintal, Manel Soler",2011
Rascals,Tik Tuk,"Vishal–Shekhar, Background Score:, Sanjay Wandrekar, Atul Raninga",Daler Mehndi & Monali Thakur,"Sanjay Dutt, Ajay Devgn, Kangana Ranaut, Arjun Rampal, Lisa Haydon, Chunky Panday, Satish Kaushik, Mushtaq Khan, Hiten Paintal, Manel Soler",2011
Rascals,Shake It Saiyyan,"Vishal–Shekhar, Background Score:, Sanjay Wandrekar, Atul Raninga",Sunidhi Chauhan & Haji Springer,"Sanjay Dutt, Ajay Devgn, Kangana Ranaut, Arjun Rampal, Lisa Haydon, Chunky Panday, Satish Kaushik, Mushtaq Khan, Hiten Paintal, Manel Soler",2011
Rascals,Rascals (Dance Mix by Abhijit Vaghani),"Vishal–Shekhar, Background Score:, Sanjay Wandrekar, Atul Raninga",Not Found,"Sanjay Dutt, Ajay Devgn, Kangana Ranaut, Arjun Rampal, Lisa Haydon, Chunky Panday, Satish Kaushik, Mushtaq Khan, Hiten Paintal, Manel Soler",2011
Rascals,Shake It Saiyyan (Hip Hop Mix by Abhijit Vaghani),"Vishal–Shekhar, Background Score:, Sanjay Wandrekar, Atul Raninga","Rahat Fateh Ali Khan, Abhijit Vaghani, Nusrat Fateh Ali Khan & Mujahid Mubarak Ali Khan","Sanjay Dutt, Ajay Devgn, Kangana Ranaut, Arjun Rampal, Lisa Haydon, Chunky Panday, Satish Kaushik, Mushtaq Khan, Hiten Paintal, Manel Soler",2011
Mujhse Fraaandship Karoge,Dheaon Dheaon,Raghu Dixit,Vishal Dadlani & Aditi Singh Sharma,"Saqib Saleem, Saba Azad, Nishant Dahiya, Tara D'Souza, Prabal Panjabi, Manasi Rachh, Chitrak Bandhopadhyay, Suparna Marwah, Mita Vashisht, Harsh Nagar",2011
Mujhse Fraaandship Karoge,Uh-Oh Uh-Oh!,Raghu Dixit,The Cheetah Girls,"Saqib Saleem, Saba Azad, Nishant Dahiya, Tara D'Souza, Prabal Panjabi, Manasi Rachh, Chitrak Bandhopadhyay, Suparna Marwah, Mita Vashisht, Harsh Nagar",2011
Mujhse Fraaandship Karoge,Baatein Shuru,Raghu Dixit,Joi Barua & Shefali Alvares,"Saqib Saleem, Saba Azad, Nishant Dahiya, Tara D'Souza, Prabal Panjabi, Manasi Rachh, Chitrak Bandhopadhyay, Suparna Marwah, Mita Vashisht, Harsh Nagar",2011
Mujhse Fraaandship Karoge,Chu Le,Raghu Dixit,Alka Yagnik & Babul Supriyo,"Saqib Saleem, Saba Azad, Nishant Dahiya, Tara D'Souza, Prabal Panjabi, Manasi Rachh, Chitrak Bandhopadhyay, Suparna Marwah, Mita Vashisht, Harsh Nagar",2011
Mujhse Fraaandship Karoge,Har Saans Main,Raghu Dixit,Krishna,"Saqib Saleem, Saba Azad, Nishant Dahiya, Tara D'Souza, Prabal Panjabi, Manasi Rachh, Chitrak Bandhopadhyay, Suparna Marwah, Mita Vashisht, Harsh Nagar",2011
Mujhse Fraaandship Karoge,Dheaon Dheaon (The Seeti Seeti Bang Bang Mix),Raghu Dixit,Aditi Singh Sharma & Vishal Dadlani,"Saqib Saleem, Saba Azad, Nishant Dahiya, Tara D'Souza, Prabal Panjabi, Manasi Rachh, Chitrak Bandhopadhyay, Suparna Marwah, Mita Vashisht, Harsh Nagar",2011
Mujhse Fraaandship Karoge,Uh-Oh Uh-Oh! 2.0,Raghu Dixit,The Cheetah Girls,"Saqib Saleem, Saba Azad, Nishant Dahiya, Tara D'Souza, Prabal Panjabi, Manasi Rachh, Chitrak Bandhopadhyay, Suparna Marwah, Mita Vashisht, Harsh Nagar",2011
Mujhse Fraaandship Karoge,Chu Le (The Big Bang Mix),Raghu Dixit,Not Found,"Saqib Saleem, Saba Azad, Nishant Dahiya, Tara D'Souza, Prabal Panjabi, Manasi Rachh, Chitrak Bandhopadhyay, Suparna Marwah, Mita Vashisht, Harsh Nagar",2011
Desi Boyz,Make Some Noise For The Desi Boyz,Pritam,"Pritam, KK & Bob","Akshay Kumar, John Abraham, Deepika Padukone, Chitrangada Singh, Anupam Kher, Sanjay Dutt, Omi Vaidya, Mohnish Behl, Shraman Jain, Bharati Achrekar",2011
Desi Boyz,Subha Hone Na De,Pritam,"Pritam, Mika Singh & Shefali Alvares","Akshay Kumar, John Abraham, Deepika Padukone, Chitrangada Singh, Anupam Kher, Sanjay Dutt, Omi Vaidya, Mohnish Behl, Shraman Jain, Bharati Achrekar",2011
Desi Boyz,Jhak Maar Ke,Pritam,"Pritam, Neeraj Shridhar & Harshdeep Kaur","Akshay Kumar, John Abraham, Deepika Padukone, Chitrangada Singh, Anupam Kher, Sanjay Dutt, Omi Vaidya, Mohnish Behl, Shraman Jain, Bharati Achrekar",2011
Desi Boyz,Allah Maaf Kare,Pritam,"Pritam, Sonu Nigam & Shilpa Rao","Akshay Kumar, John Abraham, Deepika Padukone, Chitrangada Singh, Anupam Kher, Sanjay Dutt, Omi Vaidya, Mohnish Behl, Shraman Jain, Bharati Achrekar",2011
Desi Boyz,Let It Be,Pritam,Pritam & Shaan,"Akshay Kumar, John Abraham, Deepika Padukone, Chitrangada Singh, Anupam Kher, Sanjay Dutt, Omi Vaidya, Mohnish Behl, Shraman Jain, Bharati Achrekar",2011
Desi Boyz,Tu Mera Hero (Subha Hone Na De),Pritam,"Pritam, Mika Singh & Shefali Alvares","Akshay Kumar, John Abraham, Deepika Padukone, Chitrangada Singh, Anupam Kher, Sanjay Dutt, Omi Vaidya, Mohnish Behl, Shraman Jain, Bharati Achrekar",2011
Desi Boyz,"Allah Maaf Kare"" (Remix)",Pritam,"Pritam, Sonu Nigam & Shilpa Rao","Akshay Kumar, John Abraham, Deepika Padukone, Chitrangada Singh, Anupam Kher, Sanjay Dutt, Omi Vaidya, Mohnish Behl, Shraman Jain, Bharati Achrekar",2011
Desi Boyz,"Jhak Maar Ke"" (Remix)",Pritam,"Pritam, Neeraj Shridhar & Harshdeep Kaur","Akshay Kumar, John Abraham, Deepika Padukone, Chitrangada Singh, Anupam Kher, Sanjay Dutt, Omi Vaidya, Mohnish Behl, Shraman Jain, Bharati Achrekar",2011
Desi Boyz,"Subha Hone Na De"" (Remix)",Pritam,"Pritam, Mika Singh & Shefali Alvares","Akshay Kumar, John Abraham, Deepika Padukone, Chitrangada Singh, Anupam Kher, Sanjay Dutt, Omi Vaidya, Mohnish Behl, Shraman Jain, Bharati Achrekar",2011
Desi Boyz,"Make Some Noise For The Desi Boyz"" (Remix)",Pritam,"Pritam, KK & Bob","Akshay Kumar, John Abraham, Deepika Padukone, Chitrangada Singh, Anupam Kher, Sanjay Dutt, Omi Vaidya, Mohnish Behl, Shraman Jain, Bharati Achrekar",2011
Ladies vs Ricky Bahl,Aadat Se Majboor,Salim–Sulaiman,Ranveer Singh & Benny Dayal,"Ranveer Singh, Anushka Sharma, Parineeti Chopra, Dippanita Sharma, Aditi Sharma, Shireesh Sharma, Akshay Anand",2011
Ladies vs Ricky Bahl,Thug Le,Salim–Sulaiman,Vishal Dadlani & Shweta Pandit,"Ranveer Singh, Anushka Sharma, Parineeti Chopra, Dippanita Sharma, Aditi Sharma, Shireesh Sharma, Akshay Anand",2011
Ladies vs Ricky Bahl,Jigar Da Tukda,Salim–Sulaiman,Salim Merchant & Shraddha Pandit,"Ranveer Singh, Anushka Sharma, Parineeti Chopra, Dippanita Sharma, Aditi Sharma, Shireesh Sharma, Akshay Anand",2011
Ladies vs Ricky Bahl,Jazba,Salim–Sulaiman,Shilpa Rao,"Ranveer Singh, Anushka Sharma, Parineeti Chopra, Dippanita Sharma, Aditi Sharma, Shireesh Sharma, Akshay Anand",2011
Ladies vs Ricky Bahl,Aadat Se Majboor (Remix),Salim–Sulaiman,"Benny Dayal, Abhijit Vaghani & Tanuj Tiku","Ranveer Singh, Anushka Sharma, Parineeti Chopra, Dippanita Sharma, Aditi Sharma, Shireesh Sharma, Akshay Anand",2011
Ladies vs Ricky Bahl,Jazba (Remix),Salim–Sulaiman,Anushka Manchanda & Abhijit Vaghani,"Ranveer Singh, Anushka Sharma, Parineeti Chopra, Dippanita Sharma, Aditi Sharma, Shireesh Sharma, Akshay Anand",2011
Ladies vs Ricky Bahl,Fatal Attraction,Salim–Sulaiman,Salim-Sulaiman,"Ranveer Singh, Anushka Sharma, Parineeti Chopra, Dippanita Sharma, Aditi Sharma, Shireesh Sharma, Akshay Anand",2011
Ek Tha Tiger,Mashallah,"Sohail Sen, Guest Composers:, Sajid–Wajid, Background Score:, Julius Packiam",Shreya Ghoshal & Wajid,"Salman Khan, Katrina Kaif, Girish Karnad, Ranvir Shorey, Gavie Chahal, Roshan Seth, Rajendra Sethi, Ahran Chaudhary, Bhupesh Singh, Sanjay Gurbaxani",2012
Ek Tha Tiger,Laapata,"Sohail Sen, Guest Composers:, Sajid–Wajid, Background Score:, Julius Packiam",KK & Palak Muchhal,"Salman Khan, Katrina Kaif, Girish Karnad, Ranvir Shorey, Gavie Chahal, Roshan Seth, Rajendra Sethi, Ahran Chaudhary, Bhupesh Singh, Sanjay Gurbaxani",2012
Ek Tha Tiger,Banjaara,"Sohail Sen, Guest Composers:, Sajid–Wajid, Background Score:, Julius Packiam",Mohammed Irfan,"Salman Khan, Katrina Kaif, Girish Karnad, Ranvir Shorey, Gavie Chahal, Roshan Seth, Rajendra Sethi, Ahran Chaudhary, Bhupesh Singh, Sanjay Gurbaxani",2012
Ek Tha Tiger,Saiyaara,"Sohail Sen, Guest Composers:, Sajid–Wajid, Background Score:, Julius Packiam","Tanishk Bagchi, Faheem Abdullah, Arslan Nizami & Irshad Kamil","Salman Khan, Katrina Kaif, Girish Karnad, Ranvir Shorey, Gavie Chahal, Roshan Seth, Rajendra Sethi, Ahran Chaudhary, Bhupesh Singh, Sanjay Gurbaxani",2012
Ek Tha Tiger,Tiger's Theme,"Sohail Sen, Guest Composers:, Sajid–Wajid, Background Score:, Julius Packiam",Julius Packiam,"Salman Khan, Katrina Kaif, Girish Karnad, Ranvir Shorey, Gavie Chahal, Roshan Seth, Rajendra Sethi, Ahran Chaudhary, Bhupesh Singh, Sanjay Gurbaxani",2012
Ek Tha Tiger,"Mashallah"" (Remix)","Sohail Sen, Guest Composers:, Sajid–Wajid, Background Score:, Julius Packiam","Wajid, Shreya Ghoshal & Joshilay","Salman Khan, Katrina Kaif, Girish Karnad, Ranvir Shorey, Gavie Chahal, Roshan Seth, Rajendra Sethi, Ahran Chaudhary, Bhupesh Singh, Sanjay Gurbaxani",2012
Ek Tha Tiger,"Lapaata"" (Remix)","Sohail Sen, Guest Composers:, Sajid–Wajid, Background Score:, Julius Packiam",Not Found,"Salman Khan, Katrina Kaif, Girish Karnad, Ranvir Shorey, Gavie Chahal, Roshan Seth, Rajendra Sethi, Ahran Chaudhary, Bhupesh Singh, Sanjay Gurbaxani",2012
Ek Tha Tiger,"Banjaara"" (Remix)","Sohail Sen, Guest Composers:, Sajid–Wajid, Background Score:, Julius Packiam",Jolly & Joshilay,"Salman Khan, Katrina Kaif, Girish Karnad, Ranvir Shorey, Gavie Chahal, Roshan Seth, Rajendra Sethi, Ahran Chaudhary, Bhupesh Singh, Sanjay Gurbaxani",2012
Dabangg 2,Dagabaaz Re,Sajid–Wajid,Rahat Fateh Ali Khan & Shreya Ghoshal,"Salman Khan, Sonakshi Sinha, Arbaaz Khan, Vinod Khanna, Prakash Raj, Deepak Dobriyal, Nikitin Dheer, Mahie Gill, Tinnu Anand, Sandeepa Dhar",2012
Dabangg 2,PandeyJee Seeti,Sajid–Wajid,"Wajid, Mamta Sharma & Shreya Ghoshal","Salman Khan, Sonakshi Sinha, Arbaaz Khan, Vinod Khanna, Prakash Raj, Deepak Dobriyal, Nikitin Dheer, Mahie Gill, Tinnu Anand, Sandeepa Dhar",2012
Dabangg 2,Fevicol Se,Sajid–Wajid,Mamta Sharma & Wajid,"Salman Khan, Sonakshi Sinha, Arbaaz Khan, Vinod Khanna, Prakash Raj, Deepak Dobriyal, Nikitin Dheer, Mahie Gill, Tinnu Anand, Sandeepa Dhar",2012
Dabangg 2,Saanson Ne,Sajid–Wajid,Error,"Salman Khan, Sonakshi Sinha, Arbaaz Khan, Vinod Khanna, Prakash Raj, Deepak Dobriyal, Nikitin Dheer, Mahie Gill, Tinnu Anand, Sandeepa Dhar",2012
Dabangg 2,Dabangg Reloaded,Sajid–Wajid,Sukhwinder Singh,"Salman Khan, Sonakshi Sinha, Arbaaz Khan, Vinod Khanna, Prakash Raj, Deepak Dobriyal, Nikitin Dheer, Mahie Gill, Tinnu Anand, Sandeepa Dhar",2012
Dabangg 2,"PandeyJee Seeti"" (Remix)",Sajid–Wajid,"Wajid, Mamta Sharma & Shreya Ghoshal","Salman Khan, Sonakshi Sinha, Arbaaz Khan, Vinod Khanna, Prakash Raj, Deepak Dobriyal, Nikitin Dheer, Mahie Gill, Tinnu Anand, Sandeepa Dhar",2012
Dabangg 2,"Fevicol Se"" (Remix)",Sajid–Wajid,Mamta Sharma & Wajid,"Salman Khan, Sonakshi Sinha, Arbaaz Khan, Vinod Khanna, Prakash Raj, Deepak Dobriyal, Nikitin Dheer, Mahie Gill, Tinnu Anand, Sandeepa Dhar",2012
Dabangg 2,"Dabangg Reloaded"" (Remix)",Sajid–Wajid,Sukhwinder Singh,"Salman Khan, Sonakshi Sinha, Arbaaz Khan, Vinod Khanna, Prakash Raj, Deepak Dobriyal, Nikitin Dheer, Mahie Gill, Tinnu Anand, Sandeepa Dhar",2012
Jab Tak Hai Jaan,Challa,A. R. Rahman,Rabbi,"Shah Rukh Khan, Katrina Kaif, Anushka Sharma, Sarika, Andrew Bicknell, Sharib Hashmi, Jasmine Jardot, Gireesh Sahedev, Amarinder Sodhi, Varun Thakur",2012
Jab Tak Hai Jaan,Saans,A. R. Rahman,Mohit Chauhan & Shreya Ghoshal,"Shah Rukh Khan, Katrina Kaif, Anushka Sharma, Sarika, Andrew Bicknell, Sharib Hashmi, Jasmine Jardot, Gireesh Sahedev, Amarinder Sodhi, Varun Thakur",2012
Jab Tak Hai Jaan,Ishq Shava,A. R. Rahman,Raghav Mathur & Shilpa Rao,"Shah Rukh Khan, Katrina Kaif, Anushka Sharma, Sarika, Andrew Bicknell, Sharib Hashmi, Jasmine Jardot, Gireesh Sahedev, Amarinder Sodhi, Varun Thakur",2012
Jab Tak Hai Jaan,Heer,A. R. Rahman,Harshdeep Kaur,"Shah Rukh Khan, Katrina Kaif, Anushka Sharma, Sarika, Andrew Bicknell, Sharib Hashmi, Jasmine Jardot, Gireesh Sahedev, Amarinder Sodhi, Varun Thakur",2012
Jab Tak Hai Jaan,Jiya Re,A. R. Rahman,Neeti Mohan,"Shah Rukh Khan, Katrina Kaif, Anushka Sharma, Sarika, Andrew Bicknell, Sharib Hashmi, Jasmine Jardot, Gireesh Sahedev, Amarinder Sodhi, Varun Thakur",2012
Jab Tak Hai Jaan,Jab Tak Hai Jaan,A. R. Rahman,Javed Ali & Shakthisree Gopalan,"Shah Rukh Khan, Katrina Kaif, Anushka Sharma, Sarika, Andrew Bicknell, Sharib Hashmi, Jasmine Jardot, Gireesh Sahedev, Amarinder Sodhi, Varun Thakur",2012
Jab Tak Hai Jaan,"Saans"" (Reprise)",A. R. Rahman,Shreya Ghoshal,"Shah Rukh Khan, Katrina Kaif, Anushka Sharma, Sarika, Andrew Bicknell, Sharib Hashmi, Jasmine Jardot, Gireesh Sahedev, Amarinder Sodhi, Varun Thakur",2012
Jab Tak Hai Jaan,Ishq Dance,A. R. Rahman,A.R. Rahman,"Shah Rukh Khan, Katrina Kaif, Anushka Sharma, Sarika, Andrew Bicknell, Sharib Hashmi, Jasmine Jardot, Gireesh Sahedev, Amarinder Sodhi, Varun Thakur",2012
Jab Tak Hai Jaan,"Jab Tak Hai Jaan"" (Poem)",A. R. Rahman,Shah Rukh Khan,"Shah Rukh Khan, Katrina Kaif, Anushka Sharma, Sarika, Andrew Bicknell, Sharib Hashmi, Jasmine Jardot, Gireesh Sahedev, Amarinder Sodhi, Varun Thakur",2012
Rowdy Rathore,Dhadhang Dhang,"Sajid–Wajid, Background Score:, Sandeep Chowta","Shreya Ghoshal, Sajid Wajid & Wajid Khan","Akshay Kumar, Sonakshi Sinha, Nassar, Yashpal Sharma, Mushtaq Khan, Gurdeep Kohli, Paresh Ganatra, Amit Kumar Tiwari, Raj Arjun, Darshan Jariwala",2012
Rowdy Rathore,Chinta Ta Ta Chita Chita,"Sajid–Wajid, Background Score:, Sandeep Chowta","Mika Singh, Sajid Wajid & Wajid Khan","Akshay Kumar, Sonakshi Sinha, Nassar, Yashpal Sharma, Mushtaq Khan, Gurdeep Kohli, Paresh Ganatra, Amit Kumar Tiwari, Raj Arjun, Darshan Jariwala",2012
Rowdy Rathore,Aa Re Pritam Pyaare,"Sajid–Wajid, Background Score:, Sandeep Chowta","Mamta Sharma, Sarosh Sami & Sajid Wajid","Akshay Kumar, Sonakshi Sinha, Nassar, Yashpal Sharma, Mushtaq Khan, Gurdeep Kohli, Paresh Ganatra, Amit Kumar Tiwari, Raj Arjun, Darshan Jariwala",2012
Rowdy Rathore,Chamak Challo Chel Chabeli,"Sajid–Wajid, Background Score:, Sandeep Chowta","Kumar Sanu, Shreya Ghoshal & Sajid Wajid","Akshay Kumar, Sonakshi Sinha, Nassar, Yashpal Sharma, Mushtaq Khan, Gurdeep Kohli, Paresh Ganatra, Amit Kumar Tiwari, Raj Arjun, Darshan Jariwala",2012
Rowdy Rathore,Tera Ishq Bada Teekha,"Sajid–Wajid, Background Score:, Sandeep Chowta","Javed Ali, Shreya Ghoshal & Sajid Wajid","Akshay Kumar, Sonakshi Sinha, Nassar, Yashpal Sharma, Mushtaq Khan, Gurdeep Kohli, Paresh Ganatra, Amit Kumar Tiwari, Raj Arjun, Darshan Jariwala",2012
Rowdy Rathore,Chandaniya (Lori Lori),"Sajid–Wajid, Background Score:, Sandeep Chowta",Shreya Ghoshal & Sajid Wajid,"Akshay Kumar, Sonakshi Sinha, Nassar, Yashpal Sharma, Mushtaq Khan, Gurdeep Kohli, Paresh Ganatra, Amit Kumar Tiwari, Raj Arjun, Darshan Jariwala",2012
Rowdy Rathore,Rowdy Mix,"Sajid–Wajid, Background Score:, Sandeep Chowta","Akshay Kumar, Sarosh Sami & Sajid Wajid","Akshay Kumar, Sonakshi Sinha, Nassar, Yashpal Sharma, Mushtaq Khan, Gurdeep Kohli, Paresh Ganatra, Amit Kumar Tiwari, Raj Arjun, Darshan Jariwala",2012
Agneepath,Chikni Chameli,Ajay–Atul,Shreya Ghoshal & Ajay-Atul,"Hrithik Roshan, Sanjay Dutt, Priyanka Chopra Jonas, Rishi Kapoor, Zarina Wahab, Om Puri, Madhurjeet Sarghi, Inaamulhaq, Chetan Pandit, Pankaj Tripathi",2012
Agneepath,Shah Ka Rutba,Ajay–Atul,"Sukhwinder Singh, Anand Raaj Anand, Krishna Beura & Ajay-Atul","Hrithik Roshan, Sanjay Dutt, Priyanka Chopra Jonas, Rishi Kapoor, Zarina Wahab, Om Puri, Madhurjeet Sarghi, Inaamulhaq, Chetan Pandit, Pankaj Tripathi",2012
Agneepath,O Saiyyan,Ajay–Atul,Roop Kumar Rathod & Ajay-Atul,"Hrithik Roshan, Sanjay Dutt, Priyanka Chopra Jonas, Rishi Kapoor, Zarina Wahab, Om Puri, Madhurjeet Sarghi, Inaamulhaq, Chetan Pandit, Pankaj Tripathi",2012
Agneepath,Abhi Mujh Mein Kahin,Ajay–Atul,Sonu Nigam & Ajay-Atul,"Hrithik Roshan, Sanjay Dutt, Priyanka Chopra Jonas, Rishi Kapoor, Zarina Wahab, Om Puri, Madhurjeet Sarghi, Inaamulhaq, Chetan Pandit, Pankaj Tripathi",2012
Agneepath,Gun Gun Guna,Ajay–Atul,"Udit Narayan, Sunidhi Chauhan & Ajay-Atul","Hrithik Roshan, Sanjay Dutt, Priyanka Chopra Jonas, Rishi Kapoor, Zarina Wahab, Om Puri, Madhurjeet Sarghi, Inaamulhaq, Chetan Pandit, Pankaj Tripathi",2012
Agneepath,Deva Shree Ganesha,Ajay–Atul,Ajay Gogavale & Ajay-Atul,"Hrithik Roshan, Sanjay Dutt, Priyanka Chopra Jonas, Rishi Kapoor, Zarina Wahab, Om Puri, Madhurjeet Sarghi, Inaamulhaq, Chetan Pandit, Pankaj Tripathi",2012
Barfi!,Ala Barfi,Pritam,Swanand Kirkire & Pritam,"Ranbir Kapoor, Priyanka Chopra Jonas, Ileana D'Cruz, Saurabh Shukla, Jisshu Sengupta, Ashish Vidhyarthi, Akash Khurana, Roopa Ganguly, Sujata Sehgal, Arun Bali",2012
Barfi!,Main Kya Karoon,Pritam,Nikhil Paul George & Pritam,"Ranbir Kapoor, Priyanka Chopra Jonas, Ileana D'Cruz, Saurabh Shukla, Jisshu Sengupta, Ashish Vidhyarthi, Akash Khurana, Roopa Ganguly, Sujata Sehgal, Arun Bali",2012
Barfi!,Phir Le Aya Dil,Pritam,Pritam & Arijit Singh,"Ranbir Kapoor, Priyanka Chopra Jonas, Ileana D'Cruz, Saurabh Shukla, Jisshu Sengupta, Ashish Vidhyarthi, Akash Khurana, Roopa Ganguly, Sujata Sehgal, Arun Bali",2012
Barfi!,Kyon,Pritam,"Papon, Sunidhi Chauhan & Pritam","Ranbir Kapoor, Priyanka Chopra Jonas, Ileana D'Cruz, Saurabh Shukla, Jisshu Sengupta, Ashish Vidhyarthi, Akash Khurana, Roopa Ganguly, Sujata Sehgal, Arun Bali",2012
Barfi!,Aashiyan,Pritam,"Shreya Ghoshal, Nikhil Paul George & Pritam","Ranbir Kapoor, Priyanka Chopra Jonas, Ileana D'Cruz, Saurabh Shukla, Jisshu Sengupta, Ashish Vidhyarthi, Akash Khurana, Roopa Ganguly, Sujata Sehgal, Arun Bali",2012
Barfi!,Saawali Si Raat,Pritam,Arijit Singh & Pritam,"Ranbir Kapoor, Priyanka Chopra Jonas, Ileana D'Cruz, Saurabh Shukla, Jisshu Sengupta, Ashish Vidhyarthi, Akash Khurana, Roopa Ganguly, Sujata Sehgal, Arun Bali",2012
Barfi!,"Ala Barfi"" (Reprise)",Pritam,Arijit Singh & Pritam,"Ranbir Kapoor, Priyanka Chopra Jonas, Ileana D'Cruz, Saurabh Shukla, Jisshu Sengupta, Ashish Vidhyarthi, Akash Khurana, Roopa Ganguly, Sujata Sehgal, Arun Bali",2012
Barfi!,"Phir Le Aya Dil"" (Reprise)",Pritam,Arijit Singh & Pritam,"Ranbir Kapoor, Priyanka Chopra Jonas, Ileana D'Cruz, Saurabh Shukla, Jisshu Sengupta, Ashish Vidhyarthi, Akash Khurana, Roopa Ganguly, Sujata Sehgal, Arun Bali",2012
Barfi!,"Phir Le Aya Dil"" (Redux)",Pritam,Arijit Singh & Pritam,"Ranbir Kapoor, Priyanka Chopra Jonas, Ileana D'Cruz, Saurabh Shukla, Jisshu Sengupta, Ashish Vidhyarthi, Akash Khurana, Roopa Ganguly, Sujata Sehgal, Arun Bali",2012
Barfi!,"Aashiyan"" (Solo)",Pritam,Not Found,"Ranbir Kapoor, Priyanka Chopra Jonas, Ileana D'Cruz, Saurabh Shukla, Jisshu Sengupta, Ashish Vidhyarthi, Akash Khurana, Roopa Ganguly, Sujata Sehgal, Arun Bali",2012
Barfi!,Fataafati,Pritam,Not Found,"Ranbir Kapoor, Priyanka Chopra Jonas, Ileana D'Cruz, Saurabh Shukla, Jisshu Sengupta, Ashish Vidhyarthi, Akash Khurana, Roopa Ganguly, Sujata Sehgal, Arun Bali",2012
Talaash: The Answer Lies Within,Muskaanein Jhooti Hai,Ram Sampath,Suman Sridhar,"Aamir Khan, Kareena Kapoor Khan, Rani Mukerji, Nawazuddin Siddiqui, Rajkummar Rao, Shernaz Patel, Suhaas Ahuja, Sheeba Chaddha, Subrat Dutta, Aditi Vasudev",2012
Talaash: The Answer Lies Within,Jee Le Zara,Ram Sampath,Error,"Aamir Khan, Kareena Kapoor Khan, Rani Mukerji, Nawazuddin Siddiqui, Rajkummar Rao, Shernaz Patel, Suhaas Ahuja, Sheeba Chaddha, Subrat Dutta, Aditi Vasudev",2012
Talaash: The Answer Lies Within,Jiya Laage Na,Ram Sampath,"Lata Mangeshkar, Salil Chowdhury & Gulzar","Aamir Khan, Kareena Kapoor Khan, Rani Mukerji, Nawazuddin Siddiqui, Rajkummar Rao, Shernaz Patel, Suhaas Ahuja, Sheeba Chaddha, Subrat Dutta, Aditi Vasudev",2012
Talaash: The Answer Lies Within,Laakh Duniya Kahe,Ram Sampath,Ram Sampath,"Aamir Khan, Kareena Kapoor Khan, Rani Mukerji, Nawazuddin Siddiqui, Rajkummar Rao, Shernaz Patel, Suhaas Ahuja, Sheeba Chaddha, Subrat Dutta, Aditi Vasudev",2012
Talaash: The Answer Lies Within,Hona Hai Kya,Ram Sampath,Ram Sampath,"Aamir Khan, Kareena Kapoor Khan, Rani Mukerji, Nawazuddin Siddiqui, Rajkummar Rao, Shernaz Patel, Suhaas Ahuja, Sheeba Chaddha, Subrat Dutta, Aditi Vasudev",2012
Talaash: The Answer Lies Within,"Jee Le Zara"" (Remix)",Ram Sampath,Shruti Pathak & Naresh Kamath,"Aamir Khan, Kareena Kapoor Khan, Rani Mukerji, Nawazuddin Siddiqui, Rajkummar Rao, Shernaz Patel, Suhaas Ahuja, Sheeba Chaddha, Subrat Dutta, Aditi Vasudev",2012
Housefull 2,Papa Toh Band Bajaye,Songs:Sajid–WajidBackground Score:Sandeep Shirodkar,Neeraj Shridhar,"Akshay Kumar, John Abraham, Riteish Deshmukh, Asin Thottumkal, Rishi Kapoor, Randhir Kapoor, Shreyas Talpade, Zareen Khan, Shazahn Padamsee, Boman Irani",2012
Housefull 2,Anarkali Disco Chali,Songs:Sajid–WajidBackground Score:Sandeep Shirodkar,Mamta Sharma & Sukhwinder Singh,"Akshay Kumar, John Abraham, Riteish Deshmukh, Asin Thottumkal, Rishi Kapoor, Randhir Kapoor, Shreyas Talpade, Zareen Khan, Shazahn Padamsee, Boman Irani",2012
Housefull 2,Right Now Now,Songs:Sajid–WajidBackground Score:Sandeep Shirodkar,"Wajid, Sunidhi Chauhan & Suzanne D'Mello","Akshay Kumar, John Abraham, Riteish Deshmukh, Asin Thottumkal, Rishi Kapoor, Randhir Kapoor, Shreyas Talpade, Zareen Khan, Shazahn Padamsee, Boman Irani",2012
Housefull 2,Do U Know,Songs:Sajid–WajidBackground Score:Sandeep Shirodkar,"Diljit Dosanjh, B. Praak, Tanishk Bagchi & Jaani","Akshay Kumar, John Abraham, Riteish Deshmukh, Asin Thottumkal, Rishi Kapoor, Randhir Kapoor, Shreyas Talpade, Zareen Khan, Shazahn Padamsee, Boman Irani",2012
Housefull 2,"Anarkali Disco Chali"" (Hyper Mix)",Songs:Sajid–WajidBackground Score:Sandeep Shirodkar,"Mamta Sharma, Sukhwinder Singh & Dj Shiva","Akshay Kumar, John Abraham, Riteish Deshmukh, Asin Thottumkal, Rishi Kapoor, Randhir Kapoor, Shreyas Talpade, Zareen Khan, Shazahn Padamsee, Boman Irani",2012
Housefull 2,"Right Now Now"" (Remix)",Songs:Sajid–WajidBackground Score:Sandeep Shirodkar,"Wajid, Sunidhi Chauhan, Suzanne D'Mello & Dj Khushi","Akshay Kumar, John Abraham, Riteish Deshmukh, Asin Thottumkal, Rishi Kapoor, Randhir Kapoor, Shreyas Talpade, Zareen Khan, Shazahn Padamsee, Boman Irani",2012
Housefull 2,"Do U Know"" (Remix)",Songs:Sajid–WajidBackground Score:Sandeep Shirodkar,"Diljit Dosanjh, B. Praak, Tanishk Bagchi & Jaani","Akshay Kumar, John Abraham, Riteish Deshmukh, Asin Thottumkal, Rishi Kapoor, Randhir Kapoor, Shreyas Talpade, Zareen Khan, Shazahn Padamsee, Boman Irani",2012
Housefull 2,"Anarkali Disco Chali"" (Remix)",Songs:Sajid–WajidBackground Score:Sandeep Shirodkar,"Mamta Sharma, Sukhwinder Singh, Nawab Saab & Dj Khushi","Akshay Kumar, John Abraham, Riteish Deshmukh, Asin Thottumkal, Rishi Kapoor, Randhir Kapoor, Shreyas Talpade, Zareen Khan, Shazahn Padamsee, Boman Irani",2012
Bol Bachchan,Bol Bachchan,"Original Soundtrack:, Himesh Reshammiya, Guest Composers:, Ajay–Atul, Background Score:, Amar Mohile","Amitabh Bachchan, Abhishek Bachchan, Ajay Devgan, Himesh Reshammiya, Mamta Sharma & Vineet Singh","Abhishek Bachchan, Ajay Devgn, Asin Thottumkal, Prachi Desai, Archana Puran Singh, Krishna Abhishek, Neeraj Vora, Asrani, Jeetu Verma",2012
Bol Bachchan,Chalao Na Naino Se,"Original Soundtrack:, Himesh Reshammiya, Guest Composers:, Ajay–Atul, Background Score:, Amar Mohile",Himesh Reshammiya & Shreya Ghoshal,"Abhishek Bachchan, Ajay Devgn, Asin Thottumkal, Prachi Desai, Archana Puran Singh, Krishna Abhishek, Neeraj Vora, Asrani, Jeetu Verma",2012
Bol Bachchan,Nach Le,"Original Soundtrack:, Himesh Reshammiya, Guest Composers:, Ajay–Atul, Background Score:, Amar Mohile","Pritam, Arijit Singh, Badshah, Jonita Gandhi & Nakash Aziz","Abhishek Bachchan, Ajay Devgn, Asin Thottumkal, Prachi Desai, Archana Puran Singh, Krishna Abhishek, Neeraj Vora, Asrani, Jeetu Verma",2012
Bol Bachchan,Jab Se Dheki Hai,"Original Soundtrack:, Himesh Reshammiya, Guest Composers:, Ajay–Atul, Background Score:, Amar Mohile",Not Found,"Abhishek Bachchan, Ajay Devgn, Asin Thottumkal, Prachi Desai, Archana Puran Singh, Krishna Abhishek, Neeraj Vora, Asrani, Jeetu Verma",2012
Bol Bachchan,"Bol Bachchan"" (Remix)","Original Soundtrack:, Himesh Reshammiya, Guest Composers:, Ajay–Atul, Background Score:, Amar Mohile","Amitabh Bachchan, Abhishek Bachchan, Ajay Devgan, Himesh Reshammiya, Mamta Sharma, Vineet Singh, Dj Amann Nagpal & Dj A Sen","Abhishek Bachchan, Ajay Devgn, Asin Thottumkal, Prachi Desai, Archana Puran Singh, Krishna Abhishek, Neeraj Vora, Asrani, Jeetu Verma",2012
Bol Bachchan,"Chalao Na Naino Se"" (Remix)","Original Soundtrack:, Himesh Reshammiya, Guest Composers:, Ajay–Atul, Background Score:, Amar Mohile",Himesh Reshammiya & Shreya Ghoshal,"Abhishek Bachchan, Ajay Devgn, Asin Thottumkal, Prachi Desai, Archana Puran Singh, Krishna Abhishek, Neeraj Vora, Asrani, Jeetu Verma",2012
Bol Bachchan,"Nach Le"" (Remix)","Original Soundtrack:, Himesh Reshammiya, Guest Composers:, Ajay–Atul, Background Score:, Amar Mohile",Arijit Singh,"Abhishek Bachchan, Ajay Devgn, Asin Thottumkal, Prachi Desai, Archana Puran Singh, Krishna Abhishek, Neeraj Vora, Asrani, Jeetu Verma",2012
Bol Bachchan,"Jab Se Dheki Hai"" (Remix)","Original Soundtrack:, Himesh Reshammiya, Guest Composers:, Ajay–Atul, Background Score:, Amar Mohile",Not Found,"Abhishek Bachchan, Ajay Devgn, Asin Thottumkal, Prachi Desai, Archana Puran Singh, Krishna Abhishek, Neeraj Vora, Asrani, Jeetu Verma",2012
Son of Sardaar,Son of Sardaar,"Himesh Reshammiya, Sajid–Wajid, Background Score:, Sandeep Chowta",Aaman Trikha & Himesh Reshammiya,"Ajay Devgn, Sonakshi Sinha, Sanjay Dutt, Juhi Chawla Mehta, Tanuja Samarth, Mukul Dev, Vindu Dara Singh, Arjan Bajwa, Puneet Issar, Salman Khan",2012
Son of Sardaar,Rani Tu Mein Raja,"Himesh Reshammiya, Sajid–Wajid, Background Score:, Sandeep Chowta","Mika Singh, Bhavya Pandit & Yo Yo Honey Singh","Ajay Devgn, Sonakshi Sinha, Sanjay Dutt, Juhi Chawla Mehta, Tanuja Samarth, Mukul Dev, Vindu Dara Singh, Arjan Bajwa, Puneet Issar, Salman Khan",2012
Son of Sardaar,Po Po Po,"Himesh Reshammiya, Sajid–Wajid, Background Score:, Sandeep Chowta","Vikas Bhalla, Aaman Trikha & Himesh Reshammiya","Ajay Devgn, Sonakshi Sinha, Sanjay Dutt, Juhi Chawla Mehta, Tanuja Samarth, Mukul Dev, Vindu Dara Singh, Arjan Bajwa, Puneet Issar, Salman Khan",2012
Son of Sardaar,Tu Kamaal Di Kudi,"Himesh Reshammiya, Sajid–Wajid, Background Score:, Sandeep Chowta",Vineet Singh & Mamta Sharma,"Ajay Devgn, Sonakshi Sinha, Sanjay Dutt, Juhi Chawla Mehta, Tanuja Samarth, Mukul Dev, Vindu Dara Singh, Arjan Bajwa, Puneet Issar, Salman Khan",2012
Son of Sardaar,Bichdann,"Himesh Reshammiya, Sajid–Wajid, Background Score:, Sandeep Chowta",Rahat Fateh Ali Khan,"Ajay Devgn, Sonakshi Sinha, Sanjay Dutt, Juhi Chawla Mehta, Tanuja Samarth, Mukul Dev, Vindu Dara Singh, Arjan Bajwa, Puneet Issar, Salman Khan",2012
Son of Sardaar,Yeh Jo Halki Halki Khumariya,"Himesh Reshammiya, Sajid–Wajid, Background Score:, Sandeep Chowta",Rahat Fateh Ali Khan,"Ajay Devgn, Sonakshi Sinha, Sanjay Dutt, Juhi Chawla Mehta, Tanuja Samarth, Mukul Dev, Vindu Dara Singh, Arjan Bajwa, Puneet Issar, Salman Khan",2012
Son of Sardaar,"Kabhi Kabhi Mere Dil Mein Ye Sawaal Aata Hai"" (Funk)","Himesh Reshammiya, Sajid–Wajid, Background Score:, Sandeep Chowta",Ajay Devgan,"Ajay Devgn, Sonakshi Sinha, Sanjay Dutt, Juhi Chawla Mehta, Tanuja Samarth, Mukul Dev, Vindu Dara Singh, Arjan Bajwa, Puneet Issar, Salman Khan",2012
Son of Sardaar,"Son of Sardaar"" (Remix)","Himesh Reshammiya, Sajid–Wajid, Background Score:, Sandeep Chowta",Aaman Trikha & Himesh Reshammiya,"Ajay Devgn, Sonakshi Sinha, Sanjay Dutt, Juhi Chawla Mehta, Tanuja Samarth, Mukul Dev, Vindu Dara Singh, Arjan Bajwa, Puneet Issar, Salman Khan",2012
Son of Sardaar,"Rani Tu Mein Raja"" (Remix)","Himesh Reshammiya, Sajid–Wajid, Background Score:, Sandeep Chowta","Mika Singh, Bhavya Pandit, Yo Yo Honey Singh & Kiran Kamath","Ajay Devgn, Sonakshi Sinha, Sanjay Dutt, Juhi Chawla Mehta, Tanuja Samarth, Mukul Dev, Vindu Dara Singh, Arjan Bajwa, Puneet Issar, Salman Khan",2012
Son of Sardaar,"Kabhi Kabhi Mere Dil Mein Ye Sawaal"" (Trance)","Himesh Reshammiya, Sajid–Wajid, Background Score:, Sandeep Chowta",Ajay Devgan,"Ajay Devgn, Sonakshi Sinha, Sanjay Dutt, Juhi Chawla Mehta, Tanuja Samarth, Mukul Dev, Vindu Dara Singh, Arjan Bajwa, Puneet Issar, Salman Khan",2012
Son of Sardaar,"Bichdann"" (Reprise)","Himesh Reshammiya, Sajid–Wajid, Background Score:, Sandeep Chowta","Rahat Fateh Ali Khan, Dj Chetas & Lijo","Ajay Devgn, Sonakshi Sinha, Sanjay Dutt, Juhi Chawla Mehta, Tanuja Samarth, Mukul Dev, Vindu Dara Singh, Arjan Bajwa, Puneet Issar, Salman Khan",2012
Ek Main Aur Ekk Tu,Ek Main Aur Ekk Tu,Amit Trivedi,"Benny Dayal, Anushka Manchanda & Amit Trivedi","Imran Khan, Kareena Kapoor Khan, Boman Irani, Rob Darren, Ratna Pathak Shah, Ram Kapoor, Manasi Scott",2012
Ek Main Aur Ekk Tu,Gubbare,Amit Trivedi,"Amit Trivedi, Shilpa Rao, Nikhil D'Souza & Amitabh Bhattacharya","Imran Khan, Kareena Kapoor Khan, Boman Irani, Rob Darren, Ratna Pathak Shah, Ram Kapoor, Manasi Scott",2012
Ek Main Aur Ekk Tu,Aunty Ji,Amit Trivedi,"Ash King, Neuman Pinto, Bianca Gomes & Amit Trivedi","Imran Khan, Kareena Kapoor Khan, Boman Irani, Rob Darren, Ratna Pathak Shah, Ram Kapoor, Manasi Scott",2012
Ek Main Aur Ekk Tu,Aahatein,Amit Trivedi,"Karthik, Shilpa Rao & Amit Trivedi","Imran Khan, Kareena Kapoor Khan, Boman Irani, Rob Darren, Ratna Pathak Shah, Ram Kapoor, Manasi Scott",2012
Ek Main Aur Ekk Tu,Kar Chalna Shuru Tu,Amit Trivedi,"Vishal Dadlani, Shilpa Rao & Amit Trivedi","Imran Khan, Kareena Kapoor Khan, Boman Irani, Rob Darren, Ratna Pathak Shah, Ram Kapoor, Manasi Scott",2012
Ek Main Aur Ekk Tu,"Ek Main Aur Ekk Tu"" (remix)",Amit Trivedi,"Benny Dayal, Anushka Manchanda & Amit Trivedi","Imran Khan, Kareena Kapoor Khan, Boman Irani, Rob Darren, Ratna Pathak Shah, Ram Kapoor, Manasi Scott",2012
Ek Main Aur Ekk Tu,"Aahatein"" (remix)",Amit Trivedi,"Karthik, Shilpa Rao & Amit Trivedi","Imran Khan, Kareena Kapoor Khan, Boman Irani, Rob Darren, Ratna Pathak Shah, Ram Kapoor, Manasi Scott",2012
Paan Singh Tomar,Kero Mama,Abhishek Ray,Shailendra Singh,"Irrfan Khan, Mahie Gill, Vipin Sharma, Nawazuddin Siddiqui, Imran Hasnee, Zakir Hussain, Rajendra Gupta, Brijendra Kala, Khan Jahangir Khan, Ashraf Ul Haq",2012
Paan Singh Tomar,Dhai Dhai,Abhishek Ray,"Suresh Wadkar, Rekha Bhardwaj, Sunidhi Chauhan & Kunal Ganjawala","Irrfan Khan, Mahie Gill, Vipin Sharma, Nawazuddin Siddiqui, Imran Hasnee, Zakir Hussain, Rajendra Gupta, Brijendra Kala, Khan Jahangir Khan, Ashraf Ul Haq",2012
Paan Singh Tomar,Jaao Dhal Jaao,Abhishek Ray,Not Found,"Irrfan Khan, Mahie Gill, Vipin Sharma, Nawazuddin Siddiqui, Imran Hasnee, Zakir Hussain, Rajendra Gupta, Brijendra Kala, Khan Jahangir Khan, Ashraf Ul Haq",2012
Paan Singh Tomar,O Re Banwasi,Abhishek Ray,Not Found,"Irrfan Khan, Mahie Gill, Vipin Sharma, Nawazuddin Siddiqui, Imran Hasnee, Zakir Hussain, Rajendra Gupta, Brijendra Kala, Khan Jahangir Khan, Ashraf Ul Haq",2012
Paan Singh Tomar,"Paan Singh Tomar"" (Theme)",Abhishek Ray,Not Found,"Irrfan Khan, Mahie Gill, Vipin Sharma, Nawazuddin Siddiqui, Imran Hasnee, Zakir Hussain, Rajendra Gupta, Brijendra Kala, Khan Jahangir Khan, Ashraf Ul Haq",2012
Kahaani,Tum Kya Mile,Pritam,"Pritam, Arijit Singh, Shreya Ghoshal & Amitabh Bhattacharya","Vidya Balan, Parambrata Chatterjee, Nawazuddin Siddiqui, Saswata Chatterjee, Kharaj Mukherjee, Dhritiman Chatterjee, Darshan Jariwala, Indraneil Sengupta, Abir Chatterjee, Shantilal Mukherjee",2012
Kahaani,"What Jhumka?"" (co-composerMadan Mohan, co-lyricistRaja Mehdi Ali Khan)",Pritam,Not Found,"Vidya Balan, Parambrata Chatterjee, Nawazuddin Siddiqui, Saswata Chatterjee, Kharaj Mukherjee, Dhritiman Chatterjee, Darshan Jariwala, Indraneil Sengupta, Abir Chatterjee, Shantilal Mukherjee",2012
Kahaani,Ve Kamleya,Pritam,"Pritam, Arijit Singh, Shreya Ghoshal, Shadab Faridi, Altamash Faridi & Amitabh Bhattacharya","Vidya Balan, Parambrata Chatterjee, Nawazuddin Siddiqui, Saswata Chatterjee, Kharaj Mukherjee, Dhritiman Chatterjee, Darshan Jariwala, Indraneil Sengupta, Abir Chatterjee, Shantilal Mukherjee",2012
Kahaani,Dhindhora Baje Re,Pritam,"Pritam, Darshan Raval, Bhoomi Trivedi & Amitabh Bhattacharya","Vidya Balan, Parambrata Chatterjee, Nawazuddin Siddiqui, Saswata Chatterjee, Kharaj Mukherjee, Dhritiman Chatterjee, Darshan Jariwala, Indraneil Sengupta, Abir Chatterjee, Shantilal Mukherjee",2012
Kahaani,Ro Lain De,Pritam,"Pritam, Sonu Nigam, Shilpa Rao & Amitabh Bhattacharya","Vidya Balan, Parambrata Chatterjee, Nawazuddin Siddiqui, Saswata Chatterjee, Kharaj Mukherjee, Dhritiman Chatterjee, Darshan Jariwala, Indraneil Sengupta, Abir Chatterjee, Shantilal Mukherjee",2012
Kahaani,Kudmayi,Pritam,"Pritam, Shahid Mallya & Amitabh Bhattacharya","Vidya Balan, Parambrata Chatterjee, Nawazuddin Siddiqui, Saswata Chatterjee, Kharaj Mukherjee, Dhritiman Chatterjee, Darshan Jariwala, Indraneil Sengupta, Abir Chatterjee, Shantilal Mukherjee",2012
Kahaani,Heart Throb,Pritam,"Pritam, Dev Negi & Amitabh Bhattacharya","Vidya Balan, Parambrata Chatterjee, Nawazuddin Siddiqui, Saswata Chatterjee, Kharaj Mukherjee, Dhritiman Chatterjee, Darshan Jariwala, Indraneil Sengupta, Abir Chatterjee, Shantilal Mukherjee",2012
Kahaani,Saregama Carvaan Medley,Pritam,"Pritam, Shashwat Singh, Jonita Gandhi, Anand Bakshi & Santosh Anand","Vidya Balan, Parambrata Chatterjee, Nawazuddin Siddiqui, Saswata Chatterjee, Kharaj Mukherjee, Dhritiman Chatterjee, Darshan Jariwala, Indraneil Sengupta, Abir Chatterjee, Shantilal Mukherjee",2012
Kahaani,Rani's Intro Theme,Pritam,"Pritam, Brianna Supriyo, Dev Arijit & Antara Mitra","Vidya Balan, Parambrata Chatterjee, Nawazuddin Siddiqui, Saswata Chatterjee, Kharaj Mukherjee, Dhritiman Chatterjee, Darshan Jariwala, Indraneil Sengupta, Abir Chatterjee, Shantilal Mukherjee",2012
Kahaani,Aaj Jeene Ki Tamanna Hai,Pritam,Lata Mangeshkar,"Vidya Balan, Parambrata Chatterjee, Nawazuddin Siddiqui, Saswata Chatterjee, Kharaj Mukherjee, Dhritiman Chatterjee, Darshan Jariwala, Indraneil Sengupta, Abir Chatterjee, Shantilal Mukherjee",2012
Kahaani,Abhi Na Jaao Chhod Kar,Pritam,Mohd. Rafi & Asha Bhosle,"Vidya Balan, Parambrata Chatterjee, Nawazuddin Siddiqui, Saswata Chatterjee, Kharaj Mukherjee, Dhritiman Chatterjee, Darshan Jariwala, Indraneil Sengupta, Abir Chatterjee, Shantilal Mukherjee",2012
Kahaani,"Tum Kya Mile"" (Radio Edit)",Pritam,"Pritam, Arijit Singh, Shreya Ghoshal & Amitabh Bhattacharya","Vidya Balan, Parambrata Chatterjee, Nawazuddin Siddiqui, Saswata Chatterjee, Kharaj Mukherjee, Dhritiman Chatterjee, Darshan Jariwala, Indraneil Sengupta, Abir Chatterjee, Shantilal Mukherjee",2012
Kahaani,"Ve Kamleya"" (Sufi Version)",Pritam,"Pritam, Shadab Faridi, Altamash Faridi, Asees Kaur & Amitabh Bhattacharya","Vidya Balan, Parambrata Chatterjee, Nawazuddin Siddiqui, Saswata Chatterjee, Kharaj Mukherjee, Dhritiman Chatterjee, Darshan Jariwala, Indraneil Sengupta, Abir Chatterjee, Shantilal Mukherjee",2012
Kahaani,"Tum Kya Mile"" (Reprisal Edit)",Pritam,Not Found,"Vidya Balan, Parambrata Chatterjee, Nawazuddin Siddiqui, Saswata Chatterjee, Kharaj Mukherjee, Dhritiman Chatterjee, Darshan Jariwala, Indraneil Sengupta, Abir Chatterjee, Shantilal Mukherjee",2012
Kahaani,"Kudmayi"" (Film Version)",Pritam,"Pritam, Shahid Mallya & Amitabh Bhattacharya","Vidya Balan, Parambrata Chatterjee, Nawazuddin Siddiqui, Saswata Chatterjee, Kharaj Mukherjee, Dhritiman Chatterjee, Darshan Jariwala, Indraneil Sengupta, Abir Chatterjee, Shantilal Mukherjee",2012
Kahaani,"Ve Kamleya"" (Redux)",Pritam,"Pritam, Arijit Singh, Shreya Ghoshal, Shadab Faridi, Altamash Faridi & Amitabh Bhattacharya","Vidya Balan, Parambrata Chatterjee, Nawazuddin Siddiqui, Saswata Chatterjee, Kharaj Mukherjee, Dhritiman Chatterjee, Darshan Jariwala, Indraneil Sengupta, Abir Chatterjee, Shantilal Mukherjee",2012
Kahaani,"Tum Kya Mile"" (Ending Sequence)",Pritam,"Shreya Ghoshal, Pritam & Amitabh Bhattacharya","Vidya Balan, Parambrata Chatterjee, Nawazuddin Siddiqui, Saswata Chatterjee, Kharaj Mukherjee, Dhritiman Chatterjee, Darshan Jariwala, Indraneil Sengupta, Abir Chatterjee, Shantilal Mukherjee",2012
Kahaani,"Kudmayi"" (Lofi Edit)",Pritam,"Shahid Mallya, Pritam & Amitabh Bhattacharya","Vidya Balan, Parambrata Chatterjee, Nawazuddin Siddiqui, Saswata Chatterjee, Kharaj Mukherjee, Dhritiman Chatterjee, Darshan Jariwala, Indraneil Sengupta, Abir Chatterjee, Shantilal Mukherjee",2012
Kahaani,"Abhi Naa Jao Chhod Kar"" (Reprise)",Pritam,Asha Bhosle & Mohd. Rafi,"Vidya Balan, Parambrata Chatterjee, Nawazuddin Siddiqui, Saswata Chatterjee, Kharaj Mukherjee, Dhritiman Chatterjee, Darshan Jariwala, Indraneil Sengupta, Abir Chatterjee, Shantilal Mukherjee",2012
Kahaani,"Suno Suno Miss Chatterjee"" (composerO.P. Nayyar, lyricistAziz Kashmiri)",Pritam,Not Found,"Vidya Balan, Parambrata Chatterjee, Nawazuddin Siddiqui, Saswata Chatterjee, Kharaj Mukherjee, Dhritiman Chatterjee, Darshan Jariwala, Indraneil Sengupta, Abir Chatterjee, Shantilal Mukherjee",2012
Agent Vinod,I'll Do The Talking Tonight,"Pritam, Background Score:, Daniel B. George","Pritam, Neeraj Shridhar, Aditi Singh Sharma, Shefali Alvares & Barbie Amod","Saif Ali Khan, Kareena Kapoor Khan, Adil Hussain, Ravi Kishan, Prem Chopra, Ram Kapoor, Shahbaz Khan, Gulshan Grover, Dhritiman Chatterjee, Anshuman Ajai Singh",2012
Agent Vinod,Dil Mera Muft Ka,"Pritam, Background Score:, Daniel B. George","Pritam, Nandini Srikar, Muazzam, Rizwan, Shadab Faridi, Altamush Faridi & Shabab Sabri","Saif Ali Khan, Kareena Kapoor Khan, Adil Hussain, Ravi Kishan, Prem Chopra, Ram Kapoor, Shahbaz Khan, Gulshan Grover, Dhritiman Chatterjee, Anshuman Ajai Singh",2012
Agent Vinod,"Raabta"" (Siyaah Raatein)","Pritam, Background Score:, Daniel B. George","Pritam, Hamsika, Arijit Singh & Joi","Saif Ali Khan, Kareena Kapoor Khan, Adil Hussain, Ravi Kishan, Prem Chopra, Ram Kapoor, Shahbaz Khan, Gulshan Grover, Dhritiman Chatterjee, Anshuman Ajai Singh",2012
Agent Vinod,Pyaar ki Pungi,"Pritam, Background Score:, Daniel B. George","Pritam, Mika Singh, Amitabh Bhattacharya, Nakash & Javed Jaffrey","Saif Ali Khan, Kareena Kapoor Khan, Adil Hussain, Ravi Kishan, Prem Chopra, Ram Kapoor, Shahbaz Khan, Gulshan Grover, Dhritiman Chatterjee, Anshuman Ajai Singh",2012
Agent Vinod,"Agent Vinod"" (Theme)","Pritam, Background Score:, Daniel B. George",Pritam,"Saif Ali Khan, Kareena Kapoor Khan, Adil Hussain, Ravi Kishan, Prem Chopra, Ram Kapoor, Shahbaz Khan, Gulshan Grover, Dhritiman Chatterjee, Anshuman Ajai Singh",2012
Agent Vinod,"I'll Do The Talking Tonight"" (Remix)","Pritam, Background Score:, Daniel B. George","Pritam, Neeraj Shridhar, Aditi Singh Sharma, Shefali Alvares & Barbie Amod","Saif Ali Khan, Kareena Kapoor Khan, Adil Hussain, Ravi Kishan, Prem Chopra, Ram Kapoor, Shahbaz Khan, Gulshan Grover, Dhritiman Chatterjee, Anshuman Ajai Singh",2012
Agent Vinod,"Raabta"" (Night in a Motel)","Pritam, Background Score:, Daniel B. George","Pritam, Hamsika & Arijit Singh","Saif Ali Khan, Kareena Kapoor Khan, Adil Hussain, Ravi Kishan, Prem Chopra, Ram Kapoor, Shahbaz Khan, Gulshan Grover, Dhritiman Chatterjee, Anshuman Ajai Singh",2012
Agent Vinod,"Pungi"" (Remix)","Pritam, Background Score:, Daniel B. George","Pritam, Mika Singh, Amitabh Bhattacharya & Nakash","Saif Ali Khan, Kareena Kapoor Khan, Adil Hussain, Ravi Kishan, Prem Chopra, Ram Kapoor, Shahbaz Khan, Gulshan Grover, Dhritiman Chatterjee, Anshuman Ajai Singh",2012
Agent Vinod,Raabta,"Pritam, Background Score:, Daniel B. George",Pritam & Arijit Singh,"Saif Ali Khan, Kareena Kapoor Khan, Adil Hussain, Ravi Kishan, Prem Chopra, Ram Kapoor, Shahbaz Khan, Gulshan Grover, Dhritiman Chatterjee, Anshuman Ajai Singh",2012
Agent Vinod,"Dil Mera Muft Ka"" (Remix)","Pritam, Background Score:, Daniel B. George","Pritam, Nandini Srikar, Muazzam, Rizwan, Shadab Faridi, Altamush Faridi & Shabab Sabri","Saif Ali Khan, Kareena Kapoor Khan, Adil Hussain, Ravi Kishan, Prem Chopra, Ram Kapoor, Shahbaz Khan, Gulshan Grover, Dhritiman Chatterjee, Anshuman Ajai Singh",2012
Agent Vinod,"Raabta"" (Kehte Hain Khuda Ne)","Pritam, Background Score:, Daniel B. George","Pritam, Shreya Ghoshal & Arijit Singh","Saif Ali Khan, Kareena Kapoor Khan, Adil Hussain, Ravi Kishan, Prem Chopra, Ram Kapoor, Shahbaz Khan, Gulshan Grover, Dhritiman Chatterjee, Anshuman Ajai Singh",2012
Agent Vinod,Habibi Ya Nour El Ain,"Pritam, Background Score:, Daniel B. George",Ali Hassan Kuban,"Saif Ali Khan, Kareena Kapoor Khan, Adil Hussain, Ravi Kishan, Prem Chopra, Ram Kapoor, Shahbaz Khan, Gulshan Grover, Dhritiman Chatterjee, Anshuman Ajai Singh",2012
Vicky Donor,Rokda,"Abhishek-Akshay, Additional Songs:, Bann Chakraborty, Rochak Kohli, Ayushmann Khurrana","Abhishek - Akshay, Akshay Verma & Aditi Singh Sharma","Ayushmann Khurrana, Yami Gautam Dhar, Annu Kapoor, Dolly Ahluwalia, Kamlesh Gill, Puja Gupta, Inderpal Singh, John Abraham, Swaroopa Ghosh, Krishna Singh Bisht",2012
Vicky Donor,Kho Jaane De,"Abhishek-Akshay, Additional Songs:, Bann Chakraborty, Rochak Kohli, Ayushmann Khurrana","Abhishek - Akshay, Clinton Cerejo & Aditi Singh Sharma","Ayushmann Khurrana, Yami Gautam Dhar, Annu Kapoor, Dolly Ahluwalia, Kamlesh Gill, Puja Gupta, Inderpal Singh, John Abraham, Swaroopa Ghosh, Krishna Singh Bisht",2012
Vicky Donor,Rum Whisky,"Abhishek-Akshay, Additional Songs:, Bann Chakraborty, Rochak Kohli, Ayushmann Khurrana",Abhishek - Akshay & Akshay Verma,"Ayushmann Khurrana, Yami Gautam Dhar, Annu Kapoor, Dolly Ahluwalia, Kamlesh Gill, Puja Gupta, Inderpal Singh, John Abraham, Swaroopa Ghosh, Krishna Singh Bisht",2012
Vicky Donor,"Pani Da Rang"" (Male)","Abhishek-Akshay, Additional Songs:, Bann Chakraborty, Rochak Kohli, Ayushmann Khurrana",Ayushmann Khurrana & Rochak Kohli,"Ayushmann Khurrana, Yami Gautam Dhar, Annu Kapoor, Dolly Ahluwalia, Kamlesh Gill, Puja Gupta, Inderpal Singh, John Abraham, Swaroopa Ghosh, Krishna Singh Bisht",2012
Vicky Donor,"Mar Jayian"" (Romantic)","Abhishek-Akshay, Additional Songs:, Bann Chakraborty, Rochak Kohli, Ayushmann Khurrana","Bann Chakraborty, Vishal Dadlani & Sunidhi Chauhan","Ayushmann Khurrana, Yami Gautam Dhar, Annu Kapoor, Dolly Ahluwalia, Kamlesh Gill, Puja Gupta, Inderpal Singh, John Abraham, Swaroopa Ghosh, Krishna Singh Bisht",2012
Vicky Donor,Chaddha,"Abhishek-Akshay, Additional Songs:, Bann Chakraborty, Rochak Kohli, Ayushmann Khurrana",Abhishek - Akshay & Mika Singh,"Ayushmann Khurrana, Yami Gautam Dhar, Annu Kapoor, Dolly Ahluwalia, Kamlesh Gill, Puja Gupta, Inderpal Singh, John Abraham, Swaroopa Ghosh, Krishna Singh Bisht",2012
Vicky Donor,"Pani Da Rang"" (Female)","Abhishek-Akshay, Additional Songs:, Bann Chakraborty, Rochak Kohli, Ayushmann Khurrana",Ayushmann Khurrana & Rochak Kohli,"Ayushmann Khurrana, Yami Gautam Dhar, Annu Kapoor, Dolly Ahluwalia, Kamlesh Gill, Puja Gupta, Inderpal Singh, John Abraham, Swaroopa Ghosh, Krishna Singh Bisht",2012
Vicky Donor,"Mar Jayian"" (Sad)","Abhishek-Akshay, Additional Songs:, Bann Chakraborty, Rochak Kohli, Ayushmann Khurrana",Bann Chakraborty,"Ayushmann Khurrana, Yami Gautam Dhar, Annu Kapoor, Dolly Ahluwalia, Kamlesh Gill, Puja Gupta, Inderpal Singh, John Abraham, Swaroopa Ghosh, Krishna Singh Bisht",2012
Jannat 2,Tu Hi Mera,Pritam,Shafqat Amanat Ali & Pritam,"Emraan Hashmi, Randeep Hooda, Esha Gupta, Mohammed Zeeshan Ayyub, Manish Chaudhary, Imran Zahid, Sumeet Nijhawan, Brijendra Kala, Arif Zakaria",2012
Jannat 2,Tera Deedar Hua,Pritam,"Rahat Fateh Ali Khan, Pritam & Anupam Amod","Emraan Hashmi, Randeep Hooda, Esha Gupta, Mohammed Zeeshan Ayyub, Manish Chaudhary, Imran Zahid, Sumeet Nijhawan, Brijendra Kala, Arif Zakaria",2012
Jannat 2,Tujhe Sochta Hoon,Pritam,KK & Pritam,"Emraan Hashmi, Randeep Hooda, Esha Gupta, Mohammed Zeeshan Ayyub, Manish Chaudhary, Imran Zahid, Sumeet Nijhawan, Brijendra Kala, Arif Zakaria",2012
Jannat 2,Rab Ka Shukraana,Pritam,Not Found,"Emraan Hashmi, Randeep Hooda, Esha Gupta, Mohammed Zeeshan Ayyub, Manish Chaudhary, Imran Zahid, Sumeet Nijhawan, Brijendra Kala, Arif Zakaria",2012
Jannat 2,Jannatein Kahan,Pritam,KK & Pritam,"Emraan Hashmi, Randeep Hooda, Esha Gupta, Mohammed Zeeshan Ayyub, Manish Chaudhary, Imran Zahid, Sumeet Nijhawan, Brijendra Kala, Arif Zakaria",2012
Jannat 2,Sang Hoon Tere,Pritam,Nikhil D'Souza & Pritam,"Emraan Hashmi, Randeep Hooda, Esha Gupta, Mohammed Zeeshan Ayyub, Manish Chaudhary, Imran Zahid, Sumeet Nijhawan, Brijendra Kala, Arif Zakaria",2012
Jannat 2,"Jannatein Kahan"" (Power Ballad)",Pritam,Nikhil D'Souza & Pritam,"Emraan Hashmi, Randeep Hooda, Esha Gupta, Mohammed Zeeshan Ayyub, Manish Chaudhary, Imran Zahid, Sumeet Nijhawan, Brijendra Kala, Arif Zakaria",2012
Jannat 2,"Tera Deedar Hua"" (From The Heart)",Pritam,Javed Ali & Pritam,"Emraan Hashmi, Randeep Hooda, Esha Gupta, Mohammed Zeeshan Ayyub, Manish Chaudhary, Imran Zahid, Sumeet Nijhawan, Brijendra Kala, Arif Zakaria",2012
Jannat 2,"Rab Ka Shukraana"" (Reprise)",Pritam,Not Found,"Emraan Hashmi, Randeep Hooda, Esha Gupta, Mohammed Zeeshan Ayyub, Manish Chaudhary, Imran Zahid, Sumeet Nijhawan, Brijendra Kala, Arif Zakaria",2012
Ishaqzaade,Ishaqzaade,Amit Trivedi,Javed Ali & Shreya Ghoshal,"Arjun Kapoor, Parineeti Chopra, Gauahar Khan, Shashank Khaitan, Ratan Singh, Anil Rastogi, Natasha Rastogi, Charu Rastogi",2012
Ishaqzaade,Chokra Jawaan,Amit Trivedi,Vishal Dadlani & Sunidhi Chauhan,"Arjun Kapoor, Parineeti Chopra, Gauahar Khan, Shashank Khaitan, Ratan Singh, Anil Rastogi, Natasha Rastogi, Charu Rastogi",2012
Ishaqzaade,Pareshaan,Amit Trivedi,Shalmali Kholgade,"Arjun Kapoor, Parineeti Chopra, Gauahar Khan, Shashank Khaitan, Ratan Singh, Anil Rastogi, Natasha Rastogi, Charu Rastogi",2012
Ishaqzaade,Jhallah Wallah,Amit Trivedi,Shreya Ghoshal,"Arjun Kapoor, Parineeti Chopra, Gauahar Khan, Shashank Khaitan, Ratan Singh, Anil Rastogi, Natasha Rastogi, Charu Rastogi",2012
Ishaqzaade,Aafaton Ke Parinde,Amit Trivedi,Suraj Jagan & Divya Kumar,"Arjun Kapoor, Parineeti Chopra, Gauahar Khan, Shashank Khaitan, Ratan Singh, Anil Rastogi, Natasha Rastogi, Charu Rastogi",2012
Ishaqzaade,"Pareshaan"" (Remix)",Amit Trivedi,Shalmali Kholgade & Abhijit Vaghani,"Arjun Kapoor, Parineeti Chopra, Gauahar Khan, Shashank Khaitan, Ratan Singh, Anil Rastogi, Natasha Rastogi, Charu Rastogi",2012
Ishaqzaade,"Jhallah Wallah"" (Remix)",Amit Trivedi,Shreya Ghoshal & Abhijit Vaghani,"Arjun Kapoor, Parineeti Chopra, Gauahar Khan, Shashank Khaitan, Ratan Singh, Anil Rastogi, Natasha Rastogi, Charu Rastogi",2012
Ishaqzaade,"Ishaqzaade"" (Mashup)",Amit Trivedi,"Javed Ali, Shreya Ghoshal, Vishal Dadlani, Sunidhi Chauhan, Shalmali Kholgade, Suraj Jagan, Divya Kumar, Abhijit Vaghani & Sunny Subramanian","Arjun Kapoor, Parineeti Chopra, Gauahar Khan, Shashank Khaitan, Ratan Singh, Anil Rastogi, Natasha Rastogi, Charu Rastogi",2012
Ferrari Ki Sawaari,Ferrari Ki Sawaari,Pritam,"Pritam, Shaan, Boman Irani & Aayush Phukan","Sharman Joshi, Ritwik Sahore, Boman Irani, Paresh Rawal, Seema Pahwa, Deepak Shirke, Satyadeep Misra, Achyut Potdar, Aakash Dabhade, Vijay Nikam",2012
Ferrari Ki Sawaari,Life Yeh Mausambi Si,Pritam,K. Mohan & Pritam,"Sharman Joshi, Ritwik Sahore, Boman Irani, Paresh Rawal, Seema Pahwa, Deepak Shirke, Satyadeep Misra, Achyut Potdar, Aakash Dabhade, Vijay Nikam",2012
Ferrari Ki Sawaari,Aey Mere Mann,Pritam,Pritam & Shyamantan Das,"Sharman Joshi, Ritwik Sahore, Boman Irani, Paresh Rawal, Seema Pahwa, Deepak Shirke, Satyadeep Misra, Achyut Potdar, Aakash Dabhade, Vijay Nikam",2012
Ferrari Ki Sawaari,Mala Jau De,Pritam,Pritam & Urmila Dhangar,"Sharman Joshi, Ritwik Sahore, Boman Irani, Paresh Rawal, Seema Pahwa, Deepak Shirke, Satyadeep Misra, Achyut Potdar, Aakash Dabhade, Vijay Nikam",2012
Ferrari Ki Sawaari,Maara Re,Pritam,Mithoon & Arijit Singh,"Sharman Joshi, Ritwik Sahore, Boman Irani, Paresh Rawal, Seema Pahwa, Deepak Shirke, Satyadeep Misra, Achyut Potdar, Aakash Dabhade, Vijay Nikam",2012
Ferrari Ki Sawaari,Good Night,Pritam,Lord Huron,"Sharman Joshi, Ritwik Sahore, Boman Irani, Paresh Rawal, Seema Pahwa, Deepak Shirke, Satyadeep Misra, Achyut Potdar, Aakash Dabhade, Vijay Nikam",2012
Kyaa Super Kool Hain Hum,Dil Garden Garden Ho Gaya,"Meet Bros Anjjan, Shankar–Ehsaan–Loy, Sachin–Jigar, Background Score:, Sanjoy Chowdhury","Sachin-Jigar, Vishal Dadlani & Mayur Puri","Tusshar Kapoor, Riteish Deshmukh, Sarah-Jane Dias, Anupam Kher, Neha Sharma, Nalneesh Neel",2012
Kyaa Super Kool Hain Hum,Shirt Da Button,"Meet Bros Anjjan, Shankar–Ehsaan–Loy, Sachin–Jigar, Background Score:, Sanjoy Chowdhury",Sonu Nigam,"Tusshar Kapoor, Riteish Deshmukh, Sarah-Jane Dias, Anupam Kher, Neha Sharma, Nalneesh Neel",2012
Kyaa Super Kool Hain Hum,Hum Toh Hain Cappucino,"Meet Bros Anjjan, Shankar–Ehsaan–Loy, Sachin–Jigar, Background Score:, Sanjoy Chowdhury","Sukhwinder Singh, Daler Mehndi, Riteish Deshmukh & Meet Bros Anjjan","Tusshar Kapoor, Riteish Deshmukh, Sarah-Jane Dias, Anupam Kher, Neha Sharma, Nalneesh Neel",2012
Kyaa Super Kool Hain Hum,Volume High Karle,"Meet Bros Anjjan, Shankar–Ehsaan–Loy, Sachin–Jigar, Background Score:, Sanjoy Chowdhury",Neeraj Shridhar,"Tusshar Kapoor, Riteish Deshmukh, Sarah-Jane Dias, Anupam Kher, Neha Sharma, Nalneesh Neel",2012
Kyaa Super Kool Hain Hum,"Shirt Da Button"" (Version 2)","Meet Bros Anjjan, Shankar–Ehsaan–Loy, Sachin–Jigar, Background Score:, Sanjoy Chowdhury",Sonu Nigam,"Tusshar Kapoor, Riteish Deshmukh, Sarah-Jane Dias, Anupam Kher, Neha Sharma, Nalneesh Neel",2012
Kyaa Super Kool Hain Hum,"Dil Garden Garden Ho Gaya"" (Remix)","Meet Bros Anjjan, Shankar–Ehsaan–Loy, Sachin–Jigar, Background Score:, Sanjoy Chowdhury","Vishal Dadlani, Dj A-Myth & Mayur Puri","Tusshar Kapoor, Riteish Deshmukh, Sarah-Jane Dias, Anupam Kher, Neha Sharma, Nalneesh Neel",2012
Kyaa Super Kool Hain Hum,"Volume High Karle"" (Remix)","Meet Bros Anjjan, Shankar–Ehsaan–Loy, Sachin–Jigar, Background Score:, Sanjoy Chowdhury",Neeraj Shridhar & Dj A-Myth,"Tusshar Kapoor, Riteish Deshmukh, Sarah-Jane Dias, Anupam Kher, Neha Sharma, Nalneesh Neel",2012
Raaz 3: The Third Dimension,Deewana Kar Raha Hai,"Original Songs:, Jeet Gannguli, Rashid Khan, Background Score:, Raju Singh",Javed Ali,"Bipasha Basu, Emraan Hashmi, Esha Gupta, Manish Chaudhary, Mohan Kapur, Jagat Rawat",2012
Raaz 3: The Third Dimension,Zindagi Se,"Original Songs:, Jeet Gannguli, Rashid Khan, Background Score:, Raju Singh",Shafaqat Ali,"Bipasha Basu, Emraan Hashmi, Esha Gupta, Manish Chaudhary, Mohan Kapur, Jagat Rawat",2012
Raaz 3: The Third Dimension,Rafta Rafta,"Original Songs:, Jeet Gannguli, Rashid Khan, Background Score:, Raju Singh",KK,"Bipasha Basu, Emraan Hashmi, Esha Gupta, Manish Chaudhary, Mohan Kapur, Jagat Rawat",2012
Raaz 3: The Third Dimension,Oh My Love,"Original Songs:, Jeet Gannguli, Rashid Khan, Background Score:, Raju Singh",Sonu Nigam & Shreya Ghoshal,"Bipasha Basu, Emraan Hashmi, Esha Gupta, Manish Chaudhary, Mohan Kapur, Jagat Rawat",2012
Raaz 3: The Third Dimension,Kya Raaz Hai,"Original Songs:, Jeet Gannguli, Rashid Khan, Background Score:, Raju Singh",Shreya Ghoshal & Zubeen,"Bipasha Basu, Emraan Hashmi, Esha Gupta, Manish Chaudhary, Mohan Kapur, Jagat Rawat",2012
Raaz 3: The Third Dimension,Khayalon Mein,"Original Songs:, Jeet Gannguli, Rashid Khan, Background Score:, Raju Singh",Shreya Ghoshal,"Bipasha Basu, Emraan Hashmi, Esha Gupta, Manish Chaudhary, Mohan Kapur, Jagat Rawat",2012
Heroine,Halkat Jawani,Salim–Sulaiman,Sunidhi Chauhan & Salim-Sulaiman,"Kareena Kapoor Khan, Arjun Rampal, Randeep Hooda, Lillete Dubey, Shahana Goswami, Divya Dutta, Pallavi Sharda, Helen, Ranvir Shorey, Mugdha Godse",2012
Heroine,Tujhpe Fida,Salim–Sulaiman,"Benny Dayal, Salim-Sulaiman & Shraddha Pandit","Kareena Kapoor Khan, Arjun Rampal, Randeep Hooda, Lillete Dubey, Shahana Goswami, Divya Dutta, Pallavi Sharda, Helen, Ranvir Shorey, Mugdha Godse",2012
Heroine,Khwahishein,Salim–Sulaiman,Shreya Ghoshal & Salim-Sulaiman,"Kareena Kapoor Khan, Arjun Rampal, Randeep Hooda, Lillete Dubey, Shahana Goswami, Divya Dutta, Pallavi Sharda, Helen, Ranvir Shorey, Mugdha Godse",2012
Heroine,Saiyaan,Salim–Sulaiman,"Kailash Kher, Silent Ocean & Bollywood Lofi","Kareena Kapoor Khan, Arjun Rampal, Randeep Hooda, Lillete Dubey, Shahana Goswami, Divya Dutta, Pallavi Sharda, Helen, Ranvir Shorey, Mugdha Godse",2012
Heroine,Main Heroine Hoon,Salim–Sulaiman,Aditi Singh Sharma & Salim-Sulaiman,"Kareena Kapoor Khan, Arjun Rampal, Randeep Hooda, Lillete Dubey, Shahana Goswami, Divya Dutta, Pallavi Sharda, Helen, Ranvir Shorey, Mugdha Godse",2012
English Vinglish,"English Vinglish"" (female)",Amit Trivedi,"Amit Trivedi, Shilpa Rao & Swanand Kirkire","Sridevi, Mehdi Nebbou, Sujata Kumar, Priya Anand, Adil Hussain, Navika Kotia, Shivansh Kotia, Cory Hibbs, Rajeev Ravindranathan, Sumeet Vyas",2012
English Vinglish,Dhak Dhuk,Amit Trivedi,Amit Trivedi & Swanand Kirkire,"Sridevi, Mehdi Nebbou, Sujata Kumar, Priya Anand, Adil Hussain, Navika Kotia, Shivansh Kotia, Cory Hibbs, Rajeev Ravindranathan, Sumeet Vyas",2012
English Vinglish,Manhattan,Amit Trivedi,"Amit Trivedi, Clinton Cerejo, Bianca Gomes & Swanand Kirkire","Sridevi, Mehdi Nebbou, Sujata Kumar, Priya Anand, Adil Hussain, Navika Kotia, Shivansh Kotia, Cory Hibbs, Rajeev Ravindranathan, Sumeet Vyas",2012
English Vinglish,Gustakh Dil,Amit Trivedi,"Amit Trivedi, Shilpa Rao & Swanand Kirkire","Sridevi, Mehdi Nebbou, Sujata Kumar, Priya Anand, Adil Hussain, Navika Kotia, Shivansh Kotia, Cory Hibbs, Rajeev Ravindranathan, Sumeet Vyas",2012
English Vinglish,Navrai Majhi,Amit Trivedi,"VDJ Fly, Amit Trivedi, Sunidhi Chauhan & Swanand Kirkire","Sridevi, Mehdi Nebbou, Sujata Kumar, Priya Anand, Adil Hussain, Navika Kotia, Shivansh Kotia, Cory Hibbs, Rajeev Ravindranathan, Sumeet Vyas",2012
English Vinglish,"English Vinglish"" (male)",Amit Trivedi,Amit Trivedi & Swanand Kirkire,"Sridevi, Mehdi Nebbou, Sujata Kumar, Priya Anand, Adil Hussain, Navika Kotia, Shivansh Kotia, Cory Hibbs, Rajeev Ravindranathan, Sumeet Vyas",2012
Chittagong,Bolo Na,Shankar–Ehsaan–Loy,"Shaan, Shreya Ghoshal & Swanand Kirkire","Manoj Bajpayee, Nawazuddin Siddiqui, Rajkummar Rao, Delzad Hiwale, Vega Tamotia, Jaideep Ahlawat, Vijay Varma, Barry John, Ashraf Ul Haq, Dibyendu Bhattacharya",2012
Chittagong,Bechayan Sapne,Shankar–Ehsaan–Loy,"Abhijeet Sawant, Mahalakshmi Iyer, Shankar Mahadevan, Gulraj Singh & Sameer Khan","Manoj Bajpayee, Nawazuddin Siddiqui, Rajkummar Rao, Delzad Hiwale, Vega Tamotia, Jaideep Ahlawat, Vijay Varma, Barry John, Ashraf Ul Haq, Dibyendu Bhattacharya",2012
Chittagong,Jeeney Ki Wajah,Shankar–Ehsaan–Loy,"Pooja Gopalan, Aarti Sinha, Kshitij Wagh, Shreekumar Vakkiyil, Raman Mahadevan & Mani Mahadevan","Manoj Bajpayee, Nawazuddin Siddiqui, Rajkummar Rao, Delzad Hiwale, Vega Tamotia, Jaideep Ahlawat, Vijay Varma, Barry John, Ashraf Ul Haq, Dibyendu Bhattacharya",2012
Chittagong,Ishan,Shankar–Ehsaan–Loy,"Bedabrata Pain, Pooja Gopalan, Aarti Sinha, Kshitij Wagh, Shreekumar Vakkiyil, Raman Mahadevan & Mani Mahadevan","Manoj Bajpayee, Nawazuddin Siddiqui, Rajkummar Rao, Delzad Hiwale, Vega Tamotia, Jaideep Ahlawat, Vijay Varma, Barry John, Ashraf Ul Haq, Dibyendu Bhattacharya",2012
Chittagong,The Battle,Shankar–Ehsaan–Loy,Harry Gregson-Williams,"Manoj Bajpayee, Nawazuddin Siddiqui, Rajkummar Rao, Delzad Hiwale, Vega Tamotia, Jaideep Ahlawat, Vijay Varma, Barry John, Ashraf Ul Haq, Dibyendu Bhattacharya",2012
Chittagong,Inspiration,Shankar–Ehsaan–Loy,John Wilson & R. S. Mani,"Manoj Bajpayee, Nawazuddin Siddiqui, Rajkummar Rao, Delzad Hiwale, Vega Tamotia, Jaideep Ahlawat, Vijay Varma, Barry John, Ashraf Ul Haq, Dibyendu Bhattacharya",2012
Chittagong,Masterda,Shankar–Ehsaan–Loy,John Wilson & R. S. Mani,"Manoj Bajpayee, Nawazuddin Siddiqui, Rajkummar Rao, Delzad Hiwale, Vega Tamotia, Jaideep Ahlawat, Vijay Varma, Barry John, Ashraf Ul Haq, Dibyendu Bhattacharya",2012
Chittagong,Chittagong,Shankar–Ehsaan–Loy,Error,"Manoj Bajpayee, Nawazuddin Siddiqui, Rajkummar Rao, Delzad Hiwale, Vega Tamotia, Jaideep Ahlawat, Vijay Varma, Barry John, Ashraf Ul Haq, Dibyendu Bhattacharya",2012
Student of the Year,The Disco Song,Vishal-Shekhar,"Vishal & Shekhar, Benny Dayal, Nazia Hassan & Sunidhi Chauhan","Sidharth Malhotra, Varun Dhawan, Alia Bhatt, Rishi Kapoor, Sana Saeed, Ram Kapoor, Ronit Roy, Sahil Anand, Kayoze Irani, Manjot Singh",2012
Student of the Year,Ishq Wala Love,Vishal-Shekhar,Error,"Sidharth Malhotra, Varun Dhawan, Alia Bhatt, Rishi Kapoor, Sana Saeed, Ram Kapoor, Ronit Roy, Sahil Anand, Kayoze Irani, Manjot Singh",2012
Student of the Year,Radha,Vishal-Shekhar,"Vishal & Shekhar, Shekhar Ravjiani, Shreya Ghoshal, Udit Narayan & Vishal Dadlani","Sidharth Malhotra, Varun Dhawan, Alia Bhatt, Rishi Kapoor, Sana Saeed, Ram Kapoor, Ronit Roy, Sahil Anand, Kayoze Irani, Manjot Singh",2012
Student of the Year,Ratta Maar,Vishal-Shekhar,"Vishal & Shekhar, Shefali Alvares & Vishal Dadlani","Sidharth Malhotra, Varun Dhawan, Alia Bhatt, Rishi Kapoor, Sana Saeed, Ram Kapoor, Ronit Roy, Sahil Anand, Kayoze Irani, Manjot Singh",2012
Student of the Year,Kukkad,Vishal-Shekhar,"Vishal & Shekhar, Marianne D'cruz Aiman, Nisha Mascarenhas & Shahid Mallya","Sidharth Malhotra, Varun Dhawan, Alia Bhatt, Rishi Kapoor, Sana Saeed, Ram Kapoor, Ronit Roy, Sahil Anand, Kayoze Irani, Manjot Singh",2012
Student of the Year,Vele,Vishal-Shekhar,"Vishal & Shekhar, Shekhar Ravjiani & Vishal Dadlani","Sidharth Malhotra, Varun Dhawan, Alia Bhatt, Rishi Kapoor, Sana Saeed, Ram Kapoor, Ronit Roy, Sahil Anand, Kayoze Irani, Manjot Singh",2012
Luv Shuv Tey Chicken Khurana,KikliKalerdi,Amit Trivedi,"Amit Trivedi, Pinky Maidasani & Yo Yo Honey Singh","Kunal Kapoor, Huma Qureshi, Mukesh Chhabra, Vipin Sharma, Rajesh Sharma, Rahul Bagga, Sophie Karl, John Duggan, Herry Tangiri, Dolly Ahluwalia",2012
Luv Shuv Tey Chicken Khurana,Motorwada,Amit Trivedi,Amit Trivedi & Tochi Raina,"Kunal Kapoor, Huma Qureshi, Mukesh Chhabra, Vipin Sharma, Rajesh Sharma, Rahul Bagga, Sophie Karl, John Duggan, Herry Tangiri, Dolly Ahluwalia",2012
Luv Shuv Tey Chicken Khurana,Luv Shuv Tey Chicken Khurana,Amit Trivedi,"Shahid Mallya, Harshdeep Kaur & Amit Trivedi","Kunal Kapoor, Huma Qureshi, Mukesh Chhabra, Vipin Sharma, Rajesh Sharma, Rahul Bagga, Sophie Karl, John Duggan, Herry Tangiri, Dolly Ahluwalia",2012
Luv Shuv Tey Chicken Khurana,"Luni Hasi"" (Female)",Amit Trivedi,Harshdeep Kaur & Amit Trivedi,"Kunal Kapoor, Huma Qureshi, Mukesh Chhabra, Vipin Sharma, Rajesh Sharma, Rahul Bagga, Sophie Karl, John Duggan, Herry Tangiri, Dolly Ahluwalia",2012
Luv Shuv Tey Chicken Khurana,MakkhanMalai,Amit Trivedi,"Dilbahar, Renu Jagotra & Amit Trivedi","Kunal Kapoor, Huma Qureshi, Mukesh Chhabra, Vipin Sharma, Rajesh Sharma, Rahul Bagga, Sophie Karl, John Duggan, Herry Tangiri, Dolly Ahluwalia",2012
Luv Shuv Tey Chicken Khurana,Farukha Baadi,Amit Trivedi,Labh Janjua & Amit Trivedi,"Kunal Kapoor, Huma Qureshi, Mukesh Chhabra, Vipin Sharma, Rajesh Sharma, Rahul Bagga, Sophie Karl, John Duggan, Herry Tangiri, Dolly Ahluwalia",2012
Luv Shuv Tey Chicken Khurana,"Theme"" (Instrumental)",Amit Trivedi,Sanchit Balhara,"Kunal Kapoor, Huma Qureshi, Mukesh Chhabra, Vipin Sharma, Rajesh Sharma, Rahul Bagga, Sophie Karl, John Duggan, Herry Tangiri, Dolly Ahluwalia",2012
Luv Shuv Tey Chicken Khurana,"Luni Hasi"" (Male)",Amit Trivedi,Harshdeep Kaur & Amit Trivedi,"Kunal Kapoor, Huma Qureshi, Mukesh Chhabra, Vipin Sharma, Rajesh Sharma, Rahul Bagga, Sophie Karl, John Duggan, Herry Tangiri, Dolly Ahluwalia",2012
Luv Shuv Tey Chicken Khurana,"Kikli Kalerdi"" (Punjabi version)",Amit Trivedi,Amit Trivedi & Pinky Maidasani,"Kunal Kapoor, Huma Qureshi, Mukesh Chhabra, Vipin Sharma, Rajesh Sharma, Rahul Bagga, Sophie Karl, John Duggan, Herry Tangiri, Dolly Ahluwalia",2012
Son Of Sardaar,Son of Sardaar,"Himesh Reshammiya, Sajid–Wajid, Background Score:, Sandeep Chowta",Aaman Trikha & Himesh Reshammiya,"Ajay Devgn, Sonakshi Sinha, Sanjay Dutt, Juhi Chawla Mehta, Tanuja Samarth, Mukul Dev, Vindu Dara Singh, Arjan Bajwa, Puneet Issar, Salman Khan",2012
Son Of Sardaar,Rani Tu Mein Raja,"Himesh Reshammiya, Sajid–Wajid, Background Score:, Sandeep Chowta","Mika Singh, Bhavya Pandit & Yo Yo Honey Singh","Ajay Devgn, Sonakshi Sinha, Sanjay Dutt, Juhi Chawla Mehta, Tanuja Samarth, Mukul Dev, Vindu Dara Singh, Arjan Bajwa, Puneet Issar, Salman Khan",2012
Son Of Sardaar,Po Po Po,"Himesh Reshammiya, Sajid–Wajid, Background Score:, Sandeep Chowta","Vikas Bhalla, Aaman Trikha & Himesh Reshammiya","Ajay Devgn, Sonakshi Sinha, Sanjay Dutt, Juhi Chawla Mehta, Tanuja Samarth, Mukul Dev, Vindu Dara Singh, Arjan Bajwa, Puneet Issar, Salman Khan",2012
Son Of Sardaar,Tu Kamaal Di Kudi,"Himesh Reshammiya, Sajid–Wajid, Background Score:, Sandeep Chowta",Vineet Singh & Mamta Sharma,"Ajay Devgn, Sonakshi Sinha, Sanjay Dutt, Juhi Chawla Mehta, Tanuja Samarth, Mukul Dev, Vindu Dara Singh, Arjan Bajwa, Puneet Issar, Salman Khan",2012
Son Of Sardaar,Bichdann,"Himesh Reshammiya, Sajid–Wajid, Background Score:, Sandeep Chowta",Rahat Fateh Ali Khan,"Ajay Devgn, Sonakshi Sinha, Sanjay Dutt, Juhi Chawla Mehta, Tanuja Samarth, Mukul Dev, Vindu Dara Singh, Arjan Bajwa, Puneet Issar, Salman Khan",2012
Son Of Sardaar,Yeh Jo Halki Halki Khumariya,"Himesh Reshammiya, Sajid–Wajid, Background Score:, Sandeep Chowta",Rahat Fateh Ali Khan,"Ajay Devgn, Sonakshi Sinha, Sanjay Dutt, Juhi Chawla Mehta, Tanuja Samarth, Mukul Dev, Vindu Dara Singh, Arjan Bajwa, Puneet Issar, Salman Khan",2012
Son Of Sardaar,"Kabhi Kabhi Mere Dil Mein Ye Sawaal Aata Hai"" (Funk)","Himesh Reshammiya, Sajid–Wajid, Background Score:, Sandeep Chowta",Ajay Devgan,"Ajay Devgn, Sonakshi Sinha, Sanjay Dutt, Juhi Chawla Mehta, Tanuja Samarth, Mukul Dev, Vindu Dara Singh, Arjan Bajwa, Puneet Issar, Salman Khan",2012
Son Of Sardaar,"Son of Sardaar"" (Remix)","Himesh Reshammiya, Sajid–Wajid, Background Score:, Sandeep Chowta",Aaman Trikha & Himesh Reshammiya,"Ajay Devgn, Sonakshi Sinha, Sanjay Dutt, Juhi Chawla Mehta, Tanuja Samarth, Mukul Dev, Vindu Dara Singh, Arjan Bajwa, Puneet Issar, Salman Khan",2012
Son Of Sardaar,"Rani Tu Mein Raja"" (Remix)","Himesh Reshammiya, Sajid–Wajid, Background Score:, Sandeep Chowta","Mika Singh, Bhavya Pandit, Yo Yo Honey Singh & Kiran Kamath","Ajay Devgn, Sonakshi Sinha, Sanjay Dutt, Juhi Chawla Mehta, Tanuja Samarth, Mukul Dev, Vindu Dara Singh, Arjan Bajwa, Puneet Issar, Salman Khan",2012
Son Of Sardaar,"Kabhi Kabhi Mere Dil Mein Ye Sawaal"" (Trance)","Himesh Reshammiya, Sajid–Wajid, Background Score:, Sandeep Chowta",Ajay Devgan,"Ajay Devgn, Sonakshi Sinha, Sanjay Dutt, Juhi Chawla Mehta, Tanuja Samarth, Mukul Dev, Vindu Dara Singh, Arjan Bajwa, Puneet Issar, Salman Khan",2012
Son Of Sardaar,"Bichdann"" (Reprise)","Himesh Reshammiya, Sajid–Wajid, Background Score:, Sandeep Chowta","Rahat Fateh Ali Khan, Dj Chetas & Lijo","Ajay Devgn, Sonakshi Sinha, Sanjay Dutt, Juhi Chawla Mehta, Tanuja Samarth, Mukul Dev, Vindu Dara Singh, Arjan Bajwa, Puneet Issar, Salman Khan",2012
Khiladi 786,Lonely,Himesh Reshammiya,"Himesh Reshammiya, Yo Yo Honey Singh & Hamsika Iyer","Akshay Kumar, Asin Thottumkal, Himesh Reshammiya, Mithun Chakraborty, Raj Babbar, Johny Lever, Bharti Singh, Rajesh Khattar, Rahul Singh, Mukesh Rishi",2012
Khiladi 786,Balma,Himesh Reshammiya,Shriram & Shreya Ghoshal,"Akshay Kumar, Asin Thottumkal, Himesh Reshammiya, Mithun Chakraborty, Raj Babbar, Johny Lever, Bharti Singh, Rajesh Khattar, Rahul Singh, Mukesh Rishi",2012
Khiladi 786,Long Drive,Himesh Reshammiya,Mika Singh,"Akshay Kumar, Asin Thottumkal, Himesh Reshammiya, Mithun Chakraborty, Raj Babbar, Johny Lever, Bharti Singh, Rajesh Khattar, Rahul Singh, Mukesh Rishi",2012
Khiladi 786,Sari Sari Raat,Himesh Reshammiya,Himesh Reshammiya,"Akshay Kumar, Asin Thottumkal, Himesh Reshammiya, Mithun Chakraborty, Raj Babbar, Johny Lever, Bharti Singh, Rajesh Khattar, Rahul Singh, Mukesh Rishi",2012
Khiladi 786,Hookah Bar,Himesh Reshammiya,"Himesh Reshammiya, Vineet Singh & Aaman Trikha","Akshay Kumar, Asin Thottumkal, Himesh Reshammiya, Mithun Chakraborty, Raj Babbar, Johny Lever, Bharti Singh, Rajesh Khattar, Rahul Singh, Mukesh Rishi",2012
Khiladi 786,"Khiladi"" (Title Track)",Himesh Reshammiya,"Himesh Reshammiya, Vineet Singh & Aaman Trikha","Akshay Kumar, Asin Thottumkal, Himesh Reshammiya, Mithun Chakraborty, Raj Babbar, Johny Lever, Bharti Singh, Rajesh Khattar, Rahul Singh, Mukesh Rishi",2012
Khiladi 786,Tu Hoor Pari,Himesh Reshammiya,"Javed Ali, Shreya Ghoshal, Chandrakala Singh & Harshdeep Kaur","Akshay Kumar, Asin Thottumkal, Himesh Reshammiya, Mithun Chakraborty, Raj Babbar, Johny Lever, Bharti Singh, Rajesh Khattar, Rahul Singh, Mukesh Rishi",2012
Khiladi 786,"Lonely"" (Remix by Kiran Kamath)",Himesh Reshammiya,"Himesh Reshammiya, Yo Yo Honey Singh, Hamsika Iyer & Kiran Kamath","Akshay Kumar, Asin Thottumkal, Himesh Reshammiya, Mithun Chakraborty, Raj Babbar, Johny Lever, Bharti Singh, Rajesh Khattar, Rahul Singh, Mukesh Rishi",2012
Khiladi 786,"Hookah Bar"" (Remix by DJ A Sen, DJ Amann Nagpal)",Himesh Reshammiya,"Himesh Reshammiya, Vineet Singh, Aaman Trikha, Dj A Sen & Dj Amann Nagpal","Akshay Kumar, Asin Thottumkal, Himesh Reshammiya, Mithun Chakraborty, Raj Babbar, Johny Lever, Bharti Singh, Rajesh Khattar, Rahul Singh, Mukesh Rishi",2012
Khiladi 786,"Long Drive"" ((Bhangra Mix) Remix by DJ A Sen, DJ Amann Nagpal)",Himesh Reshammiya,"Mika Singh, Dj A Sen & Dj Amann Nagpal","Akshay Kumar, Asin Thottumkal, Himesh Reshammiya, Mithun Chakraborty, Raj Babbar, Johny Lever, Bharti Singh, Rajesh Khattar, Rahul Singh, Mukesh Rishi",2012
Khiladi 786,"Balma"" (Remix by Teenu Arora)",Himesh Reshammiya,"Shriram, Shreya Ghoshal & Teenu Arora","Akshay Kumar, Asin Thottumkal, Himesh Reshammiya, Mithun Chakraborty, Raj Babbar, Johny Lever, Bharti Singh, Rajesh Khattar, Rahul Singh, Mukesh Rishi",2012
Khiladi 786,"Khiladi title track"" (Remix by Teenu Arora)",Himesh Reshammiya,"Shriram, Shreya Ghoshal & Teenu Arora","Akshay Kumar, Asin Thottumkal, Himesh Reshammiya, Mithun Chakraborty, Raj Babbar, Johny Lever, Bharti Singh, Rajesh Khattar, Rahul Singh, Mukesh Rishi",2012
Khiladi 786,Khiladi 786 Mashup by DJ Kiran Kamath,Himesh Reshammiya,Kiran Kamath & Himesh Reshammiya,"Akshay Kumar, Asin Thottumkal, Himesh Reshammiya, Mithun Chakraborty, Raj Babbar, Johny Lever, Bharti Singh, Rajesh Khattar, Rahul Singh, Mukesh Rishi",2012
Dhoom 3,Malang,Pritam,Ved Sharma,"Aamir Khan, Abhishek Bachchan, Katrina Kaif, Uday Chopra, Jackie Shroff, Tabrett Bethell, Andrew Bicknell, Riya Ray, Elizabeth Reiners, Jacqueline Scislowski",2013
Dhoom 3,Kamli,Pritam,Sunidhi Chauhan,"Aamir Khan, Abhishek Bachchan, Katrina Kaif, Uday Chopra, Jackie Shroff, Tabrett Bethell, Andrew Bicknell, Riya Ray, Elizabeth Reiners, Jacqueline Scislowski",2013
Dhoom 3,Tu Hi Junoon,Pritam,Mohit Chauhan,"Aamir Khan, Abhishek Bachchan, Katrina Kaif, Uday Chopra, Jackie Shroff, Tabrett Bethell, Andrew Bicknell, Riya Ray, Elizabeth Reiners, Jacqueline Scislowski",2013
Dhoom 3,Dhoom Machale Dhoom,Pritam,Sunidhi Chauhan,"Aamir Khan, Abhishek Bachchan, Katrina Kaif, Uday Chopra, Jackie Shroff, Tabrett Bethell, Andrew Bicknell, Riya Ray, Elizabeth Reiners, Jacqueline Scislowski",2013
Dhoom 3,Bande Hain Hum Uske,Pritam,Shivam Mahadevan & Anish Sharma,"Aamir Khan, Abhishek Bachchan, Katrina Kaif, Uday Chopra, Jackie Shroff, Tabrett Bethell, Andrew Bicknell, Riya Ray, Elizabeth Reiners, Jacqueline Scislowski",2013
Dhoom 3,Dhoom Tap,Pritam,Pritam,"Aamir Khan, Abhishek Bachchan, Katrina Kaif, Uday Chopra, Jackie Shroff, Tabrett Bethell, Andrew Bicknell, Riya Ray, Elizabeth Reiners, Jacqueline Scislowski",2013
Dhoom 3,Dhoom : 3 Overture,Pritam,Julius Packiam,"Aamir Khan, Abhishek Bachchan, Katrina Kaif, Uday Chopra, Jackie Shroff, Tabrett Bethell, Andrew Bicknell, Riya Ray, Elizabeth Reiners, Jacqueline Scislowski",2013
Dhoom 3,"Dhoom Machale Dhoom"" (Arabic)",Pritam,Aditi Singh Sharma,"Aamir Khan, Abhishek Bachchan, Katrina Kaif, Uday Chopra, Jackie Shroff, Tabrett Bethell, Andrew Bicknell, Riya Ray, Elizabeth Reiners, Jacqueline Scislowski",2013
Dhoom 3,"Dhoom Machale Dhoom"" (Spanish)",Pritam,Sunidhi Chauhan,"Aamir Khan, Abhishek Bachchan, Katrina Kaif, Uday Chopra, Jackie Shroff, Tabrett Bethell, Andrew Bicknell, Riya Ray, Elizabeth Reiners, Jacqueline Scislowski",2013
Chennai Express,1 2 3 4 Get on the Dance Floor,Vishal–Shekhar,DJ Kool,"Shah Rukh Khan, Deepika Padukone, Nikitin Dheer, Sathyaraj, Mukesh Tiwari, Kamini Kaushal, Lekh Tandon, Rakesh Kukreti, Priyamani, Delhi Ganesh",2013
Chennai Express,Titli,Vishal–Shekhar,Chinmayi Sripada & Gopi Sundar,"Shah Rukh Khan, Deepika Padukone, Nikitin Dheer, Sathyaraj, Mukesh Tiwari, Kamini Kaushal, Lekh Tandon, Rakesh Kukreti, Priyamani, Delhi Ganesh",2013
Chennai Express,Tera Rastaa Chhodoon Na,Vishal–Shekhar,Amitabh Bhattacharya & Anusha Mani,"Shah Rukh Khan, Deepika Padukone, Nikitin Dheer, Sathyaraj, Mukesh Tiwari, Kamini Kaushal, Lekh Tandon, Rakesh Kukreti, Priyamani, Delhi Ganesh",2013
Chennai Express,Kashmir Main Tu Kanyakumari,Vishal–Shekhar,"Sunidhi Chauhan, Arijit Singh & Neeti Mohan","Shah Rukh Khan, Deepika Padukone, Nikitin Dheer, Sathyaraj, Mukesh Tiwari, Kamini Kaushal, Lekh Tandon, Rakesh Kukreti, Priyamani, Delhi Ganesh",2013
Chennai Express,Ready Steady Po,Vishal–Shekhar,"Brodha V, Smokey, Natalie Ram, Enkore & Vishal Dadlani","Shah Rukh Khan, Deepika Padukone, Nikitin Dheer, Sathyaraj, Mukesh Tiwari, Kamini Kaushal, Lekh Tandon, Rakesh Kukreti, Priyamani, Delhi Ganesh",2013
Chennai Express,"Chennai Express"" (Title Track)",Vishal–Shekhar,S.P. Balasubrahmanyam & Jonita Gandhi,"Shah Rukh Khan, Deepika Padukone, Nikitin Dheer, Sathyaraj, Mukesh Tiwari, Kamini Kaushal, Lekh Tandon, Rakesh Kukreti, Priyamani, Delhi Ganesh",2013
Chennai Express,"Titli"" (Dubstep Version)",Vishal–Shekhar,Phoenyx & Zoheb Khan,"Shah Rukh Khan, Deepika Padukone, Nikitin Dheer, Sathyaraj, Mukesh Tiwari, Kamini Kaushal, Lekh Tandon, Rakesh Kukreti, Priyamani, Delhi Ganesh",2013
Chennai Express,"Chennai Express"" (Mashup)",Vishal–Shekhar,Kiran Kamath,"Shah Rukh Khan, Deepika Padukone, Nikitin Dheer, Sathyaraj, Mukesh Tiwari, Kamini Kaushal, Lekh Tandon, Rakesh Kukreti, Priyamani, Delhi Ganesh",2013
Chennai Express,Lungi Dance,Vishal–Shekhar,Yo Yo Honey Singh,"Shah Rukh Khan, Deepika Padukone, Nikitin Dheer, Sathyaraj, Mukesh Tiwari, Kamini Kaushal, Lekh Tandon, Rakesh Kukreti, Priyamani, Delhi Ganesh",2013
Krrish 3,Krrish Krrish,Rajesh Roshan,"Mamta Sharma, Anirudh Bhola & Rajesh Roshan","Hrithik Roshan, Priyanka Chopra Jonas, Vivek Oberoi, Kangana Ranaut, Arif Zakaria, Asif Basra, Rajpal Yadav, Rakhee Tandon, Sameer Ali Khan, Gowhar Khan",2013
Krrish 3,Raghupati Raghav,Rajesh Roshan,"Alka Yagnik, Jatin-Lalit & Shankar Mahadevan","Hrithik Roshan, Priyanka Chopra Jonas, Vivek Oberoi, Kangana Ranaut, Arif Zakaria, Asif Basra, Rajpal Yadav, Rakhee Tandon, Sameer Ali Khan, Gowhar Khan",2013
Krrish 3,Dil Tu Hi Bataa,Rajesh Roshan,Alisha Chinai & Zubeen Garg,"Hrithik Roshan, Priyanka Chopra Jonas, Vivek Oberoi, Kangana Ranaut, Arif Zakaria, Asif Basra, Rajpal Yadav, Rakhee Tandon, Sameer Ali Khan, Gowhar Khan",2013
Krrish 3,You Are My Love,Rajesh Roshan,Marvin Gaye & Tammi Terrell,"Hrithik Roshan, Priyanka Chopra Jonas, Vivek Oberoi, Kangana Ranaut, Arif Zakaria, Asif Basra, Rajpal Yadav, Rakhee Tandon, Sameer Ali Khan, Gowhar Khan",2013
Krrish 3,God Allah Aur Bhagwan,Rajesh Roshan,Sonu Nigam & Shreya Ghoshal,"Hrithik Roshan, Priyanka Chopra Jonas, Vivek Oberoi, Kangana Ranaut, Arif Zakaria, Asif Basra, Rajpal Yadav, Rakhee Tandon, Sameer Ali Khan, Gowhar Khan",2013
Krrish 3,"Dil Tu Hi Bataa"" (Remix By DJ Shiva)",Rajesh Roshan,"Alisha Chinai, Zubeen Garg & Dj Shiva","Hrithik Roshan, Priyanka Chopra Jonas, Vivek Oberoi, Kangana Ranaut, Arif Zakaria, Asif Basra, Rajpal Yadav, Rakhee Tandon, Sameer Ali Khan, Gowhar Khan",2013
Krrish 3,"Raghupati Raghav"" (Remix By DJ Shiva)",Rajesh Roshan,"Neeraj Shridhar, Monali Thakur, Bob & Dj Shiva","Hrithik Roshan, Priyanka Chopra Jonas, Vivek Oberoi, Kangana Ranaut, Arif Zakaria, Asif Basra, Rajpal Yadav, Rakhee Tandon, Sameer Ali Khan, Gowhar Khan",2013
Yeh Jawaani Hai Deewani,Badtameez Dil,Pritam,"Pritam, Benny Dayal & Shefali Alvares","Ranbir Kapoor, Deepika Padukone, Aditya Roy Kapur, Kalki Koechlin, Kunaal Roy Kapur, Farooq Shaikh, Tanvi Azmi, Anisa Butt, Evelyn Sharma, Poorna Jagannathan",2013
Yeh Jawaani Hai Deewani,Balam Pichkari,Pritam,"Pritam, Vishal Dadlani & Shalmali Kholgade","Ranbir Kapoor, Deepika Padukone, Aditya Roy Kapur, Kalki Koechlin, Kunaal Roy Kapur, Farooq Shaikh, Tanvi Azmi, Anisa Butt, Evelyn Sharma, Poorna Jagannathan",2013
Yeh Jawaani Hai Deewani,Ilahi,Pritam,Pritam & Arijit Singh,"Ranbir Kapoor, Deepika Padukone, Aditya Roy Kapur, Kalki Koechlin, Kunaal Roy Kapur, Farooq Shaikh, Tanvi Azmi, Anisa Butt, Evelyn Sharma, Poorna Jagannathan",2013
Yeh Jawaani Hai Deewani,Kabira,Pritam,"Pritam, Tochi Raina & Rekha Bhardwaj","Ranbir Kapoor, Deepika Padukone, Aditya Roy Kapur, Kalki Koechlin, Kunaal Roy Kapur, Farooq Shaikh, Tanvi Azmi, Anisa Butt, Evelyn Sharma, Poorna Jagannathan",2013
Yeh Jawaani Hai Deewani,Dilliwaali Girlfriend,Pritam,"Pritam, Arijit Singh & Sunidhi Chauhan","Ranbir Kapoor, Deepika Padukone, Aditya Roy Kapur, Kalki Koechlin, Kunaal Roy Kapur, Farooq Shaikh, Tanvi Azmi, Anisa Butt, Evelyn Sharma, Poorna Jagannathan",2013
Yeh Jawaani Hai Deewani,Subhanallah,Pritam,"Pritam, Sreeram & Shilpa Rao","Ranbir Kapoor, Deepika Padukone, Aditya Roy Kapur, Kalki Koechlin, Kunaal Roy Kapur, Farooq Shaikh, Tanvi Azmi, Anisa Butt, Evelyn Sharma, Poorna Jagannathan",2013
Yeh Jawaani Hai Deewani,Ghagra,Pritam,"Pritam, Rekha Bhardwaj & Vishal Dadlani","Ranbir Kapoor, Deepika Padukone, Aditya Roy Kapur, Kalki Koechlin, Kunaal Roy Kapur, Farooq Shaikh, Tanvi Azmi, Anisa Butt, Evelyn Sharma, Poorna Jagannathan",2013
Yeh Jawaani Hai Deewani,"Kabira"" (Encore)",Pritam,"Pritam, Harshdeep & Arijit Singh","Ranbir Kapoor, Deepika Padukone, Aditya Roy Kapur, Kalki Koechlin, Kunaal Roy Kapur, Farooq Shaikh, Tanvi Azmi, Anisa Butt, Evelyn Sharma, Poorna Jagannathan",2013
Yeh Jawaani Hai Deewani,"Ilahi"" (Reprise)",Pritam,Pritam & Arijit Singh,"Ranbir Kapoor, Deepika Padukone, Aditya Roy Kapur, Kalki Koechlin, Kunaal Roy Kapur, Farooq Shaikh, Tanvi Azmi, Anisa Butt, Evelyn Sharma, Poorna Jagannathan",2013
Aashiqui 2,Tum Hi Ho,Songs:Jeet GannguliMithoonAnkit TiwariScore:Raju Singh,Mithoon & Arijit Singh,"Aditya Roy Kapur, Shraddha Kapoor, Shaad Randhawa, Mahesh Thakur, Salil Acharya, Mahesh Bhatt, Soumyajit Majumdar, Milind Pathak",2013
Aashiqui 2,"Sunn Raha Hai"" (Male Version)",Songs:Jeet GannguliMithoonAnkit TiwariScore:Raju Singh,Ankit Tiwari,"Aditya Roy Kapur, Shraddha Kapoor, Shaad Randhawa, Mahesh Thakur, Salil Acharya, Mahesh Bhatt, Soumyajit Majumdar, Milind Pathak",2013
Aashiqui 2,Chahun Main Ya Naa,Songs:Jeet GannguliMithoonAnkit TiwariScore:Raju Singh,Palak Muchhal & Arijit Singh,"Aditya Roy Kapur, Shraddha Kapoor, Shaad Randhawa, Mahesh Thakur, Salil Acharya, Mahesh Bhatt, Soumyajit Majumdar, Milind Pathak",2013
Aashiqui 2,Hum Mar Jayenge,Songs:Jeet GannguliMithoonAnkit TiwariScore:Raju Singh,Tulsi Kumar & Arijit Singh,"Aditya Roy Kapur, Shraddha Kapoor, Shaad Randhawa, Mahesh Thakur, Salil Acharya, Mahesh Bhatt, Soumyajit Majumdar, Milind Pathak",2013
Aashiqui 2,Meri Aashiqui,Songs:Jeet GannguliMithoonAnkit TiwariScore:Raju Singh,Palak Muchhal & Arijit Singh,"Aditya Roy Kapur, Shraddha Kapoor, Shaad Randhawa, Mahesh Thakur, Salil Acharya, Mahesh Bhatt, Soumyajit Majumdar, Milind Pathak",2013
Aashiqui 2,Piya Aaye Na,Songs:Jeet GannguliMithoonAnkit TiwariScore:Raju Singh,Tulsi Kumar & KK,"Aditya Roy Kapur, Shraddha Kapoor, Shaad Randhawa, Mahesh Thakur, Salil Acharya, Mahesh Bhatt, Soumyajit Majumdar, Milind Pathak",2013
Aashiqui 2,Aasan Nahin Yahan,Songs:Jeet GannguliMithoonAnkit TiwariScore:Raju Singh,Arijit Singh,"Aditya Roy Kapur, Shraddha Kapoor, Shaad Randhawa, Mahesh Thakur, Salil Acharya, Mahesh Bhatt, Soumyajit Majumdar, Milind Pathak",2013
Aashiqui 2,"Sunn Raha Hai"" (Female Version)",Songs:Jeet GannguliMithoonAnkit TiwariScore:Raju Singh,Shreya Ghoshal,"Aditya Roy Kapur, Shraddha Kapoor, Shaad Randhawa, Mahesh Thakur, Salil Acharya, Mahesh Bhatt, Soumyajit Majumdar, Milind Pathak",2013
Aashiqui 2,Bhula Dena,Songs:Jeet GannguliMithoonAnkit TiwariScore:Raju Singh,Mustafa Zahid,"Aditya Roy Kapur, Shraddha Kapoor, Shaad Randhawa, Mahesh Thakur, Salil Acharya, Mahesh Bhatt, Soumyajit Majumdar, Milind Pathak",2013
Aashiqui 2,Milne Hai Mujhse Aayi,Songs:Jeet GannguliMithoonAnkit TiwariScore:Raju Singh,Arijit Singh,"Aditya Roy Kapur, Shraddha Kapoor, Shaad Randhawa, Mahesh Thakur, Salil Acharya, Mahesh Bhatt, Soumyajit Majumdar, Milind Pathak",2013
Aashiqui 2,"Aashiqui"" (The Love Theme)",Songs:Jeet GannguliMithoonAnkit TiwariScore:Raju Singh,Mithoon & Arijit Singh,"Aditya Roy Kapur, Shraddha Kapoor, Shaad Randhawa, Mahesh Thakur, Salil Acharya, Mahesh Bhatt, Soumyajit Majumdar, Milind Pathak",2013
Goliyon Ki Raasleela Ram-Leela,Ang Laga De,"Sanjay Leela Bhansali, Hemu Gadhavi","Sanjay Leela Bhansali, Aditi Paul, Shail Hada & Siddharth-Garima","Ranveer Singh, Deepika Padukone, Richa Chadha, Supriya Pathak, Sharad Kelkar, Gulshan Devaiah, Abhimanyu Singh, Jameel Khan, Barkha Bisht, Bharat Chawda",2013
Goliyon Ki Raasleela Ram-Leela,Dhoop,"Sanjay Leela Bhansali, Hemu Gadhavi","Sanjay Leela Bhansali, Shreya Ghoshal & Siddharth-Garima","Ranveer Singh, Deepika Padukone, Richa Chadha, Supriya Pathak, Sharad Kelkar, Gulshan Devaiah, Abhimanyu Singh, Jameel Khan, Barkha Bisht, Bharat Chawda",2013
Goliyon Ki Raasleela Ram-Leela,Ishqyaun Dhishqyaun,"Sanjay Leela Bhansali, Hemu Gadhavi","Sanjay Leela Bhansali, Aditya Narayan & Siddharth-Garima","Ranveer Singh, Deepika Padukone, Richa Chadha, Supriya Pathak, Sharad Kelkar, Gulshan Devaiah, Abhimanyu Singh, Jameel Khan, Barkha Bisht, Bharat Chawda",2013
Goliyon Ki Raasleela Ram-Leela,Laal Ishq,"Sanjay Leela Bhansali, Hemu Gadhavi","Sanjay Leela Bhansali, Arijit Singh & Siddharth-Garima","Ranveer Singh, Deepika Padukone, Richa Chadha, Supriya Pathak, Sharad Kelkar, Gulshan Devaiah, Abhimanyu Singh, Jameel Khan, Barkha Bisht, Bharat Chawda",2013
Goliyon Ki Raasleela Ram-Leela,Lahu Munh Lag Gaya,"Sanjay Leela Bhansali, Hemu Gadhavi","Sanjay Leela Bhansali, Shail Hada & Siddharth-Garima","Ranveer Singh, Deepika Padukone, Richa Chadha, Supriya Pathak, Sharad Kelkar, Gulshan Devaiah, Abhimanyu Singh, Jameel Khan, Barkha Bisht, Bharat Chawda",2013
Goliyon Ki Raasleela Ram-Leela,Mor Bani Thanghat Kare,"Sanjay Leela Bhansali, Hemu Gadhavi","Sanjay Leela Bhansali, Osman Mir, Aditi Paul & Siddharth-Garima","Ranveer Singh, Deepika Padukone, Richa Chadha, Supriya Pathak, Sharad Kelkar, Gulshan Devaiah, Abhimanyu Singh, Jameel Khan, Barkha Bisht, Bharat Chawda",2013
Goliyon Ki Raasleela Ram-Leela,Nagada Sang Dhol,"Sanjay Leela Bhansali, Hemu Gadhavi","Sanjay Leela Bhansali, Shreya Ghoshal, Osman Mir & Siddharth-Garima","Ranveer Singh, Deepika Padukone, Richa Chadha, Supriya Pathak, Sharad Kelkar, Gulshan Devaiah, Abhimanyu Singh, Jameel Khan, Barkha Bisht, Bharat Chawda",2013
Goliyon Ki Raasleela Ram-Leela,Poore Chand,"Sanjay Leela Bhansali, Hemu Gadhavi","Sanjay Leela Bhansali, Shail Hada & Siddharth-Garima","Ranveer Singh, Deepika Padukone, Richa Chadha, Supriya Pathak, Sharad Kelkar, Gulshan Devaiah, Abhimanyu Singh, Jameel Khan, Barkha Bisht, Bharat Chawda",2013
Goliyon Ki Raasleela Ram-Leela,Ram Chahe Leela,"Sanjay Leela Bhansali, Hemu Gadhavi","Sanjay Leela Bhansali, Bhoomi Trivedi & Siddharth-Garima","Ranveer Singh, Deepika Padukone, Richa Chadha, Supriya Pathak, Sharad Kelkar, Gulshan Devaiah, Abhimanyu Singh, Jameel Khan, Barkha Bisht, Bharat Chawda",2013
Goliyon Ki Raasleela Ram-Leela,Tattad Tattad,"Sanjay Leela Bhansali, Hemu Gadhavi","Sanjay Leela Bhansali, Aditya Narayan & Siddharth-Garima","Ranveer Singh, Deepika Padukone, Richa Chadha, Supriya Pathak, Sharad Kelkar, Gulshan Devaiah, Abhimanyu Singh, Jameel Khan, Barkha Bisht, Bharat Chawda",2013
Goliyon Ki Raasleela Ram-Leela,Bhala Mori Rama,"Sanjay Leela Bhansali, Hemu Gadhavi",Vinod Rathod,"Ranveer Singh, Deepika Padukone, Richa Chadha, Supriya Pathak, Sharad Kelkar, Gulshan Devaiah, Abhimanyu Singh, Jameel Khan, Barkha Bisht, Bharat Chawda",2013
Bhaag Milkha Bhaag,Gurbani,"Shankar–Ehsaan–Loy, Background Score:, Shankar–Ehsaan–Loy, Indrajit Sharma (Tubby)",Shankar Ehsaan Loy & Daler Mehndi,"Farhan Akhtar, Sonam Kapoor Ahuja, Divya Dutta, Pavan Malhotra, Rebecca Breeds, Prakash Raj, Yograj Singh, Art Malik, Herry Tangiri, Meesha Shafi",2013
Bhaag Milkha Bhaag,Zinda,"Shankar–Ehsaan–Loy, Background Score:, Shankar–Ehsaan–Loy, Indrajit Sharma (Tubby)",Shankar Ehsaan Loy & Siddharth Mahadevan,"Farhan Akhtar, Sonam Kapoor Ahuja, Divya Dutta, Pavan Malhotra, Rebecca Breeds, Prakash Raj, Yograj Singh, Art Malik, Herry Tangiri, Meesha Shafi",2013
Bhaag Milkha Bhaag,Mera Yaar,"Shankar–Ehsaan–Loy, Background Score:, Shankar–Ehsaan–Loy, Indrajit Sharma (Tubby)",Shankar Ehsaan Loy & Javed Bashir,"Farhan Akhtar, Sonam Kapoor Ahuja, Divya Dutta, Pavan Malhotra, Rebecca Breeds, Prakash Raj, Yograj Singh, Art Malik, Herry Tangiri, Meesha Shafi",2013
Bhaag Milkha Bhaag,Maston Ka Jhund,"Shankar–Ehsaan–Loy, Background Score:, Shankar–Ehsaan–Loy, Indrajit Sharma (Tubby)",Shankar Ehsaan Loy & Divya Kumar,"Farhan Akhtar, Sonam Kapoor Ahuja, Divya Dutta, Pavan Malhotra, Rebecca Breeds, Prakash Raj, Yograj Singh, Art Malik, Herry Tangiri, Meesha Shafi",2013
Bhaag Milkha Bhaag,Bhaag Milkha Bhaag,"Shankar–Ehsaan–Loy, Background Score:, Shankar–Ehsaan–Loy, Indrajit Sharma (Tubby)",Shankar Ehsaan Loy & Siddharth Mahadevan,"Farhan Akhtar, Sonam Kapoor Ahuja, Divya Dutta, Pavan Malhotra, Rebecca Breeds, Prakash Raj, Yograj Singh, Art Malik, Herry Tangiri, Meesha Shafi",2013
Bhaag Milkha Bhaag,Slow Motion Angreza,"Shankar–Ehsaan–Loy, Background Score:, Shankar–Ehsaan–Loy, Indrajit Sharma (Tubby)","Shankar Ehsaan Loy, Shankar Mahadevan, Sukhwinder Singh & Loy Mendonsa","Farhan Akhtar, Sonam Kapoor Ahuja, Divya Dutta, Pavan Malhotra, Rebecca Breeds, Prakash Raj, Yograj Singh, Art Malik, Herry Tangiri, Meesha Shafi",2013
Bhaag Milkha Bhaag,O Rangrez,"Shankar–Ehsaan–Loy, Background Score:, Shankar–Ehsaan–Loy, Indrajit Sharma (Tubby)","Shankar Ehsaan Loy, Shreya Ghoshal & Javed Bashir","Farhan Akhtar, Sonam Kapoor Ahuja, Divya Dutta, Pavan Malhotra, Rebecca Breeds, Prakash Raj, Yograj Singh, Art Malik, Herry Tangiri, Meesha Shafi",2013
Bhaag Milkha Bhaag,Bhaag Milkha Bhaag (Rock Version),"Shankar–Ehsaan–Loy, Background Score:, Shankar–Ehsaan–Loy, Indrajit Sharma (Tubby)",Shankar Ehsaan Loy & Siddharth Mahadevan,"Farhan Akhtar, Sonam Kapoor Ahuja, Divya Dutta, Pavan Malhotra, Rebecca Breeds, Prakash Raj, Yograj Singh, Art Malik, Herry Tangiri, Meesha Shafi",2013
Grand Masti,"Grand Masti"" (title song)","Anand Raj Anand, Sanjeev–Darshan, Background Score:, Sanjay Wandrekar","Sanjeev Rathod, Darshan Rathod, Payal Dev & Earl Edgar","Riteish Deshmukh, Vivek Oberoi, Aftab Shivdasani, Suresh Menon, Karishma Tanna, Manjari Fadnnis, Bruna Abdullah, Maryam Zakaria, Kainaat Arora, Sonalee Kulkarni",2013
Grand Masti,Zulmi Zulmi,"Anand Raj Anand, Sanjeev–Darshan, Background Score:, Sanjay Wandrekar",Mika Singh,"Riteish Deshmukh, Vivek Oberoi, Aftab Shivdasani, Suresh Menon, Karishma Tanna, Manjari Fadnnis, Bruna Abdullah, Maryam Zakaria, Kainaat Arora, Sonalee Kulkarni",2013
Grand Masti,Tu Bhi Mood Mein,"Anand Raj Anand, Sanjeev–Darshan, Background Score:, Sanjay Wandrekar",Wajid Khan & Ritu Pathak,"Riteish Deshmukh, Vivek Oberoi, Aftab Shivdasani, Suresh Menon, Karishma Tanna, Manjari Fadnnis, Bruna Abdullah, Maryam Zakaria, Kainaat Arora, Sonalee Kulkarni",2013
Grand Masti,"Grand Masti"" (remix)","Anand Raj Anand, Sanjeev–Darshan, Background Score:, Sanjay Wandrekar","Sanjeev Rathod, Darshan Rathod, Payal Dev & Dj Anshul Makhija","Riteish Deshmukh, Vivek Oberoi, Aftab Shivdasani, Suresh Menon, Karishma Tanna, Manjari Fadnnis, Bruna Abdullah, Maryam Zakaria, Kainaat Arora, Sonalee Kulkarni",2013
Grand Masti,"Grand Masti"" (mash up)","Anand Raj Anand, Sanjeev–Darshan, Background Score:, Sanjay Wandrekar",Teenu Arora,"Riteish Deshmukh, Vivek Oberoi, Aftab Shivdasani, Suresh Menon, Karishma Tanna, Manjari Fadnnis, Bruna Abdullah, Maryam Zakaria, Kainaat Arora, Sonalee Kulkarni",2013
Matru Ki Bijlee Ka Mandola,Matru Ki Bijlee Ka Mandola,Vishal Bhardwaj,"Vishal Bhardwaj, Sukhwinder Singh & Ranjit Barot","Imran Khan, Anushka Sharma, Pankaj Kapur, Shabana Azmi, Arya Babbar, Navneet Nishan, Ranvir Shorey, Lekha Washington, Lin Laishram",2013
Matru Ki Bijlee Ka Mandola,Oye Boy Charlie,Vishal Bhardwaj,"Vishal Bhardwaj, Rekha Bhardwaj, Shankar Mahadevan & Mohit Chauhan","Imran Khan, Anushka Sharma, Pankaj Kapur, Shabana Azmi, Arya Babbar, Navneet Nishan, Ranvir Shorey, Lekha Washington, Lin Laishram",2013
Matru Ki Bijlee Ka Mandola,Khamakha,Vishal Bhardwaj,Prem Dehati & Vishal Bhardwaj,"Imran Khan, Anushka Sharma, Pankaj Kapur, Shabana Azmi, Arya Babbar, Navneet Nishan, Ranvir Shorey, Lekha Washington, Lin Laishram",2013
Matru Ki Bijlee Ka Mandola,Lootnewale,Vishal Bhardwaj,"Vishal Bhardwaj, Master Saleem & Sukhwinder Singh","Imran Khan, Anushka Sharma, Pankaj Kapur, Shabana Azmi, Arya Babbar, Navneet Nishan, Ranvir Shorey, Lekha Washington, Lin Laishram",2013
Matru Ki Bijlee Ka Mandola,Shara-Rara-Ra,Vishal Bhardwaj,Prem Dehati & Vishal Bhardwaj,"Imran Khan, Anushka Sharma, Pankaj Kapur, Shabana Azmi, Arya Babbar, Navneet Nishan, Ranvir Shorey, Lekha Washington, Lin Laishram",2013
Matru Ki Bijlee Ka Mandola,Badal Uthiya,Vishal Bhardwaj,Vishal Bhardwaj & Rekha Bhardwaj,"Imran Khan, Anushka Sharma, Pankaj Kapur, Shabana Azmi, Arya Babbar, Navneet Nishan, Ranvir Shorey, Lekha Washington, Lin Laishram",2013
Matru Ki Bijlee Ka Mandola,Chaar Dina Ki,Vishal Bhardwaj,"Imran Khan, Pankaj Kapur, Prem Dehati & Vishal Bhardwaj","Imran Khan, Anushka Sharma, Pankaj Kapur, Shabana Azmi, Arya Babbar, Navneet Nishan, Ranvir Shorey, Lekha Washington, Lin Laishram",2013
Matru Ki Bijlee Ka Mandola,Chor Police,Vishal Bhardwaj,Pankaj Kapur & Vishal Bhardwaj,"Imran Khan, Anushka Sharma, Pankaj Kapur, Shabana Azmi, Arya Babbar, Navneet Nishan, Ranvir Shorey, Lekha Washington, Lin Laishram",2013
Matru Ki Bijlee Ka Mandola,Nomvula,Vishal Bhardwaj,Umoja & Vishal Bhardwaj,"Imran Khan, Anushka Sharma, Pankaj Kapur, Shabana Azmi, Arya Babbar, Navneet Nishan, Ranvir Shorey, Lekha Washington, Lin Laishram",2013
Matru Ki Bijlee Ka Mandola,"Badal Uthiya"" (Reprise)",Vishal Bhardwaj,Prem Dehati & Vishal Bhardwaj,"Imran Khan, Anushka Sharma, Pankaj Kapur, Shabana Azmi, Arya Babbar, Navneet Nishan, Ranvir Shorey, Lekha Washington, Lin Laishram",2013
Matru Ki Bijlee Ka Mandola,"Lootnewale"" (Reprise)",Vishal Bhardwaj,Sukhwinder Singh & Vishal Bhardwaj,"Imran Khan, Anushka Sharma, Pankaj Kapur, Shabana Azmi, Arya Babbar, Navneet Nishan, Ranvir Shorey, Lekha Washington, Lin Laishram",2013
Special 26,Tujh Sang Lagee,"M. M. Kreem, Guest Composer:, Himesh Reshammiya",M.M. Kareem & KK,"Akshay Kumar, Anupam Kher, Manoj Bajpayee, Jimmy Shergill, Divya Dutta, Kajal Aggarwal, Rajesh Sharma, Kishore Kadam, Ujjwal Chopra, Deepraj Rana",2013
Special 26,Gore Mukhde Pe Zulfen,"M. M. Kreem, Guest Composer:, Himesh Reshammiya",Not Found,"Akshay Kumar, Anupam Kher, Manoj Bajpayee, Jimmy Shergill, Divya Dutta, Kajal Aggarwal, Rajesh Sharma, Kishore Kadam, Ujjwal Chopra, Deepraj Rana",2013
Special 26,"Kaun Mera Kya"" (Female)","M. M. Kreem, Guest Composer:, Himesh Reshammiya",Chaar Diwaari,"Akshay Kumar, Anupam Kher, Manoj Bajpayee, Jimmy Shergill, Divya Dutta, Kajal Aggarwal, Rajesh Sharma, Kishore Kadam, Ujjwal Chopra, Deepraj Rana",2013
Special 26,"Mujh Mein Tu Hi Basa"" (Version 1)","M. M. Kreem, Guest Composer:, Himesh Reshammiya",Milin Jayson,"Akshay Kumar, Anupam Kher, Manoj Bajpayee, Jimmy Shergill, Divya Dutta, Kajal Aggarwal, Rajesh Sharma, Kishore Kadam, Ujjwal Chopra, Deepraj Rana",2013
Special 26,"Kaun Mera Kya"" (Male)","M. M. Kreem, Guest Composer:, Himesh Reshammiya",Chaar Diwaari,"Akshay Kumar, Anupam Kher, Manoj Bajpayee, Jimmy Shergill, Divya Dutta, Kajal Aggarwal, Rajesh Sharma, Kishore Kadam, Ujjwal Chopra, Deepraj Rana",2013
Special 26,Dhar Pakad,"M. M. Kreem, Guest Composer:, Himesh Reshammiya",Not Found,"Akshay Kumar, Anupam Kher, Manoj Bajpayee, Jimmy Shergill, Divya Dutta, Kajal Aggarwal, Rajesh Sharma, Kishore Kadam, Ujjwal Chopra, Deepraj Rana",2013
Special 26,"Kaun Mera Kya"" (Film Version)","M. M. Kreem, Guest Composer:, Himesh Reshammiya",Arunansh Bhatt & Amar Kashyap,"Akshay Kumar, Anupam Kher, Manoj Bajpayee, Jimmy Shergill, Divya Dutta, Kajal Aggarwal, Rajesh Sharma, Kishore Kadam, Ujjwal Chopra, Deepraj Rana",2013
Special 26,"Mujh Mein Tu Hi Basa"" (Version 2)","M. M. Kreem, Guest Composer:, Himesh Reshammiya",Milin Jayson,"Akshay Kumar, Anupam Kher, Manoj Bajpayee, Jimmy Shergill, Divya Dutta, Kajal Aggarwal, Rajesh Sharma, Kishore Kadam, Ujjwal Chopra, Deepraj Rana",2013
Special 26,"Mujh Mein Tu Hi Basa"" (Film Version)","M. M. Kreem, Guest Composer:, Himesh Reshammiya",Milin Jayson,"Akshay Kumar, Anupam Kher, Manoj Bajpayee, Jimmy Shergill, Divya Dutta, Kajal Aggarwal, Rajesh Sharma, Kishore Kadam, Ujjwal Chopra, Deepraj Rana",2013
ABCD: Any Body Can Dance,Shambhu Sutaya,Sachin–Jigar,"Shankar Mahadevan, Vishal Dadlani & Sachin-Jigar","Prabhu Deva, Varun Dhawan, Shraddha Kapoor, Lauren Gottlieb, Pooja Batra, Dharmesh Yelande, Punit Pathak, Raghav Juyal, Tisca Chopra, Kapil Sharma",2015
ABCD: Any Body Can Dance,Bezubaan,Sachin–Jigar,"Mohit Chauhan, Priya Panchal, Deane Sequeira, Tanvi Shah & Sachin-Jigar","Prabhu Deva, Varun Dhawan, Shraddha Kapoor, Lauren Gottlieb, Pooja Batra, Dharmesh Yelande, Punit Pathak, Raghav Juyal, Tisca Chopra, Kapil Sharma",2015
ABCD: Any Body Can Dance,Psycho Re,Sachin–Jigar,"Mika Singh, Udit Narayan & Sachin-Jigar","Prabhu Deva, Varun Dhawan, Shraddha Kapoor, Lauren Gottlieb, Pooja Batra, Dharmesh Yelande, Punit Pathak, Raghav Juyal, Tisca Chopra, Kapil Sharma",2015
ABCD: Any Body Can Dance,Chandu Ki Girl Friend,Sachin–Jigar,"Jigar Saraiya, Raman Mahadevan, Divya Pushkarna, Sagar Kendurkar, Madhav Krishna & Sachin-Jigar","Prabhu Deva, Varun Dhawan, Shraddha Kapoor, Lauren Gottlieb, Pooja Batra, Dharmesh Yelande, Punit Pathak, Raghav Juyal, Tisca Chopra, Kapil Sharma",2015
ABCD: Any Body Can Dance,Man Basiyo Sawariyo,Sachin–Jigar,Not Found,"Prabhu Deva, Varun Dhawan, Shraddha Kapoor, Lauren Gottlieb, Pooja Batra, Dharmesh Yelande, Punit Pathak, Raghav Juyal, Tisca Chopra, Kapil Sharma",2015
ABCD: Any Body Can Dance,Duhaai,Sachin–Jigar,Madhav Krishna & Sachin-Jigar,"Prabhu Deva, Varun Dhawan, Shraddha Kapoor, Lauren Gottlieb, Pooja Batra, Dharmesh Yelande, Punit Pathak, Raghav Juyal, Tisca Chopra, Kapil Sharma",2015
ABCD: Any Body Can Dance,Sorry Sorry,Sachin–Jigar,Jigar Saraiya & Sachin-Jigar,"Prabhu Deva, Varun Dhawan, Shraddha Kapoor, Lauren Gottlieb, Pooja Batra, Dharmesh Yelande, Punit Pathak, Raghav Juyal, Tisca Chopra, Kapil Sharma",2015
ABCD: Any Body Can Dance,Kar Ja Re Ya Mar Ja Re Tu,Sachin–Jigar,Suraj Jagan & Sachin-Jigar,"Prabhu Deva, Varun Dhawan, Shraddha Kapoor, Lauren Gottlieb, Pooja Batra, Dharmesh Yelande, Punit Pathak, Raghav Juyal, Tisca Chopra, Kapil Sharma",2015
ABCD: Any Body Can Dance,Sadda Dil Vi Tu (Ga Ga Ga Ganpati),Sachin–Jigar,Hard Kaur & Sachin-Jigar,"Prabhu Deva, Varun Dhawan, Shraddha Kapoor, Lauren Gottlieb, Pooja Batra, Dharmesh Yelande, Punit Pathak, Raghav Juyal, Tisca Chopra, Kapil Sharma",2015
Kai Po Che!,Manjha,"Original Songs:, Amit Trivedi, Background Score:, Hitesh Sonik","Himesh Reshammiya, Raj Barman & Shakeel Azmi","Sushant Singh Rajput, Rajkummar Rao, Amit Sadh, Amrita Puri, Asif Basra, Manav Kaul, Tahir Raj Bhasin, Ajay Jadeja",2013
Kai Po Che!,Shubhaarambh,"Original Songs:, Amit Trivedi, Background Score:, Hitesh Sonik","Amit Trivedi, Shruti Pathak & Divya Kumar","Sushant Singh Rajput, Rajkummar Rao, Amit Sadh, Amrita Puri, Asif Basra, Manav Kaul, Tahir Raj Bhasin, Ajay Jadeja",2013
Kai Po Che!,Meethi Boliyaan,"Original Songs:, Amit Trivedi, Background Score:, Hitesh Sonik",Amit Trivedi & Mili Nair,"Sushant Singh Rajput, Rajkummar Rao, Amit Sadh, Amrita Puri, Asif Basra, Manav Kaul, Tahir Raj Bhasin, Ajay Jadeja",2013
Nautanki Saala,Mera Mann Kehne Laga,"Falak Shabir, Mikey McCleary, Rashid Khan, Ayushmann Khurrana, Rochak Kohli, Anand–Milind, Ilaiyaraaja, Lakshmikant-Pyarelal, Background Score:, Mikey McCleary",Falak Shabbir,"Ayushmann Khurrana, Pooja Salvi, Kunaal Roy Kapur, Evelyn Sharma, Gaelyn Mendonca, Abhishek Bachchan, Sanjeev Bhatt",2013
Nautanki Saala,Saadi Galli Aaja,"Falak Shabir, Mikey McCleary, Rashid Khan, Ayushmann Khurrana, Rochak Kohli, Anand–Milind, Ilaiyaraaja, Lakshmikant-Pyarelal, Background Score:, Mikey McCleary",Ayushmann Khurrana & Neeti Mohan,"Ayushmann Khurrana, Pooja Salvi, Kunaal Roy Kapur, Evelyn Sharma, Gaelyn Mendonca, Abhishek Bachchan, Sanjeev Bhatt",2013
Nautanki Saala,Dhak Dhak,"Falak Shabir, Mikey McCleary, Rashid Khan, Ayushmann Khurrana, Rochak Kohli, Anand–Milind, Ilaiyaraaja, Lakshmikant-Pyarelal, Background Score:, Mikey McCleary",Saba Azad,"Ayushmann Khurrana, Pooja Salvi, Kunaal Roy Kapur, Evelyn Sharma, Gaelyn Mendonca, Abhishek Bachchan, Sanjeev Bhatt",2013
Nautanki Saala,Tu Hi Tu,"Falak Shabir, Mikey McCleary, Rashid Khan, Ayushmann Khurrana, Rochak Kohli, Anand–Milind, Ilaiyaraaja, Lakshmikant-Pyarelal, Background Score:, Mikey McCleary",Mohammed Irfan & Mayur Puri,"Ayushmann Khurrana, Pooja Salvi, Kunaal Roy Kapur, Evelyn Sharma, Gaelyn Mendonca, Abhishek Bachchan, Sanjeev Bhatt",2013
Nautanki Saala,Draamebaaz,"Falak Shabir, Mikey McCleary, Rashid Khan, Ayushmann Khurrana, Rochak Kohli, Anand–Milind, Ilaiyaraaja, Lakshmikant-Pyarelal, Background Score:, Mikey McCleary",Geet Sagar,"Ayushmann Khurrana, Pooja Salvi, Kunaal Roy Kapur, Evelyn Sharma, Gaelyn Mendonca, Abhishek Bachchan, Sanjeev Bhatt",2013
Nautanki Saala,Sapna Mera Toota,"Falak Shabir, Mikey McCleary, Rashid Khan, Ayushmann Khurrana, Rochak Kohli, Anand–Milind, Ilaiyaraaja, Lakshmikant-Pyarelal, Background Score:, Mikey McCleary","Rahat Fateh Ali Khan, Aftab Sabri & Hashim Sabri","Ayushmann Khurrana, Pooja Salvi, Kunaal Roy Kapur, Evelyn Sharma, Gaelyn Mendonca, Abhishek Bachchan, Sanjeev Bhatt",2013
Nautanki Saala,Dil Ki Toh Lag Gayi,"Falak Shabir, Mikey McCleary, Rashid Khan, Ayushmann Khurrana, Rochak Kohli, Anand–Milind, Ilaiyaraaja, Lakshmikant-Pyarelal, Background Score:, Mikey McCleary",Saba Azad,"Ayushmann Khurrana, Pooja Salvi, Kunaal Roy Kapur, Evelyn Sharma, Gaelyn Mendonca, Abhishek Bachchan, Sanjeev Bhatt",2013
Nautanki Saala,So Gaya Yeh Jahan,"Falak Shabir, Mikey McCleary, Rashid Khan, Ayushmann Khurrana, Rochak Kohli, Anand–Milind, Ilaiyaraaja, Lakshmikant-Pyarelal, Background Score:, Mikey McCleary","Nitin Mukesh, Alka Yagnik & Shabbir Kumar","Ayushmann Khurrana, Pooja Salvi, Kunaal Roy Kapur, Evelyn Sharma, Gaelyn Mendonca, Abhishek Bachchan, Sanjeev Bhatt",2013
Nautanki Saala,"Mera Mann Kehne Laga"" (Reprise)","Falak Shabir, Mikey McCleary, Rashid Khan, Ayushmann Khurrana, Rochak Kohli, Anand–Milind, Ilaiyaraaja, Lakshmikant-Pyarelal, Background Score:, Mikey McCleary",Falak Shabbir,"Ayushmann Khurrana, Pooja Salvi, Kunaal Roy Kapur, Evelyn Sharma, Gaelyn Mendonca, Abhishek Bachchan, Sanjeev Bhatt",2013
Nautanki Saala,"Saadi Galli Aaja"" (Unplugged)","Falak Shabir, Mikey McCleary, Rashid Khan, Ayushmann Khurrana, Rochak Kohli, Anand–Milind, Ilaiyaraaja, Lakshmikant-Pyarelal, Background Score:, Mikey McCleary",Ayushmann Khurrana & Neeti Mohan,"Ayushmann Khurrana, Pooja Salvi, Kunaal Roy Kapur, Evelyn Sharma, Gaelyn Mendonca, Abhishek Bachchan, Sanjeev Bhatt",2013
Nautanki Saala,"Mera Mann Kehne Laga"" (Female)","Falak Shabir, Mikey McCleary, Rashid Khan, Ayushmann Khurrana, Rochak Kohli, Anand–Milind, Ilaiyaraaja, Lakshmikant-Pyarelal, Background Score:, Mikey McCleary",Falak Shabbir,"Ayushmann Khurrana, Pooja Salvi, Kunaal Roy Kapur, Evelyn Sharma, Gaelyn Mendonca, Abhishek Bachchan, Sanjeev Bhatt",2013
Nautanki Saala,"Saadi Galli Aaja"" (Remix)","Falak Shabir, Mikey McCleary, Rashid Khan, Ayushmann Khurrana, Rochak Kohli, Anand–Milind, Ilaiyaraaja, Lakshmikant-Pyarelal, Background Score:, Mikey McCleary",Ayushmann Khurrana & Neeti Mohan,"Ayushmann Khurrana, Pooja Salvi, Kunaal Roy Kapur, Evelyn Sharma, Gaelyn Mendonca, Abhishek Bachchan, Sanjeev Bhatt",2013
Nautanki Saala,"Mera Mann Kehne Laga"" (Remix)","Falak Shabir, Mikey McCleary, Rashid Khan, Ayushmann Khurrana, Rochak Kohli, Anand–Milind, Ilaiyaraaja, Lakshmikant-Pyarelal, Background Score:, Mikey McCleary",Falak Shabbir,"Ayushmann Khurrana, Pooja Salvi, Kunaal Roy Kapur, Evelyn Sharma, Gaelyn Mendonca, Abhishek Bachchan, Sanjeev Bhatt",2013
Shootout at Wadala,Aala Re Aala,"Anu Malik, Mustafa Zahid, Anand Raj Anand, Meet Bros",Dev Negi & Goldi,"John Abraham, Anil Kapoor, Kangana Ranaut, Tusshar Kapoor, Manoj Bajpayee, Sonu Sood, Akbar Khan, Ronit Roy, Mahesh Manjrekar, Siddhanth Kapoor",2013
Shootout at Wadala,Laila,"Anu Malik, Mustafa Zahid, Anand Raj Anand, Meet Bros",Dhvani Bhanushali,"John Abraham, Anil Kapoor, Kangana Ranaut, Tusshar Kapoor, Manoj Bajpayee, Sonu Sood, Akbar Khan, Ronit Roy, Mahesh Manjrekar, Siddhanth Kapoor",2013
Shootout at Wadala,Babli Badmaash,"Anu Malik, Mustafa Zahid, Anand Raj Anand, Meet Bros",Anu Malik & Sunidhi Chauhan,"John Abraham, Anil Kapoor, Kangana Ranaut, Tusshar Kapoor, Manoj Bajpayee, Sonu Sood, Akbar Khan, Ronit Roy, Mahesh Manjrekar, Siddhanth Kapoor",2013
Shootout at Wadala,Ek Din Ke Liye,"Anu Malik, Mustafa Zahid, Anand Raj Anand, Meet Bros",Anu Malik & Sunidhi Chauhan,"John Abraham, Anil Kapoor, Kangana Ranaut, Tusshar Kapoor, Manoj Bajpayee, Sonu Sood, Akbar Khan, Ronit Roy, Mahesh Manjrekar, Siddhanth Kapoor",2013
Shootout at Wadala,Yeh Junoon,"Anu Malik, Mustafa Zahid, Anand Raj Anand, Meet Bros",Mustafa Zahid,"John Abraham, Anil Kapoor, Kangana Ranaut, Tusshar Kapoor, Manoj Bajpayee, Sonu Sood, Akbar Khan, Ronit Roy, Mahesh Manjrekar, Siddhanth Kapoor",2013
Shootout at Wadala,Aye Manya,"Anu Malik, Mustafa Zahid, Anand Raj Anand, Meet Bros","Adnan Sami, Meet Bros Anjjan & Shaan","John Abraham, Anil Kapoor, Kangana Ranaut, Tusshar Kapoor, Manoj Bajpayee, Sonu Sood, Akbar Khan, Ronit Roy, Mahesh Manjrekar, Siddhanth Kapoor",2013
Shootout at Wadala,Goli,"Anu Malik, Mustafa Zahid, Anand Raj Anand, Meet Bros","Meet Bros Anjjan, Sudesh Bhosle, Anil Kapoor & John Abraham","John Abraham, Anil Kapoor, Kangana Ranaut, Tusshar Kapoor, Manoj Bajpayee, Sonu Sood, Akbar Khan, Ronit Roy, Mahesh Manjrekar, Siddhanth Kapoor",2013
Shootout at Wadala,Babli Badmaash (Remix by Gourav Das Gupta & Roshan Balu),"Anu Malik, Mustafa Zahid, Anand Raj Anand, Meet Bros",Anu Malik & Sunidhi Chauhan,"John Abraham, Anil Kapoor, Kangana Ranaut, Tusshar Kapoor, Manoj Bajpayee, Sonu Sood, Akbar Khan, Ronit Roy, Mahesh Manjrekar, Siddhanth Kapoor",2013
Shootout at Wadala,Aala Re Aala (Remix by Gourav Das Gupta & Roshan Balu),"Anu Malik, Mustafa Zahid, Anand Raj Anand, Meet Bros",Anu Malik & Sunidhi Chauhan,"John Abraham, Anil Kapoor, Kangana Ranaut, Tusshar Kapoor, Manoj Bajpayee, Sonu Sood, Akbar Khan, Ronit Roy, Mahesh Manjrekar, Siddhanth Kapoor",2013
Shootout at Wadala,Laila (Remix by Gourav Das Gupta & Roshan Balu),"Anu Malik, Mustafa Zahid, Anand Raj Anand, Meet Bros",Not Found,"John Abraham, Anil Kapoor, Kangana Ranaut, Tusshar Kapoor, Manoj Bajpayee, Sonu Sood, Akbar Khan, Ronit Roy, Mahesh Manjrekar, Siddhanth Kapoor",2013
Shootout at Wadala,Yeh Junoon (Remix by Mayur Sahani),"Anu Malik, Mustafa Zahid, Anand Raj Anand, Meet Bros",Mustafa Zahid,"John Abraham, Anil Kapoor, Kangana Ranaut, Tusshar Kapoor, Manoj Bajpayee, Sonu Sood, Akbar Khan, Ronit Roy, Mahesh Manjrekar, Siddhanth Kapoor",2013
Shootout at Wadala,Goli (Remix by Mayur Sahani),"Anu Malik, Mustafa Zahid, Anand Raj Anand, Meet Bros","Meet Bros Anjjan, Sudesh Bhosle, Anil Kapoor & John Abraham","John Abraham, Anil Kapoor, Kangana Ranaut, Tusshar Kapoor, Manoj Bajpayee, Sonu Sood, Akbar Khan, Ronit Roy, Mahesh Manjrekar, Siddhanth Kapoor",2013
Bombay Talkies,Bachchan,Amit Trivedi,Pritam & Arijit Singh,"Rani Mukerji, Randeep Hooda, Saqib Saleem, Nawazuddin Siddiqui, Sadashiv Amrapurkar, Naman Jain, Ranvir Shorey, Vineet Kumar Singh, Sudhir Pandey, Abdul Quadir Amin",2013
Bombay Talkies,Akkad Bakkad,Amit Trivedi,Badshah & Neha Kakkar,"Rani Mukerji, Randeep Hooda, Saqib Saleem, Nawazuddin Siddiqui, Sadashiv Amrapurkar, Naman Jain, Ranvir Shorey, Vineet Kumar Singh, Sudhir Pandey, Abdul Quadir Amin",2013
Bombay Talkies,"Murabba"" (Duet)",Amit Trivedi,Not Found,"Rani Mukerji, Randeep Hooda, Saqib Saleem, Nawazuddin Siddiqui, Sadashiv Amrapurkar, Naman Jain, Ranvir Shorey, Vineet Kumar Singh, Sudhir Pandey, Abdul Quadir Amin",2013
Bombay Talkies,Bombay Talkies,Amit Trivedi,"Udit Narayan, Alka Yagnik, Sukhwinder Singh & Amit Trivedi","Rani Mukerji, Randeep Hooda, Saqib Saleem, Nawazuddin Siddiqui, Sadashiv Amrapurkar, Naman Jain, Ranvir Shorey, Vineet Kumar Singh, Sudhir Pandey, Abdul Quadir Amin",2013
Bombay Talkies,"Murabba"" (Solo)",Amit Trivedi,Not Found,"Rani Mukerji, Randeep Hooda, Saqib Saleem, Nawazuddin Siddiqui, Sadashiv Amrapurkar, Naman Jain, Ranvir Shorey, Vineet Kumar Singh, Sudhir Pandey, Abdul Quadir Amin",2013
Bombay Talkies,Apna Bombay Talkies,Amit Trivedi,"Udit Narayan, Alka Yagnik, Sukhwinder Singh & Amit Trivedi","Rani Mukerji, Randeep Hooda, Saqib Saleem, Nawazuddin Siddiqui, Sadashiv Amrapurkar, Naman Jain, Ranvir Shorey, Vineet Kumar Singh, Sudhir Pandey, Abdul Quadir Amin",2013
Go Goa Gone,Slowly Slowly,Sachin–Jigar,Talia Bentson & Sachin-Jigar,"Kunal Kemmu, Anand Tiwari, Vir Das, Saif Ali Khan, Puja Gupta, Larissa Bonesi, Soha Ali Khan, Pitobash, Abhishek Banerjee, Krishna D.K.",2013
Go Goa Gone,Khoon Choos Le,Sachin–Jigar,"Arjun Kanungo, Suraj Jagan, Priya Panchal & Sachin-Jigar","Kunal Kemmu, Anand Tiwari, Vir Das, Saif Ali Khan, Puja Gupta, Larissa Bonesi, Soha Ali Khan, Pitobash, Abhishek Banerjee, Krishna D.K.",2013
Go Goa Gone,Babaji Ki Booti,Sachin–Jigar,"Anand Tiwari, Kunal Khemu, Raj Nidimoru, Krishna DK, Bornalee Deuri & Sachin-Jigar","Kunal Kemmu, Anand Tiwari, Vir Das, Saif Ali Khan, Puja Gupta, Larissa Bonesi, Soha Ali Khan, Pitobash, Abhishek Banerjee, Krishna D.K.",2013
Go Goa Gone,Khushamdeed,Sachin–Jigar,Shreya Ghoshal & Sachin-Jigar,"Kunal Kemmu, Anand Tiwari, Vir Das, Saif Ali Khan, Puja Gupta, Larissa Bonesi, Soha Ali Khan, Pitobash, Abhishek Banerjee, Krishna D.K.",2013
Go Goa Gone,I Keel Ded Peepul,Sachin–Jigar,"Saif Ali Khan, Kunal Khemu, Anand Tiwari & Sachin-Jigar","Kunal Kemmu, Anand Tiwari, Vir Das, Saif Ali Khan, Puja Gupta, Larissa Bonesi, Soha Ali Khan, Pitobash, Abhishek Banerjee, Krishna D.K.",2013
Fukrey,Fuk Fuk Fukme,Ram Sampath,Not Found,"Pulkit Samrat, Varun Sharma, Manjot Singh, Ali Fazal, Richa Chadha, Vishakha Singh, Priya Anand, Pankaj Tripathi, Tejeshwar Singh, Mehak Manwani",2013
Fukrey,Beda Paar,Ram Sampath,"Sona Mohapatra, Ram Sampath & Prashant Pandey","Pulkit Samrat, Varun Sharma, Manjot Singh, Ali Fazal, Richa Chadha, Vishakha Singh, Priya Anand, Pankaj Tripathi, Tejeshwar Singh, Mehak Manwani",2013
Fukrey,Lag Gayi Lottery,Ram Sampath,"Ram Sampath, Tarannum Malik Jain, Rana Majumder, Clint Cabral, Neisha Maskarenhas & Mimosa Pinto","Pulkit Samrat, Varun Sharma, Manjot Singh, Ali Fazal, Richa Chadha, Vishakha Singh, Priya Anand, Pankaj Tripathi, Tejeshwar Singh, Mehak Manwani",2013
Fukrey,Karle Jugaad Karle,Ram Sampath,"Kailash Kher, Keerthi Sagathia & Pradipta Guha","Pulkit Samrat, Varun Sharma, Manjot Singh, Ali Fazal, Richa Chadha, Vishakha Singh, Priya Anand, Pankaj Tripathi, Tejeshwar Singh, Mehak Manwani",2013
Fukrey,Rabba,Ram Sampath,Mohit Chauhan,"Pulkit Samrat, Varun Sharma, Manjot Singh, Ali Fazal, Richa Chadha, Vishakha Singh, Priya Anand, Pankaj Tripathi, Tejeshwar Singh, Mehak Manwani",2013
Fukrey,Ambarsariya,Ram Sampath,Sona Mohapatra,"Pulkit Samrat, Varun Sharma, Manjot Singh, Ali Fazal, Richa Chadha, Vishakha Singh, Priya Anand, Pankaj Tripathi, Tejeshwar Singh, Mehak Manwani",2013
Raanjhanaa,Raanjhanaa,A. R. Rahman,"A.R. Rahman, Jaswinder Singh & Shiraz Uppal","Dhanush, Sonam Kapoor Ahuja, Abhay Deol, Swara Bhasker, Mohammed Zeeshan Ayyub, Shilpi Marwaha, Kumud Mishra, Saniya Anklesaria, Arvind Gaur, Sujata Kumar",2013
Raanjhanaa,Banarasiya,A. R. Rahman,A.R. Rahman & Shreya Ghoshal,"Dhanush, Sonam Kapoor Ahuja, Abhay Deol, Swara Bhasker, Mohammed Zeeshan Ayyub, Shilpi Marwaha, Kumud Mishra, Saniya Anklesaria, Arvind Gaur, Sujata Kumar",2013
Raanjhanaa,Piya Milenge,A. R. Rahman,"A.R. Rahman, Sukhwinder Singh & KMMC Sufi Ensemble","Dhanush, Sonam Kapoor Ahuja, Abhay Deol, Swara Bhasker, Mohammed Zeeshan Ayyub, Shilpi Marwaha, Kumud Mishra, Saniya Anklesaria, Arvind Gaur, Sujata Kumar",2013
Raanjhanaa,Nazar Laaye,A. R. Rahman,"A.R. Rahman, Rashid Ali & Neeti Mohan","Dhanush, Sonam Kapoor Ahuja, Abhay Deol, Swara Bhasker, Mohammed Zeeshan Ayyub, Shilpi Marwaha, Kumud Mishra, Saniya Anklesaria, Arvind Gaur, Sujata Kumar",2013
Raanjhanaa,Ay Sakhi,A. R. Rahman,"A.R. Rahman, Madhushree, Chinmayi Sripada, Vaishali & Aanchal Sethi","Dhanush, Sonam Kapoor Ahuja, Abhay Deol, Swara Bhasker, Mohammed Zeeshan Ayyub, Shilpi Marwaha, Kumud Mishra, Saniya Anklesaria, Arvind Gaur, Sujata Kumar",2013
Raanjhanaa,Aise Na Dekho,A. R. Rahman,A.R. Rahman,"Dhanush, Sonam Kapoor Ahuja, Abhay Deol, Swara Bhasker, Mohammed Zeeshan Ayyub, Shilpi Marwaha, Kumud Mishra, Saniya Anklesaria, Arvind Gaur, Sujata Kumar",2013
Raanjhanaa,The Land of Shiva,A. R. Rahman,A.R. Rahman,"Dhanush, Sonam Kapoor Ahuja, Abhay Deol, Swara Bhasker, Mohammed Zeeshan Ayyub, Shilpi Marwaha, Kumud Mishra, Saniya Anklesaria, Arvind Gaur, Sujata Kumar",2013
Raanjhanaa,Tum Tak,A. R. Rahman,"A.R. Rahman, Javed Ali, Kirti Sagathia & Pooja AV","Dhanush, Sonam Kapoor Ahuja, Abhay Deol, Swara Bhasker, Mohammed Zeeshan Ayyub, Shilpi Marwaha, Kumud Mishra, Saniya Anklesaria, Arvind Gaur, Sujata Kumar",2013
Raanjhanaa,Tu Mun Shudi,A. R. Rahman,A.R. Rahman & Rabbi,"Dhanush, Sonam Kapoor Ahuja, Abhay Deol, Swara Bhasker, Mohammed Zeeshan Ayyub, Shilpi Marwaha, Kumud Mishra, Saniya Anklesaria, Arvind Gaur, Sujata Kumar",2013
Ghanchakkar,Lazy Lad,Amit Trivedi,Amit Trivedi & Richa Sharma,"Vidya Balan, Emraan Hashmi, Rajesh Sharma, Parvin Dabas, Namit Das, Shashank Shende, Mahabanoo Mody-Kotwal, Vishwanath Chatterjee",2013
Ghanchakkar,Allah Meherbaan,Amit Trivedi,Amit Trivedi & Divya Kumar,"Vidya Balan, Emraan Hashmi, Rajesh Sharma, Parvin Dabas, Namit Das, Shashank Shende, Mahabanoo Mody-Kotwal, Vishwanath Chatterjee",2013
Ghanchakkar,Ghanchakkar Babu,Amit Trivedi,Amit Trivedi,"Vidya Balan, Emraan Hashmi, Rajesh Sharma, Parvin Dabas, Namit Das, Shashank Shende, Mahabanoo Mody-Kotwal, Vishwanath Chatterjee",2013
Ghanchakkar,Jholu Ram,Amit Trivedi,Amit Trivedi & Altaf Raja,"Vidya Balan, Emraan Hashmi, Rajesh Sharma, Parvin Dabas, Namit Das, Shashank Shende, Mahabanoo Mody-Kotwal, Vishwanath Chatterjee",2013
Ghanchakkar,Ghanchakkar Babu (Remix),Amit Trivedi,Amit Trivedi,"Vidya Balan, Emraan Hashmi, Rajesh Sharma, Parvin Dabas, Namit Das, Shashank Shende, Mahabanoo Mody-Kotwal, Vishwanath Chatterjee",2013
Ramaiya Vastavaiya,Jeene Laga Hoon,"Sachin–Jigar, Background Score:, Sandeep Shirodkar","Atif Aslam, Shreya Ghoshal & Sachin-Jigar","Shruti Haasan, Girish Kumar, Sonu Sood, Randhir Kapoor, Poonam Dhillon, Vinod Khanna, Satish Shah, Nassar, Govind Namdeo, Sarfaraz Khan",2013
Ramaiya Vastavaiya,Hip Hop Pammi,"Sachin–Jigar, Background Score:, Sandeep Shirodkar","Mika Singh, Monali Thakur & Sachin-Jigar","Shruti Haasan, Girish Kumar, Sonu Sood, Randhir Kapoor, Poonam Dhillon, Vinod Khanna, Satish Shah, Nassar, Govind Namdeo, Sarfaraz Khan",2013
Ramaiya Vastavaiya,Bairiyaa,"Sachin–Jigar, Background Score:, Sandeep Shirodkar","Atif Aslam, Shreya Ghoshal & Sachin-Jigar","Shruti Haasan, Girish Kumar, Sonu Sood, Randhir Kapoor, Poonam Dhillon, Vinod Khanna, Satish Shah, Nassar, Govind Namdeo, Sarfaraz Khan",2013
Ramaiya Vastavaiya,Peecha Chhute,"Sachin–Jigar, Background Score:, Sandeep Shirodkar",Mohit Chauhan & Sachin-Jigar,"Shruti Haasan, Girish Kumar, Sonu Sood, Randhir Kapoor, Poonam Dhillon, Vinod Khanna, Satish Shah, Nassar, Govind Namdeo, Sarfaraz Khan",2013
Ramaiya Vastavaiya,Rang Jo Lagyo,"Sachin–Jigar, Background Score:, Sandeep Shirodkar","Atif Aslam, Shreya Ghoshal & Sachin-Jigar","Shruti Haasan, Girish Kumar, Sonu Sood, Randhir Kapoor, Poonam Dhillon, Vinod Khanna, Satish Shah, Nassar, Govind Namdeo, Sarfaraz Khan",2013
Ramaiya Vastavaiya,Jadoo Ki Jhappi,"Sachin–Jigar, Background Score:, Sandeep Shirodkar","Mika Singh, Neha Kakkar & Sachin-Jigar","Shruti Haasan, Girish Kumar, Sonu Sood, Randhir Kapoor, Poonam Dhillon, Vinod Khanna, Satish Shah, Nassar, Govind Namdeo, Sarfaraz Khan",2013
Ramaiya Vastavaiya,Jadoo Ki Jhappi (Reprise),"Sachin–Jigar, Background Score:, Sandeep Shirodkar",Not Found,"Shruti Haasan, Girish Kumar, Sonu Sood, Randhir Kapoor, Poonam Dhillon, Vinod Khanna, Satish Shah, Nassar, Govind Namdeo, Sarfaraz Khan",2013
Madras Cafe,Sun Le Re,Shantanu Moitra,Papon,"John Abraham, Nargis Fakhri, Raashii Khanna, Siddhartha Basu, Prakash Belawadi, Avijit Dutt, Dinesh Prabhakar, Ajay Rathnam, Piyush Pandey, Leena Maria Paul",2013
Madras Cafe,Ajnabi,Shantanu Moitra,Zebunnisa Bangash,"John Abraham, Nargis Fakhri, Raashii Khanna, Siddhartha Basu, Prakash Belawadi, Avijit Dutt, Dinesh Prabhakar, Ajay Rathnam, Piyush Pandey, Leena Maria Paul",2013
Madras Cafe,Khud Se,Shantanu Moitra,Papon,"John Abraham, Nargis Fakhri, Raashii Khanna, Siddhartha Basu, Prakash Belawadi, Avijit Dutt, Dinesh Prabhakar, Ajay Rathnam, Piyush Pandey, Leena Maria Paul",2013
Madras Cafe,Sun Le Re (Reprise),Shantanu Moitra,Papon,"John Abraham, Nargis Fakhri, Raashii Khanna, Siddhartha Basu, Prakash Belawadi, Avijit Dutt, Dinesh Prabhakar, Ajay Rathnam, Piyush Pandey, Leena Maria Paul",2013
Madras Cafe,Madras Cafe Theme,Shantanu Moitra,Shantanu Moitra,"John Abraham, Nargis Fakhri, Raashii Khanna, Siddhartha Basu, Prakash Belawadi, Avijit Dutt, Dinesh Prabhakar, Ajay Rathnam, Piyush Pandey, Leena Maria Paul",2013
Madras Cafe,Conspiracy,Shantanu Moitra,Monali Thakur,"John Abraham, Nargis Fakhri, Raashii Khanna, Siddhartha Basu, Prakash Belawadi, Avijit Dutt, Dinesh Prabhakar, Ajay Rathnam, Piyush Pandey, Leena Maria Paul",2013
Madras Cafe,Entry to Jaffna,Shantanu Moitra,Shantanu Moitra,"John Abraham, Nargis Fakhri, Raashii Khanna, Siddhartha Basu, Prakash Belawadi, Avijit Dutt, Dinesh Prabhakar, Ajay Rathnam, Piyush Pandey, Leena Maria Paul",2013
Madras Cafe,Title Theme,Shantanu Moitra,Shantanu Moitra,"John Abraham, Nargis Fakhri, Raashii Khanna, Siddhartha Basu, Prakash Belawadi, Avijit Dutt, Dinesh Prabhakar, Ajay Rathnam, Piyush Pandey, Leena Maria Paul",2013
Satyagraha,Satyagraha,"Salim–Sulaiman, Indian Ocean, Meet Bros Anjjan, Aadesh Shrivastava","Rajiv Sundaresan, Shivam Pathak & Shweta Pandit","Amitabh Bachchan, Ajay Devgn, Kareena Kapoor Khan, Arjun Rampal, Amrita Rao, Manoj Bajpayee, Vipin Sharma, Raj Arjun, Indraneil Sengupta",2013
Satyagraha,Aiyo Ji,"Salim–Sulaiman, Indian Ocean, Meet Bros Anjjan, Aadesh Shrivastava",Salim Merchant & Shraddha Pandit,"Amitabh Bachchan, Ajay Devgn, Kareena Kapoor Khan, Arjun Rampal, Amrita Rao, Manoj Bajpayee, Vipin Sharma, Raj Arjun, Indraneil Sengupta",2013
Satyagraha,Raske Bhare Tore Naina,"Salim–Sulaiman, Indian Ocean, Meet Bros Anjjan, Aadesh Shrivastava",Shafqat Amanat Ali & Arpita Chakraborty,"Amitabh Bachchan, Ajay Devgn, Kareena Kapoor Khan, Arjun Rampal, Amrita Rao, Manoj Bajpayee, Vipin Sharma, Raj Arjun, Indraneil Sengupta",2013
Satyagraha,Janta Rocks,"Salim–Sulaiman, Indian Ocean, Meet Bros Anjjan, Aadesh Shrivastava","Keerthi Sagathia, Papon, Shibani Kashyap, Shalmali Kholgade & Meet Bros Anjjan","Amitabh Bachchan, Ajay Devgn, Kareena Kapoor Khan, Arjun Rampal, Amrita Rao, Manoj Bajpayee, Vipin Sharma, Raj Arjun, Indraneil Sengupta",2013
Satyagraha,Hume Bole The,"Salim–Sulaiman, Indian Ocean, Meet Bros Anjjan, Aadesh Shrivastava",Not Found,"Amitabh Bachchan, Ajay Devgn, Kareena Kapoor Khan, Arjun Rampal, Amrita Rao, Manoj Bajpayee, Vipin Sharma, Raj Arjun, Indraneil Sengupta",2013
Satyagraha,"Raske Bhare Tore Naina"" (House Mix)","Salim–Sulaiman, Indian Ocean, Meet Bros Anjjan, Aadesh Shrivastava",Aadesh Shrivastava & Arpita Chakraborty,"Amitabh Bachchan, Ajay Devgn, Kareena Kapoor Khan, Arjun Rampal, Amrita Rao, Manoj Bajpayee, Vipin Sharma, Raj Arjun, Indraneil Sengupta",2013
Satyagraha,"Aiyo Ji"" (Remix)","Salim–Sulaiman, Indian Ocean, Meet Bros Anjjan, Aadesh Shrivastava","Salim Merchant, Shraddha Pandit & Dj Shiva","Amitabh Bachchan, Ajay Devgn, Kareena Kapoor Khan, Arjun Rampal, Amrita Rao, Manoj Bajpayee, Vipin Sharma, Raj Arjun, Indraneil Sengupta",2013
Zanjeer,Mumbai Ke Hero,Songs:Anand Raj AnandMeet Bros AnjjanChirantan BhattScore:Gaurang Soni,Mika Singh & Talia Bentson,"Ram Charan, Priyanka Chopra Jonas, Prakash Raj, Sanjay Dutt, Srihari, Atul Kulkarni, Mahie Gill, Kavita Kaushik, Taran Bajaj, Sanjay Sharma",2013
Zanjeer,Pinky,Songs:Anand Raj AnandMeet Bros AnjjanChirantan BhattScore:Gaurang Soni,Mamta Sharma & Meet Bros Anjjan,"Ram Charan, Priyanka Chopra Jonas, Prakash Raj, Sanjay Dutt, Srihari, Atul Kulkarni, Mahie Gill, Kavita Kaushik, Taran Bajaj, Sanjay Sharma",2013
Zanjeer,Lamha Tera Mera,Songs:Anand Raj AnandMeet Bros AnjjanChirantan BhattScore:Gaurang Soni,Wajhi Farooki & Palak Muchhal,"Ram Charan, Priyanka Chopra Jonas, Prakash Raj, Sanjay Dutt, Srihari, Atul Kulkarni, Mahie Gill, Kavita Kaushik, Taran Bajaj, Sanjay Sharma",2013
Zanjeer,Khochey Pathan Ki Zubaan (Qawaali),Songs:Anand Raj AnandMeet Bros AnjjanChirantan BhattScore:Gaurang Soni,"Sukhwinder Singh, Shabab Sabri & Meet Bros Anjjan","Ram Charan, Priyanka Chopra Jonas, Prakash Raj, Sanjay Dutt, Srihari, Atul Kulkarni, Mahie Gill, Kavita Kaushik, Taran Bajaj, Sanjay Sharma",2013
Zanjeer,Kaatilana,Songs:Anand Raj AnandMeet Bros AnjjanChirantan BhattScore:Gaurang Soni,Shweta Pandit,"Ram Charan, Priyanka Chopra Jonas, Prakash Raj, Sanjay Dutt, Srihari, Atul Kulkarni, Mahie Gill, Kavita Kaushik, Taran Bajaj, Sanjay Sharma",2013
Zanjeer,Shakila Banoo,Songs:Anand Raj AnandMeet Bros AnjjanChirantan BhattScore:Gaurang Soni,Shreya Ghoshal,"Ram Charan, Priyanka Chopra Jonas, Prakash Raj, Sanjay Dutt, Srihari, Atul Kulkarni, Mahie Gill, Kavita Kaushik, Taran Bajaj, Sanjay Sharma",2013
Zanjeer,"Kaatilana"" (Club Mix)",Songs:Anand Raj AnandMeet Bros AnjjanChirantan BhattScore:Gaurang Soni,Shweta Pandit & Meet Bros Anjjan,"Ram Charan, Priyanka Chopra Jonas, Prakash Raj, Sanjay Dutt, Srihari, Atul Kulkarni, Mahie Gill, Kavita Kaushik, Taran Bajaj, Sanjay Sharma",2013
Shuddh Desi Romance,Tere Mere Beech Mein,Sachin–Jigar,Sunidhi Chauhan & Mohit Chauhan,"Sushant Singh Rajput, Parineeti Chopra, Vaani Kapoor, Rishi Kapoor, Rajesh Sharma, Nalneesh Neel",2013
Shuddh Desi Romance,Gulabi,Sachin–Jigar,Jigar Saraiya & Priya Saraiya,"Sushant Singh Rajput, Parineeti Chopra, Vaani Kapoor, Rishi Kapoor, Rajesh Sharma, Nalneesh Neel",2013
Shuddh Desi Romance,Chanchal Mann Ati Random,Sachin–Jigar,Divya Kumar,"Sushant Singh Rajput, Parineeti Chopra, Vaani Kapoor, Rishi Kapoor, Rajesh Sharma, Nalneesh Neel",2013
Shuddh Desi Romance,Shuddh Desi Romance,Sachin–Jigar,Benny Dayal & Shalmali Kholgade,"Sushant Singh Rajput, Parineeti Chopra, Vaani Kapoor, Rishi Kapoor, Rajesh Sharma, Nalneesh Neel",2013
Shuddh Desi Romance,Mujhe Kiss Kar Sakte Ho,Sachin–Jigar,Sachin-Jigar,"Sushant Singh Rajput, Parineeti Chopra, Vaani Kapoor, Rishi Kapoor, Rajesh Sharma, Nalneesh Neel",2013
Shuddh Desi Romance,Love in Jaipur,Sachin–Jigar,Priya Panchal & Sachin-Jigar,"Sushant Singh Rajput, Parineeti Chopra, Vaani Kapoor, Rishi Kapoor, Rajesh Sharma, Nalneesh Neel",2013
Shuddh Desi Romance,Tez Waala Attraction,Sachin–Jigar,Sachin-Jigar,"Sushant Singh Rajput, Parineeti Chopra, Vaani Kapoor, Rishi Kapoor, Rajesh Sharma, Nalneesh Neel",2013
Shuddh Desi Romance,Boyfriend Banogey,Sachin–Jigar,Sachin-Jigar & Saelin Sanghvi,"Sushant Singh Rajput, Parineeti Chopra, Vaani Kapoor, Rishi Kapoor, Rajesh Sharma, Nalneesh Neel",2013
Shuddh Desi Romance,So Remember,Sachin–Jigar,Djo,"Sushant Singh Rajput, Parineeti Chopra, Vaani Kapoor, Rishi Kapoor, Rajesh Sharma, Nalneesh Neel",2013
Phata Poster Nikhla Hero,Tu Mere Agal Bagal Hai,"Pritam, Background Score:, Raju Singh",Mika Singh & Pritam,"Shahid Kapoor, Ileana D'Cruz, Padmini Kolhapure, Mukesh Tiwari, Darshan Jariwala, Saurabh Shukla, Zakir Hussain, Sanjay Mishra, Nargis Fakhri, Salman Khan",2013
Phata Poster Nikhla Hero,Main Rang Sharbaton Ka,"Pritam, Background Score:, Raju Singh","Atif Aslam, Chinmayi Sripada & Pritam","Shahid Kapoor, Ileana D'Cruz, Padmini Kolhapure, Mukesh Tiwari, Darshan Jariwala, Saurabh Shukla, Zakir Hussain, Sanjay Mishra, Nargis Fakhri, Salman Khan",2013
Phata Poster Nikhla Hero,Hey Mr. DJ,"Pritam, Background Score:, Raju Singh","Benny Dayal, Shalmili Kholgade, Shefali Alavares & Pritam","Shahid Kapoor, Ileana D'Cruz, Padmini Kolhapure, Mukesh Tiwari, Darshan Jariwala, Saurabh Shukla, Zakir Hussain, Sanjay Mishra, Nargis Fakhri, Salman Khan",2013
Phata Poster Nikhla Hero,Mere Bina Tu,"Pritam, Background Score:, Raju Singh",Nikhil D'Souza & Pritam,"Shahid Kapoor, Ileana D'Cruz, Padmini Kolhapure, Mukesh Tiwari, Darshan Jariwala, Saurabh Shukla, Zakir Hussain, Sanjay Mishra, Nargis Fakhri, Salman Khan",2013
Phata Poster Nikhla Hero,Dhating Naach,"Pritam, Background Score:, Raju Singh","Pritam, Neha Kakkar & Nakash Aziz","Shahid Kapoor, Ileana D'Cruz, Padmini Kolhapure, Mukesh Tiwari, Darshan Jariwala, Saurabh Shukla, Zakir Hussain, Sanjay Mishra, Nargis Fakhri, Salman Khan",2013
Phata Poster Nikhla Hero,Janam Janam,"Pritam, Background Score:, Raju Singh","Pritam, Antara Mitra & Arijit Singh","Shahid Kapoor, Ileana D'Cruz, Padmini Kolhapure, Mukesh Tiwari, Darshan Jariwala, Saurabh Shukla, Zakir Hussain, Sanjay Mishra, Nargis Fakhri, Salman Khan",2013
Phata Poster Nikhla Hero,"Main Rang Sharbaton Ka"" (Reprise)","Pritam, Background Score:, Raju Singh","Atif Aslam, Chinmayi Sripada & Pritam","Shahid Kapoor, Ileana D'Cruz, Padmini Kolhapure, Mukesh Tiwari, Darshan Jariwala, Saurabh Shukla, Zakir Hussain, Sanjay Mishra, Nargis Fakhri, Salman Khan",2013
Phata Poster Nikhla Hero,"Janam Janam"" (Reprise)","Pritam, Background Score:, Raju Singh",Sunidhi Chauhan & Pritam,"Shahid Kapoor, Ileana D'Cruz, Padmini Kolhapure, Mukesh Tiwari, Darshan Jariwala, Saurabh Shukla, Zakir Hussain, Sanjay Mishra, Nargis Fakhri, Salman Khan",2013
Phata Poster Nikhla Hero,"Mere Bina Tu"" (Film Version)","Pritam, Background Score:, Raju Singh",Nikhil D'Souza & Pritam,"Shahid Kapoor, Ileana D'Cruz, Padmini Kolhapure, Mukesh Tiwari, Darshan Jariwala, Saurabh Shukla, Zakir Hussain, Sanjay Mishra, Nargis Fakhri, Salman Khan",2013
Phata Poster Nikhla Hero,"Janam Janam"" (Sad)","Pritam, Background Score:, Raju Singh","Pritam, Antara Mitra & Arijit Singh","Shahid Kapoor, Ileana D'Cruz, Padmini Kolhapure, Mukesh Tiwari, Darshan Jariwala, Saurabh Shukla, Zakir Hussain, Sanjay Mishra, Nargis Fakhri, Salman Khan",2013
Besharam,Besharam,Lalit Pandit,Shree D-Ishq Bector,"Ranbir Kapoor, Pallavi Sharda, Rishi Kapoor, Neetu Singh, Amitosh Nagpal, Javed Jaffrey, Himani Shivpuri, Mohan Kapur",2013
Besharam,Tere Mohalle,Lalit Pandit,Mamta Sharma & Aishwarya Nigam,"Ranbir Kapoor, Pallavi Sharda, Rishi Kapoor, Neetu Singh, Amitosh Nagpal, Javed Jaffrey, Himani Shivpuri, Mohan Kapur",2013
Besharam,Love Ki Ghanti,Lalit Pandit,"Sujeet Shetty, Ranbir Kapoor & Amitosh Nagpal","Ranbir Kapoor, Pallavi Sharda, Rishi Kapoor, Neetu Singh, Amitosh Nagpal, Javed Jaffrey, Himani Shivpuri, Mohan Kapur",2013
Besharam,Dil Ka Jo Haal Hai,Lalit Pandit,Kaushik-Guddu & Raghav Chaitanya,"Ranbir Kapoor, Pallavi Sharda, Rishi Kapoor, Neetu Singh, Amitosh Nagpal, Javed Jaffrey, Himani Shivpuri, Mohan Kapur",2013
Besharam,Tu Hai,Lalit Pandit,A.R. Rahman & Sanah Moidutty,"Ranbir Kapoor, Pallavi Sharda, Rishi Kapoor, Neetu Singh, Amitosh Nagpal, Javed Jaffrey, Himani Shivpuri, Mohan Kapur",2013
Besharam,Aa Re Aa Re,Lalit Pandit,Mika Singh & Shreya Ghoshal,"Ranbir Kapoor, Pallavi Sharda, Rishi Kapoor, Neetu Singh, Amitosh Nagpal, Javed Jaffrey, Himani Shivpuri, Mohan Kapur",2013
Besharam,"Tu Hai"" (Unplugged)",Lalit Pandit,A.R. Rahman & Sanah Moidutty,"Ranbir Kapoor, Pallavi Sharda, Rishi Kapoor, Neetu Singh, Amitosh Nagpal, Javed Jaffrey, Himani Shivpuri, Mohan Kapur",2013
Besharam,"Besharam"" (Remix)",Lalit Pandit,Shree D-Ishq Bector & Dj Shiva,"Ranbir Kapoor, Pallavi Sharda, Rishi Kapoor, Neetu Singh, Amitosh Nagpal, Javed Jaffrey, Himani Shivpuri, Mohan Kapur",2013
Besharam,"Tere Mohalle"" (Remix)",Lalit Pandit,"Mamta Sharma, Aishwarya Nigam & Mikey McCleary","Ranbir Kapoor, Pallavi Sharda, Rishi Kapoor, Neetu Singh, Amitosh Nagpal, Javed Jaffrey, Himani Shivpuri, Mohan Kapur",2013
Besharam,"Love Ki Ghanti"" (Remix)",Lalit Pandit,"Sujeet Shetty, Ranbir Kapoor, Amitosh Nagpal & Mikey McCleary","Ranbir Kapoor, Pallavi Sharda, Rishi Kapoor, Neetu Singh, Amitosh Nagpal, Javed Jaffrey, Himani Shivpuri, Mohan Kapur",2013
Besharam,"Dil Kaa Jo Haal Hai"" (Remix)",Lalit Pandit,Abhijeet & Shreya Ghoshal,"Ranbir Kapoor, Pallavi Sharda, Rishi Kapoor, Neetu Singh, Amitosh Nagpal, Javed Jaffrey, Himani Shivpuri, Mohan Kapur",2013
Besharam,"Aa Re Aa Re"" (Remix)",Lalit Pandit,"Mika Singh, Shreya Ghoshal & Mikey McCleary","Ranbir Kapoor, Pallavi Sharda, Rishi Kapoor, Neetu Singh, Amitosh Nagpal, Javed Jaffrey, Himani Shivpuri, Mohan Kapur",2013
Besharam,Chal Hand Uthake Nachche,Lalit Pandit,"Daler Mehndi, Mika Singh & Sunidhi Chauhan","Ranbir Kapoor, Pallavi Sharda, Rishi Kapoor, Neetu Singh, Amitosh Nagpal, Javed Jaffrey, Himani Shivpuri, Mohan Kapur",2013
Bullett Raja,Tamanche Pe Disco,"Sajid–Wajid, Guest Composer:, RDB",Nindy Kaur & Raftaar,"Saif Ali Khan, Sonakshi Sinha, Jimmy Shergill, Vidyut Jammwal, Gulshan Grover, Raj Babbar, Chunky Panday",2013
Bullett Raja,Saamne Hai Savera,"Sajid–Wajid, Guest Composer:, RDB","Wajid, Shreya Ghoshal & Bonnie Chakraborty","Saif Ali Khan, Sonakshi Sinha, Jimmy Shergill, Vidyut Jammwal, Gulshan Grover, Raj Babbar, Chunky Panday",2013
Bullett Raja,Jai Govinda Jai Gopala,"Sajid–Wajid, Guest Composer:, RDB",Miguel Brea,"Saif Ali Khan, Sonakshi Sinha, Jimmy Shergill, Vidyut Jammwal, Gulshan Grover, Raj Babbar, Chunky Panday",2013
Bullett Raja,Don't Touch My Body,"Sajid–Wajid, Guest Composer:, RDB",Ashanti,"Saif Ali Khan, Sonakshi Sinha, Jimmy Shergill, Vidyut Jammwal, Gulshan Grover, Raj Babbar, Chunky Panday",2013
Bullett Raja,Bullett Raja,"Sajid–Wajid, Guest Composer:, RDB",Wajid & Keerthi Sagathia,"Saif Ali Khan, Sonakshi Sinha, Jimmy Shergill, Vidyut Jammwal, Gulshan Grover, Raj Babbar, Chunky Panday",2013
Bullett Raja,Satake Thoko,"Sajid–Wajid, Guest Composer:, RDB","Wajid, Keerthi Sagathia & Danish Sabri","Saif Ali Khan, Sonakshi Sinha, Jimmy Shergill, Vidyut Jammwal, Gulshan Grover, Raj Babbar, Chunky Panday",2013
Bullett Raja,Jai Govinda Jai Gopala (Remix),"Sajid–Wajid, Guest Composer:, RDB",Neeraj Shridhar & Dj Angel,"Saif Ali Khan, Sonakshi Sinha, Jimmy Shergill, Vidyut Jammwal, Gulshan Grover, Raj Babbar, Chunky Panday",2013
R... Rajkumar,Gandi Baat,Pritam,"Pritam, Mika Singh & Kalpana Patowary","Shahid Kapoor, Sonakshi Sinha, Mukul Dev, Ashish Vidhyarthi, Sonu Sood, Asrani, Srihari, Poonam Jhawer, Ashok Samarth, Prabhu Deva",2013
R... Rajkumar,"Saree Ke Fall Sa"" (Touch Karke)",Pritam,"Pritam, Antara Mitra, Nakash Aziz & Mayur Puri","Shahid Kapoor, Sonakshi Sinha, Mukul Dev, Ashish Vidhyarthi, Sonu Sood, Asrani, Srihari, Poonam Jhawer, Ashok Samarth, Prabhu Deva",2013
R... Rajkumar,Dhokha Dhadi,Pritam,"Pritam, Arijit Singh & Palak Muchhal","Shahid Kapoor, Sonakshi Sinha, Mukul Dev, Ashish Vidhyarthi, Sonu Sood, Asrani, Srihari, Poonam Jhawer, Ashok Samarth, Prabhu Deva",2013
R... Rajkumar,Mat Maari,Pritam,"Pritam, Kunal Ganjawala & Sunidhi Chauhan","Shahid Kapoor, Sonakshi Sinha, Mukul Dev, Ashish Vidhyarthi, Sonu Sood, Asrani, Srihari, Poonam Jhawer, Ashok Samarth, Prabhu Deva",2013
R... Rajkumar,Kaddu Katega,Pritam,Pritam & Antara Mitra,"Shahid Kapoor, Sonakshi Sinha, Mukul Dev, Ashish Vidhyarthi, Sonu Sood, Asrani, Srihari, Poonam Jhawer, Ashok Samarth, Prabhu Deva",2013
R... Rajkumar,"Gandi Baat"" (Film Version)",Pritam,"Pritam, Mika Singh & Kalpana Patowary","Shahid Kapoor, Sonakshi Sinha, Mukul Dev, Ashish Vidhyarthi, Sonu Sood, Asrani, Srihari, Poonam Jhawer, Ashok Samarth, Prabhu Deva",2013
R... Rajkumar,"Saree Ke Fall Sa"" (Touch Karke – Remix)",Pritam,Not Found,"Shahid Kapoor, Sonakshi Sinha, Mukul Dev, Ashish Vidhyarthi, Sonu Sood, Asrani, Srihari, Poonam Jhawer, Ashok Samarth, Prabhu Deva",2013
R... Rajkumar,"R... Rajkumar"" (Mashup)",Pritam,"A.R. Rahman, Mohit Chauhan & Balaji","Shahid Kapoor, Sonakshi Sinha, Mukul Dev, Ashish Vidhyarthi, Sonu Sood, Asrani, Srihari, Poonam Jhawer, Ashok Samarth, Prabhu Deva",2013
PK,Tharki Chokro,"Shantanu Moitra, Guest Composers:, Ajay–Atul, Ankit Tiwari, Background Score:, Sanjay Wandrekar, Atul Raninga",Swaroop Khan,"Aamir Khan, Anushka Sharma, Saurabh Shukla, Boman Irani, Sushant Singh Rajput, Sanjay Dutt, Parikshat Sahni, Reema Debnath, Rukhsar Rehman, Sachin Parikh",2014
PK,Love Is a Waste of Time,"Shantanu Moitra, Guest Composers:, Ajay–Atul, Ankit Tiwari, Background Score:, Sanjay Wandrekar, Atul Raninga",Sonu Nigam & Shreya Ghoshal,"Aamir Khan, Anushka Sharma, Saurabh Shukla, Boman Irani, Sushant Singh Rajput, Sanjay Dutt, Parikshat Sahni, Reema Debnath, Rukhsar Rehman, Sachin Parikh",2014
PK,Nanga Punga Dost,"Shantanu Moitra, Guest Composers:, Ajay–Atul, Ankit Tiwari, Background Score:, Sanjay Wandrekar, Atul Raninga",Shreya Ghoshal,"Aamir Khan, Anushka Sharma, Saurabh Shukla, Boman Irani, Sushant Singh Rajput, Sanjay Dutt, Parikshat Sahni, Reema Debnath, Rukhsar Rehman, Sachin Parikh",2014
PK,Chaar Kadam,"Shantanu Moitra, Guest Composers:, Ajay–Atul, Ankit Tiwari, Background Score:, Sanjay Wandrekar, Atul Raninga",Shaan & Shreya Ghoshal,"Aamir Khan, Anushka Sharma, Saurabh Shukla, Boman Irani, Sushant Singh Rajput, Sanjay Dutt, Parikshat Sahni, Reema Debnath, Rukhsar Rehman, Sachin Parikh",2014
PK,Bhagwan Hai Kahan Re Tu,"Shantanu Moitra, Guest Composers:, Ajay–Atul, Ankit Tiwari, Background Score:, Sanjay Wandrekar, Atul Raninga",Sonu Nigam,"Aamir Khan, Anushka Sharma, Saurabh Shukla, Boman Irani, Sushant Singh Rajput, Sanjay Dutt, Parikshat Sahni, Reema Debnath, Rukhsar Rehman, Sachin Parikh",2014
PK,Dil Darbadar,"Shantanu Moitra, Guest Composers:, Ajay–Atul, Ankit Tiwari, Background Score:, Sanjay Wandrekar, Atul Raninga",Ankit Tiwari,"Aamir Khan, Anushka Sharma, Saurabh Shukla, Boman Irani, Sushant Singh Rajput, Sanjay Dutt, Parikshat Sahni, Reema Debnath, Rukhsar Rehman, Sachin Parikh",2014
PK,PK Dance Theme,"Shantanu Moitra, Guest Composers:, Ajay–Atul, Ankit Tiwari, Background Score:, Sanjay Wandrekar, Atul Raninga",Shantanu Moitra,"Aamir Khan, Anushka Sharma, Saurabh Shukla, Boman Irani, Sushant Singh Rajput, Sanjay Dutt, Parikshat Sahni, Reema Debnath, Rukhsar Rehman, Sachin Parikh",2014
PK,Khuda,"Shantanu Moitra, Guest Composers:, Ajay–Atul, Ankit Tiwari, Background Score:, Sanjay Wandrekar, Atul Raninga","Vishal & Shekhar, KK & Shilpa Rao","Aamir Khan, Anushka Sharma, Saurabh Shukla, Boman Irani, Sushant Singh Rajput, Sanjay Dutt, Parikshat Sahni, Reema Debnath, Rukhsar Rehman, Sachin Parikh",2014
Kick,Jumme Ki Raat,"Himesh Reshammiya, Meet Bros Anjjan, Yo Yo Honey Singh",Mika Singh & Palak Muchhal,"Salman Khan, Jacqueline Fernandez, Randeep Hooda, Nawazuddin Siddiqui, Mithun Chakraborty, Archana Puran Singh, Vipin Sharma, Saurabh Shukla, Rajit Kapoor, Sanjay Mishra",2014
Kick,Hangover,"Himesh Reshammiya, Meet Bros Anjjan, Yo Yo Honey Singh","Salman Khan, Meet Bros Anjjan & Shreya Ghoshal","Salman Khan, Jacqueline Fernandez, Randeep Hooda, Nawazuddin Siddiqui, Mithun Chakraborty, Archana Puran Singh, Vipin Sharma, Saurabh Shukla, Rajit Kapoor, Sanjay Mishra",2014
Kick,Tu Hi Tu,"Himesh Reshammiya, Meet Bros Anjjan, Yo Yo Honey Singh",Mohammed Irfan & Mayur Puri,"Salman Khan, Jacqueline Fernandez, Randeep Hooda, Nawazuddin Siddiqui, Mithun Chakraborty, Archana Puran Singh, Vipin Sharma, Saurabh Shukla, Rajit Kapoor, Sanjay Mishra",2014
Kick,Yaar Naa Miley,"Himesh Reshammiya, Meet Bros Anjjan, Yo Yo Honey Singh",Yo Yo Honey Singh & Jasmine Sandlas,"Salman Khan, Jacqueline Fernandez, Randeep Hooda, Nawazuddin Siddiqui, Mithun Chakraborty, Archana Puran Singh, Vipin Sharma, Saurabh Shukla, Rajit Kapoor, Sanjay Mishra",2014
Kick,Hai Yehi Zindagi,"Himesh Reshammiya, Meet Bros Anjjan, Yo Yo Honey Singh",Meet Bros Anjjan,"Salman Khan, Jacqueline Fernandez, Randeep Hooda, Nawazuddin Siddiqui, Mithun Chakraborty, Archana Puran Singh, Vipin Sharma, Saurabh Shukla, Rajit Kapoor, Sanjay Mishra",2014
Kick,"Jumme Ki Raat"" (Version 2)","Himesh Reshammiya, Meet Bros Anjjan, Yo Yo Honey Singh",Mika Singh & Palak Muchhal,"Salman Khan, Jacqueline Fernandez, Randeep Hooda, Nawazuddin Siddiqui, Mithun Chakraborty, Archana Puran Singh, Vipin Sharma, Saurabh Shukla, Rajit Kapoor, Sanjay Mishra",2014
Kick,"Tu Hi Tu"" (Reprise)","Himesh Reshammiya, Meet Bros Anjjan, Yo Yo Honey Singh",Neeti Mohan & Mayur Puri,"Salman Khan, Jacqueline Fernandez, Randeep Hooda, Nawazuddin Siddiqui, Mithun Chakraborty, Archana Puran Singh, Vipin Sharma, Saurabh Shukla, Rajit Kapoor, Sanjay Mishra",2014
Kick,"Hangover"" (MBA Swag)","Himesh Reshammiya, Meet Bros Anjjan, Yo Yo Honey Singh",Meet Bros Anjjan,"Salman Khan, Jacqueline Fernandez, Randeep Hooda, Nawazuddin Siddiqui, Mithun Chakraborty, Archana Puran Singh, Vipin Sharma, Saurabh Shukla, Rajit Kapoor, Sanjay Mishra",2014
Kick,"Tu Hi Tu"" (Version 2)","Himesh Reshammiya, Meet Bros Anjjan, Yo Yo Honey Singh",Mohammed Irfan & Mayur Puri,"Salman Khan, Jacqueline Fernandez, Randeep Hooda, Nawazuddin Siddiqui, Mithun Chakraborty, Archana Puran Singh, Vipin Sharma, Saurabh Shukla, Rajit Kapoor, Sanjay Mishra",2014
Kick,"Jumme Ki Raat"" (Remix by DJ Kiran Kamath)","Himesh Reshammiya, Meet Bros Anjjan, Yo Yo Honey Singh","Mika Singh, Palak Muchhal & Kiran Kamath","Salman Khan, Jacqueline Fernandez, Randeep Hooda, Nawazuddin Siddiqui, Mithun Chakraborty, Archana Puran Singh, Vipin Sharma, Saurabh Shukla, Rajit Kapoor, Sanjay Mishra",2014
Kick,"Hangover"" (Remix by Meet Bros Anjjan)","Himesh Reshammiya, Meet Bros Anjjan, Yo Yo Honey Singh","Salman Khan, Meet Bros Anjjan & Shreya Ghoshal","Salman Khan, Jacqueline Fernandez, Randeep Hooda, Nawazuddin Siddiqui, Mithun Chakraborty, Archana Puran Singh, Vipin Sharma, Saurabh Shukla, Rajit Kapoor, Sanjay Mishra",2014
Kick,"Tu Hi Tu"" (Remix by DJ Kiran Kamath)","Himesh Reshammiya, Meet Bros Anjjan, Yo Yo Honey Singh",Salman Khan & Kiran Kamath,"Salman Khan, Jacqueline Fernandez, Randeep Hooda, Nawazuddin Siddiqui, Mithun Chakraborty, Archana Puran Singh, Vipin Sharma, Saurabh Shukla, Rajit Kapoor, Sanjay Mishra",2014
Kick,"Jumme Ki Raat"" (Version 2) (Remix by DJ Kiran Kamath))","Himesh Reshammiya, Meet Bros Anjjan, Yo Yo Honey Singh","Mika Singh, Palak Muchhal & Kiran Kamath","Salman Khan, Jacqueline Fernandez, Randeep Hooda, Nawazuddin Siddiqui, Mithun Chakraborty, Archana Puran Singh, Vipin Sharma, Saurabh Shukla, Rajit Kapoor, Sanjay Mishra",2014
Kick,"Tu Hi Tu"" (House Mix by DJ Kiran Kamath)","Himesh Reshammiya, Meet Bros Anjjan, Yo Yo Honey Singh",Salman Khan & Kiran Kamath,"Salman Khan, Jacqueline Fernandez, Randeep Hooda, Nawazuddin Siddiqui, Mithun Chakraborty, Archana Puran Singh, Vipin Sharma, Saurabh Shukla, Rajit Kapoor, Sanjay Mishra",2014
Kick,"Tu Hi Tu"" (Version 2) (Remix by DJ Kiran Kamath))","Himesh Reshammiya, Meet Bros Anjjan, Yo Yo Honey Singh",Salman Khan & Kiran Kamath,"Salman Khan, Jacqueline Fernandez, Randeep Hooda, Nawazuddin Siddiqui, Mithun Chakraborty, Archana Puran Singh, Vipin Sharma, Saurabh Shukla, Rajit Kapoor, Sanjay Mishra",2014
Kick,"Hai Yehi Zindagi"" (Version 2)","Himesh Reshammiya, Meet Bros Anjjan, Yo Yo Honey Singh",Meet Bros Anjjan,"Salman Khan, Jacqueline Fernandez, Randeep Hooda, Nawazuddin Siddiqui, Mithun Chakraborty, Archana Puran Singh, Vipin Sharma, Saurabh Shukla, Rajit Kapoor, Sanjay Mishra",2014
Kick,"Hai Yehi Zindagi"" (Version 3)","Himesh Reshammiya, Meet Bros Anjjan, Yo Yo Honey Singh",Meet Bros Anjjan,"Salman Khan, Jacqueline Fernandez, Randeep Hooda, Nawazuddin Siddiqui, Mithun Chakraborty, Archana Puran Singh, Vipin Sharma, Saurabh Shukla, Rajit Kapoor, Sanjay Mishra",2014
Kick,"Yaar Naa Miley"" (Remix by Yo Yo Honey Singh)","Himesh Reshammiya, Meet Bros Anjjan, Yo Yo Honey Singh",Yo Yo Honey Singh & Jasmine Sandlas,"Salman Khan, Jacqueline Fernandez, Randeep Hooda, Nawazuddin Siddiqui, Mithun Chakraborty, Archana Puran Singh, Vipin Sharma, Saurabh Shukla, Rajit Kapoor, Sanjay Mishra",2014
Happy New Year,India Waale,"Vishal–Shekhar, Guest Composition:, Dr. Zeus and RDB","Neeti Mohan, Vishal Dadlani, KK & Shankar Mahadevan","Shah Rukh Khan, Deepika Padukone, Abhishek Bachchan, Sonu Sood, Boman Irani, Vivaan Shah, Jackie Shroff, Anupam Kher, Daisy Irani, Sarah-Jane Dias",2014
Happy New Year,Manwa Laage,"Vishal–Shekhar, Guest Composition:, Dr. Zeus and RDB",Shreya Ghoshal & Arijit Singh,"Shah Rukh Khan, Deepika Padukone, Abhishek Bachchan, Sonu Sood, Boman Irani, Vivaan Shah, Jackie Shroff, Anupam Kher, Daisy Irani, Sarah-Jane Dias",2014
Happy New Year,Satakli,"Vishal–Shekhar, Guest Composition:, Dr. Zeus and RDB",Sukhwinder Singh,"Shah Rukh Khan, Deepika Padukone, Abhishek Bachchan, Sonu Sood, Boman Irani, Vivaan Shah, Jackie Shroff, Anupam Kher, Daisy Irani, Sarah-Jane Dias",2014
Happy New Year,"Lovely(Lyrics :-Kumaar, Co-Composer :Dr Zeus)","Vishal–Shekhar, Guest Composition:, Dr. Zeus and RDB",Not Found,"Shah Rukh Khan, Deepika Padukone, Abhishek Bachchan, Sonu Sood, Boman Irani, Vivaan Shah, Jackie Shroff, Anupam Kher, Daisy Irani, Sarah-Jane Dias",2014
Happy New Year,World Dance Medley,"Vishal–Shekhar, Guest Composition:, Dr. Zeus and RDB","Neeti Mohan, Vishal Dadlani, Sukhwinder Singh, KK, Shankar Mahadevan & Shah Rukh Khan","Shah Rukh Khan, Deepika Padukone, Abhishek Bachchan, Sonu Sood, Boman Irani, Vivaan Shah, Jackie Shroff, Anupam Kher, Daisy Irani, Sarah-Jane Dias",2014
Happy New Year,"Nonsense Ki Night(Lyrics :-Farah Khan,Vishal DadlaniandShekhar Ravjiani)","Vishal–Shekhar, Guest Composition:, Dr. Zeus and RDB",Not Found,"Shah Rukh Khan, Deepika Padukone, Abhishek Bachchan, Sonu Sood, Boman Irani, Vivaan Shah, Jackie Shroff, Anupam Kher, Daisy Irani, Sarah-Jane Dias",2014
Happy New Year,Dance Like A Chammiya,"Vishal–Shekhar, Guest Composition:, Dr. Zeus and RDB",Sunidhi Chauhan & Vishal Dadlani,"Shah Rukh Khan, Deepika Padukone, Abhishek Bachchan, Sonu Sood, Boman Irani, Vivaan Shah, Jackie Shroff, Anupam Kher, Daisy Irani, Sarah-Jane Dias",2014
Happy New Year,"Sharabi(Lyrics :-Kumaar, NS Chauhan,Vishal Dadlaniand Shekhar Ravjiani]]; Co-Composer :RDBfeat.Manj Musikand SurjRDB)","Vishal–Shekhar, Guest Composition:, Dr. Zeus and RDB",Not Found,"Shah Rukh Khan, Deepika Padukone, Abhishek Bachchan, Sonu Sood, Boman Irani, Vivaan Shah, Jackie Shroff, Anupam Kher, Daisy Irani, Sarah-Jane Dias",2014
Happy New Year,"Indiawaale"" (Electronic)","Vishal–Shekhar, Guest Composition:, Dr. Zeus and RDB","Neeti Mohan, Vishal Dadlani, KK & Shankar Mahadevan","Shah Rukh Khan, Deepika Padukone, Abhishek Bachchan, Sonu Sood, Boman Irani, Vivaan Shah, Jackie Shroff, Anupam Kher, Daisy Irani, Sarah-Jane Dias",2014
Happy New Year,"The Heist"" (Theme)","Vishal–Shekhar, Guest Composition:, Dr. Zeus and RDB",Not Found,"Shah Rukh Khan, Deepika Padukone, Abhishek Bachchan, Sonu Sood, Boman Irani, Vivaan Shah, Jackie Shroff, Anupam Kher, Daisy Irani, Sarah-Jane Dias",2014
Happy New Year,"Kamlee(Lyrics :-Kumaar, Co-Composer :Dr Zeus)","Vishal–Shekhar, Guest Composition:, Dr. Zeus and RDB",Not Found,"Shah Rukh Khan, Deepika Padukone, Abhishek Bachchan, Sonu Sood, Boman Irani, Vivaan Shah, Jackie Shroff, Anupam Kher, Daisy Irani, Sarah-Jane Dias",2014
Bang Bang!,Tu Meri,Vishal–Shekhar,Vishal Dadlani & Vishal & Shekhar,"Hrithik Roshan, Katrina Kaif, Danny Denzongpa, Javed Jaffrey, Jimmy Shergill, Pavan Malhotra, Vikram Gokhale, Kanwaljit Singh, Deepti Naval, Ron Smoorenburg",2014
Bang Bang!,Meherbaan,Vishal–Shekhar,"Ash King, Shilpa Rao, Vishal & Shekhar & Shekhar Ravjiani","Hrithik Roshan, Katrina Kaif, Danny Denzongpa, Javed Jaffrey, Jimmy Shergill, Pavan Malhotra, Vikram Gokhale, Kanwaljit Singh, Deepti Naval, Ron Smoorenburg",2014
Bang Bang!,Uff,Vishal–Shekhar,"Harshdeep Kaur, Benny Dayal & Vishal & Shekhar","Hrithik Roshan, Katrina Kaif, Danny Denzongpa, Javed Jaffrey, Jimmy Shergill, Pavan Malhotra, Vikram Gokhale, Kanwaljit Singh, Deepti Naval, Ron Smoorenburg",2014
Bang Bang!,Bang Bang,Vishal–Shekhar,"Benny Dayal, Neeti Mohan & Vishal & Shekhar","Hrithik Roshan, Katrina Kaif, Danny Denzongpa, Javed Jaffrey, Jimmy Shergill, Pavan Malhotra, Vikram Gokhale, Kanwaljit Singh, Deepti Naval, Ron Smoorenburg",2014
Bang Bang!,"Meherbaan"" (Reprise)",Vishal–Shekhar,Not Found,"Hrithik Roshan, Katrina Kaif, Danny Denzongpa, Javed Jaffrey, Jimmy Shergill, Pavan Malhotra, Vikram Gokhale, Kanwaljit Singh, Deepti Naval, Ron Smoorenburg",2014
Singham Returns,Sun Le Zara,"Score:, Amar Mohile, Songs: Jeet GannguliAnkit TiwariMeet Bros AnjjanYo Yo Honey Singh",Arijit Singh,"Ajay Devgn, Kareena Kapoor Khan, Amole Gupte, Anupam Kher, Vineet Sharma, Dayanand Shetty, Zakir Hussain, Mahesh Manjrekar, Sameer Dharmadhikari, Pankaj Tripathi",2014
Singham Returns,Singham Returns Theme,"Score:, Amar Mohile, Songs: Jeet GannguliAnkit TiwariMeet Bros AnjjanYo Yo Honey Singh",Mika Singh & Meet Bros Anjjan,"Ajay Devgn, Kareena Kapoor Khan, Amole Gupte, Anupam Kher, Vineet Sharma, Dayanand Shetty, Zakir Hussain, Mahesh Manjrekar, Sameer Dharmadhikari, Pankaj Tripathi",2014
Singham Returns,Kuch Toh Hua Hai,"Score:, Amar Mohile, Songs: Jeet GannguliAnkit TiwariMeet Bros AnjjanYo Yo Honey Singh","Sachin-Jigar, Sachet Tandon, Asees Kaur & Amitabh Bhattacharya","Ajay Devgn, Kareena Kapoor Khan, Amole Gupte, Anupam Kher, Vineet Sharma, Dayanand Shetty, Zakir Hussain, Mahesh Manjrekar, Sameer Dharmadhikari, Pankaj Tripathi",2014
Singham Returns,"Singham Returns Remix"" (MBA Swag)","Score:, Amar Mohile, Songs: Jeet GannguliAnkit TiwariMeet Bros AnjjanYo Yo Honey Singh","Mika Singh, Meet Bros Anjjan, Dj Sumit Sethi & Prince","Ajay Devgn, Kareena Kapoor Khan, Amole Gupte, Anupam Kher, Vineet Sharma, Dayanand Shetty, Zakir Hussain, Mahesh Manjrekar, Sameer Dharmadhikari, Pankaj Tripathi",2014
Singham Returns,Aata Majhi Satakli,"Score:, Amar Mohile, Songs: Jeet GannguliAnkit TiwariMeet Bros AnjjanYo Yo Honey Singh","Yo Yo Honey Singh, Mamta Sharma & Nitu Choudhary","Ajay Devgn, Kareena Kapoor Khan, Amole Gupte, Anupam Kher, Vineet Sharma, Dayanand Shetty, Zakir Hussain, Mahesh Manjrekar, Sameer Dharmadhikari, Pankaj Tripathi",2014
Holiday: A Soldier Is Never Off Duty,Shaayraana,"Pritam, Guest Composition:, Kaushik Dutta, Background Score:, Prasad Sashte",Arijit Singh & Pritam,"Akshay Kumar, Sonakshi Sinha, Freddy Daruwala, Govinda, Sumeet Raghvan, Zakir Hussain, Apoorva Arora, Cherry Mardia, Gireesh Sahdev, Rajiv Kachroo",2014
Holiday: A Soldier Is Never Off Duty,"Tu Hi Toh Hai"" (Film Version)","Pritam, Guest Composition:, Kaushik Dutta, Background Score:, Prasad Sashte",Pritam & Benny Dayal,"Akshay Kumar, Sonakshi Sinha, Freddy Daruwala, Govinda, Sumeet Raghvan, Zakir Hussain, Apoorva Arora, Cherry Mardia, Gireesh Sahdev, Rajiv Kachroo",2014
Holiday: A Soldier Is Never Off Duty,Ashq Na Ho,"Pritam, Guest Composition:, Kaushik Dutta, Background Score:, Prasad Sashte",Pritam & Arijit Singh,"Akshay Kumar, Sonakshi Sinha, Freddy Daruwala, Govinda, Sumeet Raghvan, Zakir Hussain, Apoorva Arora, Cherry Mardia, Gireesh Sahdev, Rajiv Kachroo",2014
Holiday: A Soldier Is Never Off Duty,Blame The Night,"Pritam, Guest Composition:, Kaushik Dutta, Background Score:, Prasad Sashte","Pritam, Arijit Singh, Aditi Singh Sharma & Piyush Kapoor","Akshay Kumar, Sonakshi Sinha, Freddy Daruwala, Govinda, Sumeet Raghvan, Zakir Hussain, Apoorva Arora, Cherry Mardia, Gireesh Sahdev, Rajiv Kachroo",2014
Holiday: A Soldier Is Never Off Duty,"Palang Tod"" (Version 1)","Pritam, Guest Composition:, Kaushik Dutta, Background Score:, Prasad Sashte","Pritam, Mika Singh & Ritu Pathak","Akshay Kumar, Sonakshi Sinha, Freddy Daruwala, Govinda, Sumeet Raghvan, Zakir Hussain, Apoorva Arora, Cherry Mardia, Gireesh Sahdev, Rajiv Kachroo",2014
Holiday: A Soldier Is Never Off Duty,Tu Hi Toh Hai,"Pritam, Guest Composition:, Kaushik Dutta, Background Score:, Prasad Sashte","Pritam, Arijit Singh, Antara Mitra & Nikhil D'Souza","Akshay Kumar, Sonakshi Sinha, Freddy Daruwala, Govinda, Sumeet Raghvan, Zakir Hussain, Apoorva Arora, Cherry Mardia, Gireesh Sahdev, Rajiv Kachroo",2014
Holiday: A Soldier Is Never Off Duty,"Palang Tod"" (Version 2)","Pritam, Guest Composition:, Kaushik Dutta, Background Score:, Prasad Sashte","Mika Singh, Pritam & Ritu Pathak","Akshay Kumar, Sonakshi Sinha, Freddy Daruwala, Govinda, Sumeet Raghvan, Zakir Hussain, Apoorva Arora, Cherry Mardia, Gireesh Sahdev, Rajiv Kachroo",2014
2 States,Offo,"Shankar–Ehsaan–Loy, Background Score:, Tubby-Parik",Aditi Singh Sharma & Amitabh Bhattacharya,"Alia Bhatt, Arjun Kapoor, Amrita Singh, Revathi, Ronit Roy, Shivkumar Subramaniam, Aru Krishansh Verma, Amit Bhargav, Achint Kaur, Bikramjeet Kanwarpal",2014
2 States,Locha-E-Ulfat,"Shankar–Ehsaan–Loy, Background Score:, Tubby-Parik",Benny Dayal,"Alia Bhatt, Arjun Kapoor, Amrita Singh, Revathi, Ronit Roy, Shivkumar Subramaniam, Aru Krishansh Verma, Amit Bhargav, Achint Kaur, Bikramjeet Kanwarpal",2014
2 States,Mast Magan,"Shankar–Ehsaan–Loy, Background Score:, Tubby-Parik",Arijit Singh & Chinmayi Sripada,"Alia Bhatt, Arjun Kapoor, Amrita Singh, Revathi, Ronit Roy, Shivkumar Subramaniam, Aru Krishansh Verma, Amit Bhargav, Achint Kaur, Bikramjeet Kanwarpal",2014
2 States,Chaandaniya,"Shankar–Ehsaan–Loy, Background Score:, Tubby-Parik",K. Mohan & Yashita Sharma,"Alia Bhatt, Arjun Kapoor, Amrita Singh, Revathi, Ronit Roy, Shivkumar Subramaniam, Aru Krishansh Verma, Amit Bhargav, Achint Kaur, Bikramjeet Kanwarpal",2014
2 States,Hullaa Re,"Shankar–Ehsaan–Loy, Background Score:, Tubby-Parik",Not Found,"Alia Bhatt, Arjun Kapoor, Amrita Singh, Revathi, Ronit Roy, Shivkumar Subramaniam, Aru Krishansh Verma, Amit Bhargav, Achint Kaur, Bikramjeet Kanwarpal",2014
2 States,Iski Uski,"Shankar–Ehsaan–Loy, Background Score:, Tubby-Parik",Akriti Kakar & Shahid Mallya,"Alia Bhatt, Arjun Kapoor, Amrita Singh, Revathi, Ronit Roy, Shivkumar Subramaniam, Aru Krishansh Verma, Amit Bhargav, Achint Kaur, Bikramjeet Kanwarpal",2014
2 States,Isayin Alai,"Shankar–Ehsaan–Loy, Background Score:, Tubby-Parik",Not Found,"Alia Bhatt, Arjun Kapoor, Amrita Singh, Revathi, Ronit Roy, Shivkumar Subramaniam, Aru Krishansh Verma, Amit Bhargav, Achint Kaur, Bikramjeet Kanwarpal",2014
Ek Villain,Galliyan,"Ankit Tiwari, Mithoon, Soch - The Band",Ankit Tiwari,"Sidharth Malhotra, Shraddha Kapoor, Riteish Deshmukh, Aamna Shariff, Asif Basra, Shaad Randhawa, Kamaal Rashid Khan, Remo Fernandes, Praveena Deshpande, Sidhaant Sachdev",2014
Ek Villain,Banjaara,"Ankit Tiwari, Mithoon, Soch - The Band",Mohammed Irfan,"Sidharth Malhotra, Shraddha Kapoor, Riteish Deshmukh, Aamna Shariff, Asif Basra, Shaad Randhawa, Kamaal Rashid Khan, Remo Fernandes, Praveena Deshpande, Sidhaant Sachdev",2014
Ek Villain,Zaroorat,"Ankit Tiwari, Mithoon, Soch - The Band",Mustafa Zahid,"Sidharth Malhotra, Shraddha Kapoor, Riteish Deshmukh, Aamna Shariff, Asif Basra, Shaad Randhawa, Kamaal Rashid Khan, Remo Fernandes, Praveena Deshpande, Sidhaant Sachdev",2014
Ek Villain,Awari,"Ankit Tiwari, Mithoon, Soch - The Band",Adnan Dhool & Momina Mustehsan,"Sidharth Malhotra, Shraddha Kapoor, Riteish Deshmukh, Aamna Shariff, Asif Basra, Shaad Randhawa, Kamaal Rashid Khan, Remo Fernandes, Praveena Deshpande, Sidhaant Sachdev",2014
Ek Villain,Hamdard,"Ankit Tiwari, Mithoon, Soch - The Band",Ammy Virk,"Sidharth Malhotra, Shraddha Kapoor, Riteish Deshmukh, Aamna Shariff, Asif Basra, Shaad Randhawa, Kamaal Rashid Khan, Remo Fernandes, Praveena Deshpande, Sidhaant Sachdev",2014
Ek Villain,"Galliyan"" (Unplugged)","Ankit Tiwari, Mithoon, Soch - The Band",Ankit Tiwari,"Sidharth Malhotra, Shraddha Kapoor, Riteish Deshmukh, Aamna Shariff, Asif Basra, Shaad Randhawa, Kamaal Rashid Khan, Remo Fernandes, Praveena Deshpande, Sidhaant Sachdev",2014
Gunday,Jashn-E-Ishqa,"Sohail Sen, Background Score:, Julius Packiam",Javed Ali & Shadab Faridi,"Ranveer Singh, Arjun Kapoor, Priyanka Chopra Jonas, Irrfan Khan, Saurabh Shukla, Pankaj Tripathi, Victor Banerjee, Anant Vidhaat Sharma, Deepraj Rana, Darshan Gurjar",2014
Gunday,Tune Maari Entriyaan,"Sohail Sen, Background Score:, Julius Packiam","Bappi Lahiri, KK, Neeti Mohan & Vishal Dadlani","Ranveer Singh, Arjun Kapoor, Priyanka Chopra Jonas, Irrfan Khan, Saurabh Shukla, Pankaj Tripathi, Victor Banerjee, Anant Vidhaat Sharma, Deepraj Rana, Darshan Gurjar",2014
Gunday,Jiya,"Sohail Sen, Background Score:, Julius Packiam",Arijit Singh,"Ranveer Singh, Arjun Kapoor, Priyanka Chopra Jonas, Irrfan Khan, Saurabh Shukla, Pankaj Tripathi, Victor Banerjee, Anant Vidhaat Sharma, Deepraj Rana, Darshan Gurjar",2014
Gunday,Asalaam-E-Ishqum,"Sohail Sen, Background Score:, Julius Packiam",Bappi Lahiri & Neha Bhasin,"Ranveer Singh, Arjun Kapoor, Priyanka Chopra Jonas, Irrfan Khan, Saurabh Shukla, Pankaj Tripathi, Victor Banerjee, Anant Vidhaat Sharma, Deepraj Rana, Darshan Gurjar",2014
Gunday,Saaiyaan,"Sohail Sen, Background Score:, Julius Packiam",Rahat Fateh Ali Khan & Salim-Sulaiman,"Ranveer Singh, Arjun Kapoor, Priyanka Chopra Jonas, Irrfan Khan, Saurabh Shukla, Pankaj Tripathi, Victor Banerjee, Anant Vidhaat Sharma, Deepraj Rana, Darshan Gurjar",2014
Gunday,Mann Kunto Maula,"Sohail Sen, Background Score:, Julius Packiam",Altamash Faridi & Shadab Faridi,"Ranveer Singh, Arjun Kapoor, Priyanka Chopra Jonas, Irrfan Khan, Saurabh Shukla, Pankaj Tripathi, Victor Banerjee, Anant Vidhaat Sharma, Deepraj Rana, Darshan Gurjar",2014
Gunday,Gunday,"Sohail Sen, Background Score:, Julius Packiam",Sohail Sen,"Ranveer Singh, Arjun Kapoor, Priyanka Chopra Jonas, Irrfan Khan, Saurabh Shukla, Pankaj Tripathi, Victor Banerjee, Anant Vidhaat Sharma, Deepraj Rana, Darshan Gurjar",2014
Gunday,Rhythm of Jashn-E-Ishqa,"Sohail Sen, Background Score:, Julius Packiam",Shadab Faridi,"Ranveer Singh, Arjun Kapoor, Priyanka Chopra Jonas, Irrfan Khan, Saurabh Shukla, Pankaj Tripathi, Victor Banerjee, Anant Vidhaat Sharma, Deepraj Rana, Darshan Gurjar",2014
Gunday,"Mann Kunto Maula"" (Classical)","Sohail Sen, Background Score:, Julius Packiam",Altamash Faridi & Shadab Faridi,"Ranveer Singh, Arjun Kapoor, Priyanka Chopra Jonas, Irrfan Khan, Saurabh Shukla, Pankaj Tripathi, Victor Banerjee, Anant Vidhaat Sharma, Deepraj Rana, Darshan Gurjar",2014
Gunday,"Tune Maari Entriyaan"" (Bengali version)","Sohail Sen, Background Score:, Julius Packiam","Bappi Lahiri, KK, Neeti Mohan & Vishal Dadlani","Ranveer Singh, Arjun Kapoor, Priyanka Chopra Jonas, Irrfan Khan, Saurabh Shukla, Pankaj Tripathi, Victor Banerjee, Anant Vidhaat Sharma, Deepraj Rana, Darshan Gurjar",2014
Gunday,"Tune Maari Entriyaan"" (Remix)","Sohail Sen, Background Score:, Julius Packiam","Bappi Lahiri, KK, Neeti Mohan & Vishal Dadlani","Ranveer Singh, Arjun Kapoor, Priyanka Chopra Jonas, Irrfan Khan, Saurabh Shukla, Pankaj Tripathi, Victor Banerjee, Anant Vidhaat Sharma, Deepraj Rana, Darshan Gurjar",2014
Gunday,Gunday Mashup,"Sohail Sen, Background Score:, Julius Packiam","Neha Bhasin, Bappi Lahiri, Javed Ali, Kinga Rhymes, KK, Neeti Mohan, Vishal Dadlani, Arijit Singh & Shadab Faridi","Ranveer Singh, Arjun Kapoor, Priyanka Chopra Jonas, Irrfan Khan, Saurabh Shukla, Pankaj Tripathi, Victor Banerjee, Anant Vidhaat Sharma, Deepraj Rana, Darshan Gurjar",2014
Dedh Ishqiya,Dil Ka Mizaaj Ishqiya,"Vishal Bhardwaj, Background Score:, Clinton Cerejo",Rahat Fateh Ali Khan,"Naseeruddin Shah, Madhuri Dixit, Arshad Warsi, Huma Qureshi, Vijay Raaz, Manoj Pahwa, Salman Shahid",2014
Dedh Ishqiya,Hamari Atariya,"Vishal Bhardwaj, Background Score:, Clinton Cerejo",Rekha Bhardwaj,"Naseeruddin Shah, Madhuri Dixit, Arshad Warsi, Huma Qureshi, Vijay Raaz, Manoj Pahwa, Salman Shahid",2014
Dedh Ishqiya,Zabaan Jale Hai,"Vishal Bhardwaj, Background Score:, Clinton Cerejo",Rahat Fateh Ali Khan,"Naseeruddin Shah, Madhuri Dixit, Arshad Warsi, Huma Qureshi, Vijay Raaz, Manoj Pahwa, Salman Shahid",2014
Dedh Ishqiya,Jagaave Saari Raina,"Vishal Bhardwaj, Background Score:, Clinton Cerejo",Rekha Bhardwaj,"Naseeruddin Shah, Madhuri Dixit, Arshad Warsi, Huma Qureshi, Vijay Raaz, Manoj Pahwa, Salman Shahid",2014
Dedh Ishqiya,Kya Hoga,"Vishal Bhardwaj, Background Score:, Clinton Cerejo","Master Saleem, Shahid Mallya, Jazim Sharma & Jamal Akbar","Naseeruddin Shah, Madhuri Dixit, Arshad Warsi, Huma Qureshi, Vijay Raaz, Manoj Pahwa, Salman Shahid",2014
Dedh Ishqiya,"Dil Ka Mizaaj Ishqiya"" (remix)","Vishal Bhardwaj, Background Score:, Clinton Cerejo",Rahat Fateh Ali Khan,"Naseeruddin Shah, Madhuri Dixit, Arshad Warsi, Huma Qureshi, Vijay Raaz, Manoj Pahwa, Salman Shahid",2014
Dedh Ishqiya,Horn OK Please,"Vishal Bhardwaj, Background Score:, Clinton Cerejo","Yo Yo Honey Singh, Sukhwinder Singh & Anoushka Manchanda","Naseeruddin Shah, Madhuri Dixit, Arshad Warsi, Huma Qureshi, Vijay Raaz, Manoj Pahwa, Salman Shahid",2014
Dedh Ishqiya,"Horn Ok Please"" (remix)","Vishal Bhardwaj, Background Score:, Clinton Cerejo",Pinto & Shibu,"Naseeruddin Shah, Madhuri Dixit, Arshad Warsi, Huma Qureshi, Vijay Raaz, Manoj Pahwa, Salman Shahid",2014
Yaariyan,ABCD,"Pritam, Anupam Amod, Mithoon, Arko, Yo Yo Honey Singh","Pritam, Benny Dayal, Shefali Alvares & Yo Yo Honey Singh","Himansh Kohli, Nicole Faria, Gulshan Grover, Dev Sharma, Rakul Preet Singh, Sayali Bhagat, Evelyn Sharma",2014
Yaariyan,Baarish,"Pritam, Anupam Amod, Mithoon, Arko, Yo Yo Honey Singh",Ash King & Shashaa Tirupati,"Himansh Kohli, Nicole Faria, Gulshan Grover, Dev Sharma, Rakul Preet Singh, Sayali Bhagat, Evelyn Sharma",2014
Yaariyan,Sunny Sunny,"Pritam, Anupam Amod, Mithoon, Arko, Yo Yo Honey Singh",Yo Yo Honey Singh & Neha Kakkar,"Himansh Kohli, Nicole Faria, Gulshan Grover, Dev Sharma, Rakul Preet Singh, Sayali Bhagat, Evelyn Sharma",2014
Yaariyan,Allah Waariyan,"Pritam, Anupam Amod, Mithoon, Arko, Yo Yo Honey Singh",Shafqat Amanat Ali,"Himansh Kohli, Nicole Faria, Gulshan Grover, Dev Sharma, Rakul Preet Singh, Sayali Bhagat, Evelyn Sharma",2014
Yaariyan,Love Me Thoda Aur,"Pritam, Anupam Amod, Mithoon, Arko, Yo Yo Honey Singh",Pritam & Arijit Singh,"Himansh Kohli, Nicole Faria, Gulshan Grover, Dev Sharma, Rakul Preet Singh, Sayali Bhagat, Evelyn Sharma",2014
Yaariyan,Meri Maa,"Pritam, Anupam Amod, Mithoon, Arko, Yo Yo Honey Singh",Shankar Mahadevan,"Himansh Kohli, Nicole Faria, Gulshan Grover, Dev Sharma, Rakul Preet Singh, Sayali Bhagat, Evelyn Sharma",2014
Yaariyan,Zor Lagaake Haisha,"Pritam, Anupam Amod, Mithoon, Arko, Yo Yo Honey Singh",Vishal Dadlani,"Himansh Kohli, Nicole Faria, Gulshan Grover, Dev Sharma, Rakul Preet Singh, Sayali Bhagat, Evelyn Sharma",2014
Yaariyan,Mujhe Ishq Se,"Pritam, Anupam Amod, Mithoon, Arko, Yo Yo Honey Singh",Tulsi Kumar & Gajendra Verma,"Himansh Kohli, Nicole Faria, Gulshan Grover, Dev Sharma, Rakul Preet Singh, Sayali Bhagat, Evelyn Sharma",2014
Yaariyan,"Baarish – Yaariyan"" (Remix)","Pritam, Anupam Amod, Mithoon, Arko, Yo Yo Honey Singh",Mohammed Irfan & Gajendra Verma,"Himansh Kohli, Nicole Faria, Gulshan Grover, Dev Sharma, Rakul Preet Singh, Sayali Bhagat, Evelyn Sharma",2014
Yaariyan,"Meri Maa"" (Reprise)","Pritam, Anupam Amod, Mithoon, Arko, Yo Yo Honey Singh",Pritam & KK,"Himansh Kohli, Nicole Faria, Gulshan Grover, Dev Sharma, Rakul Preet Singh, Sayali Bhagat, Evelyn Sharma",2014
Yaariyan,"ABCD – Yaariyan"" (Remix)","Pritam, Anupam Amod, Mithoon, Arko, Yo Yo Honey Singh","Pritam, Benny Dayal, Shefali Alvares & Yo Yo Honey Singh","Himansh Kohli, Nicole Faria, Gulshan Grover, Dev Sharma, Rakul Preet Singh, Sayali Bhagat, Evelyn Sharma",2014
Yaariyan,"Meri Maa"" (Unplugged)","Pritam, Anupam Amod, Mithoon, Arko, Yo Yo Honey Singh",Kishore Kumar,"Himansh Kohli, Nicole Faria, Gulshan Grover, Dev Sharma, Rakul Preet Singh, Sayali Bhagat, Evelyn Sharma",2014
Yaariyan,Yaariyan Mashup,"Pritam, Anupam Amod, Mithoon, Arko, Yo Yo Honey Singh",Pritam & Kiran Kamath,"Himansh Kohli, Nicole Faria, Gulshan Grover, Dev Sharma, Rakul Preet Singh, Sayali Bhagat, Evelyn Sharma",2014
Hasee Toh Phasee,Punjabi Wedding Song,Vishal–Shekhar,"Vishal & Shekhar, Sunidhi Chauhan & Benny Dayal","Sidharth Malhotra, Parineeti Chopra, Adah Sharma, Manoj Joshi, Sharat Saxena, Nina Kulkarni, Anil Charanjeett, Sameer Kakkar, Lily Patel, Navneet Nishan",2014
Hasee Toh Phasee,Shake It Like Shammi,Vishal–Shekhar,Vishal & Shekhar & Benny Dayal,"Sidharth Malhotra, Parineeti Chopra, Adah Sharma, Manoj Joshi, Sharat Saxena, Nina Kulkarni, Anil Charanjeett, Sameer Kakkar, Lily Patel, Navneet Nishan",2014
Hasee Toh Phasee,Shaadi Mubarakam,Vishal–Shekhar,Mika Singh & Prakriti Kakar,"Sidharth Malhotra, Parineeti Chopra, Adah Sharma, Manoj Joshi, Sharat Saxena, Nina Kulkarni, Anil Charanjeett, Sameer Kakkar, Lily Patel, Navneet Nishan",2014
Hasee Toh Phasee,Zehnaseeb,Vishal–Shekhar,"Vishal & Shekhar, Chinmayi Sripada & Shekhar Ravjiani","Sidharth Malhotra, Parineeti Chopra, Adah Sharma, Manoj Joshi, Sharat Saxena, Nina Kulkarni, Anil Charanjeett, Sameer Kakkar, Lily Patel, Navneet Nishan",2014
Hasee Toh Phasee,Drama Queen,Vishal–Shekhar,"Vishal & Shekhar, Shreya Ghoshal & Vishal Dadlani","Sidharth Malhotra, Parineeti Chopra, Adah Sharma, Manoj Joshi, Sharat Saxena, Nina Kulkarni, Anil Charanjeett, Sameer Kakkar, Lily Patel, Navneet Nishan",2014
Hasee Toh Phasee,Ishq Bulaava,Vishal–Shekhar,"Vishal & Shekhar, Sanam Puri & Shipra Goyal","Sidharth Malhotra, Parineeti Chopra, Adah Sharma, Manoj Joshi, Sharat Saxena, Nina Kulkarni, Anil Charanjeett, Sameer Kakkar, Lily Patel, Navneet Nishan",2014
Highway,Patakha Guddi (Female Version),A. R. Rahman,Sultana & Jyoti Nooran,"Alia Bhatt, Randeep Hooda, Durgesh Kumar, Pradeep Nagar, Saharsh Kumar Shukla, Shakeel Khan, Mohit Choudhary, Hemant Mahaur",2014
Highway,Maahi Ve,A. R. Rahman,"Shankar Ehsaan Loy, Shankar Mahadevan, Sadhana Sargam, Sujata Bhattacharya, Udit Narayan & Sonu Nigam","Alia Bhatt, Randeep Hooda, Durgesh Kumar, Pradeep Nagar, Saharsh Kumar Shukla, Shakeel Khan, Mohit Choudhary, Hemant Mahaur",2014
Highway,Kahaan Hoon Main,A. R. Rahman,Jonita Gandhi,"Alia Bhatt, Randeep Hooda, Durgesh Kumar, Pradeep Nagar, Saharsh Kumar Shukla, Shakeel Khan, Mohit Choudhary, Hemant Mahaur",2014
Highway,Sooha Saaha,A. R. Rahman,Zeb & Alia Bhatt,"Alia Bhatt, Randeep Hooda, Durgesh Kumar, Pradeep Nagar, Saharsh Kumar Shukla, Shakeel Khan, Mohit Choudhary, Hemant Mahaur",2014
Highway,"Wanna Mash Up?"" (Lyrics By: Lady Kash and Krissy)",A. R. Rahman,"Kash, Krissy & Suvi Suresh","Alia Bhatt, Randeep Hooda, Durgesh Kumar, Pradeep Nagar, Saharsh Kumar Shukla, Shakeel Khan, Mohit Choudhary, Hemant Mahaur",2014
Highway,Implosive Silence,A. R. Rahman,Jonita Gandhi,"Alia Bhatt, Randeep Hooda, Durgesh Kumar, Pradeep Nagar, Saharsh Kumar Shukla, Shakeel Khan, Mohit Choudhary, Hemant Mahaur",2014
Highway,Tu Kuja,A. R. Rahman,Sunidhi Chauhan,"Alia Bhatt, Randeep Hooda, Durgesh Kumar, Pradeep Nagar, Saharsh Kumar Shukla, Shakeel Khan, Mohit Choudhary, Hemant Mahaur",2014
Highway,"Heera"" (Lyrics By:Sant Kabir)",A. R. Rahman,Not Found,"Alia Bhatt, Randeep Hooda, Durgesh Kumar, Pradeep Nagar, Saharsh Kumar Shukla, Shakeel Khan, Mohit Choudhary, Hemant Mahaur",2014
Highway,Patakha Guddi (Male Version),A. R. Rahman,A.R. Rahman,"Alia Bhatt, Randeep Hooda, Durgesh Kumar, Pradeep Nagar, Saharsh Kumar Shukla, Shakeel Khan, Mohit Choudhary, Hemant Mahaur",2014
Shaadi Ke Side Effects,Harry's Not a Brahmachari,"Pritam, Mikey McCleary, Background Score:, Mikey McCleary","Pritam, Jaazy B, Divya Kumar & Ishq Bector","Farhan Akhtar, Vidya Balan, Vir Das, Ram Kapoor, Mia Maelzer, Gautami Kapoor, Purab Kohli, Ila Arun, Rati Agnihotri",2014
Shaadi Ke Side Effects,"I'm Sorry Par Tumse Pyar Ho Gaya"" (The Hey Song; male)","Pritam, Mikey McCleary, Background Score:, Mikey McCleary",Rohith,"Farhan Akhtar, Vidya Balan, Vir Das, Ram Kapoor, Mia Maelzer, Gautami Kapoor, Purab Kohli, Ila Arun, Rati Agnihotri",2014
Shaadi Ke Side Effects,"Tauba Main Vyaah Karke Pachhtaya"" (Hindi; male)","Pritam, Mikey McCleary, Background Score:, Mikey McCleary","Pritam, Shahid Mallya, Poorvi Koutish, Alam & Mayur Puri","Farhan Akhtar, Vidya Balan, Vir Das, Ram Kapoor, Mia Maelzer, Gautami Kapoor, Purab Kohli, Ila Arun, Rati Agnihotri",2014
Shaadi Ke Side Effects,"Desi Romance"" (female, male)","Pritam, Mikey McCleary, Background Score:, Mikey McCleary","Pritam, Suchi & Arijit Singh","Farhan Akhtar, Vidya Balan, Vir Das, Ram Kapoor, Mia Maelzer, Gautami Kapoor, Purab Kohli, Ila Arun, Rati Agnihotri",2014
Shaadi Ke Side Effects,"Yahaan Vahaan"" (male)","Pritam, Mikey McCleary, Background Score:, Mikey McCleary",Pritam & Farhan Akhtar,"Farhan Akhtar, Vidya Balan, Vir Das, Ram Kapoor, Mia Maelzer, Gautami Kapoor, Purab Kohli, Ila Arun, Rati Agnihotri",2014
Shaadi Ke Side Effects,"Bawla Sa Sapna"" (male)","Pritam, Mikey McCleary, Background Score:, Mikey McCleary",Pritam & Mohit Chauhan,"Farhan Akhtar, Vidya Balan, Vir Das, Ram Kapoor, Mia Maelzer, Gautami Kapoor, Purab Kohli, Ila Arun, Rati Agnihotri",2014
Shaadi Ke Side Effects,"Harry's Not a Brahmachari"" (original song; male)","Pritam, Mikey McCleary, Background Score:, Mikey McCleary","Pritam, Jaazy B, Divya Kumar & Ishq Bector","Farhan Akhtar, Vidya Balan, Vir Das, Ram Kapoor, Mia Maelzer, Gautami Kapoor, Purab Kohli, Ila Arun, Rati Agnihotri",2014
Shaadi Ke Side Effects,"Tauba Main Vyaah Karke Pachhtaya"" (Punjabi; male)","Pritam, Mikey McCleary, Background Score:, Mikey McCleary","Pritam, Shahid Mallya, Poorvi Koutish, Alam & Mayur Puri","Farhan Akhtar, Vidya Balan, Vir Das, Ram Kapoor, Mia Maelzer, Gautami Kapoor, Purab Kohli, Ila Arun, Rati Agnihotri",2014
Shaadi Ke Side Effects,"Bawla Sa Sapna"" (""The Children Come To Sing""; female)","Pritam, Mikey McCleary, Background Score:, Mikey McCleary",Diva,"Farhan Akhtar, Vidya Balan, Vir Das, Ram Kapoor, Mia Maelzer, Gautami Kapoor, Purab Kohli, Ila Arun, Rati Agnihotri",2014
Shaadi Ke Side Effects,"Yahaan Vahaan"" (reprise; male)","Pritam, Mikey McCleary, Background Score:, Mikey McCleary",Farhan Akhtar,"Farhan Akhtar, Vidya Balan, Vir Das, Ram Kapoor, Mia Maelzer, Gautami Kapoor, Purab Kohli, Ila Arun, Rati Agnihotri",2014
Shaadi Ke Side Effects,"Harry's Not a Brahmachari"" (remix; male)","Pritam, Mikey McCleary, Background Score:, Mikey McCleary","Jaazy B, Divya Kumar & Dj Angel","Farhan Akhtar, Vidya Balan, Vir Das, Ram Kapoor, Mia Maelzer, Gautami Kapoor, Purab Kohli, Ila Arun, Rati Agnihotri",2014
Shaadi Ke Side Effects,"Ahista Ahista"" (male)","Pritam, Mikey McCleary, Background Score:, Mikey McCleary",Not Found,"Farhan Akhtar, Vidya Balan, Vir Das, Ram Kapoor, Mia Maelzer, Gautami Kapoor, Purab Kohli, Ila Arun, Rati Agnihotri",2014
Queen,London Thumakda,Amit Trivedi,"Labh Janjua, Sonu Kakkar, Neha Kakkar & Amit Trivedi","Freddie Mercury, Brian May, Roger Taylor, John Deacon, Spike Edney",2012
Queen,Badra Bahaar,Amit Trivedi,Amit Trivedi,"Freddie Mercury, Brian May, Roger Taylor, John Deacon, Spike Edney",2012
Queen,O Gujariya,Amit Trivedi,"Shefali Alvares, Nikhil D'Souza & Amit Trivedi","Freddie Mercury, Brian May, Roger Taylor, John Deacon, Spike Edney",2012
Queen,Taake Jhanke,Amit Trivedi,Arijit Singh & Amit Trivedi,"Freddie Mercury, Brian May, Roger Taylor, John Deacon, Spike Edney",2012
Queen,Jugni,Amit Trivedi,"Pritam, Arif Lohar, Harshdeep Kaur & Irshad Kamil","Freddie Mercury, Brian May, Roger Taylor, John Deacon, Spike Edney",2012
Queen,Harjaiyaan,Amit Trivedi,Nandini Srikar & Amit Trivedi,"Freddie Mercury, Brian May, Roger Taylor, John Deacon, Spike Edney",2012
Queen,Kinare,Amit Trivedi,Mohan Kanan & Amit Trivedi,"Freddie Mercury, Brian May, Roger Taylor, John Deacon, Spike Edney",2012
Queen,"Ranjha"" (Lyrics: Raghunath SinghComposer: Rupesh Kumar Ram)",Amit Trivedi,Not Found,"Freddie Mercury, Brian May, Roger Taylor, John Deacon, Spike Edney",2012
Queen,"Hungama Ho Gaya (Remix)"" (Original Lyrics: Varma MalikOriginal Composer:Laxmikant–PyarelalLabel:Saregama)",Amit Trivedi,Not Found,"Freddie Mercury, Brian May, Roger Taylor, John Deacon, Spike Edney",2012
Total Siyapaa,Total Siyapaa,Ali Zafar,Ali Zafar,"Ali Zafar, Yami Gautam Dhar, Anupam Kher, Kirron Kher, Anuj Pandit, Vic Waghorn, Carol McFadden, Steve Keefe, Sagar Arya, Vishwa S. Badola",2014
Total Siyapaa,Palat Meri Jaan,Ali Zafar,Ali Zafar,"Ali Zafar, Yami Gautam Dhar, Anupam Kher, Kirron Kher, Anuj Pandit, Vic Waghorn, Carol McFadden, Steve Keefe, Sagar Arya, Vishwa S. Badola",2014
Total Siyapaa,Nahin Maloom,Ali Zafar,Ali Zafar & Fariha Parvaiz,"Ali Zafar, Yami Gautam Dhar, Anupam Kher, Kirron Kher, Anuj Pandit, Vic Waghorn, Carol McFadden, Steve Keefe, Sagar Arya, Vishwa S. Badola",2014
Total Siyapaa,Asha,Ali Zafar,Anish Kumar,"Ali Zafar, Yami Gautam Dhar, Anupam Kher, Kirron Kher, Anuj Pandit, Vic Waghorn, Carol McFadden, Steve Keefe, Sagar Arya, Vishwa S. Badola",2014
Total Siyapaa,Chal Buleya,Ali Zafar,Ali Zafar,"Ali Zafar, Yami Gautam Dhar, Anupam Kher, Kirron Kher, Anuj Pandit, Vic Waghorn, Carol McFadden, Steve Keefe, Sagar Arya, Vishwa S. Badola",2014
Bewakoofiyaan,Gulcharrey,"Raghu Dixit, Background Score:, Hitesh Sonik",Aditi Singh Sharma & Benny Dayal,"Rishi Kapoor, Ayushmann Khurrana, Sonam Kapoor Ahuja, Gurpal Singh, Simranjit Singh Hundal, Deepika Amin, Sanjay Nath",2014
Bewakoofiyaan,Khamakhaan,"Raghu Dixit, Background Score:, Hitesh Sonik",Ayushmann Khurrana & Neeti Mohan,"Rishi Kapoor, Ayushmann Khurrana, Sonam Kapoor Ahuja, Gurpal Singh, Simranjit Singh Hundal, Deepika Amin, Sanjay Nath",2014
Bewakoofiyaan,Bewakoofiyaan,"Raghu Dixit, Background Score:, Hitesh Sonik",Raghu Dixit,"Rishi Kapoor, Ayushmann Khurrana, Sonam Kapoor Ahuja, Gurpal Singh, Simranjit Singh Hundal, Deepika Amin, Sanjay Nath",2014
Bewakoofiyaan,Rumaani Sa,"Raghu Dixit, Background Score:, Hitesh Sonik",Shreya Ghoshal & Mohit Chauhan,"Rishi Kapoor, Ayushmann Khurrana, Sonam Kapoor Ahuja, Gurpal Singh, Simranjit Singh Hundal, Deepika Amin, Sanjay Nath",2014
Bewakoofiyaan,Aye Jigida,"Raghu Dixit, Background Score:, Hitesh Sonik",Vishal Dadlani,"Rishi Kapoor, Ayushmann Khurrana, Sonam Kapoor Ahuja, Gurpal Singh, Simranjit Singh Hundal, Deepika Amin, Sanjay Nath",2014
Bewakoofiyaan,"O Heeriye"" (Lyrics written by Ayushmann Khurrana & Rochak Kohli)","Raghu Dixit, Background Score:, Hitesh Sonik",Ayushmann Khurrana,"Rishi Kapoor, Ayushmann Khurrana, Sonam Kapoor Ahuja, Gurpal Singh, Simranjit Singh Hundal, Deepika Amin, Sanjay Nath",2014
Ankhon Dekhi,Aaj Laagi Laagi Nai Dhoop,Sagar Desai,Kailash Kher,"Sanjay Mishra, Seema Pahwa, Rajat Kapoor, Taranjit Kaur, Maya Sarao, Chandrachoor Rai, Namit Das, Brijendra Kala, Alka Chawla, Manu Rishi Chadha",2014
Ankhon Dekhi,Aayi Bahaar,Sagar Desai,Kailash Kher,"Sanjay Mishra, Seema Pahwa, Rajat Kapoor, Taranjit Kaur, Maya Sarao, Chandrachoor Rai, Namit Das, Brijendra Kala, Alka Chawla, Manu Rishi Chadha",2014
Ankhon Dekhi,"Kaise Sukh Soyein"" (A Hindustani classical song based on raga Behag)",Sagar Desai,Not Found,"Sanjay Mishra, Seema Pahwa, Rajat Kapoor, Taranjit Kaur, Maya Sarao, Chandrachoor Rai, Namit Das, Brijendra Kala, Alka Chawla, Manu Rishi Chadha",2014
Ankhon Dekhi,Yaad Saari Baari Baari,Sagar Desai,Kailash Kher,"Sanjay Mishra, Seema Pahwa, Rajat Kapoor, Taranjit Kaur, Maya Sarao, Chandrachoor Rai, Namit Das, Brijendra Kala, Alka Chawla, Manu Rishi Chadha",2014
Ankhon Dekhi,Hakka Bakka,Sagar Desai,Shaan,"Sanjay Mishra, Seema Pahwa, Rajat Kapoor, Taranjit Kaur, Maya Sarao, Chandrachoor Rai, Namit Das, Brijendra Kala, Alka Chawla, Manu Rishi Chadha",2014
Ankhon Dekhi,Dheeme Re Re,Sagar Desai,Mansheel Gujral,"Sanjay Mishra, Seema Pahwa, Rajat Kapoor, Taranjit Kaur, Maya Sarao, Chandrachoor Rai, Namit Das, Brijendra Kala, Alka Chawla, Manu Rishi Chadha",2014
Ragini MMS 2,Baby Doll,"Chirantan Bhatt, Meet Bros Anjjan, Yo Yo Honey Singh, Pranay Rijia, Background Score:, Amar Mohile",Dominic Fike,"Sunny Leone, Saahil Prem, Parvin Dabas, Sandhya Mridul, Divya Dutta, Soniya Mehra, Anita Hassanandani Reddy, Karan Veer Mehra, Karan Taluja, Kainaz Motivala",2014
Ragini MMS 2,Chaar Botal Vodka,"Chirantan Bhatt, Meet Bros Anjjan, Yo Yo Honey Singh, Pranay Rijia, Background Score:, Amar Mohile",Yo Yo Honey Singh,"Sunny Leone, Saahil Prem, Parvin Dabas, Sandhya Mridul, Divya Dutta, Soniya Mehra, Anita Hassanandani Reddy, Karan Veer Mehra, Karan Taluja, Kainaz Motivala",2014
Ragini MMS 2,Maine Khud Ko,"Chirantan Bhatt, Meet Bros Anjjan, Yo Yo Honey Singh, Pranay Rijia, Background Score:, Amar Mohile",Mustafa Zahid,"Sunny Leone, Saahil Prem, Parvin Dabas, Sandhya Mridul, Divya Dutta, Soniya Mehra, Anita Hassanandani Reddy, Karan Veer Mehra, Karan Taluja, Kainaz Motivala",2014
Ragini MMS 2,Lori of Death,"Chirantan Bhatt, Meet Bros Anjjan, Yo Yo Honey Singh, Pranay Rijia, Background Score:, Amar Mohile",Arpita Chakraborty,"Sunny Leone, Saahil Prem, Parvin Dabas, Sandhya Mridul, Divya Dutta, Soniya Mehra, Anita Hassanandani Reddy, Karan Veer Mehra, Karan Taluja, Kainaz Motivala",2014
Ragini MMS 2,"Maine Khud Ko"" (Reprise)","Chirantan Bhatt, Meet Bros Anjjan, Yo Yo Honey Singh, Pranay Rijia, Background Score:, Amar Mohile",Kshitij Tarey,"Sunny Leone, Saahil Prem, Parvin Dabas, Sandhya Mridul, Divya Dutta, Soniya Mehra, Anita Hassanandani Reddy, Karan Veer Mehra, Karan Taluja, Kainaz Motivala",2014
Ragini MMS 2,"Baby Doll"" (Remix)","Chirantan Bhatt, Meet Bros Anjjan, Yo Yo Honey Singh, Pranay Rijia, Background Score:, Amar Mohile",Kanika Kapoor & Meet Bros Anjjan,"Sunny Leone, Saahil Prem, Parvin Dabas, Sandhya Mridul, Divya Dutta, Soniya Mehra, Anita Hassanandani Reddy, Karan Veer Mehra, Karan Taluja, Kainaz Motivala",2014
Main Tera Hero,Besharmi Ki Height,Sajid–Wajid,Benny Dayal & Shalmali Kholgade,"Varun Dhawan, Ileana D'Cruz, Nargis Fakhri, Anupam Kher, Rajpal Yadav, Aaron Brumfield, Saurabh Shukla, Jeetendra, Shireesh Sharma, Evelyn Sharma",2014
Main Tera Hero,Palat – Tera Hero Idhar Hai,Sajid–Wajid,Arijit Singh,"Varun Dhawan, Ileana D'Cruz, Nargis Fakhri, Anupam Kher, Rajpal Yadav, Aaron Brumfield, Saurabh Shukla, Jeetendra, Shireesh Sharma, Evelyn Sharma",2014
Main Tera Hero,Shanivaar Raati,Sajid–Wajid,Arijit Singh & Shalmali Kholgade,"Varun Dhawan, Ileana D'Cruz, Nargis Fakhri, Anupam Kher, Rajpal Yadav, Aaron Brumfield, Saurabh Shukla, Jeetendra, Shireesh Sharma, Evelyn Sharma",2014
Main Tera Hero,Galat Baat Hai,Sajid–Wajid,Neeti Mohan & Javed Ali,"Varun Dhawan, Ileana D'Cruz, Nargis Fakhri, Anupam Kher, Rajpal Yadav, Aaron Brumfield, Saurabh Shukla, Jeetendra, Shireesh Sharma, Evelyn Sharma",2014
Main Tera Hero,"Besharmi Ki Height"" (Remix by DJ Notorious)",Sajid–Wajid,"Benny Dayal, Shalmali Kholgade & Dj Notorious","Varun Dhawan, Ileana D'Cruz, Nargis Fakhri, Anupam Kher, Rajpal Yadav, Aaron Brumfield, Saurabh Shukla, Jeetendra, Shireesh Sharma, Evelyn Sharma",2014
Main Tera Hero,"Shanivaar Raati"" (Remix by DJ Chetas)",Sajid–Wajid,"Arijit Singh, Shalmali Kholgade & Dj Chetas","Varun Dhawan, Ileana D'Cruz, Nargis Fakhri, Anupam Kher, Rajpal Yadav, Aaron Brumfield, Saurabh Shukla, Jeetendra, Shireesh Sharma, Evelyn Sharma",2014
Bhoothnath Returns,Party To Banti Hai,"Ram Sampath, Yo Yo Honey Singh, Palash Muchhal, Meet Bros Anjjan, Background Score:, Hitesh Sonik",Meet Bros Anjjan,"Amitabh Bachchan, Parth Bhalerao, Boman Irani, Usha Jadhav, Sanjay Mishra, Kumud Pant, Kamlesh Sawant, Brijendra Kala, Usha Nadkarni, Kurush Deboo",2014
Bhoothnath Returns,Har Har Gange,"Ram Sampath, Yo Yo Honey Singh, Palash Muchhal, Meet Bros Anjjan, Background Score:, Hitesh Sonik","Sachet-Parampara, Arijit Singh & Siddharth-Garima","Amitabh Bachchan, Parth Bhalerao, Boman Irani, Usha Jadhav, Sanjay Mishra, Kumud Pant, Kamlesh Sawant, Brijendra Kala, Usha Nadkarni, Kurush Deboo",2014
Bhoothnath Returns,Party with the Bhoothnath,"Ram Sampath, Yo Yo Honey Singh, Palash Muchhal, Meet Bros Anjjan, Background Score:, Hitesh Sonik",Yo Yo Honey Singh,"Amitabh Bachchan, Parth Bhalerao, Boman Irani, Usha Jadhav, Sanjay Mishra, Kumud Pant, Kamlesh Sawant, Brijendra Kala, Usha Nadkarni, Kurush Deboo",2014
Bhoothnath Returns,Sahib,"Ram Sampath, Yo Yo Honey Singh, Palash Muchhal, Meet Bros Anjjan, Background Score:, Hitesh Sonik",Rituraj,"Amitabh Bachchan, Parth Bhalerao, Boman Irani, Usha Jadhav, Sanjay Mishra, Kumud Pant, Kamlesh Sawant, Brijendra Kala, Usha Nadkarni, Kurush Deboo",2014
Bhoothnath Returns,Dharavi Rap,"Ram Sampath, Yo Yo Honey Singh, Palash Muchhal, Meet Bros Anjjan, Background Score:, Hitesh Sonik",Parth S. Bhalerao & Anish,"Amitabh Bachchan, Parth Bhalerao, Boman Irani, Usha Jadhav, Sanjay Mishra, Kumud Pant, Kamlesh Sawant, Brijendra Kala, Usha Nadkarni, Kurush Deboo",2014
Bhoothnath Returns,"Party Toh Banti Hai""(Remix)","Ram Sampath, Yo Yo Honey Singh, Palash Muchhal, Meet Bros Anjjan, Background Score:, Hitesh Sonik",Badshah & Aastha,"Amitabh Bachchan, Parth Bhalerao, Boman Irani, Usha Jadhav, Sanjay Mishra, Kumud Pant, Kamlesh Sawant, Brijendra Kala, Usha Nadkarni, Kurush Deboo",2014
Bhoothnath Returns,"Har Har Gange"" (Remix)","Ram Sampath, Yo Yo Honey Singh, Palash Muchhal, Meet Bros Anjjan, Background Score:, Hitesh Sonik","Sachet-Parampara, Arijit Singh & Siddharth-Garima","Amitabh Bachchan, Parth Bhalerao, Boman Irani, Usha Jadhav, Sanjay Mishra, Kumud Pant, Kamlesh Sawant, Brijendra Kala, Usha Nadkarni, Kurush Deboo",2014
Revolver Rani,Revolver Rani,Sanjeev Srivastava,"Shashwat Sachdev, Vishal Dadlani, Aryan Khan, Raja Kumari & Piyush Kapoor","Kangana Ranaut, Vir Das, Zeishan Quadri, Nikunj Malik, Piyush Mishra, Zakir Hussain, Kumud Mishra, Preeti Sood",2014
Revolver Rani,Thaayein Kare Katta,Sanjeev Srivastava,Piyush Mishra,"Kangana Ranaut, Vir Das, Zeishan Quadri, Nikunj Malik, Piyush Mishra, Zakir Hussain, Kumud Mishra, Preeti Sood",2014
Revolver Rani,Kaafi Nahi Chaand,Sanjeev Srivastava,Asha Bhosle,"Kangana Ranaut, Vir Das, Zeishan Quadri, Nikunj Malik, Piyush Mishra, Zakir Hussain, Kumud Mishra, Preeti Sood",2014
Revolver Rani,Chal Lade Re Bhaiya,Sanjeev Srivastava,Piyush Mishra,"Kangana Ranaut, Vir Das, Zeishan Quadri, Nikunj Malik, Piyush Mishra, Zakir Hussain, Kumud Mishra, Preeti Sood",2014
Revolver Rani,Sulgi Hui Hai Raakh,Sanjeev Srivastava,Sanjeev Srivastava,"Kangana Ranaut, Vir Das, Zeishan Quadri, Nikunj Malik, Piyush Mishra, Zakir Hussain, Kumud Mishra, Preeti Sood",2014
Revolver Rani,Banna Banni,Sanjeev Srivastava,Ravindra Jain,"Kangana Ranaut, Vir Das, Zeishan Quadri, Nikunj Malik, Piyush Mishra, Zakir Hussain, Kumud Mishra, Preeti Sood",2014
Revolver Rani,I Am Brutal,Sanjeev Srivastava,Sanjeev Srivastava,"Kangana Ranaut, Vir Das, Zeishan Quadri, Nikunj Malik, Piyush Mishra, Zakir Hussain, Kumud Mishra, Preeti Sood",2014
Revolver Rani,Saawan Ki Aye Hawa,Sanjeev Srivastava,Garima Aneja & Rahul Gandhi,"Kangana Ranaut, Vir Das, Zeishan Quadri, Nikunj Malik, Piyush Mishra, Zakir Hussain, Kumud Mishra, Preeti Sood",2014
Revolver Rani,Bol Rahi Hai Payal,Sanjeev Srivastava,Anweshaa & Avi Dutta,"Kangana Ranaut, Vir Das, Zeishan Quadri, Nikunj Malik, Piyush Mishra, Zakir Hussain, Kumud Mishra, Preeti Sood",2014
Revolver Rani,Chanda Ki Katori Hai (Lorie),Sanjeev Srivastava,Garima Aneja,"Kangana Ranaut, Vir Das, Zeishan Quadri, Nikunj Malik, Piyush Mishra, Zakir Hussain, Kumud Mishra, Preeti Sood",2014
Revolver Rani,Pehle Lohe Ki Chingaari,Sanjeev Srivastava,"Sameera, Gorisha, Keka & Manjeera","Kangana Ranaut, Vir Das, Zeishan Quadri, Nikunj Malik, Piyush Mishra, Zakir Hussain, Kumud Mishra, Preeti Sood",2014
Revolver Rani,We Mix You Michael Jackson,Sanjeev Srivastava,Michael Jackson,"Kangana Ranaut, Vir Das, Zeishan Quadri, Nikunj Malik, Piyush Mishra, Zakir Hussain, Kumud Mishra, Preeti Sood",2014
Revolver Rani,Zardozi Lamhe,Sanjeev Srivastava,Moin Sabri,"Kangana Ranaut, Vir Das, Zeishan Quadri, Nikunj Malik, Piyush Mishra, Zakir Hussain, Kumud Mishra, Preeti Sood",2014
Revolver Rani,Chanda Ki Katori Hai (Lorie),Sanjeev Srivastava,Garima Aneja,"Kangana Ranaut, Vir Das, Zeishan Quadri, Nikunj Malik, Piyush Mishra, Zakir Hussain, Kumud Mishra, Preeti Sood",2014
Revolver Rani,Revolver Rani (Reprise),Sanjeev Srivastava,Usha Uthup,"Kangana Ranaut, Vir Das, Zeishan Quadri, Nikunj Malik, Piyush Mishra, Zakir Hussain, Kumud Mishra, Preeti Sood",2014
Heropanti,Dafa Kar,A. R. Rahman,A.R. Rahman & Hiral Viradia,"Tiger Shroff, Kriti Sanon, Prakash Raj, Shireesh Sharma, Sandeepa Dhar, Vikram Singh, Sugandha Mishra, Raashul Tandon, Samar Jai Singh, Sunil Grover",2014
Heropanti,Jalwanuma,A. R. Rahman,"Pooja Tiwari, Javed Ali & A.R. Rahman","Tiger Shroff, Kriti Sanon, Prakash Raj, Shireesh Sharma, Sandeepa Dhar, Vikram Singh, Sugandha Mishra, Raashul Tandon, Samar Jai Singh, Sunil Grover",2014
Heropanti,Miss Hairan,A. R. Rahman,"A.R. Rahman, Tiger Shroff & Nisa Shetty","Tiger Shroff, Kriti Sanon, Prakash Raj, Shireesh Sharma, Sandeepa Dhar, Vikram Singh, Sugandha Mishra, Raashul Tandon, Samar Jai Singh, Sunil Grover",2014
Heropanti,Whistle Baja 2.0,A. R. Rahman,"Neeti Mohan, Mika Singh, Manj Musik, A.R. Rahman, Mehboob Kotwal & Raftaar","Tiger Shroff, Kriti Sanon, Prakash Raj, Shireesh Sharma, Sandeepa Dhar, Vikram Singh, Sugandha Mishra, Raashul Tandon, Samar Jai Singh, Sunil Grover",2014
Heropanti,Rehnuma,A. R. Rahman,Shreya Ghoshal & Inder Bawra,"Tiger Shroff, Kriti Sanon, Prakash Raj, Shireesh Sharma, Sandeepa Dhar, Vikram Singh, Sugandha Mishra, Raashul Tandon, Samar Jai Singh, Sunil Grover",2014
Heropanti,Mauka Parast,A. R. Rahman,A.R. Rahman & Thoughtsfornow,"Tiger Shroff, Kriti Sanon, Prakash Raj, Shireesh Sharma, Sandeepa Dhar, Vikram Singh, Sugandha Mishra, Raashul Tandon, Samar Jai Singh, Sunil Grover",2014
CityLights,Muskurane,"Jeet Gannguli, Background score:, Raju Singh",Jeet Gannguli & Arijit Singh,"Rajkummar Rao, Manav Kaul, Pramod Pathak, Sadiya Siddiqui, Patralekhaa, Vinod Rawat, Amarjeet Singh, Khushboo Upadhyay",2014
CityLights,Darbadar,"Jeet Gannguli, Background score:, Raju Singh","B. Praak, Asees Kaur, Akshay & IP & IP Singh","Rajkummar Rao, Manav Kaul, Pramod Pathak, Sadiya Siddiqui, Patralekhaa, Vinod Rawat, Amarjeet Singh, Khushboo Upadhyay",2014
CityLights,Ek Charraiya,"Jeet Gannguli, Background score:, Raju Singh",Jeet Gannguli & Arijit Singh,"Rajkummar Rao, Manav Kaul, Pramod Pathak, Sadiya Siddiqui, Patralekhaa, Vinod Rawat, Amarjeet Singh, Khushboo Upadhyay",2014
CityLights,"Citylights"" (Title Song)","Jeet Gannguli, Background score:, Raju Singh","Jeet Gannguli, Rashid Khan & Usha Uthup","Rajkummar Rao, Manav Kaul, Pramod Pathak, Sadiya Siddiqui, Patralekhaa, Vinod Rawat, Amarjeet Singh, Khushboo Upadhyay",2014
CityLights,Soney Do,"Jeet Gannguli, Background score:, Raju Singh",Jeet Gannguli & Arijit Singh,"Rajkummar Rao, Manav Kaul, Pramod Pathak, Sadiya Siddiqui, Patralekhaa, Vinod Rawat, Amarjeet Singh, Khushboo Upadhyay",2014
CityLights,"Ek Charraiya"" (Unplugged)","Jeet Gannguli, Background score:, Raju Singh",Jeet Gannguli,"Rajkummar Rao, Manav Kaul, Pramod Pathak, Sadiya Siddiqui, Patralekhaa, Vinod Rawat, Amarjeet Singh, Khushboo Upadhyay",2014
CityLights,"Muskurane"" (Unplugged)","Jeet Gannguli, Background score:, Raju Singh",Jeet Gannguli & Mohammed Irfan,"Rajkummar Rao, Manav Kaul, Pramod Pathak, Sadiya Siddiqui, Patralekhaa, Vinod Rawat, Amarjeet Singh, Khushboo Upadhyay",2014
Humpty Sharma Ki Dulhania,Saturday Saturday,"Sachin–Jigar, Sharib-Toshi, The Titans, Badshah, Jawad Ahmed","Sharib Toshi, Badshah, Indeep Bakshi & Akriti Kakkar","Varun Dhawan, Alia Bhatt, Ashutosh Rana, Sidharth Shukla, Aditya Sharma, Deepika Amin, Gaurav Pandey, Sahil Vaid",2014
Humpty Sharma Ki Dulhania,Mein Tenu Samjhawan Ki,"Sachin–Jigar, Sharib-Toshi, The Titans, Badshah, Jawad Ahmed","Jawad Ahmed, Sharib Toshi, Arijit Singh & Shreya Ghoshal","Varun Dhawan, Alia Bhatt, Ashutosh Rana, Sidharth Shukla, Aditya Sharma, Deepika Amin, Gaurav Pandey, Sahil Vaid",2014
Humpty Sharma Ki Dulhania,Lucky Tu Lucky Me,"Sachin–Jigar, Sharib-Toshi, The Titans, Badshah, Jawad Ahmed","Sachin-Jigar, Benny Dayal, Anushka Manchanda & Varun Dhawan","Varun Dhawan, Alia Bhatt, Ashutosh Rana, Sidharth Shukla, Aditya Sharma, Deepika Amin, Gaurav Pandey, Sahil Vaid",2014
Humpty Sharma Ki Dulhania,Daingad Daingad,"Sachin–Jigar, Sharib-Toshi, The Titans, Badshah, Jawad Ahmed","Sachin-Jigar, Divya Kumar, Akriti Kakkar, Pratibha Baghel, Deepali Sathe, Niharika Sinha & Udit Narayan","Varun Dhawan, Alia Bhatt, Ashutosh Rana, Sidharth Shukla, Aditya Sharma, Deepika Amin, Gaurav Pandey, Sahil Vaid",2014
Humpty Sharma Ki Dulhania,Emotional Fool,"Sachin–Jigar, Sharib-Toshi, The Titans, Badshah, Jawad Ahmed",Sharib Toshi & Toshi Sabri,"Varun Dhawan, Alia Bhatt, Ashutosh Rana, Sidharth Shukla, Aditya Sharma, Deepika Amin, Gaurav Pandey, Sahil Vaid",2014
Humpty Sharma Ki Dulhania,D Se Dance,"Sachin–Jigar, Sharib-Toshi, The Titans, Badshah, Jawad Ahmed",Sam Smith,"Varun Dhawan, Alia Bhatt, Ashutosh Rana, Sidharth Shukla, Aditya Sharma, Deepika Amin, Gaurav Pandey, Sahil Vaid",2014
Humpty Sharma Ki Dulhania,Samjhawan (Unplugged),"Sachin–Jigar, Sharib-Toshi, The Titans, Badshah, Jawad Ahmed","Jawad Ahmed, Sharib Toshi & Alia Bhatt","Varun Dhawan, Alia Bhatt, Ashutosh Rana, Sidharth Shukla, Aditya Sharma, Deepika Amin, Gaurav Pandey, Sahil Vaid",2014
Entertainment,Johnny Johnny,Sachin–Jigar,"Jigar, Priya, Madhav Krishnan & Sachin-Jigar","Akshay Kumar, Junior, Tamannaah Bhatia, Krishna Abhishek, Mithun Chakraborty, Prakash Raj, Sonu Sood, Johny Lever, Dalip Tahil, Darshan Jariwala",2014
Entertainment,Tera Naam Doon,Sachin–Jigar,"Atif Aslam, Shalmali Kholgade & Sachin-Jigar","Akshay Kumar, Junior, Tamannaah Bhatia, Krishna Abhishek, Mithun Chakraborty, Prakash Raj, Sonu Sood, Johny Lever, Dalip Tahil, Darshan Jariwala",2014
Entertainment,Veerey Di Wedding,Sachin–Jigar,Mika Singh & Sachin-Jigar,"Akshay Kumar, Junior, Tamannaah Bhatia, Krishna Abhishek, Mithun Chakraborty, Prakash Raj, Sonu Sood, Johny Lever, Dalip Tahil, Darshan Jariwala",2014
Entertainment,Teri Mahima Aprampar,Sachin–Jigar,Suresh Wadkar,"Akshay Kumar, Junior, Tamannaah Bhatia, Krishna Abhishek, Mithun Chakraborty, Prakash Raj, Sonu Sood, Johny Lever, Dalip Tahil, Darshan Jariwala",2014
Entertainment,Nahi Woh Saamne,Sachin–Jigar,Anandi Joshi,"Akshay Kumar, Junior, Tamannaah Bhatia, Krishna Abhishek, Mithun Chakraborty, Prakash Raj, Sonu Sood, Johny Lever, Dalip Tahil, Darshan Jariwala",2014
Entertainment,Veerey Di Wedding (Remix),Sachin–Jigar,Mika Singh & Sachin-Jigar,"Akshay Kumar, Junior, Tamannaah Bhatia, Krishna Abhishek, Mithun Chakraborty, Prakash Raj, Sonu Sood, Johny Lever, Dalip Tahil, Darshan Jariwala",2014
Entertainment,Johnny Johnny (Remix),Sachin–Jigar,"Jatin-Lalit, Alka Yagnik & Sonu Nigam","Akshay Kumar, Junior, Tamannaah Bhatia, Krishna Abhishek, Mithun Chakraborty, Prakash Raj, Sonu Sood, Johny Lever, Dalip Tahil, Darshan Jariwala",2014
Raja Natwarlal,Tere Hoke Rehengay,"Yuvan Shankar Raja, Background Score:, Sandeep Shirodkar",Arijit Singh,"Emraan Hashmi, Humaima Malick, Paresh Rawal, Kay Kay Menon, Deepak Tijori, Mohammed Zeeshan Ayyub, Vishwanath Chatterjee, Jatin Sarna, Narendra Jetley, Rohit Pathak",2014
Raja Natwarlal,Dukki Tikki,"Yuvan Shankar Raja, Background Score:, Sandeep Shirodkar",Mika Singh,"Emraan Hashmi, Humaima Malick, Paresh Rawal, Kay Kay Menon, Deepak Tijori, Mohammed Zeeshan Ayyub, Vishwanath Chatterjee, Jatin Sarna, Narendra Jetley, Rohit Pathak",2014
Raja Natwarlal,Tere Hoke Rehengay (Reprise),"Yuvan Shankar Raja, Background Score:, Sandeep Shirodkar",Arijit Singh,"Emraan Hashmi, Humaima Malick, Paresh Rawal, Kay Kay Menon, Deepak Tijori, Mohammed Zeeshan Ayyub, Vishwanath Chatterjee, Jatin Sarna, Narendra Jetley, Rohit Pathak",2014
Raja Natwarlal,Kabhi Ruhani Kabhi Rumani,"Yuvan Shankar Raja, Background Score:, Sandeep Shirodkar",Benny Dayal,"Emraan Hashmi, Humaima Malick, Paresh Rawal, Kay Kay Menon, Deepak Tijori, Mohammed Zeeshan Ayyub, Vishwanath Chatterjee, Jatin Sarna, Narendra Jetley, Rohit Pathak",2014
Raja Natwarlal,Namak Paare,"Yuvan Shankar Raja, Background Score:, Sandeep Shirodkar",Mamta Sharma & Anupam Amod,"Emraan Hashmi, Humaima Malick, Paresh Rawal, Kay Kay Menon, Deepak Tijori, Mohammed Zeeshan Ayyub, Vishwanath Chatterjee, Jatin Sarna, Narendra Jetley, Rohit Pathak",2014
Raja Natwarlal,Flip Your Collar Back,"Yuvan Shankar Raja, Background Score:, Sandeep Shirodkar",Benny Dayal,"Emraan Hashmi, Humaima Malick, Paresh Rawal, Kay Kay Menon, Deepak Tijori, Mohammed Zeeshan Ayyub, Vishwanath Chatterjee, Jatin Sarna, Narendra Jetley, Rohit Pathak",2014
Mary Kom,Ziddi Dil,"Shashi Suman, Shivamm Pathak","Vishal Dadlani, Gioconda Vessichelli & Prashant Ingole","Priyanka Chopra Jonas, Darshan Kumaar, Shishir Sharma, Sunil Thapa, Robin Das, Zachary Coffin, Shiva Dagar, Lin Laishram, Bijou Thaangjam",2014
Mary Kom,Sukoon Mila,"Shashi Suman, Shivamm Pathak",Arijit Singh,"Priyanka Chopra Jonas, Darshan Kumaar, Shishir Sharma, Sunil Thapa, Robin Das, Zachary Coffin, Shiva Dagar, Lin Laishram, Bijou Thaangjam",2014
Mary Kom,Adhure,"Shashi Suman, Shivamm Pathak",Sunidhi Chauhan & Prashant Ingole,"Priyanka Chopra Jonas, Darshan Kumaar, Shishir Sharma, Sunil Thapa, Robin Das, Zachary Coffin, Shiva Dagar, Lin Laishram, Bijou Thaangjam",2014
Mary Kom,Teri Baari,"Shashi Suman, Shivamm Pathak",Mohit Chauhan & Prashant Ingole,"Priyanka Chopra Jonas, Darshan Kumaar, Shishir Sharma, Sunil Thapa, Robin Das, Zachary Coffin, Shiva Dagar, Lin Laishram, Bijou Thaangjam",2014
Mary Kom,Saudebaazi,"Shashi Suman, Shivamm Pathak",Arijit Singh & Prashant Ingole,"Priyanka Chopra Jonas, Darshan Kumaar, Shishir Sharma, Sunil Thapa, Robin Das, Zachary Coffin, Shiva Dagar, Lin Laishram, Bijou Thaangjam",2014
Mary Kom,Salaam India,"Shashi Suman, Shivamm Pathak",Vishal Dadlani & Salim Merchant,"Priyanka Chopra Jonas, Darshan Kumaar, Shishir Sharma, Sunil Thapa, Robin Das, Zachary Coffin, Shiva Dagar, Lin Laishram, Bijou Thaangjam",2014
Mary Kom,Chaoro (Lori),"Shashi Suman, Shivamm Pathak",Priyanka Chopra,"Priyanka Chopra Jonas, Darshan Kumaar, Shishir Sharma, Sunil Thapa, Robin Das, Zachary Coffin, Shiva Dagar, Lin Laishram, Bijou Thaangjam",2014
Daawat-e-Ishq,Daawat-e-Ishq,Sajid–Wajid,Javed Ali & Sunidhi Chauhan,"Aditya Roy Kapur, Parineeti Chopra, Anupam Kher, Karan Wahi, Aziz Rizwan",2014
Daawat-e-Ishq,Mannat,Sajid–Wajid,"Keerthi Sagathia, Shreya Ghoshal & Sonu Nigam","Aditya Roy Kapur, Parineeti Chopra, Anupam Kher, Karan Wahi, Aziz Rizwan",2014
Daawat-e-Ishq,Rangreli,Sajid–Wajid,Shreya Ghoshal & Wajid,"Aditya Roy Kapur, Parineeti Chopra, Anupam Kher, Karan Wahi, Aziz Rizwan",2014
Daawat-e-Ishq,Shayarana,Sajid–Wajid,Shalmali Kholgade,"Aditya Roy Kapur, Parineeti Chopra, Anupam Kher, Karan Wahi, Aziz Rizwan",2014
Daawat-e-Ishq,Jaadu Tone Waaliyan,Sajid–Wajid,Shabab Sabri,"Aditya Roy Kapur, Parineeti Chopra, Anupam Kher, Karan Wahi, Aziz Rizwan",2014
Daawat-e-Ishq,"Mannat"" (Reprise)",Sajid–Wajid,Shreya Ghoshal & Sonu Nigam,"Aditya Roy Kapur, Parineeti Chopra, Anupam Kher, Karan Wahi, Aziz Rizwan",2014
Daawat-e-Ishq,"Daawat-e-Ishq"" (Instrumental)",Sajid–Wajid,Javed Ali & Sunidhi Chauhan,"Aditya Roy Kapur, Parineeti Chopra, Anupam Kher, Karan Wahi, Aziz Rizwan",2014
Haider,Aao Na,Vishal Bhardwaj,Vishal Dadlani,"Shahid Kapoor, Tabu, Kay Kay Menon, Shraddha Kapoor, Narendra Jha, Irrfan Khan, Kulbhushan Kharbanda, Lalit Parimoo, Aamir Bashir, Sumit Kaul",2014
Haider,Bismil,Vishal Bhardwaj,Sukhwinder Singh,"Shahid Kapoor, Tabu, Kay Kay Menon, Shraddha Kapoor, Narendra Jha, Irrfan Khan, Kulbhushan Kharbanda, Lalit Parimoo, Aamir Bashir, Sumit Kaul",2014
Haider,Khul Kabhi,Vishal Bhardwaj,Arijit Singh,"Shahid Kapoor, Tabu, Kay Kay Menon, Shraddha Kapoor, Narendra Jha, Irrfan Khan, Kulbhushan Kharbanda, Lalit Parimoo, Aamir Bashir, Sumit Kaul",2014
Haider,Gulon Mein Rang Bhare,Vishal Bhardwaj,Arijit Singh,"Shahid Kapoor, Tabu, Kay Kay Menon, Shraddha Kapoor, Narendra Jha, Irrfan Khan, Kulbhushan Kharbanda, Lalit Parimoo, Aamir Bashir, Sumit Kaul",2014
Haider,Ek Aur Bismil,Vishal Bhardwaj,Sukhwinder Singh,"Shahid Kapoor, Tabu, Kay Kay Menon, Shraddha Kapoor, Narendra Jha, Irrfan Khan, Kulbhushan Kharbanda, Lalit Parimoo, Aamir Bashir, Sumit Kaul",2014
Haider,Jhelum,Vishal Bhardwaj,Vishal Bhardwaj,"Shahid Kapoor, Tabu, Kay Kay Menon, Shraddha Kapoor, Narendra Jha, Irrfan Khan, Kulbhushan Kharbanda, Lalit Parimoo, Aamir Bashir, Sumit Kaul",2014
Haider,So Jao,Vishal Bhardwaj,"Bashir Lone, Bashir Bhawani, Muzamil Bhawani, Mayukh Sarkar, Aalaap Majgavkar & Sourabh Joshi","Shahid Kapoor, Tabu, Kay Kay Menon, Shraddha Kapoor, Narendra Jha, Irrfan Khan, Kulbhushan Kharbanda, Lalit Parimoo, Aamir Bashir, Sumit Kaul",2014
Haider,Do Jahaan,Vishal Bhardwaj,Suresh Wadkar & Shraddha Kapoor,"Shahid Kapoor, Tabu, Kay Kay Menon, Shraddha Kapoor, Narendra Jha, Irrfan Khan, Kulbhushan Kharbanda, Lalit Parimoo, Aamir Bashir, Sumit Kaul",2014
Haider,Aaj Ke Naam,Vishal Bhardwaj,Rekha Bhardwaj,"Shahid Kapoor, Tabu, Kay Kay Menon, Shraddha Kapoor, Narendra Jha, Irrfan Khan, Kulbhushan Kharbanda, Lalit Parimoo, Aamir Bashir, Sumit Kaul",2014
The Shaukeens,Alcoholic,Sandeep Chowta,Yo Yo Honey Singh,"Akshay Kumar, Lisa Haydon, Anupam Kher, Annu Kapoor, Piyush Mishra, Rati Agnihotri, Suparna Marwah, Vineet Kumar, Ankush Ratnani",2014
The Shaukeens,Meherbani,Sandeep Chowta,Arko,"Akshay Kumar, Lisa Haydon, Anupam Kher, Annu Kapoor, Piyush Mishra, Rati Agnihotri, Suparna Marwah, Vineet Kumar, Ankush Ratnani",2014
The Shaukeens,Manali Trance,Sandeep Chowta,Yo Yo Honey Singh & Neha Kakkar,"Akshay Kumar, Lisa Haydon, Anupam Kher, Annu Kapoor, Piyush Mishra, Rati Agnihotri, Suparna Marwah, Vineet Kumar, Ankush Ratnani",2014
The Shaukeens,Aashiq Mizaaj,Sandeep Chowta,Aaman Trikha,"Akshay Kumar, Lisa Haydon, Anupam Kher, Annu Kapoor, Piyush Mishra, Rati Agnihotri, Suparna Marwah, Vineet Kumar, Ankush Ratnani",2014
The Shaukeens,Ishq Kutta Hai,Sandeep Chowta,Mika Singh,"Akshay Kumar, Lisa Haydon, Anupam Kher, Annu Kapoor, Piyush Mishra, Rati Agnihotri, Suparna Marwah, Vineet Kumar, Ankush Ratnani",2014
The Shaukeens,Lonely,Sandeep Chowta,"Himesh Reshammiya, Yo Yo Honey Singh & Hamsika Iyer","Akshay Kumar, Lisa Haydon, Anupam Kher, Annu Kapoor, Piyush Mishra, Rati Agnihotri, Suparna Marwah, Vineet Kumar, Ankush Ratnani",2014
Kill Dil,"Kill Dil"" (title song)",Shankar–Ehsaan–Loy,"Sonu Nigam, Shankar Mahadevan & Gulzar","Ranveer Singh, Ali Zafar, Govinda, Parineeti Chopra, Brijendra Kala, Alok Nath, Rocky Verma, Maanvi Gagroo",2014
Kill Dil,Happy Budday,Shankar–Ehsaan–Loy,Sukhwinder Singh & Shankar Mahadevan,"Ranveer Singh, Ali Zafar, Govinda, Parineeti Chopra, Brijendra Kala, Alok Nath, Rocky Verma, Maanvi Gagroo",2014
Kill Dil,Sajde,Shankar–Ehsaan–Loy,"Pritam, KK & Sunidhi Chauhan","Ranveer Singh, Ali Zafar, Govinda, Parineeti Chopra, Brijendra Kala, Alok Nath, Rocky Verma, Maanvi Gagroo",2014
Kill Dil,Bol Beliya,Shankar–Ehsaan–Loy,Sunidhi Chauhan & Siddharth Mahadevan,"Ranveer Singh, Ali Zafar, Govinda, Parineeti Chopra, Brijendra Kala, Alok Nath, Rocky Verma, Maanvi Gagroo",2014
Kill Dil,Sweeta,Shankar–Ehsaan–Loy,Adnan Sami,"Ranveer Singh, Ali Zafar, Govinda, Parineeti Chopra, Brijendra Kala, Alok Nath, Rocky Verma, Maanvi Gagroo",2014
Kill Dil,Daiyaa Maiyaa,Shankar–Ehsaan–Loy,Not Found,"Ranveer Singh, Ali Zafar, Govinda, Parineeti Chopra, Brijendra Kala, Alok Nath, Rocky Verma, Maanvi Gagroo",2014
Kill Dil,Baawra,Shankar–Ehsaan–Loy,"Shankar Mahadevan, Nihira Joshi Deshpande & Gulzar","Ranveer Singh, Ali Zafar, Govinda, Parineeti Chopra, Brijendra Kala, Alok Nath, Rocky Verma, Maanvi Gagroo",2014
Kill Dil,Nakhriley,Shankar–Ehsaan–Loy,"Shankar Mahadevan, Ali Zafar, Mahalakshmi Iyer & Gulzar","Ranveer Singh, Ali Zafar, Govinda, Parineeti Chopra, Brijendra Kala, Alok Nath, Rocky Verma, Maanvi Gagroo",2014
Action Jackson,Dhoom Dhaam,Himesh Reshammiya,"Himesh Reshammiya, Ankit Tiwari & Palak Muchhal","Ajay Devgn, Manasvi Mamgai, Byron Gibson, Sonakshi Sinha, Yami Gautam Dhar, Kunaal Roy Kapur, Prabhas, Shahid Kapoor, Rocky Verma",2014
Action Jackson,Punjabi Mast,Himesh Reshammiya,"Himesh Reshammiya, Ankit Tiwari, Arya Acharya Vineet Singh, Alamgir Khan & Neeti Mohan","Ajay Devgn, Manasvi Mamgai, Byron Gibson, Sonakshi Sinha, Yami Gautam Dhar, Kunaal Roy Kapur, Prabhas, Shahid Kapoor, Rocky Verma",2014
Action Jackson,Gangster Baby,Himesh Reshammiya,"Himesh Reshammiya, Neeraj Shridhar & Neeti Mohan","Ajay Devgn, Manasvi Mamgai, Byron Gibson, Sonakshi Sinha, Yami Gautam Dhar, Kunaal Roy Kapur, Prabhas, Shahid Kapoor, Rocky Verma",2014
Action Jackson,Chichora Piya,Himesh Reshammiya,Himesh Reshammiya & Shalmali Kholgade,"Ajay Devgn, Manasvi Mamgai, Byron Gibson, Sonakshi Sinha, Yami Gautam Dhar, Kunaal Roy Kapur, Prabhas, Shahid Kapoor, Rocky Verma",2014
Action Jackson,Keeda,Himesh Reshammiya,Himesh Reshammiya & Neeti Mohan,"Ajay Devgn, Manasvi Mamgai, Byron Gibson, Sonakshi Sinha, Yami Gautam Dhar, Kunaal Roy Kapur, Prabhas, Shahid Kapoor, Rocky Verma",2014
Action Jackson,"Keeda"" (remix)",Himesh Reshammiya,Himesh Reshammiya & Neeti Mohan,"Ajay Devgn, Manasvi Mamgai, Byron Gibson, Sonakshi Sinha, Yami Gautam Dhar, Kunaal Roy Kapur, Prabhas, Shahid Kapoor, Rocky Verma",2014
Action Jackson,"Punjabi Mast"" (remix)",Himesh Reshammiya,"Himesh Reshammiya, Ankit Tiwari, Arya Acharya Vineet Singh, Alamgir Khan & Neeti Mohan","Ajay Devgn, Manasvi Mamgai, Byron Gibson, Sonakshi Sinha, Yami Gautam Dhar, Kunaal Roy Kapur, Prabhas, Shahid Kapoor, Rocky Verma",2014
Action Jackson,"Chichora Piya"" (remix)",Himesh Reshammiya,Himesh Reshammiya & Shalmali Kholgade,"Ajay Devgn, Manasvi Mamgai, Byron Gibson, Sonakshi Sinha, Yami Gautam Dhar, Kunaal Roy Kapur, Prabhas, Shahid Kapoor, Rocky Verma",2014
Action Jackson,"Keeda"" (reprise)",Himesh Reshammiya,Himesh Reshammiya & Neeti Mohan,"Ajay Devgn, Manasvi Mamgai, Byron Gibson, Sonakshi Sinha, Yami Gautam Dhar, Kunaal Roy Kapur, Prabhas, Shahid Kapoor, Rocky Verma",2014
Ugly,Suraj Hai Kahan,G. V. Prakash Kumar,Udit Narayan & Mahalaxmi Iyer,"Ronit Roy, Rahul Bhat, Vineet Kumar Singh, Tejaswini Kolhapure, Girish Kulkarni, Surveen Chawla, Siddhanth Kapoor, Abir Goswami, Anshika Shrivastava, Madhavi Singh",2013
Ugly,Papa,G. V. Prakash Kumar,CKay,"Ronit Roy, Rahul Bhat, Vineet Kumar Singh, Tejaswini Kolhapure, Girish Kulkarni, Surveen Chawla, Siddhanth Kapoor, Abir Goswami, Anshika Shrivastava, Madhavi Singh",2013
Ugly,Nichod De,G. V. Prakash Kumar,Bharka Swaroop Saxena & G.V. Prakash Kumar,"Ronit Roy, Rahul Bhat, Vineet Kumar Singh, Tejaswini Kolhapure, Girish Kulkarni, Surveen Chawla, Siddhanth Kapoor, Abir Goswami, Anshika Shrivastava, Madhavi Singh",2013
Ugly,Money,G. V. Prakash Kumar,Darius Rucker,"Ronit Roy, Rahul Bhat, Vineet Kumar Singh, Tejaswini Kolhapure, Girish Kulkarni, Surveen Chawla, Siddhanth Kapoor, Abir Goswami, Anshika Shrivastava, Madhavi Singh",2013
Ugly,Ugly,G. V. Prakash Kumar,"Vineet Singh, Ishq Bector & Shree D","Ronit Roy, Rahul Bhat, Vineet Kumar Singh, Tejaswini Kolhapure, Girish Kulkarni, Surveen Chawla, Siddhanth Kapoor, Abir Goswami, Anshika Shrivastava, Madhavi Singh",2013
Bajrangi Bhaijaan,Selfie Le Le Re,Pritam,"Pritam, Vishal Dadlani, Nakash Aziz, Badshah & Mayur Puri","Salman Khan, Harshaali Malthotra, Nawazuddin Siddiqui, Kareena Kapoor Khan, Sharat Saxena, Om Puri, Rajesh Sharma, Meher Vij, Mohommed Ali Shah, Mir Sarwar",2015
Bajrangi Bhaijaan,Tu Chahiye,Pritam,Pritam & Atif Aslam,"Salman Khan, Harshaali Malthotra, Nawazuddin Siddiqui, Kareena Kapoor Khan, Sharat Saxena, Om Puri, Rajesh Sharma, Meher Vij, Mohommed Ali Shah, Mir Sarwar",2015
Bajrangi Bhaijaan,Aaj Ki Party,Pritam,Pritam & Mika Singh,"Salman Khan, Harshaali Malthotra, Nawazuddin Siddiqui, Kareena Kapoor Khan, Sharat Saxena, Om Puri, Rajesh Sharma, Meher Vij, Mohommed Ali Shah, Mir Sarwar",2015
Bajrangi Bhaijaan,Bhar Do Jholi Meri,Pritam,Pritam & Adnan Sami,"Salman Khan, Harshaali Malthotra, Nawazuddin Siddiqui, Kareena Kapoor Khan, Sharat Saxena, Om Puri, Rajesh Sharma, Meher Vij, Mohommed Ali Shah, Mir Sarwar",2015
Bajrangi Bhaijaan,Chicken Kuk-Doo-Koo,Pritam,"Pritam, Mohit Chauhan, Palak Muchhal & Mayur Puri","Salman Khan, Harshaali Malthotra, Nawazuddin Siddiqui, Kareena Kapoor Khan, Sharat Saxena, Om Puri, Rajesh Sharma, Meher Vij, Mohommed Ali Shah, Mir Sarwar",2015
Bajrangi Bhaijaan,Zindagi Kuch Toh Bata,Pritam,Pritam & Jubin Nautiyal,"Salman Khan, Harshaali Malthotra, Nawazuddin Siddiqui, Kareena Kapoor Khan, Sharat Saxena, Om Puri, Rajesh Sharma, Meher Vij, Mohommed Ali Shah, Mir Sarwar",2015
Bajrangi Bhaijaan,Tu Jo Mila,Pritam,Pritam & KK,"Salman Khan, Harshaali Malthotra, Nawazuddin Siddiqui, Kareena Kapoor Khan, Sharat Saxena, Om Puri, Rajesh Sharma, Meher Vij, Mohommed Ali Shah, Mir Sarwar",2015
Bajrangi Bhaijaan,"Bhar Do Jholi Meri"" (Reprise)",Pritam,Pritam & Adnan Sami,"Salman Khan, Harshaali Malthotra, Nawazuddin Siddiqui, Kareena Kapoor Khan, Sharat Saxena, Om Puri, Rajesh Sharma, Meher Vij, Mohommed Ali Shah, Mir Sarwar",2015
Bajrangi Bhaijaan,Tu Jo Mila (Dekhna Na Mudke),Pritam,Not Found,"Salman Khan, Harshaali Malthotra, Nawazuddin Siddiqui, Kareena Kapoor Khan, Sharat Saxena, Om Puri, Rajesh Sharma, Meher Vij, Mohommed Ali Shah, Mir Sarwar",2015
Bajrangi Bhaijaan,"Zindagi Kuch Toh Bata"" (Reprise)",Pritam,Pritam & Jubin Nautiyal,"Salman Khan, Harshaali Malthotra, Nawazuddin Siddiqui, Kareena Kapoor Khan, Sharat Saxena, Om Puri, Rajesh Sharma, Meher Vij, Mohommed Ali Shah, Mir Sarwar",2015
Bajrangi Bhaijaan,"Tu Jo Mila"" (Reprise)",Pritam,Papon & Pritam,"Salman Khan, Harshaali Malthotra, Nawazuddin Siddiqui, Kareena Kapoor Khan, Sharat Saxena, Om Puri, Rajesh Sharma, Meher Vij, Mohommed Ali Shah, Mir Sarwar",2015
Prem Ratan Dhan Payo,Prem Leela,Himesh Reshammiya,Aaman Trikha & Vineet Singh,"Salman Khan, Sonam Kapoor Ahuja, Neil Nitin Mukesh, Anupam Kher, Swara Bhasker, Deepak Dobriyal, Arman Kohli, Manoj Joshi, Bikramjeet Kanwarpal, Deepraj Rana",2015
Prem Ratan Dhan Payo,Prem Ratan Dhan Payo,Himesh Reshammiya,Palak Muchhal,"Salman Khan, Sonam Kapoor Ahuja, Neil Nitin Mukesh, Anupam Kher, Swara Bhasker, Deepak Dobriyal, Arman Kohli, Manoj Joshi, Bikramjeet Kanwarpal, Deepraj Rana",2015
Prem Ratan Dhan Payo,Jalte Diye,Himesh Reshammiya,"Anweshaa, Vineet Singh, Harshdeep Kaur & Shabab Sabri","Salman Khan, Sonam Kapoor Ahuja, Neil Nitin Mukesh, Anupam Kher, Swara Bhasker, Deepak Dobriyal, Arman Kohli, Manoj Joshi, Bikramjeet Kanwarpal, Deepraj Rana",2015
Prem Ratan Dhan Payo,Aaj Unse Milna Hai,Himesh Reshammiya,Shaan,"Salman Khan, Sonam Kapoor Ahuja, Neil Nitin Mukesh, Anupam Kher, Swara Bhasker, Deepak Dobriyal, Arman Kohli, Manoj Joshi, Bikramjeet Kanwarpal, Deepraj Rana",2015
Prem Ratan Dhan Payo,Jab Tum Chaho,Himesh Reshammiya,"Mohammed Irfan, Darshan Rawal & Palak Muchhal","Salman Khan, Sonam Kapoor Ahuja, Neil Nitin Mukesh, Anupam Kher, Swara Bhasker, Deepak Dobriyal, Arman Kohli, Manoj Joshi, Bikramjeet Kanwarpal, Deepraj Rana",2015
Prem Ratan Dhan Payo,Halo Re,Himesh Reshammiya,Aaman Trikha,"Salman Khan, Sonam Kapoor Ahuja, Neil Nitin Mukesh, Anupam Kher, Swara Bhasker, Deepak Dobriyal, Arman Kohli, Manoj Joshi, Bikramjeet Kanwarpal, Deepraj Rana",2015
Prem Ratan Dhan Payo,Tod Tadaiyya,Himesh Reshammiya,Neeraj Shridhar & Neeti Mohan,"Salman Khan, Sonam Kapoor Ahuja, Neil Nitin Mukesh, Anupam Kher, Swara Bhasker, Deepak Dobriyal, Arman Kohli, Manoj Joshi, Bikramjeet Kanwarpal, Deepraj Rana",2015
Prem Ratan Dhan Payo,Bachpan Kahan?,Himesh Reshammiya,Himesh Reshammiya,"Salman Khan, Sonam Kapoor Ahuja, Neil Nitin Mukesh, Anupam Kher, Swara Bhasker, Deepak Dobriyal, Arman Kohli, Manoj Joshi, Bikramjeet Kanwarpal, Deepraj Rana",2015
Prem Ratan Dhan Payo,Murli Ki Taanon Si,Himesh Reshammiya,Shaan,"Salman Khan, Sonam Kapoor Ahuja, Neil Nitin Mukesh, Anupam Kher, Swara Bhasker, Deepak Dobriyal, Arman Kohli, Manoj Joshi, Bikramjeet Kanwarpal, Deepraj Rana",2015
Prem Ratan Dhan Payo,Aaj Unse Kehna Hai,Himesh Reshammiya,"Aishwarya Majmudar, Palak Muchhal & Shaan","Salman Khan, Sonam Kapoor Ahuja, Neil Nitin Mukesh, Anupam Kher, Swara Bhasker, Deepak Dobriyal, Arman Kohli, Manoj Joshi, Bikramjeet Kanwarpal, Deepraj Rana",2015
Bajirao Mastani,Deewani Mastani,Sanjay Leela Bhansali,"Sanjay Leela Bhansali, Shreya Ghoshal, Ganesh Chandanshive, Mujtaba Aziz Naza, Shadab Faridi, Altamash Faridi, Farhan Sabri & Siddharth-Garima","Ranveer Singh, Deepika Padukone, Priyanka Chopra Jonas, Tanvi Azmi, Vaibhav Tatwawadi, Mahesh Manjrekar, Milind Soman, Aditya Pancholi, Ayush Tandon, Rudra Soni",2015
Bajirao Mastani,Aayat,Sanjay Leela Bhansali,"Sanjay Leela Bhansali, Shreyas Puranik, Arijit Singh, Mujtaba Aziz Naza, Shadab Faridi, Altamash Faridi & Farhan Sabri","Ranveer Singh, Deepika Padukone, Priyanka Chopra Jonas, Tanvi Azmi, Vaibhav Tatwawadi, Mahesh Manjrekar, Milind Soman, Aditya Pancholi, Ayush Tandon, Rudra Soni",2015
Bajirao Mastani,Malhari,Sanjay Leela Bhansali,"Sanjay Leela Bhansali, Vishal Dadlani & Prashant Ingole","Ranveer Singh, Deepika Padukone, Priyanka Chopra Jonas, Tanvi Azmi, Vaibhav Tatwawadi, Mahesh Manjrekar, Milind Soman, Aditya Pancholi, Ayush Tandon, Rudra Soni",2015
Bajirao Mastani,Mohe Rang Do Laal,Sanjay Leela Bhansali,"Sanjay Leela Bhansali, Birju Maharaj, Shreya Ghoshal & Siddharth-Garima","Ranveer Singh, Deepika Padukone, Priyanka Chopra Jonas, Tanvi Azmi, Vaibhav Tatwawadi, Mahesh Manjrekar, Milind Soman, Aditya Pancholi, Ayush Tandon, Rudra Soni",2015
Bajirao Mastani,Albela Sajan,Sanjay Leela Bhansali,"Sanjay Leela Bhansali, Shashi Suman, Kunal Pandit, Prithvi Gandharva, Kanika Joshi, Rashi Raagga & Geetikka Manjrekar","Ranveer Singh, Deepika Padukone, Priyanka Chopra Jonas, Tanvi Azmi, Vaibhav Tatwawadi, Mahesh Manjrekar, Milind Soman, Aditya Pancholi, Ayush Tandon, Rudra Soni",2015
Bajirao Mastani,Ab Tohe Jane Na Doongi,Sanjay Leela Bhansali,"Sanjay Leela Bhansali, Payal Dev & Shreyas Puranik","Ranveer Singh, Deepika Padukone, Priyanka Chopra Jonas, Tanvi Azmi, Vaibhav Tatwawadi, Mahesh Manjrekar, Milind Soman, Aditya Pancholi, Ayush Tandon, Rudra Soni",2015
Bajirao Mastani,Pinga,Sanjay Leela Bhansali,"Sanjay Leela Bhansali, Shreya Ghoshal, Vaishali Made & Siddharth-Garima","Ranveer Singh, Deepika Padukone, Priyanka Chopra Jonas, Tanvi Azmi, Vaibhav Tatwawadi, Mahesh Manjrekar, Milind Soman, Aditya Pancholi, Ayush Tandon, Rudra Soni",2015
Bajirao Mastani,Aaj Ibaadat (Raga Yaman Kalyan),Sanjay Leela Bhansali,Not Found,"Ranveer Singh, Deepika Padukone, Priyanka Chopra Jonas, Tanvi Azmi, Vaibhav Tatwawadi, Mahesh Manjrekar, Milind Soman, Aditya Pancholi, Ayush Tandon, Rudra Soni",2015
Bajirao Mastani,Fitoori,Sanjay Leela Bhansali,"Sanjay Leela Bhansali, Vaishali Made, Ganesh Chandanshive, Aishwarya Bhandari, Geetikka Manjrekar, Kanika Joshi, Mayur Sakhare, Shreyas Puranik, Maneesh Singh, Vivek Naik, Devendra Chitnis & Prashant Ingole","Ranveer Singh, Deepika Padukone, Priyanka Chopra Jonas, Tanvi Azmi, Vaibhav Tatwawadi, Mahesh Manjrekar, Milind Soman, Aditya Pancholi, Ayush Tandon, Rudra Soni",2015
Bajirao Mastani,Gajanana,Sanjay Leela Bhansali,"Shreyas Puranik, Sukhwinder Singh & Prashant Ingole","Ranveer Singh, Deepika Padukone, Priyanka Chopra Jonas, Tanvi Azmi, Vaibhav Tatwawadi, Mahesh Manjrekar, Milind Soman, Aditya Pancholi, Ayush Tandon, Rudra Soni",2015
Tanu Weds Manu: Returns,Banno,Songs:Krsna SoloTanishk-Vayu(Tanishk Bagchi)Background Score:Krsna Solo,"Tanishk-Vayu, Brijesh Shandliya & Swati Sharma","Kangana Ranaut, R. Madhavan, Jimmy Shergill, Deepak Dobriyal, Swara Bhasker, Eijaz Khan, Mohammed Zeeshan Ayyub, Rajendra Gupta, Navni Parihar, K.K. Raina",2015
Tanu Weds Manu: Returns,Move On,Songs:Krsna SoloTanishk-Vayu(Tanishk Bagchi)Background Score:Krsna Solo,"Adam Port, Stryv & Malachiii","Kangana Ranaut, R. Madhavan, Jimmy Shergill, Deepak Dobriyal, Swara Bhasker, Eijaz Khan, Mohammed Zeeshan Ayyub, Rajendra Gupta, Navni Parihar, K.K. Raina",2015
Tanu Weds Manu: Returns,Mat Ja Re,Songs:Krsna SoloTanishk-Vayu(Tanishk Bagchi)Background Score:Krsna Solo,Krsna Solo & Ankit Tiwari,"Kangana Ranaut, R. Madhavan, Jimmy Shergill, Deepak Dobriyal, Swara Bhasker, Eijaz Khan, Mohammed Zeeshan Ayyub, Rajendra Gupta, Navni Parihar, K.K. Raina",2015
Tanu Weds Manu: Returns,Ghani Bawri,Songs:Krsna SoloTanishk-Vayu(Tanishk Bagchi)Background Score:Krsna Solo,Krsna Solo & Jyoti Nooran,"Kangana Ranaut, R. Madhavan, Jimmy Shergill, Deepak Dobriyal, Swara Bhasker, Eijaz Khan, Mohammed Zeeshan Ayyub, Rajendra Gupta, Navni Parihar, K.K. Raina",2015
Tanu Weds Manu: Returns,Old School Girl,Songs:Krsna SoloTanishk-Vayu(Tanishk Bagchi)Background Score:Krsna Solo,Krsna Solo & Anmol Malik,"Kangana Ranaut, R. Madhavan, Jimmy Shergill, Deepak Dobriyal, Swara Bhasker, Eijaz Khan, Mohammed Zeeshan Ayyub, Rajendra Gupta, Navni Parihar, K.K. Raina",2015
Tanu Weds Manu: Returns,"Old School Girl"" (Haryanvi)",Songs:Krsna SoloTanishk-Vayu(Tanishk Bagchi)Background Score:Krsna Solo,Krsna Solo & Kalpana Gandharv,"Kangana Ranaut, R. Madhavan, Jimmy Shergill, Deepak Dobriyal, Swara Bhasker, Eijaz Khan, Mohammed Zeeshan Ayyub, Rajendra Gupta, Navni Parihar, K.K. Raina",2015
Tanu Weds Manu: Returns,Ho Gaya Hai Pyar,Songs:Krsna SoloTanishk-Vayu(Tanishk Bagchi)Background Score:Krsna Solo,Krsna Solo & Dev Negi,"Kangana Ranaut, R. Madhavan, Jimmy Shergill, Deepak Dobriyal, Swara Bhasker, Eijaz Khan, Mohammed Zeeshan Ayyub, Rajendra Gupta, Navni Parihar, K.K. Raina",2015
Tanu Weds Manu: Returns,O Sathi Mere,Songs:Krsna SoloTanishk-Vayu(Tanishk Bagchi)Background Score:Krsna Solo,Krsna Solo & Sonu Nigam,"Kangana Ranaut, R. Madhavan, Jimmy Shergill, Deepak Dobriyal, Swara Bhasker, Eijaz Khan, Mohammed Zeeshan Ayyub, Rajendra Gupta, Navni Parihar, K.K. Raina",2015
Tanu Weds Manu: Returns,"Ghani Bawri"" (Remix)",Songs:Krsna SoloTanishk-Vayu(Tanishk Bagchi)Background Score:Krsna Solo,Krsna Solo & Jyoti Nooran,"Kangana Ranaut, R. Madhavan, Jimmy Shergill, Deepak Dobriyal, Swara Bhasker, Eijaz Khan, Mohammed Zeeshan Ayyub, Rajendra Gupta, Navni Parihar, K.K. Raina",2015
Tanu Weds Manu: Returns,Mari Gali,Songs:Krsna SoloTanishk-Vayu(Tanishk Bagchi)Background Score:Krsna Solo,"NS Chauhan, Dilbag Singh & Surj Rdb","Kangana Ranaut, R. Madhavan, Jimmy Shergill, Deepak Dobriyal, Swara Bhasker, Eijaz Khan, Mohammed Zeeshan Ayyub, Rajendra Gupta, Navni Parihar, K.K. Raina",2015
Tanu Weds Manu: Returns,Tanu Weds Manu Returns Mashup,Songs:Krsna SoloTanishk-Vayu(Tanishk Bagchi)Background Score:Krsna Solo,"Krsna Solo, Tanishk-Vayu, Ankit Tiwari, Jyoti Nooran, Brijesh Shandliya, Swati Sharma & DJ Kiran Kamath","Kangana Ranaut, R. Madhavan, Jimmy Shergill, Deepak Dobriyal, Swara Bhasker, Eijaz Khan, Mohammed Zeeshan Ayyub, Rajendra Gupta, Navni Parihar, K.K. Raina",2015
Welcome Back,Tutti Bole Wedding Di,"Anu Malik, Meet Bros Anjjan, Mika Singh, Abhishek Ray",Meet Bros & Shipra Goyal,"John Abraham, Shruti Haasan, Anil Kapoor, Nana Patekar, Paresh Rawal, Dimple Kapadia, Naseeruddin Shah, Shiney Ahuja, Om Puri, Rajpal Yadav",2015
Welcome Back,"20-20"" (Title Track)","Anu Malik, Meet Bros Anjjan, Mika Singh, Abhishek Ray",Ved Sharma,"John Abraham, Shruti Haasan, Anil Kapoor, Nana Patekar, Paresh Rawal, Dimple Kapadia, Naseeruddin Shah, Shiney Ahuja, Om Puri, Rajpal Yadav",2015
Welcome Back,Welcome Back,"Anu Malik, Meet Bros Anjjan, Mika Singh, Abhishek Ray","Mika Singh, Geeta Jhala & Music Mg","John Abraham, Shruti Haasan, Anil Kapoor, Nana Patekar, Paresh Rawal, Dimple Kapadia, Naseeruddin Shah, Shiney Ahuja, Om Puri, Rajpal Yadav",2015
Welcome Back,Meet Me Daily Baby,"Anu Malik, Meet Bros Anjjan, Mika Singh, Abhishek Ray",Siddhant Madhav & Pawni A Pandey,"John Abraham, Shruti Haasan, Anil Kapoor, Nana Patekar, Paresh Rawal, Dimple Kapadia, Naseeruddin Shah, Shiney Ahuja, Om Puri, Rajpal Yadav",2015
Welcome Back,Time Lagaye Kaiko,"Anu Malik, Meet Bros Anjjan, Mika Singh, Abhishek Ray",John Abraham & Anmol Malik,"John Abraham, Shruti Haasan, Anil Kapoor, Nana Patekar, Paresh Rawal, Dimple Kapadia, Naseeruddin Shah, Shiney Ahuja, Om Puri, Rajpal Yadav",2015
Welcome Back,"Nas Nas Mein"" (Promotional Track)","Anu Malik, Meet Bros Anjjan, Mika Singh, Abhishek Ray",Not Found,"John Abraham, Shruti Haasan, Anil Kapoor, Nana Patekar, Paresh Rawal, Dimple Kapadia, Naseeruddin Shah, Shiney Ahuja, Om Puri, Rajpal Yadav",2015
Welcome Back,"Welcome Back"" (Beat Mix)","Anu Malik, Meet Bros Anjjan, Mika Singh, Abhishek Ray",Vishal & Shekhar & Atif Aslam,"John Abraham, Shruti Haasan, Anil Kapoor, Nana Patekar, Paresh Rawal, Dimple Kapadia, Naseeruddin Shah, Shiney Ahuja, Om Puri, Rajpal Yadav",2015
Welcome Back,"Meet Me Daily Baby"" (Beat Mix)","Anu Malik, Meet Bros Anjjan, Mika Singh, Abhishek Ray","Guru Randhawa, Gill Machhrai, Rony Ajnali & Dilmaan","John Abraham, Shruti Haasan, Anil Kapoor, Nana Patekar, Paresh Rawal, Dimple Kapadia, Naseeruddin Shah, Shiney Ahuja, Om Puri, Rajpal Yadav",2015
Welcome Back,"Welcome Back"" (Theme)","Anu Malik, Meet Bros Anjjan, Mika Singh, Abhishek Ray",Abhishek Ray,"John Abraham, Shruti Haasan, Anil Kapoor, Nana Patekar, Paresh Rawal, Dimple Kapadia, Naseeruddin Shah, Shiney Ahuja, Om Puri, Rajpal Yadav",2015
Welcome Back,"Tutti Bole Wedding Di"" (MB Swag)","Anu Malik, Meet Bros Anjjan, Mika Singh, Abhishek Ray",Shipra Goyal & Meet Bros Anjjan,"John Abraham, Shruti Haasan, Anil Kapoor, Nana Patekar, Paresh Rawal, Dimple Kapadia, Naseeruddin Shah, Shiney Ahuja, Om Puri, Rajpal Yadav",2015
ABCD 2,Bezubaan Phir Se,Sachin–Jigar,"Vishal Dadlani, Anushka Manchanda & Madhav Krishna","Prabhu Deva, Varun Dhawan, Shraddha Kapoor, Lauren Gottlieb, Pooja Batra, Dharmesh Yelande, Punit Pathak, Raghav Juyal, Tisca Chopra, Kapil Sharma",2015
ABCD 2,Sun Saathiya,Sachin–Jigar,Priya Saraiya & Divya Kumar,"Prabhu Deva, Varun Dhawan, Shraddha Kapoor, Lauren Gottlieb, Pooja Batra, Dharmesh Yelande, Punit Pathak, Raghav Juyal, Tisca Chopra, Kapil Sharma",2015
ABCD 2,Chunar,Sachin–Jigar,Arijit Singh,"Prabhu Deva, Varun Dhawan, Shraddha Kapoor, Lauren Gottlieb, Pooja Batra, Dharmesh Yelande, Punit Pathak, Raghav Juyal, Tisca Chopra, Kapil Sharma",2015
ABCD 2,Happy Birthday,Sachin–Jigar,"Diljit Dosanjh, Jatinder Shah & Balvir Boparai","Prabhu Deva, Varun Dhawan, Shraddha Kapoor, Lauren Gottlieb, Pooja Batra, Dharmesh Yelande, Punit Pathak, Raghav Juyal, Tisca Chopra, Kapil Sharma",2015
ABCD 2,If You Hold My Hand,Sachin–Jigar,Benny Dayal,"Prabhu Deva, Varun Dhawan, Shraddha Kapoor, Lauren Gottlieb, Pooja Batra, Dharmesh Yelande, Punit Pathak, Raghav Juyal, Tisca Chopra, Kapil Sharma",2015
ABCD 2,Hey Ganaraya,Sachin–Jigar,Divya Kumar,"Prabhu Deva, Varun Dhawan, Shraddha Kapoor, Lauren Gottlieb, Pooja Batra, Dharmesh Yelande, Punit Pathak, Raghav Juyal, Tisca Chopra, Kapil Sharma",2015
ABCD 2,Happy Hour,Sachin–Jigar,Mika Singh,"Prabhu Deva, Varun Dhawan, Shraddha Kapoor, Lauren Gottlieb, Pooja Batra, Dharmesh Yelande, Punit Pathak, Raghav Juyal, Tisca Chopra, Kapil Sharma",2015
ABCD 2,Naach Meri Jaan,Sachin–Jigar,"Pritam, Kamaal Khan, Nakash Aziz, Dev Negi & Tushar Joshi","Prabhu Deva, Varun Dhawan, Shraddha Kapoor, Lauren Gottlieb, Pooja Batra, Dharmesh Yelande, Punit Pathak, Raghav Juyal, Tisca Chopra, Kapil Sharma",2015
ABCD 2,Tattoo,Sachin–Jigar,Shefali Alvares,"Prabhu Deva, Varun Dhawan, Shraddha Kapoor, Lauren Gottlieb, Pooja Batra, Dharmesh Yelande, Punit Pathak, Raghav Juyal, Tisca Chopra, Kapil Sharma",2015
ABCD 2,Vande Mataram,Sachin–Jigar,"Sandesh Shandilya, Usha Uthup & Kavita Krishnamurthy","Prabhu Deva, Varun Dhawan, Shraddha Kapoor, Lauren Gottlieb, Pooja Batra, Dharmesh Yelande, Punit Pathak, Raghav Juyal, Tisca Chopra, Kapil Sharma",2015
Drishyam,Carbon Copy,Vishal Bhardwaj,Ash King,"Ajay Devgn, Tabu, Shriya Saran, Ishita Dutta, Mrunal Jadhav, Rajat Kapoor, Kamlesh Sawant, Rishab Chadha, Yogesh Soman, Prasanna Ketkar",2015
Drishyam,Dum Ghutta Hai,Vishal Bhardwaj,Rahat Fateh Ali Khan & Rekha Bhardwaj,"Ajay Devgn, Tabu, Shriya Saran, Ishita Dutta, Mrunal Jadhav, Rajat Kapoor, Kamlesh Sawant, Rishab Chadha, Yogesh Soman, Prasanna Ketkar",2015
Drishyam,Kab Kahan Se,Vishal Bhardwaj,KK,"Ajay Devgn, Tabu, Shriya Saran, Ishita Dutta, Mrunal Jadhav, Rajat Kapoor, Kamlesh Sawant, Rishab Chadha, Yogesh Soman, Prasanna Ketkar",2015
Drishyam,Kya Pataa,Vishal Bhardwaj,Arijit Singh,"Ajay Devgn, Tabu, Shriya Saran, Ishita Dutta, Mrunal Jadhav, Rajat Kapoor, Kamlesh Sawant, Rishab Chadha, Yogesh Soman, Prasanna Ketkar",2015
Dil Dhadakne Do,Dil Dhadakne Do,Shankar–Ehsaan–Loy,Joi Barua & Suraj Jagan,"Ranveer Singh, Anil Kapoor, Shefali Shah, Priyanka Chopra Jonas, Rahul Bose, Anushka Sharma, Farhan Akhtar, Ridhima Sud, Vikrant Massey, Aamir Khan",2015
Dil Dhadakne Do,Pehli Baar,Shankar–Ehsaan–Loy,Sukriti Kakkar & Siddharth Mahadevan,"Ranveer Singh, Anil Kapoor, Shefali Shah, Priyanka Chopra Jonas, Rahul Bose, Anushka Sharma, Farhan Akhtar, Ridhima Sud, Vikrant Massey, Aamir Khan",2015
Dil Dhadakne Do,Gallan Goodiyaan,Shankar–Ehsaan–Loy,"Yashita Sharma, Manish Kumar Tipu, Farhan Akhtar, Shankar Mahadevan & Sukhwinder Singh","Ranveer Singh, Anil Kapoor, Shefali Shah, Priyanka Chopra Jonas, Rahul Bose, Anushka Sharma, Farhan Akhtar, Ridhima Sud, Vikrant Massey, Aamir Khan",2015
Dil Dhadakne Do,Girls Like to Swing,Shankar–Ehsaan–Loy,Sunidhi Chauhan,"Ranveer Singh, Anil Kapoor, Shefali Shah, Priyanka Chopra Jonas, Rahul Bose, Anushka Sharma, Farhan Akhtar, Ridhima Sud, Vikrant Massey, Aamir Khan",2015
Dil Dhadakne Do,Phir Bhi Yeh Zindagi,Shankar–Ehsaan–Loy,"Farhan Akhtar, Vishal Dadlani, Divya Kumar, Alyssa Mendonsa & Sapna Pathak","Ranveer Singh, Anil Kapoor, Shefali Shah, Priyanka Chopra Jonas, Rahul Bose, Anushka Sharma, Farhan Akhtar, Ridhima Sud, Vikrant Massey, Aamir Khan",2015
Tevar,Superman,"Sajid–Wajid, Guest Composer:, Imran Khan, Background Score:, Clinton Cerejo",Sajid Wajid & Wajid Khan,"Arjun Kapoor, Sonakshi Sinha, Manoj Bajpayee, Subrat Dutta, Gunjan Malhotra, Rajesh Sharma, Raj Babbar, Deepti Naval, Kader Khan, Shruti Haasan",2015
Tevar,Radha Nachegi,"Sajid–Wajid, Guest Composer:, Imran Khan, Background Score:, Clinton Cerejo","Sajid Wajid, Ritu Pathak, Shabab Sabri & Danish Sabri","Arjun Kapoor, Sonakshi Sinha, Manoj Bajpayee, Subrat Dutta, Gunjan Malhotra, Rajesh Sharma, Raj Babbar, Deepti Naval, Kader Khan, Shruti Haasan",2015
Tevar,Let's Celebrate,"Sajid–Wajid, Guest Composer:, Imran Khan, Background Score:, Clinton Cerejo",Imran Khan & Sonakshi Sinha,"Arjun Kapoor, Sonakshi Sinha, Manoj Bajpayee, Subrat Dutta, Gunjan Malhotra, Rajesh Sharma, Raj Babbar, Deepti Naval, Kader Khan, Shruti Haasan",2015
Tevar,Joganiyan,"Sajid–Wajid, Guest Composer:, Imran Khan, Background Score:, Clinton Cerejo",Sajid Wajid & Shruti Haasan,"Arjun Kapoor, Sonakshi Sinha, Manoj Bajpayee, Subrat Dutta, Gunjan Malhotra, Rajesh Sharma, Raj Babbar, Deepti Naval, Kader Khan, Shruti Haasan",2015
Tevar,Madmiyan,"Sajid–Wajid, Guest Composer:, Imran Khan, Background Score:, Clinton Cerejo",Not Found,"Arjun Kapoor, Sonakshi Sinha, Manoj Bajpayee, Subrat Dutta, Gunjan Malhotra, Rajesh Sharma, Raj Babbar, Deepti Naval, Kader Khan, Shruti Haasan",2015
Tevar,Main Ni Jaana Pardes,"Sajid–Wajid, Guest Composer:, Imran Khan, Background Score:, Clinton Cerejo",Sajid Wajid & Shafqat Amanat Ali,"Arjun Kapoor, Sonakshi Sinha, Manoj Bajpayee, Subrat Dutta, Gunjan Malhotra, Rajesh Sharma, Raj Babbar, Deepti Naval, Kader Khan, Shruti Haasan",2015
Tevar,Superman (Remix),"Sajid–Wajid, Guest Composer:, Imran Khan, Background Score:, Clinton Cerejo",Sajid Wajid & Mika Singh,"Arjun Kapoor, Sonakshi Sinha, Manoj Bajpayee, Subrat Dutta, Gunjan Malhotra, Rajesh Sharma, Raj Babbar, Deepti Naval, Kader Khan, Shruti Haasan",2015
Tevar,Tevariffic (Mashup),"Sajid–Wajid, Guest Composer:, Imran Khan, Background Score:, Clinton Cerejo","Sajid Wajid, Wajid Khan, Imran Khan, Mamta Sharma, Mika Singh, Shruti Haasan, Ritu Pathak, Shabab Sabri, Danish Sabri & DJ Kiran Kamath","Arjun Kapoor, Sonakshi Sinha, Manoj Bajpayee, Subrat Dutta, Gunjan Malhotra, Rajesh Sharma, Raj Babbar, Deepti Naval, Kader Khan, Shruti Haasan",2015
Dolly Ki Doli,Phatte Tak Nachana,"Sajid–Wajid, Background Score:, Sanjoy Chowdhury",Not Found,"Sonam Kapoor Ahuja, Pulkit Samrat, Rajkummar Rao, Varun Sharma, Mohammed Zeeshan Ayyub, Archana Puran Singh, Mubeen Saudagar, Saif Ali Khan, Manoj Joshi, Rajesh Sharma",2015
Dolly Ki Doli,Dolly Ki Doli,"Sajid–Wajid, Background Score:, Sanjoy Chowdhury",Divya Kumar,"Sonam Kapoor Ahuja, Pulkit Samrat, Rajkummar Rao, Varun Sharma, Mohammed Zeeshan Ayyub, Archana Puran Singh, Mubeen Saudagar, Saif Ali Khan, Manoj Joshi, Rajesh Sharma",2015
Dolly Ki Doli,Fashion Khatam Mujhpe,"Sajid–Wajid, Background Score:, Sanjoy Chowdhury",Mamta Sharma & Wajid,"Sonam Kapoor Ahuja, Pulkit Samrat, Rajkummar Rao, Varun Sharma, Mohammed Zeeshan Ayyub, Archana Puran Singh, Mubeen Saudagar, Saif Ali Khan, Manoj Joshi, Rajesh Sharma",2015
Dolly Ki Doli,Mere Naina Kafir Hogaye,"Sajid–Wajid, Background Score:, Sanjoy Chowdhury",Rahat Fateh Ali Khan,"Sonam Kapoor Ahuja, Pulkit Samrat, Rajkummar Rao, Varun Sharma, Mohammed Zeeshan Ayyub, Archana Puran Singh, Mubeen Saudagar, Saif Ali Khan, Manoj Joshi, Rajesh Sharma",2015
Dolly Ki Doli,Babaji Ka Thullu,"Sajid–Wajid, Background Score:, Sanjoy Chowdhury",Wajid & Danish Sabri,"Sonam Kapoor Ahuja, Pulkit Samrat, Rajkummar Rao, Varun Sharma, Mohammed Zeeshan Ayyub, Archana Puran Singh, Mubeen Saudagar, Saif Ali Khan, Manoj Joshi, Rajesh Sharma",2015
Roy,Sooraj Dooba Hain Yaaron,"Ankit Tiwari, Amaal Mallik, Meet Bros Anjjan, Background Score:, Sanjoy Chowdhury",Not Found,"Arjun Rampal, Jacqueline Fernandez, Ranbir Kapoor, Abhijeet Singh, Shernaz Patel, Rajit Kapoor, Mandana Karimi, Asif Basra, Shibani Dandekar, Barun Chanda",2015
Roy,Tu Hai Ki Nahi,"Ankit Tiwari, Amaal Mallik, Meet Bros Anjjan, Background Score:, Sanjoy Chowdhury",Ankit Tiwari,"Arjun Rampal, Jacqueline Fernandez, Ranbir Kapoor, Abhijeet Singh, Shernaz Patel, Rajit Kapoor, Mandana Karimi, Asif Basra, Shibani Dandekar, Barun Chanda",2015
Roy,Chittiyaan Kalaiyaan,"Ankit Tiwari, Amaal Mallik, Meet Bros Anjjan, Background Score:, Sanjoy Chowdhury",Kanika Kapoor & Meet Bros Anjjan,"Arjun Rampal, Jacqueline Fernandez, Ranbir Kapoor, Abhijeet Singh, Shernaz Patel, Rajit Kapoor, Mandana Karimi, Asif Basra, Shibani Dandekar, Barun Chanda",2015
Roy,Yaara Re,"Ankit Tiwari, Amaal Mallik, Meet Bros Anjjan, Background Score:, Sanjoy Chowdhury",KK,"Arjun Rampal, Jacqueline Fernandez, Ranbir Kapoor, Abhijeet Singh, Shernaz Patel, Rajit Kapoor, Mandana Karimi, Asif Basra, Shibani Dandekar, Barun Chanda",2015
Roy,Boond Boond,"Ankit Tiwari, Amaal Mallik, Meet Bros Anjjan, Background Score:, Sanjoy Chowdhury",Ankit Tiwari,"Arjun Rampal, Jacqueline Fernandez, Ranbir Kapoor, Abhijeet Singh, Shernaz Patel, Rajit Kapoor, Mandana Karimi, Asif Basra, Shibani Dandekar, Barun Chanda",2015
Roy,"Tu Hai Ki Nahi"" (Unplugged)","Ankit Tiwari, Amaal Mallik, Meet Bros Anjjan, Background Score:, Sanjoy Chowdhury",Tulsi Kumar,"Arjun Rampal, Jacqueline Fernandez, Ranbir Kapoor, Abhijeet Singh, Shernaz Patel, Rajit Kapoor, Mandana Karimi, Asif Basra, Shibani Dandekar, Barun Chanda",2015
Roy,Sooraj Dooba Hain,"Ankit Tiwari, Amaal Mallik, Meet Bros Anjjan, Background Score:, Sanjoy Chowdhury",Arijit Singh & Aditi Singh Sharma,"Arjun Rampal, Jacqueline Fernandez, Ranbir Kapoor, Abhijeet Singh, Shernaz Patel, Rajit Kapoor, Mandana Karimi, Asif Basra, Shibani Dandekar, Barun Chanda",2015
Badlapur,Jee Karda,Sachin–Jigar,"Labh Jan Jua, Suzie.Q & Pritam","Varun Dhawan, Nawazuddin Siddiqui, Huma Qureshi, Yami Gautam Dhar, Divya Dutta, Radhika Apte, Vinay Pathak, Zakir Hussain, Pratima Kazmi, Murali Sharma",2015
Badlapur,Jeena Jeena,Sachin–Jigar,"Sachin-Jigar, Atif Aslam & Priya Saraiya","Varun Dhawan, Nawazuddin Siddiqui, Huma Qureshi, Yami Gautam Dhar, Divya Dutta, Radhika Apte, Vinay Pathak, Zakir Hussain, Pratima Kazmi, Murali Sharma",2015
Badlapur,"Jee Karda"" (Rock Version)",Sachin–Jigar,"Sachin-Jigar, Divya Kumar & Priya Saraiya","Varun Dhawan, Nawazuddin Siddiqui, Huma Qureshi, Yami Gautam Dhar, Divya Dutta, Radhika Apte, Vinay Pathak, Zakir Hussain, Pratima Kazmi, Murali Sharma",2015
Badlapur,Judaai,Sachin–Jigar,"Sachin-Jigar, Rekha Bhardwaj, Arijit Singh & Priya Saraiya","Varun Dhawan, Nawazuddin Siddiqui, Huma Qureshi, Yami Gautam Dhar, Divya Dutta, Radhika Apte, Vinay Pathak, Zakir Hussain, Pratima Kazmi, Murali Sharma",2015
Badlapur,"Jeena Jeena"" (Remix)",Sachin–Jigar,Error,"Varun Dhawan, Nawazuddin Siddiqui, Huma Qureshi, Yami Gautam Dhar, Divya Dutta, Radhika Apte, Vinay Pathak, Zakir Hussain, Pratima Kazmi, Murali Sharma",2015
Badlapur,Badla Badla,Sachin–Jigar,Amit Trivedi & DIVINE,"Varun Dhawan, Nawazuddin Siddiqui, Huma Qureshi, Yami Gautam Dhar, Divya Dutta, Radhika Apte, Vinay Pathak, Zakir Hussain, Pratima Kazmi, Murali Sharma",2015
Badlapur,Sone Ka Paani,Sachin–Jigar,Sachin-Jigar & Priya Saraiya,"Varun Dhawan, Nawazuddin Siddiqui, Huma Qureshi, Yami Gautam Dhar, Divya Dutta, Radhika Apte, Vinay Pathak, Zakir Hussain, Pratima Kazmi, Murali Sharma",2015
Badlapur,Badlapur Mashup,Sachin–Jigar,"Sachin-Jigar, Atif Aslam, Divya Kumar, Rekha Bhardwaj, Arijit Singh & Priya Saraiya","Varun Dhawan, Nawazuddin Siddiqui, Huma Qureshi, Yami Gautam Dhar, Divya Dutta, Radhika Apte, Vinay Pathak, Zakir Hussain, Pratima Kazmi, Murali Sharma",2015
Dum Laga Ke Haisha,"Moh Moh Ke Dhaage"" (Male)",Anu Malik,Papon,"Bhumi Pednekar, Ayushmann Khurrana, Sheeba Chaddha, Sanjay Mishra, Seema Pahwa, Shrikant Verma, Alka Amin, Kumar Sanu, Chandrachoor Rai, V.K. Sharma",2015
Dum Laga Ke Haisha,Dum Laga Ke Haisha,Anu Malik,"Kailash Kher, Jyoti Nooran & Sultana Nooran","Bhumi Pednekar, Ayushmann Khurrana, Sheeba Chaddha, Sanjay Mishra, Seema Pahwa, Shrikant Verma, Alka Amin, Kumar Sanu, Chandrachoor Rai, V.K. Sharma",2015
Dum Laga Ke Haisha,Tuu Meri Sare Inteha,Anu Malik,Not Found,"Bhumi Pednekar, Ayushmann Khurrana, Sheeba Chaddha, Sanjay Mishra, Seema Pahwa, Shrikant Verma, Alka Amin, Kumar Sanu, Chandrachoor Rai, V.K. Sharma",2015
Dum Laga Ke Haisha,"Moh Moh Ke Dhaage"" (Female)",Anu Malik,Papon,"Bhumi Pednekar, Ayushmann Khurrana, Sheeba Chaddha, Sanjay Mishra, Seema Pahwa, Shrikant Verma, Alka Amin, Kumar Sanu, Chandrachoor Rai, V.K. Sharma",2015
Dum Laga Ke Haisha,Dard Karaara,Anu Malik,Kumar Sanu & Sadhana Sargam,"Bhumi Pednekar, Ayushmann Khurrana, Sheeba Chaddha, Sanjay Mishra, Seema Pahwa, Shrikant Verma, Alka Amin, Kumar Sanu, Chandrachoor Rai, V.K. Sharma",2015
Dum Laga Ke Haisha,Sunder Susheel,Anu Malik,Malini Awasthi & Rahul Ram,"Bhumi Pednekar, Ayushmann Khurrana, Sheeba Chaddha, Sanjay Mishra, Seema Pahwa, Shrikant Verma, Alka Amin, Kumar Sanu, Chandrachoor Rai, V.K. Sharma",2015
Dum Laga Ke Haisha,Prem's Theme,Anu Malik,Papon,"Bhumi Pednekar, Ayushmann Khurrana, Sheeba Chaddha, Sanjay Mishra, Seema Pahwa, Shrikant Verma, Alka Amin, Kumar Sanu, Chandrachoor Rai, V.K. Sharma",2015
NH10,Chhil Gaye Naina,"Anirban Chakraborty, Sanjeev–Darshan, Ayush Shrestha, Savera Mehta, Samira Koppikar","Sanjeev Darshan, Kanika Kapoor & Deepanshu Pandit","Anushka Sharma, Neil Bhoopalam, Darshan Kumaar, Deepti Naval, Ravi Jhankal, Ravi Beniwal, Tanya Purohit, Radhika Duggal, Sushil Tyagi",2015
NH10,"Le Chal Mujhe"" (Male Version)","Anirban Chakraborty, Sanjeev–Darshan, Ayush Shrestha, Savera Mehta, Samira Koppikar",Bann Chakraborty & Mohit Chauhan,"Anushka Sharma, Neil Bhoopalam, Darshan Kumaar, Deepti Naval, Ravi Jhankal, Ravi Beniwal, Tanya Purohit, Radhika Duggal, Sushil Tyagi",2015
NH10,Main Jo,"Anirban Chakraborty, Sanjeev–Darshan, Ayush Shrestha, Savera Mehta, Samira Koppikar","Sonu Nigam, Shaan, Himesh, Jayash, Sunidhi & Vasundhara","Anushka Sharma, Neil Bhoopalam, Darshan Kumaar, Deepti Naval, Ravi Jhankal, Ravi Beniwal, Tanya Purohit, Radhika Duggal, Sushil Tyagi",2015
NH10,Khoney De,"Anirban Chakraborty, Sanjeev–Darshan, Ayush Shrestha, Savera Mehta, Samira Koppikar","Bann Chakraborty, Mohit Chauhan & Neeti Mohan","Anushka Sharma, Neil Bhoopalam, Darshan Kumaar, Deepti Naval, Ravi Jhankal, Ravi Beniwal, Tanya Purohit, Radhika Duggal, Sushil Tyagi",2015
NH10,Maati Ka Palang,"Anirban Chakraborty, Sanjeev–Darshan, Ayush Shrestha, Savera Mehta, Samira Koppikar",Samira Koppikar,"Anushka Sharma, Neil Bhoopalam, Darshan Kumaar, Deepti Naval, Ravi Jhankal, Ravi Beniwal, Tanya Purohit, Radhika Duggal, Sushil Tyagi",2015
NH10,"Le Chal Mujhe"" (Female Version)","Anirban Chakraborty, Sanjeev–Darshan, Ayush Shrestha, Savera Mehta, Samira Koppikar",Bann Chakraborty & Shilpa Rao,"Anushka Sharma, Neil Bhoopalam, Darshan Kumaar, Deepti Naval, Ravi Jhankal, Ravi Beniwal, Tanya Purohit, Radhika Duggal, Sushil Tyagi",2015
NH10,Kya Karein,"Anirban Chakraborty, Sanjeev–Darshan, Ayush Shrestha, Savera Mehta, Samira Koppikar","Ayush Shrestha, Savera & Rachel Varghese","Anushka Sharma, Neil Bhoopalam, Darshan Kumaar, Deepti Naval, Ravi Jhankal, Ravi Beniwal, Tanya Purohit, Radhika Duggal, Sushil Tyagi",2015
NH10,"Le Chal Mujhe"" (Reprise Version)","Anirban Chakraborty, Sanjeev–Darshan, Ayush Shrestha, Savera Mehta, Samira Koppikar",Bann Chakraborty & Arijit Singh,"Anushka Sharma, Neil Bhoopalam, Darshan Kumaar, Deepti Naval, Ravi Jhankal, Ravi Beniwal, Tanya Purohit, Radhika Duggal, Sushil Tyagi",2015
NH10,"Khoney De"" (Instrumental Version)","Anirban Chakraborty, Sanjeev–Darshan, Ayush Shrestha, Savera Mehta, Samira Koppikar",Bann Chakraborty,"Anushka Sharma, Neil Bhoopalam, Darshan Kumaar, Deepti Naval, Ravi Jhankal, Ravi Beniwal, Tanya Purohit, Radhika Duggal, Sushil Tyagi",2015
Hunterrr,Hunterrr 303,Khamosh Shah,Bappi Lahiri,"Gulshan Devaiah, Radhika Apte, Sai Tamhankar, Sagar Deshmukh, Vaibhav Tatwawadi, Suraj Jagan, Kiran Khoje",2015
Hunterrr,Chori Chori,Khamosh Shah,Alka Yagnik & Sonu Nigam,"Gulshan Devaiah, Radhika Apte, Sai Tamhankar, Sagar Deshmukh, Vaibhav Tatwawadi, Suraj Jagan, Kiran Khoje",2015
Hunterrr,Thaali Hai Khaali,Khamosh Shah,Nakash Aziz,"Gulshan Devaiah, Radhika Apte, Sai Tamhankar, Sagar Deshmukh, Vaibhav Tatwawadi, Suraj Jagan, Kiran Khoje",2015
Hunterrr,Naina,Khamosh Shah,"Diljit Dosanjh, Badshah & Raj Ranjodh","Gulshan Devaiah, Radhika Apte, Sai Tamhankar, Sagar Deshmukh, Vaibhav Tatwawadi, Suraj Jagan, Kiran Khoje",2015
Hunterrr,Bachpan,Khamosh Shah,Savita Singh TT,"Gulshan Devaiah, Radhika Apte, Sai Tamhankar, Sagar Deshmukh, Vaibhav Tatwawadi, Suraj Jagan, Kiran Khoje",2015
Hunterrr,Ye Naa Gade,Khamosh Shah,Anand Shinde & Vaishali Made,"Gulshan Devaiah, Radhika Apte, Sai Tamhankar, Sagar Deshmukh, Vaibhav Tatwawadi, Suraj Jagan, Kiran Khoje",2015
Hunterrr,Dil Lagaana,Khamosh Shah,Altaf Raja,"Gulshan Devaiah, Radhika Apte, Sai Tamhankar, Sagar Deshmukh, Vaibhav Tatwawadi, Suraj Jagan, Kiran Khoje",2015
Detective Byomkesh Bakshy!,Calcutta Kiss,Various Artists,Imaad Shah & Saba Azad,"Sushant Singh Rajput, Anand Tiwari, Neeraj Kabi, Swastika Mukherjee, Divya Menon, Meiyang Chang, Mark Bennington, Takanori Higuchi, Kausik Ghosh, Anindya Pulak Banerjee",2015
Detective Byomkesh Bakshy!,Bach Ke Bakshy,Various Artists,"Gowri Jayakumar, Thomson Andrews, Big Deal, Smokey The Ghost & Craz Professa","Sushant Singh Rajput, Anand Tiwari, Neeraj Kabi, Swastika Mukherjee, Divya Menon, Meiyang Chang, Mark Bennington, Takanori Higuchi, Kausik Ghosh, Anindya Pulak Banerjee",2015
Detective Byomkesh Bakshy!,Byomkesh in Love,Various Artists,"Rishi Bradoo, Anil Bradoo & Usri Banerjee","Sushant Singh Rajput, Anand Tiwari, Neeraj Kabi, Swastika Mukherjee, Divya Menon, Meiyang Chang, Mark Bennington, Takanori Higuchi, Kausik Ghosh, Anindya Pulak Banerjee",2015
Detective Byomkesh Bakshy!,Jaanam,Various Artists,Vishal Mishra,"Sushant Singh Rajput, Anand Tiwari, Neeraj Kabi, Swastika Mukherjee, Divya Menon, Meiyang Chang, Mark Bennington, Takanori Higuchi, Kausik Ghosh, Anindya Pulak Banerjee",2015
Detective Byomkesh Bakshy!,Chase in Chinatown,Various Artists,"Vyshnav Balasubramaniam, Sandeep Madhavan & Manas Ullas","Sushant Singh Rajput, Anand Tiwari, Neeraj Kabi, Swastika Mukherjee, Divya Menon, Meiyang Chang, Mark Bennington, Takanori Higuchi, Kausik Ghosh, Anindya Pulak Banerjee",2015
Detective Byomkesh Bakshy!,Life's A Bitch,Various Artists,Not Found,"Sushant Singh Rajput, Anand Tiwari, Neeraj Kabi, Swastika Mukherjee, Divya Menon, Meiyang Chang, Mark Bennington, Takanori Higuchi, Kausik Ghosh, Anindya Pulak Banerjee",2015
Detective Byomkesh Bakshy!,Yang Guang Lives,Various Artists,IJA,"Sushant Singh Rajput, Anand Tiwari, Neeraj Kabi, Swastika Mukherjee, Divya Menon, Meiyang Chang, Mark Bennington, Takanori Higuchi, Kausik Ghosh, Anindya Pulak Banerjee",2015
Ek Paheli Leela,Desi Look,"Meet Bros Anjjan, Amaal Mallik, Dr. Zeus, Tony Kakkar, Uzair Jaswal, Background Score:, Mannan Munjal",Kanika Kapoor,"Sunny Leone, Rajneesh Duggal, Rahul Dev, Mohit Ahlawat , Jay Bhanushali, Ahsaan Qureshi",2015
Ek Paheli Leela,"Tere Bin Nahi Laage"" (Male Version)","Meet Bros Anjjan, Amaal Mallik, Dr. Zeus, Tony Kakkar, Uzair Jaswal, Background Score:, Mannan Munjal",Uzair Jaswal,"Sunny Leone, Rajneesh Duggal, Rahul Dev, Mohit Ahlawat , Jay Bhanushali, Ahsaan Qureshi",2015
Ek Paheli Leela,Saiyaan Superstar,"Meet Bros Anjjan, Amaal Mallik, Dr. Zeus, Tony Kakkar, Uzair Jaswal, Background Score:, Mannan Munjal",Tulsi Kumar,"Sunny Leone, Rajneesh Duggal, Rahul Dev, Mohit Ahlawat , Jay Bhanushali, Ahsaan Qureshi",2015
Ek Paheli Leela,Khuda Bhi,"Meet Bros Anjjan, Amaal Mallik, Dr. Zeus, Tony Kakkar, Uzair Jaswal, Background Score:, Mannan Munjal",Mohit Chauhan,"Sunny Leone, Rajneesh Duggal, Rahul Dev, Mohit Ahlawat , Jay Bhanushali, Ahsaan Qureshi",2015
Ek Paheli Leela,Glamorous Ankhiyaan,"Meet Bros Anjjan, Amaal Mallik, Dr. Zeus, Tony Kakkar, Uzair Jaswal, Background Score:, Mannan Munjal",Meet Bros Anjjan,"Sunny Leone, Rajneesh Duggal, Rahul Dev, Mohit Ahlawat , Jay Bhanushali, Ahsaan Qureshi",2015
Ek Paheli Leela,Main Hoon Deewana Tera,"Meet Bros Anjjan, Amaal Mallik, Dr. Zeus, Tony Kakkar, Uzair Jaswal, Background Score:, Mannan Munjal",Meet Bros Anjjan,"Sunny Leone, Rajneesh Duggal, Rahul Dev, Mohit Ahlawat , Jay Bhanushali, Ahsaan Qureshi",2015
Ek Paheli Leela,Dhol Baaje,"Meet Bros Anjjan, Amaal Mallik, Dr. Zeus, Tony Kakkar, Uzair Jaswal, Background Score:, Mannan Munjal",Meet Bros Anjjan,"Sunny Leone, Rajneesh Duggal, Rahul Dev, Mohit Ahlawat , Jay Bhanushali, Ahsaan Qureshi",2015
Ek Paheli Leela,"Tere Bin Nahi Laage"" (Female Version)","Meet Bros Anjjan, Amaal Mallik, Dr. Zeus, Tony Kakkar, Uzair Jaswal, Background Score:, Mannan Munjal",Uzair Jaswal,"Sunny Leone, Rajneesh Duggal, Rahul Dev, Mohit Ahlawat , Jay Bhanushali, Ahsaan Qureshi",2015
Ek Paheli Leela,Ek Do Teen Chaar,"Meet Bros Anjjan, Amaal Mallik, Dr. Zeus, Tony Kakkar, Uzair Jaswal, Background Score:, Mannan Munjal",Neha Kakkar & Tony Kakkar,"Sunny Leone, Rajneesh Duggal, Rahul Dev, Mohit Ahlawat , Jay Bhanushali, Ahsaan Qureshi",2015
Margarita with a Straw,Dusokute,Mikey McCleary,Joi Barua,"Kalki Koechlin, Revathi, Sayani Gupta, Hussain Dalal, William Moseley, Kuljeet Singh, Malhar Khushu, Tenzing Dalha, Shuchi Dwivedi, Doug Plaut",2015
Margarita with a Straw,"Dusokute"" (Duet version)",Mikey McCleary,Joi Barua & Sharmistha Chatterjee,"Kalki Koechlin, Revathi, Sayani Gupta, Hussain Dalal, William Moseley, Kuljeet Singh, Malhar Khushu, Tenzing Dalha, Shuchi Dwivedi, Doug Plaut",2015
Margarita with a Straw,Foreign Balamwa,Mikey McCleary,Sonu Kakkar,"Kalki Koechlin, Revathi, Sayani Gupta, Hussain Dalal, William Moseley, Kuljeet Singh, Malhar Khushu, Tenzing Dalha, Shuchi Dwivedi, Doug Plaut",2015
Margarita with a Straw,Choone Chali Aasman,Mikey McCleary,Rachel Varghese,"Kalki Koechlin, Revathi, Sayani Gupta, Hussain Dalal, William Moseley, Kuljeet Singh, Malhar Khushu, Tenzing Dalha, Shuchi Dwivedi, Doug Plaut",2015
Margarita with a Straw,Meri Aadat Mera Hissa,Mikey McCleary,Anushka Manchanda,"Kalki Koechlin, Revathi, Sayani Gupta, Hussain Dalal, William Moseley, Kuljeet Singh, Malhar Khushu, Tenzing Dalha, Shuchi Dwivedi, Doug Plaut",2015
Margarita with a Straw,I Need a Man,Mikey McCleary,John Travolta & Olivia Newton-John,"Kalki Koechlin, Revathi, Sayani Gupta, Hussain Dalal, William Moseley, Kuljeet Singh, Malhar Khushu, Tenzing Dalha, Shuchi Dwivedi, Doug Plaut",2015
Margarita with a Straw,Don't Go Running Off Anytime Soon,Mikey McCleary,Not Found,"Kalki Koechlin, Revathi, Sayani Gupta, Hussain Dalal, William Moseley, Kuljeet Singh, Malhar Khushu, Tenzing Dalha, Shuchi Dwivedi, Doug Plaut",2015
Margarita with a Straw,Aai's Aalap,Mikey McCleary,Rajnigandha Shekhawat,"Kalki Koechlin, Revathi, Sayani Gupta, Hussain Dalal, William Moseley, Kuljeet Singh, Malhar Khushu, Tenzing Dalha, Shuchi Dwivedi, Doug Plaut",2015
Margarita with a Straw,"Laila's Theme"" (instrumental)",Mikey McCleary,Himesh Reshammiya,"Kalki Koechlin, Revathi, Sayani Gupta, Hussain Dalal, William Moseley, Kuljeet Singh, Malhar Khushu, Tenzing Dalha, Shuchi Dwivedi, Doug Plaut",2015
Gabbar Is Back,Teri Meri Kahaani,"Chirantan Bhatt, Yo Yo Honey Singh, Manj Musik, Background Score:, Amar Mohile",Arijit Singh & Palak Muchhal,"Akshay Kumar, Shruti Haasan, Suman, Jaideep Ahlawat, Sunil Grover, Ishita Vyas, Shruti Bapna, Kareena Kapoor Khan, Ravi Prakash, Manoj Chandila",2015
Gabbar Is Back,Coffee Peetey Peetey,"Chirantan Bhatt, Yo Yo Honey Singh, Manj Musik, Background Score:, Amar Mohile",Dev Negi & Paroma Das Gupta,"Akshay Kumar, Shruti Haasan, Suman, Jaideep Ahlawat, Sunil Grover, Ishita Vyas, Shruti Bapna, Kareena Kapoor Khan, Ravi Prakash, Manoj Chandila",2015
Gabbar Is Back,Aao Raja,"Chirantan Bhatt, Yo Yo Honey Singh, Manj Musik, Background Score:, Amar Mohile",Neha Kakkar & Yo Yo Honey Singh,"Akshay Kumar, Shruti Haasan, Suman, Jaideep Ahlawat, Sunil Grover, Ishita Vyas, Shruti Bapna, Kareena Kapoor Khan, Ravi Prakash, Manoj Chandila",2015
Gabbar Is Back,Warna Gabbar Aa Jayega,"Chirantan Bhatt, Yo Yo Honey Singh, Manj Musik, Background Score:, Amar Mohile",Manj Musik & Raftaar,"Akshay Kumar, Shruti Haasan, Suman, Jaideep Ahlawat, Sunil Grover, Ishita Vyas, Shruti Bapna, Kareena Kapoor Khan, Ravi Prakash, Manoj Chandila",2015
Piku,Bezubaan,Anupam Roy,"Mohit Chauhan, Priya Panchal, Deane Sequeira, Tanvi Shah & Sachin-Jigar","Deepika Padukone, Amitabh Bachchan, Irrfan Khan, Moushumi Chatterjee, Raghubir Yadav, Jisshu Sengupta, Swaroopa Ghosh, Avijit Dutt, Akshay Oberoi, Aniruddha Roy Chowdhury",2015
Piku,Journey Song,Anupam Roy,Anupam Roy & Shreya Ghoshal,"Deepika Padukone, Amitabh Bachchan, Irrfan Khan, Moushumi Chatterjee, Raghubir Yadav, Jisshu Sengupta, Swaroopa Ghosh, Avijit Dutt, Akshay Oberoi, Aniruddha Roy Chowdhury",2015
Piku,Lamhe Guzar Gaye,Anupam Roy,Anupam Roy,"Deepika Padukone, Amitabh Bachchan, Irrfan Khan, Moushumi Chatterjee, Raghubir Yadav, Jisshu Sengupta, Swaroopa Ghosh, Avijit Dutt, Akshay Oberoi, Aniruddha Roy Chowdhury",2015
Piku,Piku,Anupam Roy,Sunidhi Chauhan,"Deepika Padukone, Amitabh Bachchan, Irrfan Khan, Moushumi Chatterjee, Raghubir Yadav, Jisshu Sengupta, Swaroopa Ghosh, Avijit Dutt, Akshay Oberoi, Aniruddha Roy Chowdhury",2015
Piku,Teri Meri Baatein,Anupam Roy,Anupam Roy,"Deepika Padukone, Amitabh Bachchan, Irrfan Khan, Moushumi Chatterjee, Raghubir Yadav, Jisshu Sengupta, Swaroopa Ghosh, Avijit Dutt, Akshay Oberoi, Aniruddha Roy Chowdhury",2015
Bombay Velvet,Fifi,Amit Trivedi,Suman Sridhar,"Ranbir Kapoor, Anushka Sharma, Karan Johar, Kay Kay Menon, Satyadeep Misra, Manish Chaudhary, Vivaan Shah, Siddhartha Basu, Remo Fernandes, Raveena Tandon",2015
Bombay Velvet,Aam Hindustani,Amit Trivedi,Shefali Alvares,"Ranbir Kapoor, Anushka Sharma, Karan Johar, Kay Kay Menon, Satyadeep Misra, Manish Chaudhary, Vivaan Shah, Siddhartha Basu, Remo Fernandes, Raveena Tandon",2015
Bombay Velvet,"Mohabbat Buri Bimari"" (Version 1)",Amit Trivedi,Shalmali Kholgade,"Ranbir Kapoor, Anushka Sharma, Karan Johar, Kay Kay Menon, Satyadeep Misra, Manish Chaudhary, Vivaan Shah, Siddhartha Basu, Remo Fernandes, Raveena Tandon",2015
Bombay Velvet,"Mohobbat Buri Bimari"" (Version 2)",Amit Trivedi,Shalmali Kholgade,"Ranbir Kapoor, Anushka Sharma, Karan Johar, Kay Kay Menon, Satyadeep Misra, Manish Chaudhary, Vivaan Shah, Siddhartha Basu, Remo Fernandes, Raveena Tandon",2015
Bombay Velvet,Kha Kha Ga,Amit Trivedi,"Asha Bhosle, Prayag Raj & Shabbir Kumar","Ranbir Kapoor, Anushka Sharma, Karan Johar, Kay Kay Menon, Satyadeep Misra, Manish Chaudhary, Vivaan Shah, Siddhartha Basu, Remo Fernandes, Raveena Tandon",2015
Bombay Velvet,Dhadaam Dhadaam,Amit Trivedi,Not Found,"Ranbir Kapoor, Anushka Sharma, Karan Johar, Kay Kay Menon, Satyadeep Misra, Manish Chaudhary, Vivaan Shah, Siddhartha Basu, Remo Fernandes, Raveena Tandon",2015
Bombay Velvet,Naak Pe Gussa,Amit Trivedi,Neeti Mohan,"Ranbir Kapoor, Anushka Sharma, Karan Johar, Kay Kay Menon, Satyadeep Misra, Manish Chaudhary, Vivaan Shah, Siddhartha Basu, Remo Fernandes, Raveena Tandon",2015
Bombay Velvet,Sylvia,Amit Trivedi,Neeti Mohan,"Ranbir Kapoor, Anushka Sharma, Karan Johar, Kay Kay Menon, Satyadeep Misra, Manish Chaudhary, Vivaan Shah, Siddhartha Basu, Remo Fernandes, Raveena Tandon",2015
Bombay Velvet,Darbaan,Amit Trivedi,Papon,"Ranbir Kapoor, Anushka Sharma, Karan Johar, Kay Kay Menon, Satyadeep Misra, Manish Chaudhary, Vivaan Shah, Siddhartha Basu, Remo Fernandes, Raveena Tandon",2015
Bombay Velvet,Shut Up,Amit Trivedi,WALK THE MOON,"Ranbir Kapoor, Anushka Sharma, Karan Johar, Kay Kay Menon, Satyadeep Misra, Manish Chaudhary, Vivaan Shah, Siddhartha Basu, Remo Fernandes, Raveena Tandon",2015
Bombay Velvet,Behroopia,Amit Trivedi,Error,"Ranbir Kapoor, Anushka Sharma, Karan Johar, Kay Kay Menon, Satyadeep Misra, Manish Chaudhary, Vivaan Shah, Siddhartha Basu, Remo Fernandes, Raveena Tandon",2015
Bombay Velvet,The Bombay Velvet Theme,Amit Trivedi,Amit Trivedi,"Ranbir Kapoor, Anushka Sharma, Karan Johar, Kay Kay Menon, Satyadeep Misra, Manish Chaudhary, Vivaan Shah, Siddhartha Basu, Remo Fernandes, Raveena Tandon",2015
Bombay Velvet,Conspiracy,Amit Trivedi,Monali Thakur,"Ranbir Kapoor, Anushka Sharma, Karan Johar, Kay Kay Menon, Satyadeep Misra, Manish Chaudhary, Vivaan Shah, Siddhartha Basu, Remo Fernandes, Raveena Tandon",2015
Bombay Velvet,Tommy Gun,Amit Trivedi,Amit Trivedi,"Ranbir Kapoor, Anushka Sharma, Karan Johar, Kay Kay Menon, Satyadeep Misra, Manish Chaudhary, Vivaan Shah, Siddhartha Basu, Remo Fernandes, Raveena Tandon",2015
Bombay Velvet,"Mohobbat Buri Bimari"" (Version 3)",Amit Trivedi,Shalmali Kholgade,"Ranbir Kapoor, Anushka Sharma, Karan Johar, Kay Kay Menon, Satyadeep Misra, Manish Chaudhary, Vivaan Shah, Siddhartha Basu, Remo Fernandes, Raveena Tandon",2015
Hamari Adhuri Kahani,"Hamari Adhuri Kahani"" (Title Track)","Mithoon, Jeet Gannguli, Ami Mishra, Zubeen Garg, Background Score:, Raju Singh",Jeet Gannguli & Arijit Singh,"Vidya Balan, Emraan Hashmi, Rajkummar Rao, Sara Khan, Madhurima Tuli, Suhasini Mulay, Namit Das, Narendra Jha, Amala Akkineni, Prabal Panjabi",2015
Hamari Adhuri Kahani,Humnava,"Mithoon, Jeet Gannguli, Ami Mishra, Zubeen Garg, Background Score:, Raju Singh",Mithoon & Papon,"Vidya Balan, Emraan Hashmi, Rajkummar Rao, Sara Khan, Madhurima Tuli, Suhasini Mulay, Namit Das, Narendra Jha, Amala Akkineni, Prabal Panjabi",2015
Hamari Adhuri Kahani,Yeh Kaisi Jagah,"Mithoon, Jeet Gannguli, Ami Mishra, Zubeen Garg, Background Score:, Raju Singh",Jeet Gannguli & Deepali Sathe,"Vidya Balan, Emraan Hashmi, Rajkummar Rao, Sara Khan, Madhurima Tuli, Suhasini Mulay, Namit Das, Narendra Jha, Amala Akkineni, Prabal Panjabi",2015
Hamari Adhuri Kahani,Hasi,"Mithoon, Jeet Gannguli, Ami Mishra, Zubeen Garg, Background Score:, Raju Singh",Ami Mishra & Shreya Ghoshal,"Vidya Balan, Emraan Hashmi, Rajkummar Rao, Sara Khan, Madhurima Tuli, Suhasini Mulay, Namit Das, Narendra Jha, Amala Akkineni, Prabal Panjabi",2015
Hamari Adhuri Kahani,"Hasi"" (Female)","Mithoon, Jeet Gannguli, Ami Mishra, Zubeen Garg, Background Score:, Raju Singh",Ami Mishra & Shreya Ghoshal,"Vidya Balan, Emraan Hashmi, Rajkummar Rao, Sara Khan, Madhurima Tuli, Suhasini Mulay, Namit Das, Narendra Jha, Amala Akkineni, Prabal Panjabi",2015
Hamari Adhuri Kahani,"Hamari Adhuri Kahani"" (Encore)","Mithoon, Jeet Gannguli, Ami Mishra, Zubeen Garg, Background Score:, Raju Singh",Jeet Gannguli & Arijit Singh,"Vidya Balan, Emraan Hashmi, Rajkummar Rao, Sara Khan, Madhurima Tuli, Suhasini Mulay, Namit Das, Narendra Jha, Amala Akkineni, Prabal Panjabi",2015
Hamari Adhuri Kahani,Zaroori Tha[4][5],"Mithoon, Jeet Gannguli, Ami Mishra, Zubeen Garg, Background Score:, Raju Singh",Rahat Fateh Ali Khan,"Vidya Balan, Emraan Hashmi, Rajkummar Rao, Sara Khan, Madhurima Tuli, Suhasini Mulay, Namit Das, Narendra Jha, Amala Akkineni, Prabal Panjabi",2015
Masaan,Tu Kisi Rail Si,"Indian Ocean, Background Score:, Bruno Coulais, Passerelle",Swanand Kirkire,"Richa Chadha, Sanjay Mishra, Vicky Kaushal, Shweta Tripathi Sharma, Pankaj Tripathi, Bhagwan Tiwari, Vineet Kumar, Bhupesh Singh, Nikhil Sahni, Satyakam Anand",2015
Masaan,Mann Kasturi,"Indian Ocean, Background Score:, Bruno Coulais, Passerelle","Amit Kilam, Rahul Ram & Himanshu Joshi","Richa Chadha, Sanjay Mishra, Vicky Kaushal, Shweta Tripathi Sharma, Pankaj Tripathi, Bhagwan Tiwari, Vineet Kumar, Bhupesh Singh, Nikhil Sahni, Satyakam Anand",2015
Masaan,Bhor,"Indian Ocean, Background Score:, Bruno Coulais, Passerelle","Amit Kilam, Rahul Ram & Himanshu Joshi","Richa Chadha, Sanjay Mishra, Vicky Kaushal, Shweta Tripathi Sharma, Pankaj Tripathi, Bhagwan Tiwari, Vineet Kumar, Bhupesh Singh, Nikhil Sahni, Satyakam Anand",2015
Masaan,Tumhari Nazrein Katam,"Indian Ocean, Background Score:, Bruno Coulais, Passerelle",Not Found,"Richa Chadha, Sanjay Mishra, Vicky Kaushal, Shweta Tripathi Sharma, Pankaj Tripathi, Bhagwan Tiwari, Vineet Kumar, Bhupesh Singh, Nikhil Sahni, Satyakam Anand",2015
Brothers,Brothers Anthem,Ajay–Atul,Ajay-Atul & Vishal Dadlani,"Akshay Kumar, Sidharth Malhotra, Jackie Shroff, Jacqueline Fernandez, Shefali Shah, Kareena Kapoor Khan, Ashutosh Rana, Kiran Kumar, Daniel Bernhardt, Kavi Shastri",2015
Brothers,"Gaaye Jaa"" (Female Version)",Ajay–Atul,Ajay-Atul & Shreya Ghoshal,"Akshay Kumar, Sidharth Malhotra, Jackie Shroff, Jacqueline Fernandez, Shefali Shah, Kareena Kapoor Khan, Ashutosh Rana, Kiran Kumar, Daniel Bernhardt, Kavi Shastri",2015
Brothers,Sapna Jahan,Ajay–Atul,"Ajay-Atul, Sonu Nigam & Neeti Mohan","Akshay Kumar, Sidharth Malhotra, Jackie Shroff, Jacqueline Fernandez, Shefali Shah, Kareena Kapoor Khan, Ashutosh Rana, Kiran Kumar, Daniel Bernhardt, Kavi Shastri",2015
Brothers,Mera Naam Mary Hai,Ajay–Atul,Ajay-Atul & Chinmayi Sripada,"Akshay Kumar, Sidharth Malhotra, Jackie Shroff, Jacqueline Fernandez, Shefali Shah, Kareena Kapoor Khan, Ashutosh Rana, Kiran Kumar, Daniel Bernhardt, Kavi Shastri",2015
Brothers,"Gaaye Jaa"" (Male Version)",Ajay–Atul,Ajay-Atul & Mohammed Irfan,"Akshay Kumar, Sidharth Malhotra, Jackie Shroff, Jacqueline Fernandez, Shefali Shah, Kareena Kapoor Khan, Ashutosh Rana, Kiran Kumar, Daniel Bernhardt, Kavi Shastri",2015
Brothers,"Brothers Mashup"" (DJ Kiran Kamath Mashup)",Ajay–Atul,"Ajay-Atul, Sonu Nigam & Neeti Mohan","Akshay Kumar, Sidharth Malhotra, Jackie Shroff, Jacqueline Fernandez, Shefali Shah, Kareena Kapoor Khan, Ashutosh Rana, Kiran Kumar, Daniel Bernhardt, Kavi Shastri",2015
All Is Well,Baaton Ko Teri,"Himesh Reshammiya, Mithoon, Amaal Mallik, Meet Bros Anjjan, Background Score:, Sanjoy Chowdhury",Arijit Singh,"Rishi Kapoor, Abhishek Bachchan, Asin Thottumkal, Supriya Karnik, Mohammed Zeeshan Ayyub, Herry Tangiri",2015
All Is Well,Mere Humsafar,"Himesh Reshammiya, Mithoon, Amaal Mallik, Meet Bros Anjjan, Background Score:, Sanjoy Chowdhury",Akhil Sachdeva & Mansheel Gujral,"Rishi Kapoor, Abhishek Bachchan, Asin Thottumkal, Supriya Karnik, Mohammed Zeeshan Ayyub, Herry Tangiri",2015
All Is Well,Nachan Farrate,"Himesh Reshammiya, Mithoon, Amaal Mallik, Meet Bros Anjjan, Background Score:, Sanjoy Chowdhury",Meet Bros & Kanika Kapoor,"Rishi Kapoor, Abhishek Bachchan, Asin Thottumkal, Supriya Karnik, Mohammed Zeeshan Ayyub, Herry Tangiri",2015
All Is Well,Chaar Shanivaar,"Himesh Reshammiya, Mithoon, Amaal Mallik, Meet Bros Anjjan, Background Score:, Sanjoy Chowdhury","Vishal Dadlani, Armaan Malik & Badshah","Rishi Kapoor, Abhishek Bachchan, Asin Thottumkal, Supriya Karnik, Mohammed Zeeshan Ayyub, Herry Tangiri",2015
All Is Well,Tu Milade,"Himesh Reshammiya, Mithoon, Amaal Mallik, Meet Bros Anjjan, Background Score:, Sanjoy Chowdhury",Ankit Tiwari & Mayur Puri,"Rishi Kapoor, Abhishek Bachchan, Asin Thottumkal, Supriya Karnik, Mohammed Zeeshan Ayyub, Herry Tangiri",2015
All Is Well,YOLO,"Himesh Reshammiya, Mithoon, Amaal Mallik, Meet Bros Anjjan, Background Score:, Sanjoy Chowdhury",Sreerama Chandra,"Rishi Kapoor, Abhishek Bachchan, Asin Thottumkal, Supriya Karnik, Mohammed Zeeshan Ayyub, Herry Tangiri",2015
Phantom,Afghan Jalebi (Ya Baba),Pritam,"Pritam, Asrar & Akhtar Channal","Saif Ali Khan, Katrina Kaif, Mohammed Zeeshan Ayyub, Rajesh Tailang, Sabyasachi Chakraborty, Denzil Smith, Shahnawaz Pradhan, Mir Sarwar, J. Brandon Hill, Chittaranjan Giri",2015
Phantom,Saware,Pritam,Pritam & Arijit Singh,"Saif Ali Khan, Katrina Kaif, Mohammed Zeeshan Ayyub, Rajesh Tailang, Sabyasachi Chakraborty, Denzil Smith, Shahnawaz Pradhan, Mir Sarwar, J. Brandon Hill, Chittaranjan Giri",2015
Phantom,Nachda,Pritam,Pritam & Shahid Mallya,"Saif Ali Khan, Katrina Kaif, Mohammed Zeeshan Ayyub, Rajesh Tailang, Sabyasachi Chakraborty, Denzil Smith, Shahnawaz Pradhan, Mir Sarwar, J. Brandon Hill, Chittaranjan Giri",2015
Phantom,Afghan Jalebi (Film Version),Pritam,Pritam & Akhtar Channal,"Saif Ali Khan, Katrina Kaif, Mohammed Zeeshan Ayyub, Rajesh Tailang, Sabyasachi Chakraborty, Denzil Smith, Shahnawaz Pradhan, Mir Sarwar, J. Brandon Hill, Chittaranjan Giri",2015
Phantom,Afghan Jalebi (Dumbek Version),Pritam,Pritam & Akhtar Channal,"Saif Ali Khan, Katrina Kaif, Mohammed Zeeshan Ayyub, Rajesh Tailang, Sabyasachi Chakraborty, Denzil Smith, Shahnawaz Pradhan, Mir Sarwar, J. Brandon Hill, Chittaranjan Giri",2015
Phantom,Ya Baba (Fitna Farebi),Pritam,Pritam & Nakash Aziz,"Saif Ali Khan, Katrina Kaif, Mohammed Zeeshan Ayyub, Rajesh Tailang, Sabyasachi Chakraborty, Denzil Smith, Shahnawaz Pradhan, Mir Sarwar, J. Brandon Hill, Chittaranjan Giri",2015
Hero,Main Hoon Hero Tera,"Amaal Mallik, Meet Bros Anjjan, Sachin–Jigar, Jassi Katyal",Armaan Malik,"Sooraj Pancholi, Athiya Shetty, Aditya Pancholi, Sharad Kelkar, Tigmanshu Dhulia, Vivan Bhatena, Chetan Hansraj, Anita Hassanandani Reddy, Anil Charanjeett, Kishore Kadam",2015
Hero,Jab We Met,"Amaal Mallik, Meet Bros Anjjan, Sachin–Jigar, Jassi Katyal","Sachin-Jigar, Rahul Pandey & Shalmali Kholgade","Sooraj Pancholi, Athiya Shetty, Aditya Pancholi, Sharad Kelkar, Tigmanshu Dhulia, Vivan Bhatena, Chetan Hansraj, Anita Hassanandani Reddy, Anil Charanjeett, Kishore Kadam",2015
Hero,"Main Hoon Hero Tera"" (Reprise)","Amaal Mallik, Meet Bros Anjjan, Sachin–Jigar, Jassi Katyal",Arijit Singh,"Sooraj Pancholi, Athiya Shetty, Aditya Pancholi, Sharad Kelkar, Tigmanshu Dhulia, Vivan Bhatena, Chetan Hansraj, Anita Hassanandani Reddy, Anil Charanjeett, Kishore Kadam",2015
Hero,Khoya Khoya,"Amaal Mallik, Meet Bros Anjjan, Sachin–Jigar, Jassi Katyal","Sachin-Jigar, Mohit Chauhan & Priya Panchal","Sooraj Pancholi, Athiya Shetty, Aditya Pancholi, Sharad Kelkar, Tigmanshu Dhulia, Vivan Bhatena, Chetan Hansraj, Anita Hassanandani Reddy, Anil Charanjeett, Kishore Kadam",2015
Hero,Yadaan Teriyaan (Version 1),"Amaal Mallik, Meet Bros Anjjan, Sachin–Jigar, Jassi Katyal",Rahat Fateh Ali Khan,"Sooraj Pancholi, Athiya Shetty, Aditya Pancholi, Sharad Kelkar, Tigmanshu Dhulia, Vivan Bhatena, Chetan Hansraj, Anita Hassanandani Reddy, Anil Charanjeett, Kishore Kadam",2015
Hero,Yadaan Teriyaan (Version 2),"Amaal Mallik, Meet Bros Anjjan, Sachin–Jigar, Jassi Katyal",Dev Negi & Shipra Goyal,"Sooraj Pancholi, Athiya Shetty, Aditya Pancholi, Sharad Kelkar, Tigmanshu Dhulia, Vivan Bhatena, Chetan Hansraj, Anita Hassanandani Reddy, Anil Charanjeett, Kishore Kadam",2015
Hero,Dance Ke Legend,"Amaal Mallik, Meet Bros Anjjan, Sachin–Jigar, Jassi Katyal",Meet Bros & Bhoomi Trivedi,"Sooraj Pancholi, Athiya Shetty, Aditya Pancholi, Sharad Kelkar, Tigmanshu Dhulia, Vivan Bhatena, Chetan Hansraj, Anita Hassanandani Reddy, Anil Charanjeett, Kishore Kadam",2015
Hero,O Khuda,"Amaal Mallik, Meet Bros Anjjan, Sachin–Jigar, Jassi Katyal",Amaal Mallik & Palak Muchhal,"Sooraj Pancholi, Athiya Shetty, Aditya Pancholi, Sharad Kelkar, Tigmanshu Dhulia, Vivan Bhatena, Chetan Hansraj, Anita Hassanandani Reddy, Anil Charanjeett, Kishore Kadam",2015
Katti Batti,Sarfira,"Shankar–Ehsaan–Loy, Background Score:, Gulraj Singh","Neeti Mohan, Siddharth Mahadevan, Qaran Mehta & Kumaar","Kangana Ranaut, Imran Khan, Vivan Bhatena, Mithila Palkar, Suparna Marwah, Suhaas Ahuja, Aadar Malik, Anshul Singhal",2015
Katti Batti,Sau Aasoon,"Shankar–Ehsaan–Loy, Background Score:, Gulraj Singh","Rasika Shekhar, Shankar Mahadevan & Kumaar","Kangana Ranaut, Imran Khan, Vivan Bhatena, Mithila Palkar, Suparna Marwah, Suhaas Ahuja, Aadar Malik, Anshul Singhal",2015
Katti Batti,Lip To Lip,"Shankar–Ehsaan–Loy, Background Score:, Gulraj Singh","Ritu Pathak, Nikhil D'Souza & Kumaar","Kangana Ranaut, Imran Khan, Vivan Bhatena, Mithila Palkar, Suparna Marwah, Suhaas Ahuja, Aadar Malik, Anshul Singhal",2015
Katti Batti,Ove Janiya,"Shankar–Ehsaan–Loy, Background Score:, Gulraj Singh",Mohan Kannan & Kumaar,"Kangana Ranaut, Imran Khan, Vivan Bhatena, Mithila Palkar, Suparna Marwah, Suhaas Ahuja, Aadar Malik, Anshul Singhal",2015
Katti Batti,Jaago Mohan Pyaare,"Shankar–Ehsaan–Loy, Background Score:, Gulraj Singh","Rasika Shekhar, Raman Mahadevan, Digvijay Singh Pariyar, Siddharth Basrur & Kumaar","Kangana Ranaut, Imran Khan, Vivan Bhatena, Mithila Palkar, Suparna Marwah, Suhaas Ahuja, Aadar Malik, Anshul Singhal",2015
Katti Batti,Ove Jaaniye (Reprise),"Shankar–Ehsaan–Loy, Background Score:, Gulraj Singh",Not Found,"Kangana Ranaut, Imran Khan, Vivan Bhatena, Mithila Palkar, Suparna Marwah, Suhaas Ahuja, Aadar Malik, Anshul Singhal",2015
Singh Is Bliing,Tung Tung Baje,"Meet Bros Anjjan, Manj Musik, Sajid–Wajid, Sneha Khanwalkar, Background Score:, Sandeep Shirodkar",Diljit Dosanjh & Nooran Sisters,"Akshay Kumar, Amy Jackson, Rati Agnihotri, Lara Dutta, Kay Kay Menon, Sunny Leone, Kunal Kapoor, Arfi Lamba, Anil Charanjeett, Pradeep Ram Singh Rawat",2015
Singh Is Bliing,Singh And Kaur,"Meet Bros Anjjan, Manj Musik, Sajid–Wajid, Sneha Khanwalkar, Background Score:, Sandeep Shirodkar","Tanishk Bagchi, Yasser Desai & Asees Kaur","Akshay Kumar, Amy Jackson, Rati Agnihotri, Lara Dutta, Kay Kay Menon, Sunny Leone, Kunal Kapoor, Arfi Lamba, Anil Charanjeett, Pradeep Ram Singh Rawat",2015
Singh Is Bliing,Cinema Dekhe Mamma,"Meet Bros Anjjan, Manj Musik, Sajid–Wajid, Sneha Khanwalkar, Background Score:, Sandeep Shirodkar","Wajid, Shaan & Ritu Pathak","Akshay Kumar, Amy Jackson, Rati Agnihotri, Lara Dutta, Kay Kay Menon, Sunny Leone, Kunal Kapoor, Arfi Lamba, Anil Charanjeett, Pradeep Ram Singh Rawat",2015
Singh Is Bliing,Mahi Aaja,"Meet Bros Anjjan, Manj Musik, Sajid–Wajid, Sneha Khanwalkar, Background Score:, Sandeep Shirodkar",Manj Musik & Sasha,"Akshay Kumar, Amy Jackson, Rati Agnihotri, Lara Dutta, Kay Kay Menon, Sunny Leone, Kunal Kapoor, Arfi Lamba, Anil Charanjeett, Pradeep Ram Singh Rawat",2015
Singh Is Bliing,Dil Kare Chu Che,"Meet Bros Anjjan, Manj Musik, Sajid–Wajid, Sneha Khanwalkar, Background Score:, Sandeep Shirodkar","Labh Janjua, Apeksha Dandekar & Meet Bros","Akshay Kumar, Amy Jackson, Rati Agnihotri, Lara Dutta, Kay Kay Menon, Sunny Leone, Kunal Kapoor, Arfi Lamba, Anil Charanjeett, Pradeep Ram Singh Rawat",2015
Singh Is Bliing,"Mahi Aaja"" (Unplugged)","Meet Bros Anjjan, Manj Musik, Sajid–Wajid, Sneha Khanwalkar, Background Score:, Sandeep Shirodkar",Arijit Singh & Manj Musik,"Akshay Kumar, Amy Jackson, Rati Agnihotri, Lara Dutta, Kay Kay Menon, Sunny Leone, Kunal Kapoor, Arfi Lamba, Anil Charanjeett, Pradeep Ram Singh Rawat",2015
Singh Is Bliing,"Singh And Kaur"" (Remix)","Meet Bros Anjjan, Manj Musik, Sajid–Wajid, Sneha Khanwalkar, Background Score:, Sandeep Shirodkar","Tanishk Bagchi, Yasser Desai & Asees Kaur","Akshay Kumar, Amy Jackson, Rati Agnihotri, Lara Dutta, Kay Kay Menon, Sunny Leone, Kunal Kapoor, Arfi Lamba, Anil Charanjeett, Pradeep Ram Singh Rawat",2015
Singh Is Bliing,"Mahi Aaja"" (Remix)","Meet Bros Anjjan, Manj Musik, Sajid–Wajid, Sneha Khanwalkar, Background Score:, Sandeep Shirodkar",Manj Musik & Sasha,"Akshay Kumar, Amy Jackson, Rati Agnihotri, Lara Dutta, Kay Kay Menon, Sunny Leone, Kunal Kapoor, Arfi Lamba, Anil Charanjeett, Pradeep Ram Singh Rawat",2015
Talvar,Insaaf,Vishal Bhardwaj,Arooj Aftab,"Irrfan Khan, Konkona Sen Sharma, Neeraj Kabi, Prakash Belawadi, Sohum Shah, Sumit Gulati, Tabu, Shishir Sharma, Gajraj Rao, Atul Kumar",2015
Talvar,Patli Gali,Vishal Bhardwaj,Sukhwinder Singh,"Irrfan Khan, Konkona Sen Sharma, Neeraj Kabi, Prakash Belawadi, Sohum Shah, Sumit Gulati, Tabu, Shishir Sharma, Gajraj Rao, Atul Kumar",2015
Talvar,Shaam Ke Saaye,Vishal Bhardwaj,Arijit Singh,"Irrfan Khan, Konkona Sen Sharma, Neeraj Kabi, Prakash Belawadi, Sohum Shah, Sumit Gulati, Tabu, Shishir Sharma, Gajraj Rao, Atul Kumar",2015
Talvar,Zinda,Vishal Bhardwaj,Shankar Ehsaan Loy & Siddharth Mahadevan,"Irrfan Khan, Konkona Sen Sharma, Neeraj Kabi, Prakash Belawadi, Sohum Shah, Sumit Gulati, Tabu, Shishir Sharma, Gajraj Rao, Atul Kumar",2015
Jazbaa,Bandeyaa,"Amjad-Nadeem, Arko, Badshah, Background Score:, Amar Mohile",Jubin,"Aishwarya Rai Bachchan, Irrfan Khan, Shabana Azmi, Chandan Roy Sanyal, Jackie Shroff, Sara Arjun",2015
Jazbaa,Kahaaniya,"Amjad-Nadeem, Arko, Badshah, Background Score:, Amar Mohile",Desert Bloom Records,"Aishwarya Rai Bachchan, Irrfan Khan, Shabana Azmi, Chandan Roy Sanyal, Jackie Shroff, Sara Arjun",2015
Jazbaa,Bandeyaa (Reprise),"Amjad-Nadeem, Arko, Badshah, Background Score:, Amar Mohile",Asees Kaur,"Aishwarya Rai Bachchan, Irrfan Khan, Shabana Azmi, Chandan Roy Sanyal, Jackie Shroff, Sara Arjun",2015
Jazbaa,Jaane Tere Shehar,"Amjad-Nadeem, Arko, Badshah, Background Score:, Amar Mohile",Vipin Aneja,"Aishwarya Rai Bachchan, Irrfan Khan, Shabana Azmi, Chandan Roy Sanyal, Jackie Shroff, Sara Arjun",2015
Jazbaa,Aaj Raat Ka Scene,"Amjad-Nadeem, Arko, Badshah, Background Score:, Amar Mohile",Badshah & Shraddha Pandit,"Aishwarya Rai Bachchan, Irrfan Khan, Shabana Azmi, Chandan Roy Sanyal, Jackie Shroff, Sara Arjun",2015
Pyaar Ka Punchnama 2,"""Life Sahi Hai""Singers :-Benny Dayal,Vishal Dadlani,KK, Sid Cuotto; Composer :-Clinton Cerejo","Clinton Cerejo, Hitesh Sonik, Luv Ranjan, AD Boyz",Not Found,"Kartik Aaryan, Omkar Kapoor, Sunny Singh, Nushrratt Bharuccha, Sharat Saxena, Joy Badlani, Rumana Molla, Ishita Raj Sharma, Sonnalli Seygall, Mona Ambegaonkar",2015
Pyaar Ka Punchnama 2,"Singers :-Benny Dayal,Vishal Dadlani,KK, Sid Cuotto; Composer :-Clinton Cerejo","Clinton Cerejo, Hitesh Sonik, Luv Ranjan, AD Boyz",Not Found,"Kartik Aaryan, Omkar Kapoor, Sunny Singh, Nushrratt Bharuccha, Sharat Saxena, Joy Badlani, Rumana Molla, Ishita Raj Sharma, Sonnalli Seygall, Mona Ambegaonkar",2015
Pyaar Ka Punchnama 2,"""Chak Glassy""Singer :-Suzanne D'Mello; Composer :- AD Boyz","Clinton Cerejo, Hitesh Sonik, Luv Ranjan, AD Boyz",Not Found,"Kartik Aaryan, Omkar Kapoor, Sunny Singh, Nushrratt Bharuccha, Sharat Saxena, Joy Badlani, Rumana Molla, Ishita Raj Sharma, Sonnalli Seygall, Mona Ambegaonkar",2015
Pyaar Ka Punchnama 2,Singer :-Suzanne D'Mello; Composer :- AD Boyz,"Clinton Cerejo, Hitesh Sonik, Luv Ranjan, AD Boyz",Ad Boyz & Suzanne D'Mello,"Kartik Aaryan, Omkar Kapoor, Sunny Singh, Nushrratt Bharuccha, Sharat Saxena, Joy Badlani, Rumana Molla, Ishita Raj Sharma, Sonnalli Seygall, Mona Ambegaonkar",2015
Pyaar Ka Punchnama 2,"""Baawre""Singer :-Clinton Cerejo; Composer :- Hitesh Sonik","Clinton Cerejo, Hitesh Sonik, Luv Ranjan, AD Boyz",Not Found,"Kartik Aaryan, Omkar Kapoor, Sunny Singh, Nushrratt Bharuccha, Sharat Saxena, Joy Badlani, Rumana Molla, Ishita Raj Sharma, Sonnalli Seygall, Mona Ambegaonkar",2015
Pyaar Ka Punchnama 2,Singer :-Clinton Cerejo; Composer :- Hitesh Sonik,"Clinton Cerejo, Hitesh Sonik, Luv Ranjan, AD Boyz",Not Found,"Kartik Aaryan, Omkar Kapoor, Sunny Singh, Nushrratt Bharuccha, Sharat Saxena, Joy Badlani, Rumana Molla, Ishita Raj Sharma, Sonnalli Seygall, Mona Ambegaonkar",2015
Pyaar Ka Punchnama 2,"""Koi Aa Raha""Singer :-Suraj Jagan; Composer :- Hitesh Sonik","Clinton Cerejo, Hitesh Sonik, Luv Ranjan, AD Boyz",Not Found,"Kartik Aaryan, Omkar Kapoor, Sunny Singh, Nushrratt Bharuccha, Sharat Saxena, Joy Badlani, Rumana Molla, Ishita Raj Sharma, Sonnalli Seygall, Mona Ambegaonkar",2015
Pyaar Ka Punchnama 2,Singer :-Suraj Jagan; Composer :- Hitesh Sonik,"Clinton Cerejo, Hitesh Sonik, Luv Ranjan, AD Boyz",Not Found,"Kartik Aaryan, Omkar Kapoor, Sunny Singh, Nushrratt Bharuccha, Sharat Saxena, Joy Badlani, Rumana Molla, Ishita Raj Sharma, Sonnalli Seygall, Mona Ambegaonkar",2015
Pyaar Ka Punchnama 2,"""Ban Gaya Kutta""Singer :-Mika Singh; Composer :- Luv Ranjan","Clinton Cerejo, Hitesh Sonik, Luv Ranjan, AD Boyz",Not Found,"Kartik Aaryan, Omkar Kapoor, Sunny Singh, Nushrratt Bharuccha, Sharat Saxena, Joy Badlani, Rumana Molla, Ishita Raj Sharma, Sonnalli Seygall, Mona Ambegaonkar",2015
Pyaar Ka Punchnama 2,Singer :-Mika Singh; Composer :- Luv Ranjan,"Clinton Cerejo, Hitesh Sonik, Luv Ranjan, AD Boyz",Not Found,"Kartik Aaryan, Omkar Kapoor, Sunny Singh, Nushrratt Bharuccha, Sharat Saxena, Joy Badlani, Rumana Molla, Ishita Raj Sharma, Sonnalli Seygall, Mona Ambegaonkar",2015
Pyaar Ka Punchnama 2,"""Ishq Na Kariyo Kaake""Singer :-Mika Singh; Composer :-Clinton Cerejo","Clinton Cerejo, Hitesh Sonik, Luv Ranjan, AD Boyz",Not Found,"Kartik Aaryan, Omkar Kapoor, Sunny Singh, Nushrratt Bharuccha, Sharat Saxena, Joy Badlani, Rumana Molla, Ishita Raj Sharma, Sonnalli Seygall, Mona Ambegaonkar",2015
Pyaar Ka Punchnama 2,Singer :-Mika Singh; Composer :-Clinton Cerejo,"Clinton Cerejo, Hitesh Sonik, Luv Ranjan, AD Boyz",Not Found,"Kartik Aaryan, Omkar Kapoor, Sunny Singh, Nushrratt Bharuccha, Sharat Saxena, Joy Badlani, Rumana Molla, Ishita Raj Sharma, Sonnalli Seygall, Mona Ambegaonkar",2015
Shaandaar,Gulaabo,Amit Trivedi,Vishal Dadlani & Anusha Mani,"Shahid Kapoor, Alia Bhatt, Pankaj Kapur, Sanjay Kapoor, Kumud Pant, Niki Aneja Walia, Sanah Kapoor, Vikas Verma, Sushma Seth, Shibani Dandekar",2015
Shaandaar,Shaam Shaandaar,Amit Trivedi,Amit Trivedi,"Shahid Kapoor, Alia Bhatt, Pankaj Kapur, Sanjay Kapoor, Kumud Pant, Niki Aneja Walia, Sanah Kapoor, Vikas Verma, Sushma Seth, Shibani Dandekar",2015
Shaandaar,Nazdeekiyaan,Amit Trivedi,Nikhil Paul George & Neeti Mohan,"Shahid Kapoor, Alia Bhatt, Pankaj Kapur, Sanjay Kapoor, Kumud Pant, Niki Aneja Walia, Sanah Kapoor, Vikas Verma, Sushma Seth, Shibani Dandekar",2015
Shaandaar,Senti Wali Mental,Amit Trivedi,"Arijit Singh, Amit Trivedi, Swanand Kirkire & Neeti Mohan","Shahid Kapoor, Alia Bhatt, Pankaj Kapur, Sanjay Kapoor, Kumud Pant, Niki Aneja Walia, Sanah Kapoor, Vikas Verma, Sushma Seth, Shibani Dandekar",2015
Shaandaar,Raitaa Phailgaya,Amit Trivedi,Divya Kumar,"Shahid Kapoor, Alia Bhatt, Pankaj Kapur, Sanjay Kapoor, Kumud Pant, Niki Aneja Walia, Sanah Kapoor, Vikas Verma, Sushma Seth, Shibani Dandekar",2015
Shaandaar,Neend Na Mujhko Aaye,Amit Trivedi,Siddhart Basrur & Saba Azad,"Shahid Kapoor, Alia Bhatt, Pankaj Kapur, Sanjay Kapoor, Kumud Pant, Niki Aneja Walia, Sanah Kapoor, Vikas Verma, Sushma Seth, Shibani Dandekar",2015
Shaandaar,Eena Meena Deeka,Amit Trivedi,Kishore Kumar,"Shahid Kapoor, Alia Bhatt, Pankaj Kapur, Sanjay Kapoor, Kumud Pant, Niki Aneja Walia, Sanah Kapoor, Vikas Verma, Sushma Seth, Shibani Dandekar",2015
Tamasha,Matargashti,A. R. Rahman,Mohit Chauhan,"Ranbir Kapoor, Deepika Padukone, Piyush Mishra, Vivek Mushran, Javed Sheikh, Sushma Seth, Ishtiyak Khan, Kshitij Sharma, Teddy Maurya, Yash Sehgal",2015
Tamasha,Heer Toh Badi Sad Hai,A. R. Rahman,Mika Singh,"Ranbir Kapoor, Deepika Padukone, Piyush Mishra, Vivek Mushran, Javed Sheikh, Sushma Seth, Ishtiyak Khan, Kshitij Sharma, Teddy Maurya, Yash Sehgal",2015
Tamasha,Safarnama,A. R. Rahman,Lucky Ali,"Ranbir Kapoor, Deepika Padukone, Piyush Mishra, Vivek Mushran, Javed Sheikh, Sushma Seth, Ishtiyak Khan, Kshitij Sharma, Teddy Maurya, Yash Sehgal",2015
Tamasha,Agar Tum Saath Ho,A. R. Rahman,Alka Yagnik & Arijit Singh,"Ranbir Kapoor, Deepika Padukone, Piyush Mishra, Vivek Mushran, Javed Sheikh, Sushma Seth, Ishtiyak Khan, Kshitij Sharma, Teddy Maurya, Yash Sehgal",2015
Tamasha,Chali Kahani,A. R. Rahman,"Sukhwinder Singh, Haricharan & Haripriya","Ranbir Kapoor, Deepika Padukone, Piyush Mishra, Vivek Mushran, Javed Sheikh, Sushma Seth, Ishtiyak Khan, Kshitij Sharma, Teddy Maurya, Yash Sehgal",2015
Tamasha,Wat Wat Wat,A. R. Rahman,Arijit Singh & Shashwat Singh,"Ranbir Kapoor, Deepika Padukone, Piyush Mishra, Vivek Mushran, Javed Sheikh, Sushma Seth, Ishtiyak Khan, Kshitij Sharma, Teddy Maurya, Yash Sehgal",2015
Tamasha,Parade De La Bastille (Instrumental version),A. R. Rahman,A.R. Rahman,"Ranbir Kapoor, Deepika Padukone, Piyush Mishra, Vivek Mushran, Javed Sheikh, Sushma Seth, Ishtiyak Khan, Kshitij Sharma, Teddy Maurya, Yash Sehgal",2015
Tamasha,Wat Wat Wat (Vengeance Mix),A. R. Rahman,Shashwat Singh & Pravin Mani,"Ranbir Kapoor, Deepika Padukone, Piyush Mishra, Vivek Mushran, Javed Sheikh, Sushma Seth, Ishtiyak Khan, Kshitij Sharma, Teddy Maurya, Yash Sehgal",2015
Tamasha,Tu Koi Aur Hai,A. R. Rahman,"A.R. Rahman, Alma Ferovic & Arjun Chandy","Ranbir Kapoor, Deepika Padukone, Piyush Mishra, Vivek Mushran, Javed Sheikh, Sushma Seth, Ishtiyak Khan, Kshitij Sharma, Teddy Maurya, Yash Sehgal",2015
Hate Story 3,Tumhe Apna Banane Ka,"Amaal Mallik, Meet Bros, Baman",Armaan Malik & Neeti Mohan,"Sharman Joshi, Zareen Khan, Daisy Shah, Karan Singh Grover, Priyanshu Chatterjee, Prithvi Zutshi, Puja Gupta",2015
Hate Story 3,Tu Issaq Mera,"Amaal Mallik, Meet Bros, Baman","Meet Bros, Neha Kakkar & Earl Edgar","Sharman Joshi, Zareen Khan, Daisy Shah, Karan Singh Grover, Priyanshu Chatterjee, Prithvi Zutshi, Puja Gupta",2015
Hate Story 3,Wajah Tum Ho,"Amaal Mallik, Meet Bros, Baman","Mithoon, Altamash Faridi & Tulsi Kumar","Sharman Joshi, Zareen Khan, Daisy Shah, Karan Singh Grover, Priyanshu Chatterjee, Prithvi Zutshi, Puja Gupta",2015
Hate Story 3,Neendein Khul Jaati Hain,"Amaal Mallik, Meet Bros, Baman",Aaman Trikha & Khushbu Jain,"Sharman Joshi, Zareen Khan, Daisy Shah, Karan Singh Grover, Priyanshu Chatterjee, Prithvi Zutshi, Puja Gupta",2015
Hate Story 3,Love To Hate You,"Amaal Mallik, Meet Bros, Baman",Shivranjani Singh & Amaal Mallik,"Sharman Joshi, Zareen Khan, Daisy Shah, Karan Singh Grover, Priyanshu Chatterjee, Prithvi Zutshi, Puja Gupta",2015
Hate Story 3,Tu Isaq Mera (Psycho-Love Mix),"Amaal Mallik, Meet Bros, Baman","Meet Bros, Earl Edgar & Neha Kakkar","Sharman Joshi, Zareen Khan, Daisy Shah, Karan Singh Grover, Priyanshu Chatterjee, Prithvi Zutshi, Puja Gupta",2015
Hate Story 3,"Wajah Tum Ho"" (Zeeshan Version)","Amaal Mallik, Meet Bros, Baman",Zeeshan & Baman,"Sharman Joshi, Zareen Khan, Daisy Shah, Karan Singh Grover, Priyanshu Chatterjee, Prithvi Zutshi, Puja Gupta",2015
Dangal,Haanikaarak Bapu,Pritam,"Pritam, Sarwar Khan & Sartaz Khan Barna","Aamir Khan, Fatima Sana Shaikh, Sanya Malhotra, Zaira Wasim, Suhani Bhatnagar, Aparshakti Khurana, Girish Kulkarni, Sakshi Tanwar, Vivan Bhatena, Ritwik Sahore",2016
Dangal,Dhaakad,Pritam,Pritam & Raftaar,"Aamir Khan, Fatima Sana Shaikh, Sanya Malhotra, Zaira Wasim, Suhani Bhatnagar, Aparshakti Khurana, Girish Kulkarni, Sakshi Tanwar, Vivan Bhatena, Ritwik Sahore",2016
Dangal,Gilehriyaan,Pritam,Jonita Gandhi & Pritam,"Aamir Khan, Fatima Sana Shaikh, Sanya Malhotra, Zaira Wasim, Suhani Bhatnagar, Aparshakti Khurana, Girish Kulkarni, Sakshi Tanwar, Vivan Bhatena, Ritwik Sahore",2016
Dangal,Dangal,Pritam,Daler Mehndi & Pritam,"Aamir Khan, Fatima Sana Shaikh, Sanya Malhotra, Zaira Wasim, Suhani Bhatnagar, Aparshakti Khurana, Girish Kulkarni, Sakshi Tanwar, Vivan Bhatena, Ritwik Sahore",2016
Dangal,Naina,Pritam,"Diljit Dosanjh, Badshah & Raj Ranjodh","Aamir Khan, Fatima Sana Shaikh, Sanya Malhotra, Zaira Wasim, Suhani Bhatnagar, Aparshakti Khurana, Girish Kulkarni, Sakshi Tanwar, Vivan Bhatena, Ritwik Sahore",2016
Dangal,"Dhaakad"" (Aamir Khan version)",Pritam,Pritam & Aamir Khan,"Aamir Khan, Fatima Sana Shaikh, Sanya Malhotra, Zaira Wasim, Suhani Bhatnagar, Aparshakti Khurana, Girish Kulkarni, Sakshi Tanwar, Vivan Bhatena, Ritwik Sahore",2016
Dangal,Idiot Banna,Pritam,"Pritam, Jyoti Nooran & Sultana Nooran","Aamir Khan, Fatima Sana Shaikh, Sanya Malhotra, Zaira Wasim, Suhani Bhatnagar, Aparshakti Khurana, Girish Kulkarni, Sakshi Tanwar, Vivan Bhatena, Ritwik Sahore",2016
Sultan,Baby Ko Bass Pasand Hai,Vishal–Shekhar,"Vishal & Shekhar, Vishal Dadlani, Shalmali Kholgade, Isheeta & Badshah","Salman Khan, Anushka Sharma, Randeep Hooda, Amit Sadh, Kumud Mishra, Parikshat Sahni, Tyron Woodley, Marko Zaror, Ron Smoorenburg, Marrese Crump",2016
Sultan,"Jag Ghoomeya"" (Male)",Vishal–Shekhar,Vishal & Shekhar & Rahat Fateh Ali Khan,"Salman Khan, Anushka Sharma, Randeep Hooda, Amit Sadh, Kumud Mishra, Parikshat Sahni, Tyron Woodley, Marko Zaror, Ron Smoorenburg, Marrese Crump",2016
Sultan,440 Volt,Vishal–Shekhar,Vishal & Shekhar & Mika Singh,"Salman Khan, Anushka Sharma, Randeep Hooda, Amit Sadh, Kumud Mishra, Parikshat Sahni, Tyron Woodley, Marko Zaror, Ron Smoorenburg, Marrese Crump",2016
Sultan,"Sultan"" (Title Track)",Vishal–Shekhar,"Vishal & Shekhar, Shadab Faridi & Sukhwinder Singh","Salman Khan, Anushka Sharma, Randeep Hooda, Amit Sadh, Kumud Mishra, Parikshat Sahni, Tyron Woodley, Marko Zaror, Ron Smoorenburg, Marrese Crump",2016
Sultan,Sachi Muchi,Vishal–Shekhar,"Vishal & Shekhar, Mohit Chauhan & Harshdeep Kaur","Salman Khan, Anushka Sharma, Randeep Hooda, Amit Sadh, Kumud Mishra, Parikshat Sahni, Tyron Woodley, Marko Zaror, Ron Smoorenburg, Marrese Crump",2016
Sultan,Bulleya,Vishal–Shekhar,"Pritam, Amit Mishra & Shilpa Rao","Salman Khan, Anushka Sharma, Randeep Hooda, Amit Sadh, Kumud Mishra, Parikshat Sahni, Tyron Woodley, Marko Zaror, Ron Smoorenburg, Marrese Crump",2016
Sultan,Tuk Tuk,Vishal–Shekhar,"Vishal & Shekhar, Nooran Sisters & Vishal Dadlani","Salman Khan, Anushka Sharma, Randeep Hooda, Amit Sadh, Kumud Mishra, Parikshat Sahni, Tyron Woodley, Marko Zaror, Ron Smoorenburg, Marrese Crump",2016
Sultan,"Jag Ghoomeya"" (Female)",Vishal–Shekhar,Vishal & Shekhar & Rahat Fateh Ali Khan,"Salman Khan, Anushka Sharma, Randeep Hooda, Amit Sadh, Kumud Mishra, Parikshat Sahni, Tyron Woodley, Marko Zaror, Ron Smoorenburg, Marrese Crump",2016
Sultan,Rise of Sultan,Vishal–Shekhar,Vishal & Shekhar & Shekhar Ravjiani,"Salman Khan, Anushka Sharma, Randeep Hooda, Amit Sadh, Kumud Mishra, Parikshat Sahni, Tyron Woodley, Marko Zaror, Ron Smoorenburg, Marrese Crump",2016
Sultan,Raula Paye Gaya – The Official Sultan Salute,Vishal–Shekhar,"Rahat Fateh Ali Khan, Asha Jagtap, Bhavika Patil, Chandni Suvarnakar, Fida Khan, Komal Jagtap & Ravina Jagtap","Salman Khan, Anushka Sharma, Randeep Hooda, Amit Sadh, Kumud Mishra, Parikshat Sahni, Tyron Woodley, Marko Zaror, Ron Smoorenburg, Marrese Crump",2016
Sultan,"Baby Nu Bass Pasand Hai"" (Salman Khan Version)",Vishal–Shekhar,"Salman Khan, Iulia Vantur & Isheeta","Salman Khan, Anushka Sharma, Randeep Hooda, Amit Sadh, Kumud Mishra, Parikshat Sahni, Tyron Woodley, Marko Zaror, Ron Smoorenburg, Marrese Crump",2016
Sultan,"Jag Ghoomeya"" (Salman Khan Version)",Vishal–Shekhar,Salman Khan,"Salman Khan, Anushka Sharma, Randeep Hooda, Amit Sadh, Kumud Mishra, Parikshat Sahni, Tyron Woodley, Marko Zaror, Ron Smoorenburg, Marrese Crump",2016
Sultan,"Sultan"" (Salman Khan Version)",Vishal–Shekhar,Salman Khan,"Salman Khan, Anushka Sharma, Randeep Hooda, Amit Sadh, Kumud Mishra, Parikshat Sahni, Tyron Woodley, Marko Zaror, Ron Smoorenburg, Marrese Crump",2016
Ae Dil Hai Mushkil,Ae Dil Hai Mushkil,Pritam,Pritam & Arijit Singh,"Ranbir Kapoor, Anushka Sharma, Aishwarya Rai Bachchan, Fawad Khan, Lisa Haydon, Imran Abbas, Raj Awasti, Lora Moss, Matt Townsend, Neha Dhupia",2016
Rustom,Tere Sang Yaara,"Jeet Gannguli, Arko, Raghav Sachar, Ankit Tiwari, Background Score:, Surinder Sodhi",Atif Aslam,"Akshay Kumar, Ileana D'Cruz, Esha Gupta, Arjan Bajwa, Usha Nadkarni, Sachin Khedekar, Kumud Mishra, Anang Desai, Parmeet Sethi, Indraneel Bhattacharya",2016
Rustom,Rustom Vahi,"Jeet Gannguli, Arko, Raghav Sachar, Ankit Tiwari, Background Score:, Surinder Sodhi",Sukriti Kakar,"Akshay Kumar, Ileana D'Cruz, Esha Gupta, Arjan Bajwa, Usha Nadkarni, Sachin Khedekar, Kumud Mishra, Anang Desai, Parmeet Sethi, Indraneel Bhattacharya",2016
Rustom,Tay Hai,"Jeet Gannguli, Arko, Raghav Sachar, Ankit Tiwari, Background Score:, Surinder Sodhi",Ankit Tiwari,"Akshay Kumar, Ileana D'Cruz, Esha Gupta, Arjan Bajwa, Usha Nadkarni, Sachin Khedekar, Kumud Mishra, Anang Desai, Parmeet Sethi, Indraneel Bhattacharya",2016
Rustom,Dekha Hazaro Dafaa,"Jeet Gannguli, Arko, Raghav Sachar, Ankit Tiwari, Background Score:, Surinder Sodhi","Arijit Singh, Palak Muchhal & Jeet Gannguli","Akshay Kumar, Ileana D'Cruz, Esha Gupta, Arjan Bajwa, Usha Nadkarni, Sachin Khedekar, Kumud Mishra, Anang Desai, Parmeet Sethi, Indraneel Bhattacharya",2016
Rustom,Dhal Jaun Main,"Jeet Gannguli, Arko, Raghav Sachar, Ankit Tiwari, Background Score:, Surinder Sodhi","Jubin Nautiyal, Aakanksha Sharma & Jeet Gannguli","Akshay Kumar, Ileana D'Cruz, Esha Gupta, Arjan Bajwa, Usha Nadkarni, Sachin Khedekar, Kumud Mishra, Anang Desai, Parmeet Sethi, Indraneel Bhattacharya",2016
Rustom,Jab Tum Hote Ho,"Jeet Gannguli, Arko, Raghav Sachar, Ankit Tiwari, Background Score:, Surinder Sodhi",Shreya Ghoshal,"Akshay Kumar, Ileana D'Cruz, Esha Gupta, Arjan Bajwa, Usha Nadkarni, Sachin Khedekar, Kumud Mishra, Anang Desai, Parmeet Sethi, Indraneel Bhattacharya",2016
Rustom,Rustom Vahi Theme,"Jeet Gannguli, Arko, Raghav Sachar, Ankit Tiwari, Background Score:, Surinder Sodhi",Raghav Sachar,"Akshay Kumar, Ileana D'Cruz, Esha Gupta, Arjan Bajwa, Usha Nadkarni, Sachin Khedekar, Kumud Mishra, Anang Desai, Parmeet Sethi, Indraneel Bhattacharya",2016
Rustom,Rustom Vahi – Marathi,"Jeet Gannguli, Arko, Raghav Sachar, Ankit Tiwari, Background Score:, Surinder Sodhi",Jasraj Joshi,"Akshay Kumar, Ileana D'Cruz, Esha Gupta, Arjan Bajwa, Usha Nadkarni, Sachin Khedekar, Kumud Mishra, Anang Desai, Parmeet Sethi, Indraneel Bhattacharya",2016
Rustom,Rustom Vahi – Male,"Jeet Gannguli, Arko, Raghav Sachar, Ankit Tiwari, Background Score:, Surinder Sodhi",Jasraj Joshi,"Akshay Kumar, Ileana D'Cruz, Esha Gupta, Arjan Bajwa, Usha Nadkarni, Sachin Khedekar, Kumud Mishra, Anang Desai, Parmeet Sethi, Indraneel Bhattacharya",2016
Rustom,Tere Bin Yaara (Reprise),"Jeet Gannguli, Arko, Raghav Sachar, Ankit Tiwari, Background Score:, Surinder Sodhi",Arko,"Akshay Kumar, Ileana D'Cruz, Esha Gupta, Arjan Bajwa, Usha Nadkarni, Sachin Khedekar, Kumud Mishra, Anang Desai, Parmeet Sethi, Indraneel Bhattacharya",2016
M.S. Dhoni: The Untold Story,Besabriyaan,Amaal Mallik,Armaan Malik,"Sushant Singh Rajput, Anupam Kher, Disha Patani, Kiara Advani, Rajesh Sharma, Kumud Mishra, Neetha Mohindra, Bhumika Chawla, Mithu Chakrabarty, Shantilal Mukherjee",2016
M.S. Dhoni: The Untold Story,Kaun Tujhe,Amaal Mallik,Palak Muchhal,"Sushant Singh Rajput, Anupam Kher, Disha Patani, Kiara Advani, Rajesh Sharma, Kumud Mishra, Neetha Mohindra, Bhumika Chawla, Mithu Chakrabarty, Shantilal Mukherjee",2016
M.S. Dhoni: The Untold Story,Jab Tak,Amaal Mallik,Armaan Malik,"Sushant Singh Rajput, Anupam Kher, Disha Patani, Kiara Advani, Rajesh Sharma, Kumud Mishra, Neetha Mohindra, Bhumika Chawla, Mithu Chakrabarty, Shantilal Mukherjee",2016
M.S. Dhoni: The Untold Story,Phir Kabhi,Amaal Mallik,Arijit Singh,"Sushant Singh Rajput, Anupam Kher, Disha Patani, Kiara Advani, Rajesh Sharma, Kumud Mishra, Neetha Mohindra, Bhumika Chawla, Mithu Chakrabarty, Shantilal Mukherjee",2016
M.S. Dhoni: The Untold Story,Parwah Nahin,Amaal Mallik,Siddharth Basrur,"Sushant Singh Rajput, Anupam Kher, Disha Patani, Kiara Advani, Rajesh Sharma, Kumud Mishra, Neetha Mohindra, Bhumika Chawla, Mithu Chakrabarty, Shantilal Mukherjee",2016
M.S. Dhoni: The Untold Story,"Jab Tak"" (Redux)",Amaal Mallik,Armaan Malik,"Sushant Singh Rajput, Anupam Kher, Disha Patani, Kiara Advani, Rajesh Sharma, Kumud Mishra, Neetha Mohindra, Bhumika Chawla, Mithu Chakrabarty, Shantilal Mukherjee",2016
M.S. Dhoni: The Untold Story,Padhoge Likhoge,Amaal Mallik,Ananya Nanda & Adithyan A Prithviraj,"Sushant Singh Rajput, Anupam Kher, Disha Patani, Kiara Advani, Rajesh Sharma, Kumud Mishra, Neetha Mohindra, Bhumika Chawla, Mithu Chakrabarty, Shantilal Mukherjee",2016
M.S. Dhoni: The Untold Story,Har Gully Mein Dhoni Hai,Amaal Mallik,Not Found,"Sushant Singh Rajput, Anupam Kher, Disha Patani, Kiara Advani, Rajesh Sharma, Kumud Mishra, Neetha Mohindra, Bhumika Chawla, Mithu Chakrabarty, Shantilal Mukherjee",2016
M.S. Dhoni: The Untold Story,"Phir Kabhi"" (Reprise)",Amaal Mallik,Arijit Singh & Amaal Mallik,"Sushant Singh Rajput, Anupam Kher, Disha Patani, Kiara Advani, Rajesh Sharma, Kumud Mishra, Neetha Mohindra, Bhumika Chawla, Mithu Chakrabarty, Shantilal Mukherjee",2016
M.S. Dhoni: The Untold Story,"Kaun Tujhe"" (Armaan Malik Version)",Amaal Mallik,Armaan Malik,"Sushant Singh Rajput, Anupam Kher, Disha Patani, Kiara Advani, Rajesh Sharma, Kumud Mishra, Neetha Mohindra, Bhumika Chawla, Mithu Chakrabarty, Shantilal Mukherjee",2016
Airlift,Soch Na Sake,"Amaal Mallik, Ankit Tiwari, Background score:, Arijit Dutta","Amaal Mallik, Arijit Singh & Tulsi Kumar","Akshay Kumar, Nimrat Kaur, Inaamulhaq, Prakash Belawadi, Kumud Mishra, Feryna Wazheir, Purab Kohli, Lenaa, Ninad Kamat, Gunjan Malhotra",2016
Airlift,"Dil Cheez Tujhe Dedi"" (Music by Ankit Tiwari)","Amaal Mallik, Ankit Tiwari, Background score:, Arijit Dutta",Ankit Tiwari & Arijit Singh,"Akshay Kumar, Nimrat Kaur, Inaamulhaq, Prakash Belawadi, Kumud Mishra, Feryna Wazheir, Purab Kohli, Lenaa, Ninad Kamat, Gunjan Malhotra",2016
Airlift,Mera Nachan Nu,"Amaal Mallik, Ankit Tiwari, Background score:, Arijit Dutta","Amaal Mallik, Divya Kumar & Brijesh Shandilya","Akshay Kumar, Nimrat Kaur, Inaamulhaq, Prakash Belawadi, Kumud Mishra, Feryna Wazheir, Purab Kohli, Lenaa, Ninad Kamat, Gunjan Malhotra",2016
Airlift,Tu Bhoola Jise,"Amaal Mallik, Ankit Tiwari, Background score:, Arijit Dutta",Amaal Mallik,"Akshay Kumar, Nimrat Kaur, Inaamulhaq, Prakash Belawadi, Kumud Mishra, Feryna Wazheir, Purab Kohli, Lenaa, Ninad Kamat, Gunjan Malhotra",2016
Airlift,"Soch Na Sake"" (Solo Version)","Amaal Mallik, Ankit Tiwari, Background score:, Arijit Dutta","Amaal Mallik, Arijit Singh & Tulsi Kumar","Akshay Kumar, Nimrat Kaur, Inaamulhaq, Prakash Belawadi, Kumud Mishra, Feryna Wazheir, Purab Kohli, Lenaa, Ninad Kamat, Gunjan Malhotra",2016
Housefull 3,Pyar Ki,"Sohail Sen, Mika Singh, Shaarib, Toshi, Tanishk Bagchi, Millind Gaba",Sharib Sabri & Toshi Sabri,"Akshay Kumar, Abhishek Bachchan, Riteish Deshmukh, Nargis Fakhri, Lisa Haydon, Jackie Shroff, Boman Irani, Chunky Panday, Nikitin Dheer, Sameer Kochhar",2016
Housefull 3,Taang Uthake,"Sohail Sen, Mika Singh, Shaarib, Toshi, Tanishk Bagchi, Millind Gaba",Sohail Sen,"Akshay Kumar, Abhishek Bachchan, Riteish Deshmukh, Nargis Fakhri, Lisa Haydon, Jackie Shroff, Boman Irani, Chunky Panday, Nikitin Dheer, Sameer Kochhar",2016
Housefull 3,Malamaal,"Sohail Sen, Mika Singh, Shaarib, Toshi, Tanishk Bagchi, Millind Gaba","Mika Singh, Akira, Miss Pooja & Kuwar Virk","Akshay Kumar, Abhishek Bachchan, Riteish Deshmukh, Nargis Fakhri, Lisa Haydon, Jackie Shroff, Boman Irani, Chunky Panday, Nikitin Dheer, Sameer Kochhar",2016
Housefull 3,Fake Ishq,"Sohail Sen, Mika Singh, Shaarib, Toshi, Tanishk Bagchi, Millind Gaba","Kailash Kher, Nakaash Aziz & Altamash Faridi","Akshay Kumar, Abhishek Bachchan, Riteish Deshmukh, Nargis Fakhri, Lisa Haydon, Jackie Shroff, Boman Irani, Chunky Panday, Nikitin Dheer, Sameer Kochhar",2016
Fan,"Jabra Fan"" (Hindi)",Vishal–Shekhar,Nakash Aziz,"Shah Rukh Khan, Deepika Amin, Yogendra Tiku, Shriya Pilgaonkar, Sayani Gupta, Waluscha D'Souza, Indraneel Bhattacharya, Taher Shabbir, James Richard Marshall, Glenn Webster",2016
Fan,"Ghaint Fan"" (Punjabi)",Vishal–Shekhar,Harbhajan Mann,"Shah Rukh Khan, Deepika Amin, Yogendra Tiku, Shriya Pilgaonkar, Sayani Gupta, Waluscha D'Souza, Indraneel Bhattacharya, Taher Shabbir, James Richard Marshall, Glenn Webster",2016
Fan,"Byapok Fan"" (Bengali)",Vishal–Shekhar,Vishal & Shekhar & Anupam Roy,"Shah Rukh Khan, Deepika Amin, Yogendra Tiku, Shriya Pilgaonkar, Sayani Gupta, Waluscha D'Souza, Indraneel Bhattacharya, Taher Shabbir, James Richard Marshall, Glenn Webster",2016
Fan,"Jabardast Fan"" (Bhojpuri)",Vishal–Shekhar,Vishal & Shekhar & Manoj Tiwari,"Shah Rukh Khan, Deepika Amin, Yogendra Tiku, Shriya Pilgaonkar, Sayani Gupta, Waluscha D'Souza, Indraneel Bhattacharya, Taher Shabbir, James Richard Marshall, Glenn Webster",2016
Fan,"Jabro Fan"" (Gujarati)",Vishal–Shekhar,Vishal & Shekhar & Arvind Vegda,"Shah Rukh Khan, Deepika Amin, Yogendra Tiku, Shriya Pilgaonkar, Sayani Gupta, Waluscha D'Souza, Indraneel Bhattacharya, Taher Shabbir, James Richard Marshall, Glenn Webster",2016
Fan,"Jabraa Fan"" (Marathi)",Vishal–Shekhar,Avadhoot Gupte,"Shah Rukh Khan, Deepika Amin, Yogendra Tiku, Shriya Pilgaonkar, Sayani Gupta, Waluscha D'Souza, Indraneel Bhattacharya, Taher Shabbir, James Richard Marshall, Glenn Webster",2016
Fan,"Takkara Fan"" (Tamil)",Vishal–Shekhar,Vishal & Shekhar & Nakash Aziz,"Shah Rukh Khan, Deepika Amin, Yogendra Tiku, Shriya Pilgaonkar, Sayani Gupta, Waluscha D'Souza, Indraneel Bhattacharya, Taher Shabbir, James Richard Marshall, Glenn Webster",2016
Fan,"Veera Fan"" (Telugu)",Vishal–Shekhar,Not Found,"Shah Rukh Khan, Deepika Amin, Yogendra Tiku, Shriya Pilgaonkar, Sayani Gupta, Waluscha D'Souza, Indraneel Bhattacharya, Taher Shabbir, James Richard Marshall, Glenn Webster",2016
Fan,"Jabar Fan"" (Odia)",Vishal–Shekhar,Biebhukishore,"Shah Rukh Khan, Deepika Amin, Yogendra Tiku, Shriya Pilgaonkar, Sayani Gupta, Waluscha D'Souza, Indraneel Bhattacharya, Taher Shabbir, James Richard Marshall, Glenn Webster",2016
Fan,"Jabara Fan"" (Arabic)",Vishal–Shekhar,Grini,"Shah Rukh Khan, Deepika Amin, Yogendra Tiku, Shriya Pilgaonkar, Sayani Gupta, Waluscha D'Souza, Indraneel Bhattacharya, Taher Shabbir, James Richard Marshall, Glenn Webster",2016
Fan,"Lokuma Fan"" (Sinhala)",Vishal–Shekhar,Infaas Nooruddin,"Shah Rukh Khan, Deepika Amin, Yogendra Tiku, Shriya Pilgaonkar, Sayani Gupta, Waluscha D'Souza, Indraneel Bhattacharya, Taher Shabbir, James Richard Marshall, Glenn Webster",2016
Fan,"Fan Anthem"" (11-language Mashup)",Vishal–Shekhar,Not Found,"Shah Rukh Khan, Deepika Amin, Yogendra Tiku, Shriya Pilgaonkar, Sayani Gupta, Waluscha D'Souza, Indraneel Bhattacharya, Taher Shabbir, James Richard Marshall, Glenn Webster",2016
Fan,"Fan Theme"" (Official Trailer Music)",Vishal–Shekhar,Hans Zimmer & A.R. Rahman,"Shah Rukh Khan, Deepika Amin, Yogendra Tiku, Shriya Pilgaonkar, Sayani Gupta, Waluscha D'Souza, Indraneel Bhattacharya, Taher Shabbir, James Richard Marshall, Glenn Webster",2016
Kapoor & Sons,Kar Gayi Chull,"Amaal Mallik, Badshah, Arko, Tanishk Bagchi, Benny Dayal, Nucleya","Badshah, Amaal Mallik, Fazilpuria, Sukriti Kakar & Neha Kakkar","Sidharth Malhotra, Fawad Khan, Alia Bhatt, Ratna Pathak Shah, Rishi Kapoor, Rajat Kapoor, Anahita Oberoi, Vikram Kapadia, Pradeep Pradhan, Fahim Shaikh",2016
Kapoor & Sons,Bolna,"Amaal Mallik, Badshah, Arko, Tanishk Bagchi, Benny Dayal, Nucleya","Tanishk Bagchi, Arijit Singh & Asees Kaur","Sidharth Malhotra, Fawad Khan, Alia Bhatt, Ratna Pathak Shah, Rishi Kapoor, Rajat Kapoor, Anahita Oberoi, Vikram Kapadia, Pradeep Pradhan, Fahim Shaikh",2016
Kapoor & Sons,Buddhu Sa Mann,"Amaal Mallik, Badshah, Arko, Tanishk Bagchi, Benny Dayal, Nucleya",Amaal Mallik & Armaan Malik,"Sidharth Malhotra, Fawad Khan, Alia Bhatt, Ratna Pathak Shah, Rishi Kapoor, Rajat Kapoor, Anahita Oberoi, Vikram Kapadia, Pradeep Pradhan, Fahim Shaikh",2016
Kapoor & Sons,Saathi Rey,"Amaal Mallik, Badshah, Arko, Tanishk Bagchi, Benny Dayal, Nucleya",Arko,"Sidharth Malhotra, Fawad Khan, Alia Bhatt, Ratna Pathak Shah, Rishi Kapoor, Rajat Kapoor, Anahita Oberoi, Vikram Kapadia, Pradeep Pradhan, Fahim Shaikh",2016
Kapoor & Sons,Let's Nacho,"Amaal Mallik, Badshah, Arko, Tanishk Bagchi, Benny Dayal, Nucleya","Nucleya, Benny Dayal & Badshah","Sidharth Malhotra, Fawad Khan, Alia Bhatt, Ratna Pathak Shah, Rishi Kapoor, Rajat Kapoor, Anahita Oberoi, Vikram Kapadia, Pradeep Pradhan, Fahim Shaikh",2016
Shivaay,Bolo Har Har Har,"Mithoon, Guest Composition:, Jasleen Royal",Mithoon,"Ajay Devgn, Abigail Eames, Erika Kaar, Sayesha Saigal, Ali Kazmi, Aakash Dabhade, Vir Das, Bijou Thaangjam",2016
Shivaay,Darkhaast,"Mithoon, Guest Composition:, Jasleen Royal",Mithoon,"Ajay Devgn, Abigail Eames, Erika Kaar, Sayesha Saigal, Ali Kazmi, Aakash Dabhade, Vir Das, Bijou Thaangjam",2016
Shivaay,Raatein,"Mithoon, Guest Composition:, Jasleen Royal",Jasleen Royal,"Ajay Devgn, Abigail Eames, Erika Kaar, Sayesha Saigal, Ali Kazmi, Aakash Dabhade, Vir Das, Bijou Thaangjam",2016
Shivaay,Tere Naal Ishqa,"Mithoon, Guest Composition:, Jasleen Royal",Mithoon,"Ajay Devgn, Abigail Eames, Erika Kaar, Sayesha Saigal, Ali Kazmi, Aakash Dabhade, Vir Das, Bijou Thaangjam",2016
Shivaay,"Raatein"" (Reprise)","Mithoon, Guest Composition:, Jasleen Royal",Jasleen Royal,"Ajay Devgn, Abigail Eames, Erika Kaar, Sayesha Saigal, Ali Kazmi, Aakash Dabhade, Vir Das, Bijou Thaangjam",2016
Shivaay,"Bolo Har Har Har"" (Remix)","Mithoon, Guest Composition:, Jasleen Royal",Mithoon,"Ajay Devgn, Abigail Eames, Erika Kaar, Sayesha Saigal, Ali Kazmi, Aakash Dabhade, Vir Das, Bijou Thaangjam",2016
Wazir,Tere Bin,"Shantanu Moitra, Ankit Tiwari, Advaita, Prashant Pillai, Rochak Kohli, Gaurav Godkhindi",Sonu Nigam,"Amitabh Bachchan, Farhan Akhtar, Aditi Rao Hydari, John Abraham, Neil Nitin Mukesh, Manav Kaul, Prakash Belawadi, Murali Sharma, Nishigandha Wad, Avtar Gill",2016
Wazir,Tu Mere Paas,"Shantanu Moitra, Ankit Tiwari, Advaita, Prashant Pillai, Rochak Kohli, Gaurav Godkhindi",Ankit Tiwari,"Amitabh Bachchan, Farhan Akhtar, Aditi Rao Hydari, John Abraham, Neil Nitin Mukesh, Manav Kaul, Prakash Belawadi, Murali Sharma, Nishigandha Wad, Avtar Gill",2016
Wazir,Maula Mere Maula,"Shantanu Moitra, Ankit Tiwari, Advaita, Prashant Pillai, Rochak Kohli, Gaurav Godkhindi",Roop Kumar Rathod,"Amitabh Bachchan, Farhan Akhtar, Aditi Rao Hydari, John Abraham, Neil Nitin Mukesh, Manav Kaul, Prakash Belawadi, Murali Sharma, Nishigandha Wad, Avtar Gill",2016
Wazir,Tere Liye,"Shantanu Moitra, Ankit Tiwari, Advaita, Prashant Pillai, Rochak Kohli, Gaurav Godkhindi",Atif Aslam & Shreya Ghoshal,"Amitabh Bachchan, Farhan Akhtar, Aditi Rao Hydari, John Abraham, Neil Nitin Mukesh, Manav Kaul, Prakash Belawadi, Murali Sharma, Nishigandha Wad, Avtar Gill",2016
Wazir,Khel Khel Mein,"Shantanu Moitra, Ankit Tiwari, Advaita, Prashant Pillai, Rochak Kohli, Gaurav Godkhindi",Amitabh Bachchan,"Amitabh Bachchan, Farhan Akhtar, Aditi Rao Hydari, John Abraham, Neil Nitin Mukesh, Manav Kaul, Prakash Belawadi, Murali Sharma, Nishigandha Wad, Avtar Gill",2016
Wazir,Atrangi Yaari,"Shantanu Moitra, Ankit Tiwari, Advaita, Prashant Pillai, Rochak Kohli, Gaurav Godkhindi","Amitabh Bachchan, Farhan Akhtar, Rochak Kohli, Deepak Ramola & Gurpreet Saini","Amitabh Bachchan, Farhan Akhtar, Aditi Rao Hydari, John Abraham, Neil Nitin Mukesh, Manav Kaul, Prakash Belawadi, Murali Sharma, Nishigandha Wad, Avtar Gill",2016
Wazir,Wazir Theme,"Shantanu Moitra, Ankit Tiwari, Advaita, Prashant Pillai, Rochak Kohli, Gaurav Godkhindi",Gaurav Godkhindi,"Amitabh Bachchan, Farhan Akhtar, Aditi Rao Hydari, John Abraham, Neil Nitin Mukesh, Manav Kaul, Prakash Belawadi, Murali Sharma, Nishigandha Wad, Avtar Gill",2016
Kyaa Kool Hain Hum 3,Jawaani Le Doobi,"Sajid–Wajid, Raju Singh","Kanika Kapoor, Uvie & Ikka","Tusshar Kapoor, Krishna Abhishek, Mandana Karimi, Meghna Naidu, Shakti Kapoor, Gizele Thakral, Claudia Ciesla, Darshan Jariwala, Danny Sura, Gauahar Khan",2016
Kyaa Kool Hain Hum 3,Oh Boy,"Sajid–Wajid, Raju Singh",Shivranjani Singh & Wajid,"Tusshar Kapoor, Krishna Abhishek, Mandana Karimi, Meghna Naidu, Shakti Kapoor, Gizele Thakral, Claudia Ciesla, Darshan Jariwala, Danny Sura, Gauahar Khan",2016
Kyaa Kool Hain Hum 3,House Party,"Sajid–Wajid, Raju Singh",Girls' Generation,"Tusshar Kapoor, Krishna Abhishek, Mandana Karimi, Meghna Naidu, Shakti Kapoor, Gizele Thakral, Claudia Ciesla, Darshan Jariwala, Danny Sura, Gauahar Khan",2016
Kyaa Kool Hain Hum 3,Kya Kool Hain Hum 3 (Title Track),"Sajid–Wajid, Raju Singh",Shivranjani Singh & Benny Dayal,"Tusshar Kapoor, Krishna Abhishek, Mandana Karimi, Meghna Naidu, Shakti Kapoor, Gizele Thakral, Claudia Ciesla, Darshan Jariwala, Danny Sura, Gauahar Khan",2016
Mastizaade,Rom Rom Romantic,"Meet Bros Anjjan, Amaal Mallik, Anand Raj Anand","Mika Singh, Armaan Malik & Amaal Mallik","Tusshar Kapoor, Vir Das, Sunny Leone, Shaad Randhawa, Asrani, Sushmita Mukherjee, Suresh Menon, Riteish Deshmukh, Bruna Abdullah, Uday Nene",2016
Mastizaade,Hor Nach,"Meet Bros Anjjan, Amaal Mallik, Anand Raj Anand",Ritu Pathak & Meet Bros Anjjan,"Tusshar Kapoor, Vir Das, Sunny Leone, Shaad Randhawa, Asrani, Sushmita Mukherjee, Suresh Menon, Riteish Deshmukh, Bruna Abdullah, Uday Nene",2016
Mastizaade,Dekhega Raja Trailer,"Meet Bros Anjjan, Amaal Mallik, Anand Raj Anand",Nakash Aziz & Neha Kakkar,"Tusshar Kapoor, Vir Das, Sunny Leone, Shaad Randhawa, Asrani, Sushmita Mukherjee, Suresh Menon, Riteish Deshmukh, Bruna Abdullah, Uday Nene",2016
Mastizaade,Mastizaade,"Meet Bros Anjjan, Amaal Mallik, Anand Raj Anand",Meet Bros Anjjan,"Tusshar Kapoor, Vir Das, Sunny Leone, Shaad Randhawa, Asrani, Sushmita Mukherjee, Suresh Menon, Riteish Deshmukh, Bruna Abdullah, Uday Nene",2016
Mastizaade,Kamina Hai Dil,"Meet Bros Anjjan, Amaal Mallik, Anand Raj Anand",Benny Dayal & Meet Bros Anjjan,"Tusshar Kapoor, Vir Das, Sunny Leone, Shaad Randhawa, Asrani, Sushmita Mukherjee, Suresh Menon, Riteish Deshmukh, Bruna Abdullah, Uday Nene",2016
Sanam Teri Kasam,Sanam Teri Kasam,Himesh Reshammiya,"Himesh Reshammiya, Akasa, Ankit Tiwari & Palak Muchhal","Harshvardhan Rane, Mawra Hocane, Vijay Raaz, Murali Sharma, Manish Chaudhary, Anurag Sinha, Sudesh Berry, Rushad Rana",2016
Sanam Teri Kasam,Kheech Meri Photo,Himesh Reshammiya,"Himesh Reshammiya, Neeti Mohan & Darshan Raval","Harshvardhan Rane, Mawra Hocane, Vijay Raaz, Murali Sharma, Manish Chaudhary, Anurag Sinha, Sudesh Berry, Rushad Rana",2016
Sanam Teri Kasam,Bewajah,Himesh Reshammiya,Himesh Reshammiya,"Harshvardhan Rane, Mawra Hocane, Vijay Raaz, Murali Sharma, Manish Chaudhary, Anurag Sinha, Sudesh Berry, Rushad Rana",2016
Sanam Teri Kasam,Tera Chehra,Himesh Reshammiya,Himesh Reshammiya & Arijit Singh,"Harshvardhan Rane, Mawra Hocane, Vijay Raaz, Murali Sharma, Manish Chaudhary, Anurag Sinha, Sudesh Berry, Rushad Rana",2016
Sanam Teri Kasam,"Haal-E-Dil"" (Male)",Himesh Reshammiya,Himesh Reshammiya & Sreerama Chandra,"Harshvardhan Rane, Mawra Hocane, Vijay Raaz, Murali Sharma, Manish Chaudhary, Anurag Sinha, Sudesh Berry, Rushad Rana",2016
Sanam Teri Kasam,"Haal-E-Dil"" (Female)",Himesh Reshammiya,Himesh Reshammiya & Neeti Mohan,"Harshvardhan Rane, Mawra Hocane, Vijay Raaz, Murali Sharma, Manish Chaudhary, Anurag Sinha, Sudesh Berry, Rushad Rana",2016
Sanam Teri Kasam,Ek Number,Himesh Reshammiya,Himesh Reshammiya & Neeti Mohan,"Harshvardhan Rane, Mawra Hocane, Vijay Raaz, Murali Sharma, Manish Chaudhary, Anurag Sinha, Sudesh Berry, Rushad Rana",2016
Sanam Teri Kasam,Teri Yaadon Main,Himesh Reshammiya,KK & Shreya Ghoshal,"Harshvardhan Rane, Mawra Hocane, Vijay Raaz, Murali Sharma, Manish Chaudhary, Anurag Sinha, Sudesh Berry, Rushad Rana",2016
Sanam Teri Kasam,"Sanam Teri Kasam"" (Reprise)",Himesh Reshammiya,"Himesh Reshammiya, Akasa, Ankit Tiwari & Palak Muchhal","Harshvardhan Rane, Mawra Hocane, Vijay Raaz, Murali Sharma, Manish Chaudhary, Anurag Sinha, Sudesh Berry, Rushad Rana",2016
Ghayal: Once Again,Lapak Jhapak,Shankar–Ehsaan–Loy,"Yashita Sharma, Siddharth Mahadevan & Armaan Mallik","Sunny Deol, Om Puri, Soha Ali Khan, Narendra Jha, Aanchal Munjal, Shivam Patil, Meenakshi Sheshadri, Ramesh Deo, Tisca Chopra, Harsh Chhaya",2016
Ghayal: Once Again,Khuda Hai Tere Andar,Shankar–Ehsaan–Loy,Arijit Singh,"Sunny Deol, Om Puri, Soha Ali Khan, Narendra Jha, Aanchal Munjal, Shivam Patil, Meenakshi Sheshadri, Ramesh Deo, Tisca Chopra, Harsh Chhaya",2016
Fitoor,Yeh Fitoor Mera,"Amit Trivedi, Background Score:, Hitesh Sonik",Arijit Singh,"Tabu, Katrina Kaif, Aditya Roy Kapur, Rahul Bhat, Akshay Oberoi, Lara Dutta, Ajay Devgn, Aditi Rao Hydari, Tunisha Sharma, Rochelle Rao",2016
Fitoor,Pashmina,"Amit Trivedi, Background Score:, Hitesh Sonik",Amit Trivedi,"Tabu, Katrina Kaif, Aditya Roy Kapur, Rahul Bhat, Akshay Oberoi, Lara Dutta, Ajay Devgn, Aditi Rao Hydari, Tunisha Sharma, Rochelle Rao",2016
Fitoor,Haminastu,"Amit Trivedi, Background Score:, Hitesh Sonik",Zeb Bangash,"Tabu, Katrina Kaif, Aditya Roy Kapur, Rahul Bhat, Akshay Oberoi, Lara Dutta, Ajay Devgn, Aditi Rao Hydari, Tunisha Sharma, Rochelle Rao",2016
Fitoor,Hone Do Batiyan,"Amit Trivedi, Background Score:, Hitesh Sonik",Not Found,"Tabu, Katrina Kaif, Aditya Roy Kapur, Rahul Bhat, Akshay Oberoi, Lara Dutta, Ajay Devgn, Aditi Rao Hydari, Tunisha Sharma, Rochelle Rao",2016
Fitoor,Tere Liye,"Amit Trivedi, Background Score:, Hitesh Sonik",Atif Aslam & Shreya Ghoshal,"Tabu, Katrina Kaif, Aditya Roy Kapur, Rahul Bhat, Akshay Oberoi, Lara Dutta, Ajay Devgn, Aditi Rao Hydari, Tunisha Sharma, Rochelle Rao",2016
Fitoor,Ranga Re (Hindi),"Amit Trivedi, Background Score:, Hitesh Sonik",Shreya Ghoshal,"Tabu, Katrina Kaif, Aditya Roy Kapur, Rahul Bhat, Akshay Oberoi, Lara Dutta, Ajay Devgn, Aditi Rao Hydari, Tunisha Sharma, Rochelle Rao",2016
Fitoor,"Ranga Re"" (English)","Amit Trivedi, Background Score:, Hitesh Sonik",Shreya Ghoshal,"Tabu, Katrina Kaif, Aditya Roy Kapur, Rahul Bhat, Akshay Oberoi, Lara Dutta, Ajay Devgn, Aditi Rao Hydari, Tunisha Sharma, Rochelle Rao",2016
Sanam Re,Sanam Re,"Mithoon, Jeet Gannguli, Amaal Mallik, Epic Bhangra, Aydin Vance, Background Score:, Raju Singh",Mithoon & Arijit Singh,"Yami Gautam Dhar, Pulkit Samrat, Urvashi Rautela, Rishi Kapoor, Prachee Shah, Divya Khossla, Bharti Singh, Ashish Kaul, Manoj Joshi, Ketki Dave",2016
Sanam Re,Gazab Ka Hai Yeh Din,"Mithoon, Jeet Gannguli, Amaal Mallik, Epic Bhangra, Aydin Vance, Background Score:, Raju Singh","Jubin Nautiyal, Prakriti Kakar & Tanishk Bagchi","Yami Gautam Dhar, Pulkit Samrat, Urvashi Rautela, Rishi Kapoor, Prachee Shah, Divya Khossla, Bharti Singh, Ashish Kaul, Manoj Joshi, Ketki Dave",2016
Sanam Re,Hua Hain Aaj Pehli Baar,"Mithoon, Jeet Gannguli, Amaal Mallik, Epic Bhangra, Aydin Vance, Background Score:, Raju Singh",Amaal Mallik & Palak Muchhal,"Yami Gautam Dhar, Pulkit Samrat, Urvashi Rautela, Rishi Kapoor, Prachee Shah, Divya Khossla, Bharti Singh, Ashish Kaul, Manoj Joshi, Ketki Dave",2016
Sanam Re,Humne Pee Rakhi Hai,"Mithoon, Jeet Gannguli, Amaal Mallik, Epic Bhangra, Aydin Vance, Background Score:, Raju Singh","Jaz Dhami, Neha Kakkar & Ikka","Yami Gautam Dhar, Pulkit Samrat, Urvashi Rautela, Rishi Kapoor, Prachee Shah, Divya Khossla, Bharti Singh, Ashish Kaul, Manoj Joshi, Ketki Dave",2016
Sanam Re,Kya Tujhe Ab Ye Dil Bataye,"Mithoon, Jeet Gannguli, Amaal Mallik, Epic Bhangra, Aydin Vance, Background Score:, Raju Singh",Falak Shabbir,"Yami Gautam Dhar, Pulkit Samrat, Urvashi Rautela, Rishi Kapoor, Prachee Shah, Divya Khossla, Bharti Singh, Ashish Kaul, Manoj Joshi, Ketki Dave",2016
Sanam Re,Tere Liye,"Mithoon, Jeet Gannguli, Amaal Mallik, Epic Bhangra, Aydin Vance, Background Score:, Raju Singh",Atif Aslam & Shreya Ghoshal,"Yami Gautam Dhar, Pulkit Samrat, Urvashi Rautela, Rishi Kapoor, Prachee Shah, Divya Khossla, Bharti Singh, Ashish Kaul, Manoj Joshi, Ketki Dave",2016
Sanam Re,Tum Bin,"Mithoon, Jeet Gannguli, Amaal Mallik, Epic Bhangra, Aydin Vance, Background Score:, Raju Singh",Shreya Ghoshal,"Yami Gautam Dhar, Pulkit Samrat, Urvashi Rautela, Rishi Kapoor, Prachee Shah, Divya Khossla, Bharti Singh, Ashish Kaul, Manoj Joshi, Ketki Dave",2016
Sanam Re,Chhote Chhote Tamashe,"Mithoon, Jeet Gannguli, Amaal Mallik, Epic Bhangra, Aydin Vance, Background Score:, Raju Singh",Shaan,"Yami Gautam Dhar, Pulkit Samrat, Urvashi Rautela, Rishi Kapoor, Prachee Shah, Divya Khossla, Bharti Singh, Ashish Kaul, Manoj Joshi, Ketki Dave",2016
Jai Gangaajal,Maya Thagni,Salim–Sulaiman,Pravesh Mallick & Manoj Muntashir,"Priyanka Chopra Jonas, Prakash Jha, Manav Kaul, Ayush Mahesh Khedekar, Murali Sharma, Vega Tamotia, Rahul Bhat, Ninad Kamat, Arun Kumar Tiwari",2016
Jai Gangaajal,Tetua,Salim–Sulaiman,Sukhwinder Singh & Manoj Muntashir,"Priyanka Chopra Jonas, Prakash Jha, Manav Kaul, Ayush Mahesh Khedekar, Murali Sharma, Vega Tamotia, Rahul Bhat, Ninad Kamat, Arun Kumar Tiwari",2016
Jai Gangaajal,Joganiya,Salim–Sulaiman,"Mamta Sharma, Chhaila Bihari & Siddhant Madhav","Priyanka Chopra Jonas, Prakash Jha, Manav Kaul, Ayush Mahesh Khedekar, Murali Sharma, Vega Tamotia, Rahul Bhat, Ninad Kamat, Arun Kumar Tiwari",2016
Jai Gangaajal,Dheere Dheere,Salim–Sulaiman,Zack Knight & Kumar Sanu,"Priyanka Chopra Jonas, Prakash Jha, Manav Kaul, Ayush Mahesh Khedekar, Murali Sharma, Vega Tamotia, Rahul Bhat, Ninad Kamat, Arun Kumar Tiwari",2016
Jai Gangaajal,Ghanghor Ghana Ghan,Salim–Sulaiman,Keerthi Sagathia & Manoj Muntashir,"Priyanka Chopra Jonas, Prakash Jha, Manav Kaul, Ayush Mahesh Khedekar, Murali Sharma, Vega Tamotia, Rahul Bhat, Ninad Kamat, Arun Kumar Tiwari",2016
Jai Gangaajal,Najar Tori Raja,Salim–Sulaiman,Richa Sharma,"Priyanka Chopra Jonas, Prakash Jha, Manav Kaul, Ayush Mahesh Khedekar, Murali Sharma, Vega Tamotia, Rahul Bhat, Ninad Kamat, Arun Kumar Tiwari",2016
Jai Gangaajal,Binu Baadar,Salim–Sulaiman,Divya Kumar & Manoj Muntashir,"Priyanka Chopra Jonas, Prakash Jha, Manav Kaul, Ayush Mahesh Khedekar, Murali Sharma, Vega Tamotia, Rahul Bhat, Ninad Kamat, Arun Kumar Tiwari",2016
Jai Gangaajal,Sanke Hai San San,Salim–Sulaiman,Bappi Lahiri & Manoj Muntashir,"Priyanka Chopra Jonas, Prakash Jha, Manav Kaul, Ayush Mahesh Khedekar, Murali Sharma, Vega Tamotia, Rahul Bhat, Ninad Kamat, Arun Kumar Tiwari",2016
Jai Gangaajal,Maai,Salim–Sulaiman,Sugandha Date & Manoj Muntashir,"Priyanka Chopra Jonas, Prakash Jha, Manav Kaul, Ayush Mahesh Khedekar, Murali Sharma, Vega Tamotia, Rahul Bhat, Ninad Kamat, Arun Kumar Tiwari",2016
Jai Gangaajal,Sab Dhan Maati (Radio Mix),Salim–Sulaiman,Arijit Singh,"Priyanka Chopra Jonas, Prakash Jha, Manav Kaul, Ayush Mahesh Khedekar, Murali Sharma, Vega Tamotia, Rahul Bhat, Ninad Kamat, Arun Kumar Tiwari",2016
Jai Gangaajal,Sab Dhan Maati,Salim–Sulaiman,Arijit Singh,"Priyanka Chopra Jonas, Prakash Jha, Manav Kaul, Ayush Mahesh Khedekar, Murali Sharma, Vega Tamotia, Rahul Bhat, Ninad Kamat, Arun Kumar Tiwari",2016
Rocky Handsome,Rock Tha Party,"Sunny and Inder Bawra, Guest composers:, Ankit Tiwari, Bombay Rockers",Bombay Rockers,"John Abraham, Shruti Haasan, Nathalia Kaur, Diya Chalwad, Nishikant Kamat, Sharad Kelkar, Shivkumar Subramaniam, Suhasini Mulay, Teddy Maurya, Kazu Patrick Tang",2016
Rocky Handsome,Rehnuma,"Sunny and Inder Bawra, Guest composers:, Ankit Tiwari, Bombay Rockers",Shreya Ghoshal & Inder Bawra,"John Abraham, Shruti Haasan, Nathalia Kaur, Diya Chalwad, Nishikant Kamat, Sharad Kelkar, Shivkumar Subramaniam, Suhasini Mulay, Teddy Maurya, Kazu Patrick Tang",2016
Rocky Handsome,Alfazon Ki Tarah,"Sunny and Inder Bawra, Guest composers:, Ankit Tiwari, Bombay Rockers",Ankit Tiwari,"John Abraham, Shruti Haasan, Nathalia Kaur, Diya Chalwad, Nishikant Kamat, Sharad Kelkar, Shivkumar Subramaniam, Suhasini Mulay, Teddy Maurya, Kazu Patrick Tang",2016
Rocky Handsome,Aye Khuda,"Sunny and Inder Bawra, Guest composers:, Ankit Tiwari, Bombay Rockers","Kshitij Tarey, Saim Bhat & Mithoon","John Abraham, Shruti Haasan, Nathalia Kaur, Diya Chalwad, Nishikant Kamat, Sharad Kelkar, Shivkumar Subramaniam, Suhasini Mulay, Teddy Maurya, Kazu Patrick Tang",2016
Rocky Handsome,Titliyan,"Sunny and Inder Bawra, Guest composers:, Ankit Tiwari, Bombay Rockers",Sunidhi Chauhan,"John Abraham, Shruti Haasan, Nathalia Kaur, Diya Chalwad, Nishikant Kamat, Sharad Kelkar, Shivkumar Subramaniam, Suhasini Mulay, Teddy Maurya, Kazu Patrick Tang",2016
Rocky Handsome,"Aye Khuda"" (Duet Version)","Sunny and Inder Bawra, Guest composers:, Ankit Tiwari, Bombay Rockers",Rahat Fateh Ali Khan & Shreya Ghoshal,"John Abraham, Shruti Haasan, Nathalia Kaur, Diya Chalwad, Nishikant Kamat, Sharad Kelkar, Shivkumar Subramaniam, Suhasini Mulay, Teddy Maurya, Kazu Patrick Tang",2016
Rocky Handsome,"Alfazon Ki Tarah"" (Unplugged)","Sunny and Inder Bawra, Guest composers:, Ankit Tiwari, Bombay Rockers","Ankit Tiwari, Shreya Ghoshal & John Abraham","John Abraham, Shruti Haasan, Nathalia Kaur, Diya Chalwad, Nishikant Kamat, Sharad Kelkar, Shivkumar Subramaniam, Suhasini Mulay, Teddy Maurya, Kazu Patrick Tang",2016
Ki & Ka,High Heels Te Nache,"Ilaiyaraaja, Meet Bros, Mithoon, Yo Yo Honey Singh, Background Score:, Ilaiyaraaja","Meet Bros, Yo Yo Honey Singh, Jaz Dhami & Aditi Singh Sharma","Kareena Kapoor Khan, Arjun Kapoor, Rajat Kapoor, Swaroop Sampat, Amitabh Bachchan, Jaya Bachchan, Neetha Mohindra, Gulnaaz Khan, Sunayna Paradkar, Nikhil Dave",2016
Ki & Ka,Ji Huzoori,"Ilaiyaraaja, Meet Bros, Mithoon, Yo Yo Honey Singh, Background Score:, Ilaiyaraaja",Mithoon & Deepali,"Kareena Kapoor Khan, Arjun Kapoor, Rajat Kapoor, Swaroop Sampat, Amitabh Bachchan, Jaya Bachchan, Neetha Mohindra, Gulnaaz Khan, Sunayna Paradkar, Nikhil Dave",2016
Ki & Ka,Most Wanted Munda,"Ilaiyaraaja, Meet Bros, Mithoon, Yo Yo Honey Singh, Background Score:, Ilaiyaraaja",Meet Bros & Earl Edgar,"Kareena Kapoor Khan, Arjun Kapoor, Rajat Kapoor, Swaroop Sampat, Amitabh Bachchan, Jaya Bachchan, Neetha Mohindra, Gulnaaz Khan, Sunayna Paradkar, Nikhil Dave",2016
Ki & Ka,Foolishq,"Ilaiyaraaja, Meet Bros, Mithoon, Yo Yo Honey Singh, Background Score:, Ilaiyaraaja",Shreya Ghoshal & Armaan Malik,"Kareena Kapoor Khan, Arjun Kapoor, Rajat Kapoor, Swaroop Sampat, Amitabh Bachchan, Jaya Bachchan, Neetha Mohindra, Gulnaaz Khan, Sunayna Paradkar, Nikhil Dave",2016
Ki & Ka,Pump It (The Workout Song),"Ilaiyaraaja, Meet Bros, Mithoon, Yo Yo Honey Singh, Background Score:, Ilaiyaraaja",Meet Bros & Yash Narvekar,"Kareena Kapoor Khan, Arjun Kapoor, Rajat Kapoor, Swaroop Sampat, Amitabh Bachchan, Jaya Bachchan, Neetha Mohindra, Gulnaaz Khan, Sunayna Paradkar, Nikhil Dave",2016
Ki & Ka,Kabir Most Wanted Munda,"Ilaiyaraaja, Meet Bros, Mithoon, Yo Yo Honey Singh, Background Score:, Ilaiyaraaja","Meet Bros, Palak Muchhal & Arjun Kapoor","Kareena Kapoor Khan, Arjun Kapoor, Rajat Kapoor, Swaroop Sampat, Amitabh Bachchan, Jaya Bachchan, Neetha Mohindra, Gulnaaz Khan, Sunayna Paradkar, Nikhil Dave",2016
Nil Battey Sannata,Murabba,Rohan-Vinayak,Rohan Vinayak & Neuman Pinto,"Swara Bhasker, Ratna Pathak Shah, Pankaj Tripathi, Riya Shukla, Sanjay Suri, Vishal Nath, Neha Prajapati, Prashant Tiwari",2016
Nil Battey Sannata,Maths Mein Dabba Gul,Rohan-Vinayak,"Rohan Vinayak, Rohan Utpat & Aarti Shenai","Swara Bhasker, Ratna Pathak Shah, Pankaj Tripathi, Riya Shukla, Sanjay Suri, Vishal Nath, Neha Prajapati, Prashant Tiwari",2016
Nil Battey Sannata,Maula,Rohan-Vinayak,Ali Azmat,"Swara Bhasker, Ratna Pathak Shah, Pankaj Tripathi, Riya Shukla, Sanjay Suri, Vishal Nath, Neha Prajapati, Prashant Tiwari",2016
Nil Battey Sannata,Maa,Rohan-Vinayak,Shankar Mahadevan,"Swara Bhasker, Ratna Pathak Shah, Pankaj Tripathi, Riya Shukla, Sanjay Suri, Vishal Nath, Neha Prajapati, Prashant Tiwari",2016
Nil Battey Sannata,Maa (Hariharan),Rohan-Vinayak,Rohan Vinayak & Hariharan,"Swara Bhasker, Ratna Pathak Shah, Pankaj Tripathi, Riya Shukla, Sanjay Suri, Vishal Nath, Neha Prajapati, Prashant Tiwari",2016
Nil Battey Sannata,"Maa Theme"" (Instrumental)",Rohan-Vinayak,A.R. Rahman,"Swara Bhasker, Ratna Pathak Shah, Pankaj Tripathi, Riya Shukla, Sanjay Suri, Vishal Nath, Neha Prajapati, Prashant Tiwari",2016
Nil Battey Sannata,"Chanda Theme"" (Instrumental)",Rohan-Vinayak,Jatin-Lalit,"Swara Bhasker, Ratna Pathak Shah, Pankaj Tripathi, Riya Shukla, Sanjay Suri, Vishal Nath, Neha Prajapati, Prashant Tiwari",2016
Traffic,Keh Bhi De,"Mithoon, Shailendra Barve","Mithoon, Benny Dayal & Palak Muchhal","Manoj Bajpayee, Jimmy Shergill, Divya Dutta, Parambrata Chatterjee, Prosenjit Chatterjee, Sachin Khedekar, Kitu Gidwani, Nikita Thukral, Amol Parashar, Vishal Singh",2016
Traffic,Neki Ki Raahon Mein,"Mithoon, Shailendra Barve",Not Found,"Manoj Bajpayee, Jimmy Shergill, Divya Dutta, Parambrata Chatterjee, Prosenjit Chatterjee, Sachin Khedekar, Kitu Gidwani, Nikita Thukral, Amol Parashar, Vishal Singh",2016
Traffic,Kuch Der Sahi,"Mithoon, Shailendra Barve","Arijit Singh, Shilpa Rao & Vishal & Shekhar","Manoj Bajpayee, Jimmy Shergill, Divya Dutta, Parambrata Chatterjee, Prosenjit Chatterjee, Sachin Khedekar, Kitu Gidwani, Nikita Thukral, Amol Parashar, Vishal Singh",2016
Traffic,Vitthala Naam,"Mithoon, Shailendra Barve",Prasenjit Kosambi,"Manoj Bajpayee, Jimmy Shergill, Divya Dutta, Parambrata Chatterjee, Prosenjit Chatterjee, Sachin Khedekar, Kitu Gidwani, Nikita Thukral, Amol Parashar, Vishal Singh",2016
Traffic,Tu Alvida,"Mithoon, Shailendra Barve",James & Pritam,"Manoj Bajpayee, Jimmy Shergill, Divya Dutta, Parambrata Chatterjee, Prosenjit Chatterjee, Sachin Khedekar, Kitu Gidwani, Nikita Thukral, Amol Parashar, Vishal Singh",2016
Azhar,Itni Si Baat Hain,"Amaal Mallik, Guest Composers:, Pritam, DJ Chetas, Background Score:, Sandeep Shirodkar",Arijit Singh & Antara Mitra,"Emraan Hashmi, Nargis Fakhri, Lara Dutta, Prachi Desai, Kunaal Roy Kapur, Manjot Singh, Rajesh Sharma, Kulbhushan Kharbanda, Gautam Gulati, Varun Badola",2016
Azhar,Bol Do Na Zara,"Amaal Mallik, Guest Composers:, Pritam, DJ Chetas, Background Score:, Sandeep Shirodkar",Armaan Malik,"Emraan Hashmi, Nargis Fakhri, Lara Dutta, Prachi Desai, Kunaal Roy Kapur, Manjot Singh, Rajesh Sharma, Kulbhushan Kharbanda, Gautam Gulati, Varun Badola",2016
Azhar,Oye Oye,"Amaal Mallik, Guest Composers:, Pritam, DJ Chetas, Background Score:, Sandeep Shirodkar",Aditi Singh Sharma & Armaan Malik,"Emraan Hashmi, Nargis Fakhri, Lara Dutta, Prachi Desai, Kunaal Roy Kapur, Manjot Singh, Rajesh Sharma, Kulbhushan Kharbanda, Gautam Gulati, Varun Badola",2016
Azhar,Tu Hi Na Jaane,"Amaal Mallik, Guest Composers:, Pritam, DJ Chetas, Background Score:, Sandeep Shirodkar",Sonu Nigam & Prakriti Kakar,"Emraan Hashmi, Nargis Fakhri, Lara Dutta, Prachi Desai, Kunaal Roy Kapur, Manjot Singh, Rajesh Sharma, Kulbhushan Kharbanda, Gautam Gulati, Varun Badola",2016
Azhar,Jeetne Ke Liye,"Amaal Mallik, Guest Composers:, Pritam, DJ Chetas, Background Score:, Sandeep Shirodkar",KK,"Emraan Hashmi, Nargis Fakhri, Lara Dutta, Prachi Desai, Kunaal Roy Kapur, Manjot Singh, Rajesh Sharma, Kulbhushan Kharbanda, Gautam Gulati, Varun Badola",2016
Sarbjit,Salamat,"Tanishk Bagchi, Amaal Mallik, Jeet Gannguli, Shashi Shivam, Shali-Pritesh","Amaal Mallik, Arijit Singh & Tulsi Kumar","Randeep Hooda, Aishwarya Rai Bachchan, Richa Chadha, Darshan Kumaar, Ankita Shrivastav, Ankur Bhatia, Shiwani Saini, Arbaaz Ali Khan, Jobanpreet Singh, Samiksha Bhatnagar",2016
Sarbjit,Nindiya,"Tanishk Bagchi, Amaal Mallik, Jeet Gannguli, Shashi Shivam, Shali-Pritesh","Sanchit Balhara, Ankit Balhara, Supriyaa Pathak, Atharv Bakshi & Kausar Munir","Randeep Hooda, Aishwarya Rai Bachchan, Richa Chadha, Darshan Kumaar, Ankita Shrivastav, Ankur Bhatia, Shiwani Saini, Arbaaz Ali Khan, Jobanpreet Singh, Samiksha Bhatnagar",2016
Sarbjit,Rabba,"Tanishk Bagchi, Amaal Mallik, Jeet Gannguli, Shashi Shivam, Shali-Pritesh",Mohit Chauhan,"Randeep Hooda, Aishwarya Rai Bachchan, Richa Chadha, Darshan Kumaar, Ankita Shrivastav, Ankur Bhatia, Shiwani Saini, Arbaaz Ali Khan, Jobanpreet Singh, Samiksha Bhatnagar",2016
Sarbjit,Dard,"Tanishk Bagchi, Amaal Mallik, Jeet Gannguli, Shashi Shivam, Shali-Pritesh","Sukhwinder Singh, Marianne, Nisha, Caralisa & Vishal & Shekhar","Randeep Hooda, Aishwarya Rai Bachchan, Richa Chadha, Darshan Kumaar, Ankita Shrivastav, Ankur Bhatia, Shiwani Saini, Arbaaz Ali Khan, Jobanpreet Singh, Samiksha Bhatnagar",2016
Sarbjit,Allah Hu Allah,"Tanishk Bagchi, Amaal Mallik, Jeet Gannguli, Shashi Shivam, Shali-Pritesh","Shashaa Tirupati, Altamash & Rabbani Mustafa Khan","Randeep Hooda, Aishwarya Rai Bachchan, Richa Chadha, Darshan Kumaar, Ankita Shrivastav, Ankur Bhatia, Shiwani Saini, Arbaaz Ali Khan, Jobanpreet Singh, Samiksha Bhatnagar",2016
Sarbjit,Tung Lak,"Tanishk Bagchi, Amaal Mallik, Jeet Gannguli, Shashi Shivam, Shali-Pritesh","Sukhwinder Singh, Sunidhi Chauhan, Shail Hada & Kalpana Gandharv","Randeep Hooda, Aishwarya Rai Bachchan, Richa Chadha, Darshan Kumaar, Ankita Shrivastav, Ankur Bhatia, Shiwani Saini, Arbaaz Ali Khan, Jobanpreet Singh, Samiksha Bhatnagar",2016
Sarbjit,Meherbaan,"Tanishk Bagchi, Amaal Mallik, Jeet Gannguli, Shashi Shivam, Shali-Pritesh","Ash King, Shilpa Rao, Vishal & Shekhar & Shekhar Ravjiani","Randeep Hooda, Aishwarya Rai Bachchan, Richa Chadha, Darshan Kumaar, Ankita Shrivastav, Ankur Bhatia, Shiwani Saini, Arbaaz Ali Khan, Jobanpreet Singh, Samiksha Bhatnagar",2016
Sarbjit,Barsan Laagi,"Tanishk Bagchi, Amaal Mallik, Jeet Gannguli, Shashi Shivam, Shali-Pritesh",Shail Hada,"Randeep Hooda, Aishwarya Rai Bachchan, Richa Chadha, Darshan Kumaar, Ankita Shrivastav, Ankur Bhatia, Shiwani Saini, Arbaaz Ali Khan, Jobanpreet Singh, Samiksha Bhatnagar",2016
Sarbjit,Mera Junoon,"Tanishk Bagchi, Amaal Mallik, Jeet Gannguli, Shashi Shivam, Shali-Pritesh",Shail Hada,"Randeep Hooda, Aishwarya Rai Bachchan, Richa Chadha, Darshan Kumaar, Ankita Shrivastav, Ankur Bhatia, Shiwani Saini, Arbaaz Ali Khan, Jobanpreet Singh, Samiksha Bhatnagar",2016
Sarbjit,Sarbjit Theme,"Tanishk Bagchi, Amaal Mallik, Jeet Gannguli, Shashi Shivam, Shali-Pritesh",Shail Hada,"Randeep Hooda, Aishwarya Rai Bachchan, Richa Chadha, Darshan Kumaar, Ankita Shrivastav, Ankur Bhatia, Shiwani Saini, Arbaaz Ali Khan, Jobanpreet Singh, Samiksha Bhatnagar",2016
Te3n,Haq Hai,Clinton Cerejo,Clinton Cerejo,"Amitabh Bachchan, Nawazuddin Siddiqui, Vidya Balan, Padmavati Rao, Mukesh Chhabra, Prakash Belawadi, Masood Akhtar, Tota Roy Chowdhury, Arun Saha, Sabyasachi Chakraborty",2016
Te3n,Rootha,Clinton Cerejo,"Benny Dayal, Divya Kumar & Bianca Gomes","Amitabh Bachchan, Nawazuddin Siddiqui, Vidya Balan, Padmavati Rao, Mukesh Chhabra, Prakash Belawadi, Masood Akhtar, Tota Roy Chowdhury, Arun Saha, Sabyasachi Chakraborty",2016
Te3n,Kyun Re,Clinton Cerejo,Amitabh Bachchan,"Amitabh Bachchan, Nawazuddin Siddiqui, Vidya Balan, Padmavati Rao, Mukesh Chhabra, Prakash Belawadi, Masood Akhtar, Tota Roy Chowdhury, Arun Saha, Sabyasachi Chakraborty",2016
Te3n,Grahan,Clinton Cerejo,Vishal Dadlani,"Amitabh Bachchan, Nawazuddin Siddiqui, Vidya Balan, Padmavati Rao, Mukesh Chhabra, Prakash Belawadi, Masood Akhtar, Tota Roy Chowdhury, Arun Saha, Sabyasachi Chakraborty",2016
Te3n,Kyun Re - 1,Clinton Cerejo,Amitabh Bachchan,"Amitabh Bachchan, Nawazuddin Siddiqui, Vidya Balan, Padmavati Rao, Mukesh Chhabra, Prakash Belawadi, Masood Akhtar, Tota Roy Chowdhury, Arun Saha, Sabyasachi Chakraborty",2016
Udta Punjab,Chitta Ve,"Original Songs:, Amit Trivedi, Background Score:, Benedict Taylor, Naren Chandavarkar",Manan Bhardwaj,"Shahid Kapoor, Alia Bhatt, Kareena Kapoor Khan, Diljit Dosanjh, Satish Kaushik, Manav Vij, Vansh Bhardwaj, Suhail Nayyar, Prabhjhyot Singh, Mahabir Bhullar",2016
Udta Punjab,Da Da Dasse,"Original Songs:, Amit Trivedi, Background Score:, Benedict Taylor, Naren Chandavarkar","Kanika Kapoor, Babu Haabi & Shellee","Shahid Kapoor, Alia Bhatt, Kareena Kapoor Khan, Diljit Dosanjh, Satish Kaushik, Manav Vij, Vansh Bhardwaj, Suhail Nayyar, Prabhjhyot Singh, Mahabir Bhullar",2016
Udta Punjab,Ikk Kudi,"Original Songs:, Amit Trivedi, Background Score:, Benedict Taylor, Naren Chandavarkar",Diljit Dosanjh,"Shahid Kapoor, Alia Bhatt, Kareena Kapoor Khan, Diljit Dosanjh, Satish Kaushik, Manav Vij, Vansh Bhardwaj, Suhail Nayyar, Prabhjhyot Singh, Mahabir Bhullar",2016
Udta Punjab,Ud-Daa Punjab,"Original Songs:, Amit Trivedi, Background Score:, Benedict Taylor, Naren Chandavarkar",Vishal Dadlani & Amit Trivedi,"Shahid Kapoor, Alia Bhatt, Kareena Kapoor Khan, Diljit Dosanjh, Satish Kaushik, Manav Vij, Vansh Bhardwaj, Suhail Nayyar, Prabhjhyot Singh, Mahabir Bhullar",2016
Udta Punjab,Hass Nache Le,"Original Songs:, Amit Trivedi, Background Score:, Benedict Taylor, Naren Chandavarkar",Shahid Mallya & Shellee,"Shahid Kapoor, Alia Bhatt, Kareena Kapoor Khan, Diljit Dosanjh, Satish Kaushik, Manav Vij, Vansh Bhardwaj, Suhail Nayyar, Prabhjhyot Singh, Mahabir Bhullar",2016
Udta Punjab,Vadiya,"Original Songs:, Amit Trivedi, Background Score:, Benedict Taylor, Naren Chandavarkar",Amit Trivedi & Shellee,"Shahid Kapoor, Alia Bhatt, Kareena Kapoor Khan, Diljit Dosanjh, Satish Kaushik, Manav Vij, Vansh Bhardwaj, Suhail Nayyar, Prabhjhyot Singh, Mahabir Bhullar",2016
Udta Punjab,"Ikk Kudi"" (Reprised Version)","Original Songs:, Amit Trivedi, Background Score:, Benedict Taylor, Naren Chandavarkar",Diljit Dosanjh,"Shahid Kapoor, Alia Bhatt, Kareena Kapoor Khan, Diljit Dosanjh, Satish Kaushik, Manav Vij, Vansh Bhardwaj, Suhail Nayyar, Prabhjhyot Singh, Mahabir Bhullar",2016
Udta Punjab,"Ikk Kudi"" (Club Mix)","Original Songs:, Amit Trivedi, Background Score:, Benedict Taylor, Naren Chandavarkar",Alia Bhatt & Diljit Dosanjh,"Shahid Kapoor, Alia Bhatt, Kareena Kapoor Khan, Diljit Dosanjh, Satish Kaushik, Manav Vij, Vansh Bhardwaj, Suhail Nayyar, Prabhjhyot Singh, Mahabir Bhullar",2016
Udta Punjab,"Ikk Kudi"" (Asees Kaur Version)","Original Songs:, Amit Trivedi, Background Score:, Benedict Taylor, Naren Chandavarkar",Asees Kaur,"Shahid Kapoor, Alia Bhatt, Kareena Kapoor Khan, Diljit Dosanjh, Satish Kaushik, Manav Vij, Vansh Bhardwaj, Suhail Nayyar, Prabhjhyot Singh, Mahabir Bhullar",2016
Raman Raghav 2.0,Qatl-E-Aam,Ram Sampath,Sona Mohapatra,"Nawazuddin Siddiqui, Vicky Kaushal, Sobhita Dhulipala, Amruta Subhash, Mukesh Chhabra, Anuschka Sawhney, Deepali Suryakant Badekar, Ashok Lokhande, Harssh A. Singh, Rajesh Jais",2016
Raman Raghav 2.0,Behooda,Ram Sampath,Nayantara Bhatkal,"Nawazuddin Siddiqui, Vicky Kaushal, Sobhita Dhulipala, Amruta Subhash, Mukesh Chhabra, Anuschka Sawhney, Deepali Suryakant Badekar, Ashok Lokhande, Harssh A. Singh, Rajesh Jais",2016
Raman Raghav 2.0,Paani Ka Raasta,Ram Sampath,Siddharth Basrur,"Nawazuddin Siddiqui, Vicky Kaushal, Sobhita Dhulipala, Amruta Subhash, Mukesh Chhabra, Anuschka Sawhney, Deepali Suryakant Badekar, Ashok Lokhande, Harssh A. Singh, Rajesh Jais",2016
Raman Raghav 2.0,Raghav Theme,Ram Sampath,Ram Sampath,"Nawazuddin Siddiqui, Vicky Kaushal, Sobhita Dhulipala, Amruta Subhash, Mukesh Chhabra, Anuschka Sawhney, Deepali Suryakant Badekar, Ashok Lokhande, Harssh A. Singh, Rajesh Jais",2016
Raman Raghav 2.0,"Qatl-E-Aam"" (Unplugged)",Ram Sampath,Sona Mohapatra,"Nawazuddin Siddiqui, Vicky Kaushal, Sobhita Dhulipala, Amruta Subhash, Mukesh Chhabra, Anuschka Sawhney, Deepali Suryakant Badekar, Ashok Lokhande, Harssh A. Singh, Rajesh Jais",2016
Great Grand Masti,Teri Kamar Ko,"Sanjeev–Darshan, Shaarib-Toshi, Shaan, Gourov Dasgupta, Roshin Balu","Sanjeev Rathod, Darshan Rathod, Kanika Kapoor & Kumaar","Riteish Deshmukh, Vivek Oberoi, Aftab Shivdasani, Urvashi Rautela, Mishti Chakravarty, Puja Banerjee, Shraddha Das, Usha Nadkarni, Ketan Karande, Sanjay Mishra",2016
Great Grand Masti,Resham Ka Rumaal,"Sanjeev–Darshan, Shaarib-Toshi, Shaan, Gourov Dasgupta, Roshin Balu",Toshi Sabri & Soniya Sharma,"Riteish Deshmukh, Vivek Oberoi, Aftab Shivdasani, Urvashi Rautela, Mishti Chakravarty, Puja Banerjee, Shraddha Das, Usha Nadkarni, Ketan Karande, Sanjay Mishra",2016
Great Grand Masti,I Wanna Tera Ishq,"Sanjeev–Darshan, Shaarib-Toshi, Shaan, Gourov Dasgupta, Roshin Balu","Shivranjani Singh, Shivangi Bhayana & Kumaar","Riteish Deshmukh, Vivek Oberoi, Aftab Shivdasani, Urvashi Rautela, Mishti Chakravarty, Puja Banerjee, Shraddha Das, Usha Nadkarni, Ketan Karande, Sanjay Mishra",2016
Great Grand Masti,Lipstick Laga Ke,"Sanjeev–Darshan, Shaarib-Toshi, Shaan, Gourov Dasgupta, Roshin Balu",Shaan & Payal Dev,"Riteish Deshmukh, Vivek Oberoi, Aftab Shivdasani, Urvashi Rautela, Mishti Chakravarty, Puja Banerjee, Shraddha Das, Usha Nadkarni, Ketan Karande, Sanjay Mishra",2016
Madaari,Masoom Sa,"Vishal Bhardwaj, Sunny–Inder Bawra",Sukhwinder Singh,"Irrfan Khan, Jimmy Shergill, Tushar Dalvi, Vishesh Bansal, Kedar Bagaria, Sadhil Kapoor, Nitesh Pandey, Akash Dabas, Rajiv Gupta",2016
Madaari,Dama Dama Dam,"Vishal Bhardwaj, Sunny–Inder Bawra",Vishal Dadlani,"Irrfan Khan, Jimmy Shergill, Tushar Dalvi, Vishesh Bansal, Kedar Bagaria, Sadhil Kapoor, Nitesh Pandey, Akash Dabas, Rajiv Gupta",2016
Dishoom,Sau Tarah Ke,Pritam,"Pritam, Jonita Gandhi & Amit Mishra","John Abraham, Varun Dhawan, Akshaye Khanna, Jacqueline Fernandez, Saqib Saleem, Rahul Dev, Akshay Kumar, Nargis Fakhri, Vijay Raaz, Parineeti Chopra",2016
Dishoom,Toh Dishoom,Pritam,"Pritam, Raftaar, Shahid Mallya & Mayur Puri","John Abraham, Varun Dhawan, Akshaye Khanna, Jacqueline Fernandez, Saqib Saleem, Rahul Dev, Akshay Kumar, Nargis Fakhri, Vijay Raaz, Parineeti Chopra",2016
Dishoom,"Jaaneman Aah"" (Version 1)",Pritam,"Pritam, Antara Mitra, Aaman Trikha & Mayur Puri","John Abraham, Varun Dhawan, Akshaye Khanna, Jacqueline Fernandez, Saqib Saleem, Rahul Dev, Akshay Kumar, Nargis Fakhri, Vijay Raaz, Parineeti Chopra",2016
Dishoom,"Sau Tarah Ke"" (Revisited)",Pritam,"Pritam, Abhijeet Sawant & Aditi Singh Sharma","John Abraham, Varun Dhawan, Akshaye Khanna, Jacqueline Fernandez, Saqib Saleem, Rahul Dev, Akshay Kumar, Nargis Fakhri, Vijay Raaz, Parineeti Chopra",2016
Dishoom,"Jaaneman Aah"" (Version 2)",Pritam,"Pritam, Antara Mitra, Aaman Trikha & Mayur Puri","John Abraham, Varun Dhawan, Akshaye Khanna, Jacqueline Fernandez, Saqib Saleem, Rahul Dev, Akshay Kumar, Nargis Fakhri, Vijay Raaz, Parineeti Chopra",2016
Dishoom,Ishqa,Pritam,"Pritam, Abhijeet Sawant & Antara Mitra","John Abraham, Varun Dhawan, Akshaye Khanna, Jacqueline Fernandez, Saqib Saleem, Rahul Dev, Akshay Kumar, Nargis Fakhri, Vijay Raaz, Parineeti Chopra",2016
Dishoom,"Subha Hone Na De"" (Remix)",Pritam,"Pritam, Mika Singh & Shefali Alvares","John Abraham, Varun Dhawan, Akshaye Khanna, Jacqueline Fernandez, Saqib Saleem, Rahul Dev, Akshay Kumar, Nargis Fakhri, Vijay Raaz, Parineeti Chopra",2016
Mohenjo Daro,Mohenjo Mohenjo,A. R. Rahman,"A.R. Rahman, Arijit Singh, Bela Shende & Sanah Moidutty","Hrithik Roshan, Pooja Hegde, Kabir Bedi, Arunoday Singh, Kishori Shahane, Casey Frank, Narendra Jha, Nitish Bharadwaj, Sharad Kelkar, Suhasini Mulay",2016
Mohenjo Daro,Sindhu Ma,A. R. Rahman,A.R. Rahman & Sanah Moidutty,"Hrithik Roshan, Pooja Hegde, Kabir Bedi, Arunoday Singh, Kishori Shahane, Casey Frank, Narendra Jha, Nitish Bharadwaj, Sharad Kelkar, Suhasini Mulay",2016
Mohenjo Daro,Sarsariya,A. R. Rahman,Shashwat Singh & Shashaa Tirupati,"Hrithik Roshan, Pooja Hegde, Kabir Bedi, Arunoday Singh, Kishori Shahane, Casey Frank, Narendra Jha, Nitish Bharadwaj, Sharad Kelkar, Suhasini Mulay",2016
Mohenjo Daro,Tu Hai,A. R. Rahman,A.R. Rahman & Sanah Moidutty,"Hrithik Roshan, Pooja Hegde, Kabir Bedi, Arunoday Singh, Kishori Shahane, Casey Frank, Narendra Jha, Nitish Bharadwaj, Sharad Kelkar, Suhasini Mulay",2016
Mohenjo Daro,Whispers Of The Mind,A. R. Rahman,A.R. Rahman,"Hrithik Roshan, Pooja Hegde, Kabir Bedi, Arunoday Singh, Kishori Shahane, Casey Frank, Narendra Jha, Nitish Bharadwaj, Sharad Kelkar, Suhasini Mulay",2016
Mohenjo Daro,Whispers Of The Heart,A. R. Rahman,A.R. Rahman,"Hrithik Roshan, Pooja Hegde, Kabir Bedi, Arunoday Singh, Kishori Shahane, Casey Frank, Narendra Jha, Nitish Bharadwaj, Sharad Kelkar, Suhasini Mulay",2016
Mohenjo Daro,The Shimmer Of Sindhu,A. R. Rahman,A.R. Rahman,"Hrithik Roshan, Pooja Hegde, Kabir Bedi, Arunoday Singh, Kishori Shahane, Casey Frank, Narendra Jha, Nitish Bharadwaj, Sharad Kelkar, Suhasini Mulay",2016
Mohenjo Daro,Lakh Lakh Thora,A. R. Rahman,A.R. Rahman,"Hrithik Roshan, Pooja Hegde, Kabir Bedi, Arunoday Singh, Kishori Shahane, Casey Frank, Narendra Jha, Nitish Bharadwaj, Sharad Kelkar, Suhasini Mulay",2016
Happy Bhag Jayegi,Happy Oye,Sohail Sen,"Sohail Sen, Harshdeep Kaur & Shahid Mallya","Diana Penty, Abhay Deol, Jimmy Shergill, Ali Fazal, Piyush Mishra, Momal Sheikh, Kanwaljit Singh, Javed Sheikh, Jagat Rawat, Ayesha Raza Mishra",2016
Happy Bhag Jayegi,Gabru Ready To Mingle Hai,Sohail Sen,"Sohail Sen, Mika Singh, Tarannum Malik Jain & Neeti Mohan","Diana Penty, Abhay Deol, Jimmy Shergill, Ali Fazal, Piyush Mishra, Momal Sheikh, Kanwaljit Singh, Javed Sheikh, Jagat Rawat, Ayesha Raza Mishra",2016
Happy Bhag Jayegi,Aashiq Tera,Sohail Sen,Sohail Sen & Altamash Faridi,"Diana Penty, Abhay Deol, Jimmy Shergill, Ali Fazal, Piyush Mishra, Momal Sheikh, Kanwaljit Singh, Javed Sheikh, Jagat Rawat, Ayesha Raza Mishra",2016
Happy Bhag Jayegi,Zara Si Dosti,Sohail Sen,Sohail Sen & Arijit Singh,"Diana Penty, Abhay Deol, Jimmy Shergill, Ali Fazal, Piyush Mishra, Momal Sheikh, Kanwaljit Singh, Javed Sheikh, Jagat Rawat, Ayesha Raza Mishra",2016
Happy Bhag Jayegi,Yaaram,Sohail Sen,"Vishal Bhardwaj, Clinton Cerejo & Sunidhi Chauhan","Diana Penty, Abhay Deol, Jimmy Shergill, Ali Fazal, Piyush Mishra, Momal Sheikh, Kanwaljit Singh, Javed Sheikh, Jagat Rawat, Ayesha Raza Mishra",2016
A Flying Jatt,A Flying Jatt,Sachin–Jigar,"Raftaar, Mansheel Gujral & Tanishkaa","Tiger Shroff, Jacqueline Fernandez, Nathan Jones, Kay Kay Menon, Amrita Singh, Gaurav Pandey, Shraddha Kapoor, Sadanand Yadav",2016
A Flying Jatt,Toota Jo Kabhi Tara,Sachin–Jigar,Atif Aslam & Sumedha Karmahe,"Tiger Shroff, Jacqueline Fernandez, Nathan Jones, Kay Kay Menon, Amrita Singh, Gaurav Pandey, Shraddha Kapoor, Sadanand Yadav",2016
A Flying Jatt,Beat Pe Booty,Sachin–Jigar,"Sachin Sanghvi, Jigar Saraiya, Vayu & Kanika Kapoor","Tiger Shroff, Jacqueline Fernandez, Nathan Jones, Kay Kay Menon, Amrita Singh, Gaurav Pandey, Shraddha Kapoor, Sadanand Yadav",2016
A Flying Jatt,Bhangda Pa,Sachin–Jigar,"Vishal Dadlani, Divya Kumar & Asees Kaur","Tiger Shroff, Jacqueline Fernandez, Nathan Jones, Kay Kay Menon, Amrita Singh, Gaurav Pandey, Shraddha Kapoor, Sadanand Yadav",2016
A Flying Jatt,Khair Mangda,Sachin–Jigar,Atif Aslam,"Tiger Shroff, Jacqueline Fernandez, Nathan Jones, Kay Kay Menon, Amrita Singh, Gaurav Pandey, Shraddha Kapoor, Sadanand Yadav",2016
A Flying Jatt,Raj Karega Khalsa,Sachin–Jigar,Daler Mehndi & Navraj Hans,"Tiger Shroff, Jacqueline Fernandez, Nathan Jones, Kay Kay Menon, Amrita Singh, Gaurav Pandey, Shraddha Kapoor, Sadanand Yadav",2016
Akira,"Rajj Rajj Ke"" (Version 1)",Vishal–Shekhar,Nahid Afrin & Vishal Dadlani,"Sonakshi Sinha, Konkona Sen Sharma, Urmila Mahanta, Anurag Kashyap, Amit Sadh, Raai Laxmi, Mithun Chakraborty, Atul Kulkarni, Smita Jaykar, Phalguni Khanna",2016
Akira,Purza,Vishal–Shekhar,Arijit Singh,"Sonakshi Sinha, Konkona Sen Sharma, Urmila Mahanta, Anurag Kashyap, Amit Sadh, Raai Laxmi, Mithun Chakraborty, Atul Kulkarni, Smita Jaykar, Phalguni Khanna",2016
Akira,Kehkasha Tu Meri,Vishal–Shekhar,Shekhar Ravjiani,"Sonakshi Sinha, Konkona Sen Sharma, Urmila Mahanta, Anurag Kashyap, Amit Sadh, Raai Laxmi, Mithun Chakraborty, Atul Kulkarni, Smita Jaykar, Phalguni Khanna",2016
Akira,"Rajj Rajj Ke"" (Version 2)",Vishal–Shekhar,Nahid Afrin & Vishal Dadlani,"Sonakshi Sinha, Konkona Sen Sharma, Urmila Mahanta, Anurag Kashyap, Amit Sadh, Raai Laxmi, Mithun Chakraborty, Atul Kulkarni, Smita Jaykar, Phalguni Khanna",2016
Akira,Baadal,Vishal–Shekhar,Adnan Sami & Alka Yagnik,"Sonakshi Sinha, Konkona Sen Sharma, Urmila Mahanta, Anurag Kashyap, Amit Sadh, Raai Laxmi, Mithun Chakraborty, Atul Kulkarni, Smita Jaykar, Phalguni Khanna",2016
Akira,"Rajj Rajj Ke"" (Remix by DJ Kiran Kamath)",Vishal–Shekhar,"Nahid Afrin, Vishal Dadlani & Dj Kiran Kamath","Sonakshi Sinha, Konkona Sen Sharma, Urmila Mahanta, Anurag Kashyap, Amit Sadh, Raai Laxmi, Mithun Chakraborty, Atul Kulkarni, Smita Jaykar, Phalguni Khanna",2016
Baar Baar Dekho,Kho Gaye Hum Kahan,"Amaal Mallik, Arko Pravo Mukherjee, Badshah, Bilal Saeed, Jasleen Royal, Prem-Hardeep","Jasleen Royal, Prateek Kuhad & Silent Ocean","Sidharth Malhotra, Katrina Kaif, Hussina Raja, Zack Eisaku Niizato, Taha Shah Badussha, Rohan Joshi, Rajit Kapoor, Ram Kapoor, Sarika, Sayani Gupta",2016
Baar Baar Dekho,Sau Aasmaan,"Amaal Mallik, Arko Pravo Mukherjee, Badshah, Bilal Saeed, Jasleen Royal, Prem-Hardeep",Armaan Malik & Neeti Mohan,"Sidharth Malhotra, Katrina Kaif, Hussina Raja, Zack Eisaku Niizato, Taha Shah Badussha, Rohan Joshi, Rajit Kapoor, Ram Kapoor, Sarika, Sayani Gupta",2016
Baar Baar Dekho,Dariya,"Amaal Mallik, Arko Pravo Mukherjee, Badshah, Bilal Saeed, Jasleen Royal, Prem-Hardeep",Arko,"Sidharth Malhotra, Katrina Kaif, Hussina Raja, Zack Eisaku Niizato, Taha Shah Badussha, Rohan Joshi, Rajit Kapoor, Ram Kapoor, Sarika, Sayani Gupta",2016
Baar Baar Dekho,Nachde Ne Saare,"Amaal Mallik, Arko Pravo Mukherjee, Badshah, Bilal Saeed, Jasleen Royal, Prem-Hardeep","Jasleen Royal, Harshdeep Kaur & Siddharth Mahadevan","Sidharth Malhotra, Katrina Kaif, Hussina Raja, Zack Eisaku Niizato, Taha Shah Badussha, Rohan Joshi, Rajit Kapoor, Ram Kapoor, Sarika, Sayani Gupta",2016
Baar Baar Dekho,Teri Khair Mangdi,"Amaal Mallik, Arko Pravo Mukherjee, Badshah, Bilal Saeed, Jasleen Royal, Prem-Hardeep",Bilal Saeed,"Sidharth Malhotra, Katrina Kaif, Hussina Raja, Zack Eisaku Niizato, Taha Shah Badussha, Rohan Joshi, Rajit Kapoor, Ram Kapoor, Sarika, Sayani Gupta",2016
Baar Baar Dekho,Kala Chashma,"Amaal Mallik, Arko Pravo Mukherjee, Badshah, Bilal Saeed, Jasleen Royal, Prem-Hardeep","Amar Arshi, Badshah, Neha Kakkar & Indeep Bakshi","Sidharth Malhotra, Katrina Kaif, Hussina Raja, Zack Eisaku Niizato, Taha Shah Badussha, Rohan Joshi, Rajit Kapoor, Ram Kapoor, Sarika, Sayani Gupta",2016
Pink,Jeenay De Mujhe,"Shantanu Moitra, Anupam Roy",Faiza Mujahid,"Amitabh Bachchan, Taapsee Pannu, Kirti Kulhari, Andrea Tariang, Angad Bedi, Dhritiman Chatterjee, Piyush Mishra, Vijay Varma, Mamta Malik, Jogi Malang",2016
Pink,Kaari Kaari,"Shantanu Moitra, Anupam Roy",Qurat-ul-Ain Balouch,"Amitabh Bachchan, Taapsee Pannu, Kirti Kulhari, Andrea Tariang, Angad Bedi, Dhritiman Chatterjee, Piyush Mishra, Vijay Varma, Mamta Malik, Jogi Malang",2016
Pink,Tujhse Hi Hai Roshni,"Shantanu Moitra, Anupam Roy",Anupam Roy,"Amitabh Bachchan, Taapsee Pannu, Kirti Kulhari, Andrea Tariang, Angad Bedi, Dhritiman Chatterjee, Piyush Mishra, Vijay Varma, Mamta Malik, Jogi Malang",2016
Pink,Pink Anthem,"Shantanu Moitra, Anupam Roy",Henry Mancini,"Amitabh Bachchan, Taapsee Pannu, Kirti Kulhari, Andrea Tariang, Angad Bedi, Dhritiman Chatterjee, Piyush Mishra, Vijay Varma, Mamta Malik, Jogi Malang",2016
Pink,Tu Chal,"Shantanu Moitra, Anupam Roy",Amitabh Bachchan & Torsha,"Amitabh Bachchan, Taapsee Pannu, Kirti Kulhari, Andrea Tariang, Angad Bedi, Dhritiman Chatterjee, Piyush Mishra, Vijay Varma, Mamta Malik, Jogi Malang",2016
Mirzya,Mirzya,"Shankar–Ehsaan–Loy, Daler Mehndi","Daler Mehndi, Sain Zahoor, Akhtar Chinnal & Nooran Sisters","Harshvardhan Kapoor, Saiyami Kher, Art Malik, K.K. Raina, Om Puri, Anuj Chowdhry",2016
Mirzya,Teen Gawah Hain Ishq Ke,"Shankar–Ehsaan–Loy, Daler Mehndi",Siddharth Mahadevan & Sain Zahoor,"Harshvardhan Kapoor, Saiyami Kher, Art Malik, K.K. Raina, Om Puri, Anuj Chowdhry",2016
Mirzya,Chakora,"Shankar–Ehsaan–Loy, Daler Mehndi","Mame Khan, Shuchismita Das & Akhtar Chinnal","Harshvardhan Kapoor, Saiyami Kher, Art Malik, K.K. Raina, Om Puri, Anuj Chowdhry",2016
Mirzya,Aave Re Hitchki,"Shankar–Ehsaan–Loy, Daler Mehndi",Mame Khan & Shankar Mahadevan,"Harshvardhan Kapoor, Saiyami Kher, Art Malik, K.K. Raina, Om Puri, Anuj Chowdhry",2016
Mirzya,Hota Hai,"Shankar–Ehsaan–Loy, Daler Mehndi","Nooran Sisters, Sain Zahoor, Akhtar Chinnal & Daler Mehndi","Harshvardhan Kapoor, Saiyami Kher, Art Malik, K.K. Raina, Om Puri, Anuj Chowdhry",2016
Mirzya,Ek Nadi Thi,"Shankar–Ehsaan–Loy, Daler Mehndi",Nooran Sisters & K. Mohan,"Harshvardhan Kapoor, Saiyami Kher, Art Malik, K.K. Raina, Om Puri, Anuj Chowdhry",2016
Mirzya,Doli Re Doli,"Shankar–Ehsaan–Loy, Daler Mehndi",Shankar Mahadevan & Mame Khan,"Harshvardhan Kapoor, Saiyami Kher, Art Malik, K.K. Raina, Om Puri, Anuj Chowdhry",2016
Mirzya,Kaaga,"Shankar–Ehsaan–Loy, Daler Mehndi",Kaushiki Chakraborty,"Harshvardhan Kapoor, Saiyami Kher, Art Malik, K.K. Raina, Om Puri, Anuj Chowdhry",2016
Mirzya,Mirzya Theme – Broken Arrows,"Shankar–Ehsaan–Loy, Daler Mehndi",Shankar Ehsaan Loy,"Harshvardhan Kapoor, Saiyami Kher, Art Malik, K.K. Raina, Om Puri, Anuj Chowdhry",2016
Mirzya,Yeh Wadiyan Doodiyan Kohre Ki,"Shankar–Ehsaan–Loy, Daler Mehndi",Daler Mehndi,"Harshvardhan Kapoor, Saiyami Kher, Art Malik, K.K. Raina, Om Puri, Anuj Chowdhry",2016
Mirzya,Mirza Se Darre Khuda,"Shankar–Ehsaan–Loy, Daler Mehndi",Daler Mehndi,"Harshvardhan Kapoor, Saiyami Kher, Art Malik, K.K. Raina, Om Puri, Anuj Chowdhry",2016
Mirzya,Mera Mirza Sher Jawan,"Shankar–Ehsaan–Loy, Daler Mehndi",Daler Mehndi,"Harshvardhan Kapoor, Saiyami Kher, Art Malik, K.K. Raina, Om Puri, Anuj Chowdhry",2016
Mirzya,Lahoo Luhaan Zameen Hui,"Shankar–Ehsaan–Loy, Daler Mehndi",Daler Mehndi,"Harshvardhan Kapoor, Saiyami Kher, Art Malik, K.K. Raina, Om Puri, Anuj Chowdhry",2016
Mirzya,Puchh Na Pende Mamle,"Shankar–Ehsaan–Loy, Daler Mehndi",Daler Mehndi,"Harshvardhan Kapoor, Saiyami Kher, Art Malik, K.K. Raina, Om Puri, Anuj Chowdhry",2016
Mirzya,Phaa Paye Na Ishq Da,"Shankar–Ehsaan–Loy, Daler Mehndi",Daler Mehndi,"Harshvardhan Kapoor, Saiyami Kher, Art Malik, K.K. Raina, Om Puri, Anuj Chowdhry",2016
Rock On 2,Jaago,Shankar–Ehsaan–Loy,Farhan Akhtar & Siddharth Mahadevan,"Farhan Akhtar, Arjun Rampal, Purab Kohli, Shraddha Kapoor, Shashank Arora, Prachi Desai, Shahana Goswami, Kumud Mishra, Usha Uthup",2016
Rock On 2,Udja Re,Shankar–Ehsaan–Loy,Shraddha Kapoor & Shankar Mahadevan,"Farhan Akhtar, Arjun Rampal, Purab Kohli, Shraddha Kapoor, Shashank Arora, Prachi Desai, Shahana Goswami, Kumud Mishra, Usha Uthup",2016
Rock On 2,You Know What I Mean,Shankar–Ehsaan–Loy,Farhan Akhtar,"Farhan Akhtar, Arjun Rampal, Purab Kohli, Shraddha Kapoor, Shashank Arora, Prachi Desai, Shahana Goswami, Kumud Mishra, Usha Uthup",2016
Rock On 2,Manzar Naya,Shankar–Ehsaan–Loy,Farhan Akhtar,"Farhan Akhtar, Arjun Rampal, Purab Kohli, Shraddha Kapoor, Shashank Arora, Prachi Desai, Shahana Goswami, Kumud Mishra, Usha Uthup",2016
Rock On 2,Tere Mere Dil,Shankar–Ehsaan–Loy,Shraddha Kapoor,"Farhan Akhtar, Arjun Rampal, Purab Kohli, Shraddha Kapoor, Shashank Arora, Prachi Desai, Shahana Goswami, Kumud Mishra, Usha Uthup",2016
Rock On 2,Woh Jahaan,Shankar–Ehsaan–Loy,Shraddha Kapoor & Farhan Akhtar,"Farhan Akhtar, Arjun Rampal, Purab Kohli, Shraddha Kapoor, Shashank Arora, Prachi Desai, Shahana Goswami, Kumud Mishra, Usha Uthup",2016
Rock On 2,"Hoi Kiw/Chalo Chalo"" (additional lyrics: Kit Shangpliang)",Shankar–Ehsaan–Loy,"Usha Uthup, Kit Shangpliang & Pynsuklin Syiemiong","Farhan Akhtar, Arjun Rampal, Purab Kohli, Shraddha Kapoor, Shashank Arora, Prachi Desai, Shahana Goswami, Kumud Mishra, Usha Uthup",2016
Rock On 2,Ishq Mastana,Shankar–Ehsaan–Loy,"A.R. Rahman, Irshad Kamil, Mohit Chauhan, Nargis & Pooja Tiwari","Farhan Akhtar, Arjun Rampal, Purab Kohli, Shraddha Kapoor, Shashank Arora, Prachi Desai, Shahana Goswami, Kumud Mishra, Usha Uthup",2016
Force 2,Rang Laal,"Gourov-Roshin, Amaal Mallik","Dev Negi, Aditi Singh Sharma & John Abraham","John Abraham, Sonakshi Sinha, Raj Babbar, Adil Hussain, Tahir Raj Bhasin, Narendra Jha, Boman Irani, Genelia D'Souza, Freddy Daruwala",2016
Force 2,O Janiya,"Gourov-Roshin, Amaal Mallik",Neha Kakkar,"John Abraham, Sonakshi Sinha, Raj Babbar, Adil Hussain, Tahir Raj Bhasin, Narendra Jha, Boman Irani, Genelia D'Souza, Freddy Daruwala",2016
Force 2,Catch Me If U Can,"Gourov-Roshin, Amaal Mallik",Amaal Mallik,"John Abraham, Sonakshi Sinha, Raj Babbar, Adil Hussain, Tahir Raj Bhasin, Narendra Jha, Boman Irani, Genelia D'Souza, Freddy Daruwala",2016
Force 2,Ishaara,"Gourov-Roshin, Amaal Mallik",Armaan Malik,"John Abraham, Sonakshi Sinha, Raj Babbar, Adil Hussain, Tahir Raj Bhasin, Narendra Jha, Boman Irani, Genelia D'Souza, Freddy Daruwala",2016
Dear Zindagi,Love You Zindagi,Amit Trivedi,Amit Trivedi & Jasleen Royal,"Alia Bhatt, Shah Rukh Khan, Kunal Kapoor, Ali Zafar, Aditya Roy Kapur, Angad Bedi, Salone Mehta, Yashwant Singh, Gautmik, Ira Dubey",2016
Dear Zindagi,Tu Hi Hai,Amit Trivedi,Amit Trivedi & Arijit Singh,"Alia Bhatt, Shah Rukh Khan, Kunal Kapoor, Ali Zafar, Aditya Roy Kapur, Angad Bedi, Salone Mehta, Yashwant Singh, Gautmik, Ira Dubey",2016
Dear Zindagi,Taarefon Se,Amit Trivedi,Amit Trivedi & Arijit Singh,"Alia Bhatt, Shah Rukh Khan, Kunal Kapoor, Ali Zafar, Aditya Roy Kapur, Angad Bedi, Salone Mehta, Yashwant Singh, Gautmik, Ira Dubey",2016
Dear Zindagi,Lets Break Up,Amit Trivedi,Amit Trivedi & Vishal Dadlani,"Alia Bhatt, Shah Rukh Khan, Kunal Kapoor, Ali Zafar, Aditya Roy Kapur, Angad Bedi, Salone Mehta, Yashwant Singh, Gautmik, Ira Dubey",2016
Dear Zindagi,Just Go To Hell Dil,Amit Trivedi,Amit Trivedi & Sunidhi Chauhan,"Alia Bhatt, Shah Rukh Khan, Kunal Kapoor, Ali Zafar, Aditya Roy Kapur, Angad Bedi, Salone Mehta, Yashwant Singh, Gautmik, Ira Dubey",2016
Dear Zindagi,"Love You Zindagi"" (Club Mix)",Amit Trivedi,Amit Trivedi & Jasleen Royal,"Alia Bhatt, Shah Rukh Khan, Kunal Kapoor, Ali Zafar, Aditya Roy Kapur, Angad Bedi, Salone Mehta, Yashwant Singh, Gautmik, Ira Dubey",2016
Dear Zindagi,"Ae Zindagi Gale Laga Le"" (Take 1)",Amit Trivedi,"Ilaiyaraaja, Amit Trivedi & Arijit Singh","Alia Bhatt, Shah Rukh Khan, Kunal Kapoor, Ali Zafar, Aditya Roy Kapur, Angad Bedi, Salone Mehta, Yashwant Singh, Gautmik, Ira Dubey",2016
Dear Zindagi,"Ae Zindagi Gale Laga Le"" (Take 2)",Amit Trivedi,"Ilaiyaraaja, Amit Trivedi & Alia Bhatt","Alia Bhatt, Shah Rukh Khan, Kunal Kapoor, Ali Zafar, Aditya Roy Kapur, Angad Bedi, Salone Mehta, Yashwant Singh, Gautmik, Ira Dubey",2016
Kahaani 2: Durga Rani Singh,Mehram,Clinton Cerejo,Sachet Tandon & Sachet-Parampara,"Vidya Balan, Arjun Rampal, Jugal Hansraj, Tota Roy Chowdhury, Kharaj Mukherjee, Naisha Khanna, Tunisha Sharma, Ardhendu Banerjee, Biswajit Chakraborty, Pradip Chakrabarti",2016
Kahaani 2: Durga Rani Singh,Lamhon Ke Rasgulle,Clinton Cerejo,Sunidhi Chauhan & Bianca Gomes,"Vidya Balan, Arjun Rampal, Jugal Hansraj, Tota Roy Chowdhury, Kharaj Mukherjee, Naisha Khanna, Tunisha Sharma, Ardhendu Banerjee, Biswajit Chakraborty, Pradip Chakrabarti",2016
Kahaani 2: Durga Rani Singh,Anandoloke,Clinton Cerejo,Clinton Cerejo,"Vidya Balan, Arjun Rampal, Jugal Hansraj, Tota Roy Chowdhury, Kharaj Mukherjee, Naisha Khanna, Tunisha Sharma, Ardhendu Banerjee, Biswajit Chakraborty, Pradip Chakrabarti",2016
Kahaani 2: Durga Rani Singh,Aaur Main Khush Hoon,Clinton Cerejo,Ash King & Amitabh Bhattacharya,"Vidya Balan, Arjun Rampal, Jugal Hansraj, Tota Roy Chowdhury, Kharaj Mukherjee, Naisha Khanna, Tunisha Sharma, Ardhendu Banerjee, Biswajit Chakraborty, Pradip Chakrabarti",2016
Befikre,Nashe Si Chadh Gayi,"Vishal–Shekhar, Background Score:, Mikey McCleary","Vishal & Shekhar, Arijit Singh & Caralisa Monteiro","Ranveer Singh, Vaani Kapoor, Elisa Bachir Bey, Julie Ordon, Marinelly Vaslon, Sandra Rosinsky, Hugo Diego Garcia, Ayesha Raza Mishra, Aru Krishansh Verma, Marie Wadoux",2016
Befikre,Ude Dil Befikre,"Vishal–Shekhar, Background Score:, Mikey McCleary",Vishal & Shekhar & Benny Dayal,"Ranveer Singh, Vaani Kapoor, Elisa Bachir Bey, Julie Ordon, Marinelly Vaslon, Sandra Rosinsky, Hugo Diego Garcia, Ayesha Raza Mishra, Aru Krishansh Verma, Marie Wadoux",2016
Befikre,Je T'aime,"Vishal–Shekhar, Background Score:, Mikey McCleary","Vishal & Shekhar, Vishal Dadlani & Sunidhi Chauhan","Ranveer Singh, Vaani Kapoor, Elisa Bachir Bey, Julie Ordon, Marinelly Vaslon, Sandra Rosinsky, Hugo Diego Garcia, Ayesha Raza Mishra, Aru Krishansh Verma, Marie Wadoux",2016
Befikre,You & Me,"Vishal–Shekhar, Background Score:, Mikey McCleary",Jhené Aiko,"Ranveer Singh, Vaani Kapoor, Elisa Bachir Bey, Julie Ordon, Marinelly Vaslon, Sandra Rosinsky, Hugo Diego Garcia, Ayesha Raza Mishra, Aru Krishansh Verma, Marie Wadoux",2016
Befikre,Labon Ka Karobaar,"Vishal–Shekhar, Background Score:, Mikey McCleary",Vishal & Shekhar & Papon,"Ranveer Singh, Vaani Kapoor, Elisa Bachir Bey, Julie Ordon, Marinelly Vaslon, Sandra Rosinsky, Hugo Diego Garcia, Ayesha Raza Mishra, Aru Krishansh Verma, Marie Wadoux",2016
Befikre,Khulke Dulke,"Vishal–Shekhar, Background Score:, Mikey McCleary","Vishal & Shekhar, Gippy Grewal & Harshdeep Kaur","Ranveer Singh, Vaani Kapoor, Elisa Bachir Bey, Julie Ordon, Marinelly Vaslon, Sandra Rosinsky, Hugo Diego Garcia, Ayesha Raza Mishra, Aru Krishansh Verma, Marie Wadoux",2016
Befikre,"Love Is a Dare"" (Instrumental)","Vishal–Shekhar, Background Score:, Mikey McCleary",Vishal & Shekhar,"Ranveer Singh, Vaani Kapoor, Elisa Bachir Bey, Julie Ordon, Marinelly Vaslon, Sandra Rosinsky, Hugo Diego Garcia, Ayesha Raza Mishra, Aru Krishansh Verma, Marie Wadoux",2016
Secret Superstar,Main Kaun Hoon,Amit Trivedi,Meghna Mishra,"Zaira Wasim, Aamir Khan, Meher Vij, Raj Arjun, Kabir Sajid Shaikh, Farrukh Jaffar, Tirth Sharma, Mona Ambegaonkar, Manuj Sharma, Nitika Anand Mukherjee",2017
Secret Superstar,Meri Pyaari Ammi,Amit Trivedi,Meghna Mishra,"Zaira Wasim, Aamir Khan, Meher Vij, Raj Arjun, Kabir Sajid Shaikh, Farrukh Jaffar, Tirth Sharma, Mona Ambegaonkar, Manuj Sharma, Nitika Anand Mukherjee",2017
Secret Superstar,Sapne Re,Amit Trivedi,Meghna Mishra,"Zaira Wasim, Aamir Khan, Meher Vij, Raj Arjun, Kabir Sajid Shaikh, Farrukh Jaffar, Tirth Sharma, Mona Ambegaonkar, Manuj Sharma, Nitika Anand Mukherjee",2017
Secret Superstar,I'll Miss You,Amit Trivedi,Kushal Chokshi,"Zaira Wasim, Aamir Khan, Meher Vij, Raj Arjun, Kabir Sajid Shaikh, Farrukh Jaffar, Tirth Sharma, Mona Ambegaonkar, Manuj Sharma, Nitika Anand Mukherjee",2017
Secret Superstar,Nachdi Phira,Amit Trivedi,Meghna Mishra,"Zaira Wasim, Aamir Khan, Meher Vij, Raj Arjun, Kabir Sajid Shaikh, Farrukh Jaffar, Tirth Sharma, Mona Ambegaonkar, Manuj Sharma, Nitika Anand Mukherjee",2017
Secret Superstar,Sexy Baliye,Amit Trivedi,Mika Singh,"Zaira Wasim, Aamir Khan, Meher Vij, Raj Arjun, Kabir Sajid Shaikh, Farrukh Jaffar, Tirth Sharma, Mona Ambegaonkar, Manuj Sharma, Nitika Anand Mukherjee",2017
Secret Superstar,Gudgudi,Amit Trivedi,Sunidhi Chauhan,"Zaira Wasim, Aamir Khan, Meher Vij, Raj Arjun, Kabir Sajid Shaikh, Farrukh Jaffar, Tirth Sharma, Mona Ambegaonkar, Manuj Sharma, Nitika Anand Mukherjee",2017
Secret Superstar,O Re Manwa,Amit Trivedi,Meghna Mishra,"Zaira Wasim, Aamir Khan, Meher Vij, Raj Arjun, Kabir Sajid Shaikh, Farrukh Jaffar, Tirth Sharma, Mona Ambegaonkar, Manuj Sharma, Nitika Anand Mukherjee",2017
Tiger Zinda Hai,Dil Diyan Gallan,Vishal–Shekhar,Vishal & Shekhar & Atif Aslam,"Salman Khan, Katrina Kaif, Girish Karnad, Paresh Rawal, Angad Bedi, Kumud Mishra, Sartaaj Kakkar, Gavie Chahal, Ivan Rodrigues, Nawab Shah",2017
Tiger Zinda Hai,"Zinda Hai"" (Tiger Theme byJulius Packiam)",Vishal–Shekhar,Not Found,"Salman Khan, Katrina Kaif, Girish Karnad, Paresh Rawal, Angad Bedi, Kumud Mishra, Sartaaj Kakkar, Gavie Chahal, Ivan Rodrigues, Nawab Shah",2017
Tiger Zinda Hai,Swag Se Swagat,Vishal–Shekhar,"Vishal & Shekhar, Julius Packiam, Vishal Dadlani & Neha Bhasin","Salman Khan, Katrina Kaif, Girish Karnad, Paresh Rawal, Angad Bedi, Kumud Mishra, Sartaaj Kakkar, Gavie Chahal, Ivan Rodrigues, Nawab Shah",2017
Tiger Zinda Hai,Daata Tu,Vishal–Shekhar,Vishal & Shekhar & Shreya Ghoshal,"Salman Khan, Katrina Kaif, Girish Karnad, Paresh Rawal, Angad Bedi, Kumud Mishra, Sartaaj Kakkar, Gavie Chahal, Ivan Rodrigues, Nawab Shah",2017
Tiger Zinda Hai,Tera Noor,Vishal–Shekhar,Vishal & Shekhar & Jyoti Nooran,"Salman Khan, Katrina Kaif, Girish Karnad, Paresh Rawal, Angad Bedi, Kumud Mishra, Sartaaj Kakkar, Gavie Chahal, Ivan Rodrigues, Nawab Shah",2017
Tiger Zinda Hai,"Dil Diyan Gallan"" (Unplugged)",Vishal–Shekhar,Vishal & Shekhar & Atif Aslam,"Salman Khan, Katrina Kaif, Girish Karnad, Paresh Rawal, Angad Bedi, Kumud Mishra, Sartaaj Kakkar, Gavie Chahal, Ivan Rodrigues, Nawab Shah",2017
Hindi Medium,Tenu Suit Suit Karda,"Sachin–Jigar, Guru Randhawa","Guru Randhawa, Rajat Nagpal & Intense","Irrfan Khan, Saba Qamar, Sanjana Sanghi, Deepak Dobriyal, Mallika Dua, Tillotama Shome, Amrita Singh, Delzad Hiwale, Swati Das, Jaspal Sharma",2017
Hindi Medium,Hoor,"Sachin–Jigar, Guru Randhawa",Sachin-Jigar & Atif Aslam,"Irrfan Khan, Saba Qamar, Sanjana Sanghi, Deepak Dobriyal, Mallika Dua, Tillotama Shome, Amrita Singh, Delzad Hiwale, Swati Das, Jaspal Sharma",2017
Hindi Medium,"Oh Ho Ho Ho"" (Remix)","Sachin–Jigar, Guru Randhawa","Sukhbir, Ikka & Abhijit Vaghani","Irrfan Khan, Saba Qamar, Sanjana Sanghi, Deepak Dobriyal, Mallika Dua, Tillotama Shome, Amrita Singh, Delzad Hiwale, Swati Das, Jaspal Sharma",2017
Hindi Medium,Ek Jindari,"Sachin–Jigar, Guru Randhawa",Sachin-Jigar & Taniskaa Sanghvi,"Irrfan Khan, Saba Qamar, Sanjana Sanghi, Deepak Dobriyal, Mallika Dua, Tillotama Shome, Amrita Singh, Delzad Hiwale, Swati Das, Jaspal Sharma",2017
Toilet: Ek Prem Katha,Hans Mat Pagli,Vickey PrasadManas-ShikharSachet–Parampara,"Sonu Nigam, Shreya Ghoshal & Vickey Prasad","Akshay Kumar, Bhumi Pednekar, Anupam Kher, Sudhir Pandey, Rajesh Sharma, Shubha Khote, Sachin Khedekar, Sana Khaan, Ayesha Raza Mishra",2017
Toilet: Ek Prem Katha,Bakheda,Vickey PrasadManas-ShikharSachet–Parampara,"Sukhwinder Singh, Sunidhi Chauhan & Vickey Prasad","Akshay Kumar, Bhumi Pednekar, Anupam Kher, Sudhir Pandey, Rajesh Sharma, Shubha Khote, Sachin Khedekar, Sana Khaan, Ayesha Raza Mishra",2017
Toilet: Ek Prem Katha,Gori Tu Latth Maar,Vickey PrasadManas-ShikharSachet–Parampara,"Sonu Nigam, Palak Muchhal & Manas-Shikhar","Akshay Kumar, Bhumi Pednekar, Anupam Kher, Sudhir Pandey, Rajesh Sharma, Shubha Khote, Sachin Khedekar, Sana Khaan, Ayesha Raza Mishra",2017
Toilet: Ek Prem Katha,Subah Ki Train,Vickey PrasadManas-ShikharSachet–Parampara,"Arijit Singh, Prakriti Kakar & Amaal Mallik","Akshay Kumar, Bhumi Pednekar, Anupam Kher, Sudhir Pandey, Rajesh Sharma, Shubha Khote, Sachin Khedekar, Sana Khaan, Ayesha Raza Mishra",2017
Toilet: Ek Prem Katha,Toilet Ka Jugaad,Vickey PrasadManas-ShikharSachet–Parampara,Akshay Kumar & Vickey Prasad,"Akshay Kumar, Bhumi Pednekar, Anupam Kher, Sudhir Pandey, Rajesh Sharma, Shubha Khote, Sachin Khedekar, Sana Khaan, Ayesha Raza Mishra",2017
Golmaal Again,"Golmaal"" (Title Track)","Thaman S, Amaal Mallik, Lijo George – DJ Chetas, Abhishek Arora",Brijesh Shandilya & Aditi Singh Sharma,"Ajay Devgn, Arshad Warsi, Tusshar Kapoor, Shreyas Talpade, Kunal Kemmu, Tabu, Parineeti Chopra, Prakash Raj, Neil Nitin Mukesh, Sanjay Mishra",2017
Golmaal Again,Maine Tujhko Dekha,"Thaman S, Amaal Mallik, Lijo George – DJ Chetas, Abhishek Arora",Amaal Mallik,"Ajay Devgn, Arshad Warsi, Tusshar Kapoor, Shreyas Talpade, Kunal Kemmu, Tabu, Parineeti Chopra, Prakash Raj, Neil Nitin Mukesh, Sanjay Mishra",2017
Golmaal Again,Itna Sannata Kyun Hai,"Thaman S, Amaal Mallik, Lijo George – DJ Chetas, Abhishek Arora",Amit Mishra & Aditi Singh Sharma,"Ajay Devgn, Arshad Warsi, Tusshar Kapoor, Shreyas Talpade, Kunal Kemmu, Tabu, Parineeti Chopra, Prakash Raj, Neil Nitin Mukesh, Sanjay Mishra",2017
Golmaal Again,Hum Nahi Sudhrenge,"Thaman S, Amaal Mallik, Lijo George – DJ Chetas, Abhishek Arora",Armaan Malik,"Ajay Devgn, Arshad Warsi, Tusshar Kapoor, Shreyas Talpade, Kunal Kemmu, Tabu, Parineeti Chopra, Prakash Raj, Neil Nitin Mukesh, Sanjay Mishra",2017
Golmaal Again,"Aate Jaate Hanste Gaate"" (Lyrics by: Dev Kohli)","Thaman S, Amaal Mallik, Lijo George – DJ Chetas, Abhishek Arora",Lata Mangeshkar & S.P. Balasubrahmanyam,"Ajay Devgn, Arshad Warsi, Tusshar Kapoor, Shreyas Talpade, Kunal Kemmu, Tabu, Parineeti Chopra, Prakash Raj, Neil Nitin Mukesh, Sanjay Mishra",2017
Raees,Laila Main Laila,"Ram Sampath, JAM8",Pawni Pandey,"Shah Rukh Khan, Mahira Khan, Nawazuddin Siddiqui, Mohammed Zeeshan Ayyub, Sheeba Chaddha, Narendra Jha, Uday Tikekar, Anil Charanjeett, Sunny Leone, Jaideep Ahlawat",2017
Raees,Zaalima,"Ram Sampath, JAM8",Arijit Singh & Harshdeep Kaur,"Shah Rukh Khan, Mahira Khan, Nawazuddin Siddiqui, Mohammed Zeeshan Ayyub, Sheeba Chaddha, Narendra Jha, Uday Tikekar, Anil Charanjeett, Sunny Leone, Jaideep Ahlawat",2017
Raees,Udi Udi Jaye,"Ram Sampath, JAM8","Sukhwinder Singh, Bhoomi Trivedi & Karsan Sagathia","Shah Rukh Khan, Mahira Khan, Nawazuddin Siddiqui, Mohammed Zeeshan Ayyub, Sheeba Chaddha, Narendra Jha, Uday Tikekar, Anil Charanjeett, Sunny Leone, Jaideep Ahlawat",2017
Raees,Dhingana,"Ram Sampath, JAM8",Mika Singh,"Shah Rukh Khan, Mahira Khan, Nawazuddin Siddiqui, Mohammed Zeeshan Ayyub, Sheeba Chaddha, Narendra Jha, Uday Tikekar, Anil Charanjeett, Sunny Leone, Jaideep Ahlawat",2017
Raees,Enu Naam Che Raees,"Ram Sampath, JAM8",Ram Sampath & Tarannum Malik Jain,"Shah Rukh Khan, Mahira Khan, Nawazuddin Siddiqui, Mohammed Zeeshan Ayyub, Sheeba Chaddha, Narendra Jha, Uday Tikekar, Anil Charanjeett, Sunny Leone, Jaideep Ahlawat",2017
Raees,Saanson Ke,"Ram Sampath, JAM8",KK,"Shah Rukh Khan, Mahira Khan, Nawazuddin Siddiqui, Mohammed Zeeshan Ayyub, Sheeba Chaddha, Narendra Jha, Uday Tikekar, Anil Charanjeett, Sunny Leone, Jaideep Ahlawat",2017
Raees,Ghammar Ghammar,"Ram Sampath, JAM8",Roshan Rathod,"Shah Rukh Khan, Mahira Khan, Nawazuddin Siddiqui, Mohammed Zeeshan Ayyub, Sheeba Chaddha, Narendra Jha, Uday Tikekar, Anil Charanjeett, Sunny Leone, Jaideep Ahlawat",2017
Raees,"Halka Halka"" (Not used in the film)","Ram Sampath, JAM8","Sunidhi Chauhan, Divya Kumar & Amit Trivedi","Shah Rukh Khan, Mahira Khan, Nawazuddin Siddiqui, Mohammed Zeeshan Ayyub, Sheeba Chaddha, Narendra Jha, Uday Tikekar, Anil Charanjeett, Sunny Leone, Jaideep Ahlawat",2017
Judwaa 2,Chalti Hai Kya 9 Se 12,"Sajid–Wajid, Meet Bros, Sandeep Shirodkar, Anu Malik",Dev Negi & Neha Kakkar,"Varun Dhawan, Jacqueline Fernandez, Taapsee Pannu, Anupam Kher, Upasna Singh, Rajpal Yadav, Pavan Malhotra, Ali Asgar, Vivan Bhatena, Vikas Verma",2017
Judwaa 2,Suno Ganpati Bappa Morya,"Sajid–Wajid, Meet Bros, Sandeep Shirodkar, Anu Malik",Amit Mishra,"Varun Dhawan, Jacqueline Fernandez, Taapsee Pannu, Anupam Kher, Upasna Singh, Rajpal Yadav, Pavan Malhotra, Ali Asgar, Vivan Bhatena, Vikas Verma",2017
Judwaa 2,Lift Teri Bandh Hai,"Sajid–Wajid, Meet Bros, Sandeep Shirodkar, Anu Malik",Anu Malik & Neha Kakkar,"Varun Dhawan, Jacqueline Fernandez, Taapsee Pannu, Anupam Kher, Upasna Singh, Rajpal Yadav, Pavan Malhotra, Ali Asgar, Vivan Bhatena, Vikas Verma",2017
Judwaa 2,Aa To Sahi,"Sajid–Wajid, Meet Bros, Sandeep Shirodkar, Anu Malik","Meet Bros, Neha Kakkar & Roach Killa","Varun Dhawan, Jacqueline Fernandez, Taapsee Pannu, Anupam Kher, Upasna Singh, Rajpal Yadav, Pavan Malhotra, Ali Asgar, Vivan Bhatena, Vikas Verma",2017
Badrinath Ki Dulhania,Aashiq Surrender Hua,Score:John Stewart EduriSongs:Akhil SachdevaTanishk BagchiAmaal MallikBappi Lahiri,Amaal Mallik & Shreya Ghoshal,"Varun Dhawan, Alia Bhatt, Shweta Basu Prasad, Gauahar Khan, Sahil Vaid, Shiv Darshan, Aakanksha Singh, Puneet Singh Ratn, Yash Sinha, Gaurav Pandey",2017
Badrinath Ki Dulhania,Roke Na Ruke Naina,Score:John Stewart EduriSongs:Akhil SachdevaTanishk BagchiAmaal MallikBappi Lahiri,Arijit Singh,"Varun Dhawan, Alia Bhatt, Shweta Basu Prasad, Gauahar Khan, Sahil Vaid, Shiv Darshan, Aakanksha Singh, Puneet Singh Ratn, Yash Sinha, Gaurav Pandey",2017
Badrinath Ki Dulhania,Humsafar,Score:John Stewart EduriSongs:Akhil SachdevaTanishk BagchiAmaal MallikBappi Lahiri,Akhil Sachdeva & Mansheel Gujral,"Varun Dhawan, Alia Bhatt, Shweta Basu Prasad, Gauahar Khan, Sahil Vaid, Shiv Darshan, Aakanksha Singh, Puneet Singh Ratn, Yash Sinha, Gaurav Pandey",2017
Badrinath Ki Dulhania,Badri Ki Dulhania (Title Track),Score:John Stewart EduriSongs:Akhil SachdevaTanishk BagchiAmaal MallikBappi Lahiri,"Dev Negi, Neha Kakkar, Monali Thakur & Ikka","Varun Dhawan, Alia Bhatt, Shweta Basu Prasad, Gauahar Khan, Sahil Vaid, Shiv Darshan, Aakanksha Singh, Puneet Singh Ratn, Yash Sinha, Gaurav Pandey",2017
Badrinath Ki Dulhania,Tamma Tamma Again,Score:John Stewart EduriSongs:Akhil SachdevaTanishk BagchiAmaal MallikBappi Lahiri,"Bappi Lahiri, Anuradha Paudwal & Badshah","Varun Dhawan, Alia Bhatt, Shweta Basu Prasad, Gauahar Khan, Sahil Vaid, Shiv Darshan, Aakanksha Singh, Puneet Singh Ratn, Yash Sinha, Gaurav Pandey",2017
Badrinath Ki Dulhania,"Humsafar"" (Alia's Version)",Score:John Stewart EduriSongs:Akhil SachdevaTanishk BagchiAmaal MallikBappi Lahiri,Alia Bhatt & Akhil Sachdeva,"Varun Dhawan, Alia Bhatt, Shweta Basu Prasad, Gauahar Khan, Sahil Vaid, Shiv Darshan, Aakanksha Singh, Puneet Singh Ratn, Yash Sinha, Gaurav Pandey",2017
Jolly LLB 2,Go Pagal,"Manj Musik, Meet Bros, Chirrantan Bhatt, Vishal Khurana K, Original background score:, Vishal Khurana K, Additional score:, Amar Mohile",Raftaar & Nindy Kaur,"Akshay Kumar, Annu Kapoor, Saurabh Shukla, Huma Qureshi, Kumud Mishra, Sayani Gupta, Ram Gopal Bajaj, Manav Kaul, Inaamulhaq, Avijit Dutt",2017
Jolly LLB 2,Bawara Mann,"Manj Musik, Meet Bros, Chirrantan Bhatt, Vishal Khurana K, Original background score:, Vishal Khurana K, Additional score:, Amar Mohile",Jubin Nautiyal & Neeti Mohan,"Akshay Kumar, Annu Kapoor, Saurabh Shukla, Huma Qureshi, Kumud Mishra, Sayani Gupta, Ram Gopal Bajaj, Manav Kaul, Inaamulhaq, Avijit Dutt",2017
Jolly LLB 2,Jolly Good Fellow,"Manj Musik, Meet Bros, Chirrantan Bhatt, Vishal Khurana K, Original background score:, Vishal Khurana K, Additional score:, Amar Mohile","Meet Bros, Shabbir Ahmed & Earl Edgar","Akshay Kumar, Annu Kapoor, Saurabh Shukla, Huma Qureshi, Kumud Mishra, Sayani Gupta, Ram Gopal Bajaj, Manav Kaul, Inaamulhaq, Avijit Dutt",2017
Jolly LLB 2,O Re Rangreza (Qawaali),"Manj Musik, Meet Bros, Chirrantan Bhatt, Vishal Khurana K, Original background score:, Vishal Khurana K, Additional score:, Amar Mohile","Sukhwinder Singh, Murtuza Mustafa & Qadir Mustafa","Akshay Kumar, Annu Kapoor, Saurabh Shukla, Huma Qureshi, Kumud Mishra, Sayani Gupta, Ram Gopal Bajaj, Manav Kaul, Inaamulhaq, Avijit Dutt",2017
Newton,Panchi Ud Gaya,"Benedict Taylor, Naren Chandavarkar, Rachita Arora","Naren Chandavarkar, Benedict Taylor & Mohan Kannan","Rajkummar Rao, Pankaj Tripathi, Anjali Patil, Raghubir Yadav, Mukesh Prajapati, Sanjay Mishra, Krishna Singh Bisht, Omkar Das Manikpuri, Danish Husain, Pistak Gond",2017
Newton,Chal Tu Apna Kaam Kar,"Benedict Taylor, Naren Chandavarkar, Rachita Arora",Rachita Arora & Amit Trivedi,"Rajkummar Rao, Pankaj Tripathi, Anjali Patil, Raghubir Yadav, Mukesh Prajapati, Sanjay Mishra, Krishna Singh Bisht, Omkar Das Manikpuri, Danish Husain, Pistak Gond",2017
Newton,"Chal Tu Apna Kaam Kar"" (Version 2)","Benedict Taylor, Naren Chandavarkar, Rachita Arora",Rachita Arora & Amit Trivedi,"Rajkummar Rao, Pankaj Tripathi, Anjali Patil, Raghubir Yadav, Mukesh Prajapati, Sanjay Mishra, Krishna Singh Bisht, Omkar Das Manikpuri, Danish Husain, Pistak Gond",2017
Simmba,Tere Bin,"Tanishk Bagchi, Lijo George – DJ Chetas, S. Thaman",Sonu Nigam,"Ranveer Singh, Sara Ali Khan, Sonu Sood, Ashutosh Rana, Ashwini Kalsekar, Vijay Patkar, Neha Mahajan, Arun Nalawade, Uday Tikekar, Anil Charanjeett",2018
Simmba,Aala Re Aala,"Tanishk Bagchi, Lijo George – DJ Chetas, S. Thaman",Dev Negi & Goldi,"Ranveer Singh, Sara Ali Khan, Sonu Sood, Ashutosh Rana, Ashwini Kalsekar, Vijay Patkar, Neha Mahajan, Arun Nalawade, Uday Tikekar, Anil Charanjeett",2018
Mukkabaaz,Paintra,"Nucleya, Rachita Arora, Vineet Kumar Singh",Rachita Arora & DIVINE,"Vineet Kumar Singh, Zoya Hussain, Ravi Kishan, Jimmy Shergill, Rajesh Tailang, Nawazuddin Siddiqui, Shakti Kumar, Sadhana Singh, Chittaranjan Tripathy, Shreedhar Dubey",2018
Raid,Nit Khair Manga,Amit Trivedi,Rahat Fateh Ali Khan,"Ajay Devgn, Saurabh Shukla, Ileana D'Cruz, Gayathri Iyer, Sheeba Chaddha, Amit Sial, Saanand Verma, Sulagna Panigrahi, Pushpa Joshi, Imran Manzoor",2018
October,Theher Ja,"Shantanu Moitra, Abhishek Arora, Anupam Roy, Background Score:, Shantanu Moitra",Abhishek Arora & Armaan Malik,"Varun Dhawan, Banita Sandhu, Gitanjali Rao, Sahil Vedoliyaa, Isha Chaturvedi, Prateek Kapoor, Iteeva Pandey, Karamveer Kanwar, Ashish Ghosh, Rachica Oswal",2018
Gold,Khel Khel Mein,"Sachin–Jigar, Additional Songs:, Arko Pravo Mukherjee, Tanishk Bagchi, Background Score:, Sachin–Jigar",Amitabh Bachchan,"Akshay Kumar, Mouni Roy, Kumud Pant, Kunal Kapoor, Amit Sadh, Vineet Kumar Singh, Sunny Kaushal, Abdul Quadir Amin, Andrew Havill, Jason Redshaw",2018
Manto,Nagri Nagri,"Sneha Khanwalkar, Raftaar, Background Score, Zakir Hussain",Shankar Mahadevan,"Nawazuddin Siddiqui, Rasika Dugal, Tahir Raj Bhasin, Feryna Wazheir, Javed Akhtar, Chandan Roy Sanyal, Rishi Kapoor, Inaamulhaq, Ranvir Shorey, Rajshri Deshpande",2018
Uri: The Surgical Strike,Beh Chala,Shashwat Sachdev,Neeraj Shridhar & Sachin-Jigar,"Vicky Kaushal, Paresh Rawal, Yami Gautam Dhar, Mohit Raina, Kirti Kulhari, Dhairya Karwa, Manasi Parekh, Riva Arora, Swaroop Sampat, Akashdeep Arora",2019
Chhichhore,Control,"Pritam, Background Score:, Sameer Uddin","Pritam, Nakash Aziz, Manish J Tipu, Geetsagar, Sreerama Chandra & Amitabh Bhattacharya","Sushant Singh Rajput, Shraddha Kapoor, Tahir Raj Bhasin, Varun Sharma, Naveen Polishetty, Tushar Pandey, Saharsh Kumar Shukla, Prateik Smita Patil, Mohammad Samad, Nalneesh Neel",2019
Bala,Zindagi,"Sachin–Jigar, Guest Composers:, Jaani, B Praak",Sachin-Jigar & Papon,"Ayushmann Khurrana, Bhumi Pednekar, Yami Gautam Dhar, Saurabh Shukla, Javed Jaffrey, Seema Pahwa, Abhishek Banerjee, Dheerendra Kumar, Sachin Kavetham, Sunita Rajwar",2019
Thappad,Hayo Rabba,"Anurag Saikia, Background Score:, Mangesh Dhakde",Suvarna Tiwari,"Taapsee Pannu, Pavail Gulati, Kumud Mishra, Ratna Pathak Shah, Tanvi Azmi, Geetika Vidya, Maya Sarao, Naila Grrewal, Ankur Rathee, Dia Mirza",2020
Gangubai Kathiawadi,Meri Jaan,Sanjay Leela Bhansali,Neeti Mohan,"Alia Bhatt, Ajay Devgn, Shantanu Maheshwari, Indira Tiwari, Seema Pahwa, Vijay Raaz, Jim Sarbh, Chhaya Kadam, Anmol Kajani, Rahul Vohra",2022
Jersey,Mehram,Sachet–Parampara,Sachet Tandon & Sachet-Parampara,"Shahid Kapoor, Mrunal Thakur, Pankaj Kapur, Ronit Kamra, Rituraj Singh, Geetika Mehandru, Prit Kamani, Anjum Batra, Saurabh Pandey, Rudrashish Majumdar",2022
Jersey,Jind Meriye,Sachet–Parampara,Sachet Tandon & Shellee,"Shahid Kapoor, Mrunal Thakur, Pankaj Kapur, Ronit Kamra, Rituraj Singh, Geetika Mehandru, Prit Kamani, Anjum Batra, Saurabh Pandey, Rudrashish Majumdar",2022
Animal,Hua Main,Songs:PritamJAM8Vishal MishraManan BhardwajBhupinder BabbalShreyas PuranikJaaniAshim KemsonAjay–AtulHarshavardhan RameshwarGurinder SeagalScore:Harshavardhan Rameshwar,"Raghav Chaitanya, Manoj Muntashir & Pritam","Ranbir Kapoor, Rashmika Mandanna, Anil Kapoor, Bobby Deol, Triptii Dimri, Prem Chopra, Suresh Oberoi, Shakti Kapoor, Upendra Limaye, Babloo Prithiveeraj",2023
Animal,Arjan Vailly,Songs:PritamJAM8Vishal MishraManan BhardwajBhupinder BabbalShreyas PuranikJaaniAshim KemsonAjay–AtulHarshavardhan RameshwarGurinder SeagalScore:Harshavardhan Rameshwar,Manan Bhardwaj & Bhupinder Babbal,"Ranbir Kapoor, Rashmika Mandanna, Anil Kapoor, Bobby Deol, Triptii Dimri, Prem Chopra, Suresh Oberoi, Shakti Kapoor, Upendra Limaye, Babloo Prithiveeraj",2023
Animal,Satranga,Songs:PritamJAM8Vishal MishraManan BhardwajBhupinder BabbalShreyas PuranikJaaniAshim KemsonAjay–AtulHarshavardhan RameshwarGurinder SeagalScore:Harshavardhan Rameshwar,"Arijit Singh, Shreyas Puranik & Siddharth-Garima","Ranbir Kapoor, Rashmika Mandanna, Anil Kapoor, Bobby Deol, Triptii Dimri, Prem Chopra, Suresh Oberoi, Shakti Kapoor, Upendra Limaye, Babloo Prithiveeraj",2023
Animal,Papa Meri Jaan,Songs:PritamJAM8Vishal MishraManan BhardwajBhupinder BabbalShreyas PuranikJaaniAshim KemsonAjay–AtulHarshavardhan RameshwarGurinder SeagalScore:Harshavardhan Rameshwar,"Sonu Nigam, Harshavardhan Rameshwar & Raj Shekhar","Ranbir Kapoor, Rashmika Mandanna, Anil Kapoor, Bobby Deol, Triptii Dimri, Prem Chopra, Suresh Oberoi, Shakti Kapoor, Upendra Limaye, Babloo Prithiveeraj",2023
Animal,Pehle Bhi Main,Songs:PritamJAM8Vishal MishraManan BhardwajBhupinder BabbalShreyas PuranikJaaniAshim KemsonAjay–AtulHarshavardhan RameshwarGurinder SeagalScore:Harshavardhan Rameshwar,Vishal Mishra & Raj Shekhar,"Ranbir Kapoor, Rashmika Mandanna, Anil Kapoor, Bobby Deol, Triptii Dimri, Prem Chopra, Suresh Oberoi, Shakti Kapoor, Upendra Limaye, Babloo Prithiveeraj",2023
Animal,Kashmir,Songs:PritamJAM8Vishal MishraManan BhardwajBhupinder BabbalShreyas PuranikJaaniAshim KemsonAjay–AtulHarshavardhan RameshwarGurinder SeagalScore:Harshavardhan Rameshwar,Manan Bhardwaj & Shreya Ghoshal,"Ranbir Kapoor, Rashmika Mandanna, Anil Kapoor, Bobby Deol, Triptii Dimri, Prem Chopra, Suresh Oberoi, Shakti Kapoor, Upendra Limaye, Babloo Prithiveeraj",2023
Animal,Saari Duniya Jalaa Denge,Songs:PritamJAM8Vishal MishraManan BhardwajBhupinder BabbalShreyas PuranikJaaniAshim KemsonAjay–AtulHarshavardhan RameshwarGurinder SeagalScore:Harshavardhan Rameshwar,Jaani & B. Praak,"Ranbir Kapoor, Rashmika Mandanna, Anil Kapoor, Bobby Deol, Triptii Dimri, Prem Chopra, Suresh Oberoi, Shakti Kapoor, Upendra Limaye, Babloo Prithiveeraj",2023
Animal,Haiwaan,Songs:PritamJAM8Vishal MishraManan BhardwajBhupinder BabbalShreyas PuranikJaaniAshim KemsonAjay–AtulHarshavardhan RameshwarGurinder SeagalScore:Harshavardhan Rameshwar,Ashim Kemson,"Ranbir Kapoor, Rashmika Mandanna, Anil Kapoor, Bobby Deol, Triptii Dimri, Prem Chopra, Suresh Oberoi, Shakti Kapoor, Upendra Limaye, Babloo Prithiveeraj",2023
Gadar 2,Main Nikla Gaddi Leke,"Mithoon, Monty Sharma, Uttam Singh (uncredited)","Mithoon, Udit Narayan & Aditya Narayan","Sunny Deol, Utkarsh Sharma, Ameesha Patel, Simrat Kaur, Manish Wadhwa, Gaurav Chopra, Luv Sinha, Mir Sarwar, Rohit Choudhary, Rumi Khan",2023
Rocky Aur Rani Kii Prem Kahaani,Tum Kya Mile,Pritam,"Pritam, Arijit Singh, Shreya Ghoshal & Amitabh Bhattacharya","Alia Bhatt, Ranveer Singh, Jaya Bachchan, Shabana Azmi, Dharmendra, Aamir Bashir, Tota Roy Chowdhury, Churni Ganguly, Kshitee Jog, Anjali Anand",2023
Rocky Aur Rani Kii Prem Kahaani,"What Jhumka?"" (co-composerMadan Mohan, co-lyricistRaja Mehdi Ali Khan)",Pritam,Not Found,"Alia Bhatt, Ranveer Singh, Jaya Bachchan, Shabana Azmi, Dharmendra, Aamir Bashir, Tota Roy Chowdhury, Churni Ganguly, Kshitee Jog, Anjali Anand",2023
Rocky Aur Rani Kii Prem Kahaani,Ve Kamleya,Pritam,"Pritam, Arijit Singh, Shreya Ghoshal, Shadab Faridi, Altamash Faridi & Amitabh Bhattacharya","Alia Bhatt, Ranveer Singh, Jaya Bachchan, Shabana Azmi, Dharmendra, Aamir Bashir, Tota Roy Chowdhury, Churni Ganguly, Kshitee Jog, Anjali Anand",2023
Rocky Aur Rani Kii Prem Kahaani,Dhindhora Baje Re,Pritam,"Pritam, Darshan Raval, Bhoomi Trivedi & Amitabh Bhattacharya","Alia Bhatt, Ranveer Singh, Jaya Bachchan, Shabana Azmi, Dharmendra, Aamir Bashir, Tota Roy Chowdhury, Churni Ganguly, Kshitee Jog, Anjali Anand",2023
Rocky Aur Rani Kii Prem Kahaani,Ro Lain De,Pritam,"Pritam, Sonu Nigam, Shilpa Rao & Amitabh Bhattacharya","Alia Bhatt, Ranveer Singh, Jaya Bachchan, Shabana Azmi, Dharmendra, Aamir Bashir, Tota Roy Chowdhury, Churni Ganguly, Kshitee Jog, Anjali Anand",2023
Rocky Aur Rani Kii Prem Kahaani,Kudmayi,Pritam,"Pritam, Shahid Mallya & Amitabh Bhattacharya","Alia Bhatt, Ranveer Singh, Jaya Bachchan, Shabana Azmi, Dharmendra, Aamir Bashir, Tota Roy Chowdhury, Churni Ganguly, Kshitee Jog, Anjali Anand",2023
Rocky Aur Rani Kii Prem Kahaani,Heart Throb,Pritam,"Pritam, Dev Negi & Amitabh Bhattacharya","Alia Bhatt, Ranveer Singh, Jaya Bachchan, Shabana Azmi, Dharmendra, Aamir Bashir, Tota Roy Chowdhury, Churni Ganguly, Kshitee Jog, Anjali Anand",2023
Rocky Aur Rani Kii Prem Kahaani,Saregama Carvaan Medley,Pritam,"Pritam, Shashwat Singh, Jonita Gandhi, Anand Bakshi & Santosh Anand","Alia Bhatt, Ranveer Singh, Jaya Bachchan, Shabana Azmi, Dharmendra, Aamir Bashir, Tota Roy Chowdhury, Churni Ganguly, Kshitee Jog, Anjali Anand",2023
Rocky Aur Rani Kii Prem Kahaani,Rani's Intro Theme,Pritam,"Pritam, Brianna Supriyo, Dev Arijit & Antara Mitra","Alia Bhatt, Ranveer Singh, Jaya Bachchan, Shabana Azmi, Dharmendra, Aamir Bashir, Tota Roy Chowdhury, Churni Ganguly, Kshitee Jog, Anjali Anand",2023
Rocky Aur Rani Kii Prem Kahaani,Aaj Jeene Ki Tamanna Hai,Pritam,Lata Mangeshkar,"Alia Bhatt, Ranveer Singh, Jaya Bachchan, Shabana Azmi, Dharmendra, Aamir Bashir, Tota Roy Chowdhury, Churni Ganguly, Kshitee Jog, Anjali Anand",2023
Rocky Aur Rani Kii Prem Kahaani,Abhi Na Jaao Chhod Kar,Pritam,Mohd. Rafi & Asha Bhosle,"Alia Bhatt, Ranveer Singh, Jaya Bachchan, Shabana Azmi, Dharmendra, Aamir Bashir, Tota Roy Chowdhury, Churni Ganguly, Kshitee Jog, Anjali Anand",2023
Rocky Aur Rani Kii Prem Kahaani,"Tum Kya Mile"" (Radio Edit)",Pritam,"Pritam, Arijit Singh, Shreya Ghoshal & Amitabh Bhattacharya","Alia Bhatt, Ranveer Singh, Jaya Bachchan, Shabana Azmi, Dharmendra, Aamir Bashir, Tota Roy Chowdhury, Churni Ganguly, Kshitee Jog, Anjali Anand",2023
Rocky Aur Rani Kii Prem Kahaani,"Ve Kamleya"" (Sufi Version)",Pritam,"Pritam, Shadab Faridi, Altamash Faridi, Asees Kaur & Amitabh Bhattacharya","Alia Bhatt, Ranveer Singh, Jaya Bachchan, Shabana Azmi, Dharmendra, Aamir Bashir, Tota Roy Chowdhury, Churni Ganguly, Kshitee Jog, Anjali Anand",2023
Rocky Aur Rani Kii Prem Kahaani,"Tum Kya Mile"" (Reprisal Edit)",Pritam,Not Found,"Alia Bhatt, Ranveer Singh, Jaya Bachchan, Shabana Azmi, Dharmendra, Aamir Bashir, Tota Roy Chowdhury, Churni Ganguly, Kshitee Jog, Anjali Anand",2023
Rocky Aur Rani Kii Prem Kahaani,"Kudmayi"" (Film Version)",Pritam,"Pritam, Shahid Mallya & Amitabh Bhattacharya","Alia Bhatt, Ranveer Singh, Jaya Bachchan, Shabana Azmi, Dharmendra, Aamir Bashir, Tota Roy Chowdhury, Churni Ganguly, Kshitee Jog, Anjali Anand",2023
Rocky Aur Rani Kii Prem Kahaani,"Ve Kamleya"" (Redux)",Pritam,"Pritam, Arijit Singh, Shreya Ghoshal, Shadab Faridi, Altamash Faridi & Amitabh Bhattacharya","Alia Bhatt, Ranveer Singh, Jaya Bachchan, Shabana Azmi, Dharmendra, Aamir Bashir, Tota Roy Chowdhury, Churni Ganguly, Kshitee Jog, Anjali Anand",2023
Rocky Aur Rani Kii Prem Kahaani,"Tum Kya Mile"" (Ending Sequence)",Pritam,"Shreya Ghoshal, Pritam & Amitabh Bhattacharya","Alia Bhatt, Ranveer Singh, Jaya Bachchan, Shabana Azmi, Dharmendra, Aamir Bashir, Tota Roy Chowdhury, Churni Ganguly, Kshitee Jog, Anjali Anand",2023
Rocky Aur Rani Kii Prem Kahaani,"Kudmayi"" (Lofi Edit)",Pritam,"Shahid Mallya, Pritam & Amitabh Bhattacharya","Alia Bhatt, Ranveer Singh, Jaya Bachchan, Shabana Azmi, Dharmendra, Aamir Bashir, Tota Roy Chowdhury, Churni Ganguly, Kshitee Jog, Anjali Anand",2023
Rocky Aur Rani Kii Prem Kahaani,"Abhi Naa Jao Chhod Kar"" (Reprise)",Pritam,Asha Bhosle & Mohd. Rafi,"Alia Bhatt, Ranveer Singh, Jaya Bachchan, Shabana Azmi, Dharmendra, Aamir Bashir, Tota Roy Chowdhury, Churni Ganguly, Kshitee Jog, Anjali Anand",2023
Rocky Aur Rani Kii Prem Kahaani,"Suno Suno Miss Chatterjee"" (composerO.P. Nayyar, lyricistAziz Kashmiri)",Pritam,Not Found,"Alia Bhatt, Ranveer Singh, Jaya Bachchan, Shabana Azmi, Dharmendra, Aamir Bashir, Tota Roy Chowdhury, Churni Ganguly, Kshitee Jog, Anjali Anand",2023
12th Fail,Bolo Na,Shantanu Moitra,"Shaan, Shreya Ghoshal & Swanand Kirkire","Vikrant Massey, Medha Shankr, Anant Joshi, Anshumaan Pushkar, Priyanshu Chatterjee, Geeta Agrawal Sharma, Harish Khanna, Vikas Divyakirti, Sarita Joshi, Sam Mohan",2023
Sam Bahadur,Badhte Chalo,Shankar–Ehsaan–Loy,"Shankar Mahadevan, Vishal Dadlani, Divya Kumar & Shankar Ehsaan Loy","Vicky Kaushal, Sanya Malhotra, Fatima Sana Shaikh, Mohammed Zeeshan Ayyub, Edward Sonnenblick, Neeraj Kabi, Govind Namdeo, Paul O'Neill, Rajiv Kachroo, Sammy Jonas Heaney",2023
Sam Bahadur,Dum Hai Toh Aaja,Shankar–Ehsaan–Loy,Shankar Ehsaan Loy & Sunidhi Chauhan,"Vicky Kaushal, Sanya Malhotra, Fatima Sana Shaikh, Mohammed Zeeshan Ayyub, Edward Sonnenblick, Neeraj Kabi, Govind Namdeo, Paul O'Neill, Rajiv Kachroo, Sammy Jonas Heaney",2023
Stree 2,Aaj Ki Raat,Songs:Sachin–JigarScore:Justin Varghese,"Madhubanti Bagchi, Divya Kumar, Sachin-Jigar & Amitabh Bhattacharya","Rajkummar Rao, Shraddha Kapoor, Aparshakti Khurana, Abhishek Banerjee, Pankaj Tripathi, Anya Singh, Tamannaah Bhatia, Sunil Kumar, Bhumi Rajgor, Varun Dhawan",2024
Article 370,Main Hoon,Shashwat Sachdev,Tanishk Bagchi & Siddharth Mahadevan,"Yami Gautam Dhar, Priyamani, Skand Thakur, Vaibhav Tatwawadi, Sumit Kaul, Raj Arjun, Arun Govil, Kiran Karmarkar, Raj Zutshi, Divya Seth Shah",2024
Article 370,Dua,Shashwat Sachdev,"Salim-Sulaiman, Sukhwinder Singh, Kailash Kher & Marianne D'cruz Aiman","Yami Gautam Dhar, Priyamani, Skand Thakur, Vaibhav Tatwawadi, Sumit Kaul, Raj Arjun, Arun Govil, Kiran Karmarkar, Raj Zutshi, Divya Seth Shah",2024
Laapataa Ladies,Beda Paar,Ram Sampath,"Sona Mohapatra, Ram Sampath & Prashant Pandey","Nitanshi Goel, Pratibha Ranta, Sparsh Shrivastava, Ravi Kishan, Chhaya Kadam, Geeta Agrawal Sharma, Pankaj Sharma, Abeer Sandeep Jain, Rachna Gupta, Kirti Jain",2024
Chandu Champion,Sarphira,Pritam,"Pritam, Kausar Munir & Sreerama Chandra","Kartik Aaryan, Vijay Raaz, Bhuvan Arora, Rajpal Yadav, Yashpal Sharma, Aniruddh Dave, Nitin Bhajan, Hemangi Kavi, Shreyas Talpade, Brijendra Kala",2024