Movies,Director,Actors,Year
Kaho Naa... Pyaar Hai,Rakesh Roshan,,2000
Mohabbatein,Aditya Chopra,,2000
Mission Kashmir,Vidhu Vinod Chopra,,2000
Dulhan Hum Le Jayenge,David Dhawan,,2000
Refugee,J. P. Dutta,,2000
Josh,Mansoor Khan,,2000
Har Dil Jo Pyar Karega,Raj Kanwar,,2000
Fiza,Khalid Mohammed,,2000
Hamara Dil Aapke Paas Hai,Satish Kaushik,,2000
Mela,Dharmesh Darshan,,2000
Aaghaaz,Yogesh Ishwar,"Sunil Shetty, Sushmita Sen, Namrata Shirodkar",2000
Aaj Ka Ravan,Imran Khalid,"Kasam Ali, Mithun Chakraborty",2000
Anjaane,Ravi Rai,"Raveena Tandon, Vivek Mushran",2000
Anokha Moti,Anshul Singla,"Sanjay Sharma, Arjun Chakraborty, Nayab Aftab",2000
Apradhi Kaun,Mohan Bhakri,"Ishrat Ali, Shagufta Ali",2000
Astitva,Mahesh Manjrekar,"Tabu, Sachin Khedekar, Smita Jaykar, Mohnish Bahl",2000
Baaghi,Rajesh Kumar Singh,"Sanjay Dutt, Manisha Koirala, Aditya Pancholi, Mahesh Anand, Inder Kumar",2000
Badal,Raj Kanwar,"Bobby Deol, Rani Mukerji, Johnny Lever",2000
Bas Yaari Rakho,Gopi Desai,"Pooja Batra, Seema Biswas",2000
Bawandar,Jag Mundhra,"Nandita Das, Rahul Khanna",2000
Beti No.1,T. Rama Rao,"Govinda, Rambha",2000
Bhai Thakur,"Willy, Raja","Dharmendra, Shakti Kapoor, Upasna Singh",2000
Bichhoo,Guddu Dhanoa,"Bobby Deol, Rani Mukerji, Malaika Arora",2000
Billa No. 786,Imran Khalid,Mithun Chakraborty,2000
Bulandi,T. Rama Rao,"Rajinikanth, Rekha, Anil Kapoor, Raveena Tandon",2000
Chal Mere Bhai,David Dhawan,"Sanjay Dutt, Salman Khan, Karisma Kapoor, Twinkle Khanna, Sonali Bendre, Shakti Kapoor, Dalip Tahil",2000
Champion,Padam Kumar,"Sunny Deol, Manisha Koirala",2000
Deewane,Harry Baweja,"Ajay Devgn, Urmila Matondkar, Mahima Chaudhry",2000
Dhai Akshar Prem Ke,Raj Kanwar,"Abhishek Bachchan, Aishwarya Rai, Salman Khan, Amrish Puri, Sonali Bendre, Dalip Tahil",2000
Dhadkan,Dharmesh Darshan,"Akshay Kumar, Sunil Shetty, Shilpa Shetty",2000
Dil Ki Dhadkan,,Rambha,2000
Dil Pe Mat Le Yaar,Hansal Mehta,"Manoj Bajpai, Tabu, Gajraj Rao, Vijay Raaz, Aditya Srivastava, Kashmera Shah",2000
Dr. Babasaheb Ambedkar,Jabbar Patel,"Mammootty, Sonali Kulkarni",2000
Dr Mukta,,"Amar Babaria, Jaya Bachchan, Abhay Chandarana",2000
Gaja Gamini,M. F. Hussain,"Madhuri Dixit, Shabana Azmi, Shilpa Shirodkar, Naseeruddin Shah, Shah Rukh Khan",2000
Gang,Mazhar Khan,"Juhi Chawla, Nana Patekar, Jackie Shroff",2000
Ghaath,Akashdeep,"Tabu, Manoj Bajpai, Arshad Warsi",2000
Hadh Kar Di Aapne,Manoj Agrawal,"Govinda, Rani Mukerji",2000
Hari-Bhari,Shyam Benegal,"Shabana Azmi, Rajit Kapur, Rajeshwari Sachdev, Surekha Sikri, Nandita Das",2000
Hera Pheri,Priyadarshan,"Akshay Kumar, Suniel Shetty, Tabu, Paresh Rawal",2000
Hey Ram,Kamal Haasan,"Kamal Haasan, Shah Rukh Khan, Rani Mukerji, Vasundhara Das, Hema Malini, Girish Karnad, Om Puri",2000
Hum To Mohabbat Karega,Kundan Shah,"Bobby Deol, Karisma Kapoor",2000
Jallad No. 1,Kanti Shah,Dharmendra,2000
Jis Desh Mein Ganga Rehta Hain,Mahesh Manjrekar,"Govinda, Sonali Bendre, Rinke Khanna, Shakti Kapoor",2000
Joru Ka Ghulam,Shakeel Noorani,"Govinda, Twinkle Khanna, Kader Khan, Johnny Lever, Ali Asgar",2000
Jung,Sanjay Gupta,"Sanjay Dutt, Shilpa Shetty, Raveena Tandon, Jackie Shroff",2000
Jungle,Ram Gopal Verma,"Himanshu Malik, Urmila Matondkar, Fardeen Khan, Nawazuddin Siddiqui, Sunil Shetty",2000
Kabrastan,Ramesh U. Lakhiani,,2000
Kahin Pyaar Na Ho Jaaye,K. Muralimohana Rao,"Salman Khan, Rani Mukerji, Jackie Shroff, Raveena Tandon, Pooja Batra",2000
Kairee,Amol Palekar,"Atul Kulkarni, Yogita Deshmukh, Shilpa Navalkar",2000
Karobaar: The Business of Love,Rakesh Roshan,"Rishi Kapoor, Anil Kapoor, Juhi Chawla",2000
Kharidaar,Papu Bahruz,"Kishore Anand Bhanushali, Mushtaq Khan, Anil Nagrath, Amit Pachori",2000
Khauff,Sanjay Gupta,"Sanjay Dutt, Manisha Koirala, Simran Bagga",2000
Khiladi 420,Neeraj Vora,"Akshay Kumar, Mahima Chaudhry, Antara Mali",2000
Krodh,Ashok Honda,"Suniel Shetty, Rambha",2000
Kunwara,David Dhawan,"Govinda, Urmila Matondkar",2000
Kurukshetra,Mahesh Manjrekar,"Sanjay Dutt, Mahima Chaudhry",2000
Kya Kehna,Kundan Shah,"Saif Ali Khan, Preity Zinta, Puneet Vashisht, Chandrachur Singh, Farida Jalal, Anupam Kher",2000
Le Chal Apne Sang,Vijay Kondke,"Nishanth, Alok Nath, Beena Banerjee",2000
Lekroo,Shrabani Deodhar,"Sania Jhankar, Nimish Kathale, Sachin Khedekar, Mrinal Kulkarni",2000
Meri Jung Ka Elaan,Kanti Shah,Dharmendra,2000
Nidaan,Mahesh Manjrekar,"Shivaji Satam, Reema Lagoo, Nisha Bains, Sunil Barve",2000
Pandavas: The Five Warriors,Usha Ganesh Raja,,2000
Papa the Great,K. Bhagyaraj,"Krishna Kumar, Nagma",2000
Phir Bhi Dil Hai Hindustani,Aziz Mirza,"Shah Rukh Khan, Juhi Chawla, Paresh Rawal, Johny Lever, Dalip Tahil, Satish Shah, Sharat Saxena",2000
Pukar,Rajkumar Santoshi,"Anil Kapoor, Madhuri Dixit, Namrata Shirodkar, Danny Denzongpa",2000
Raja Ko Rani Se Pyar Ho Gaya,T.K. Rajeev Kumar,"Manisha Koirala, Arvind Swamy",2000
Raju Chacha,Anil Devgan,"Ajay Devgn, Kajol, Johnny Lever, Rishi Kapoor, Sanjay Dutt, Tiku Talsania",2000
The Revenge: Geeta Mera Naam,Dilip Gulati,"Birbal, Dharmendra, Jack Gaud",2000
Saanjh,Sabrina Dhawan,"Nandita Das, Sharda Desoares, Arjun Raina, Rahul Vohra",2000
Second Generation,,,2000
Shikaar,Bobby Raj,"Abhishek Kapoor, Vikas Bhalla, Ayesha Jhulka, Anupam Kher",2000
Shikari,N. Chandra,"Govinda, Karisma Kapoor, Tabu",2000
Snip!,Sunil Sippy,"Sohrab Ardeshir, Nikhil Chinappa, Makrand Deshpande, Vekeana Dhillon",2000
Sultaan,,Vikas Anand,2000
Tapish,Jay Prakash,"Tara Deshpande, Ellora Patnaik, Parvin Dabas, Gajendra Chouhan",2000
Tarkieb,Esmayeel Shroff,"Milind Soman, Nana Patekar, Tabu, Shilpa Shetty",2000
Tera Jadoo Chal Gayaa,A. Muthu,"Abhishek Bachchan, Kirti Reddy, Sanjay Suri, Kader Khan",2000
Tune Mera Dil Le Liyaa,B.B. Bhalla,"Raveena Tandon, Naseeruddin Shah, Rahul Roy, Shakti Kapoor",2000
Zindagi Zindabad,Sumitra Bhave–Sunil Sukthankar,"Mita Vasisht, Milind Gunaji, Uttara Baokar, Abhiram Bhadkamkar",2000
Kabhi Khushi Kabhie Gham,Karan Johar,,2001
Gadar: Ek Prem Katha,Anil Sharma,,2001
Lagaan,Ashutosh Gowariker,,2001
Indian,N. Maharajan,,2001
Dil Chahta Hai,Farhan Akhtar,,2001
Chori Chori Chupke Chupke,Abbas–Mustan,,2001
Ek Rishtaa: The Bond of Love,Suneel Darshan,,2001
Yaadein,Subhash Ghai,,2001
Lajja,Rajkumar Santoshi,,2001
Jodi No.1,David Dhawan,,2001
Abhay,Suresh Krissna,"Kamal Haasan, Manisha Koirala, Raveena Tandon",2001
Aamdani Atthanni Kharcha Rupaiya,K. Raghavendra Rao,"Govinda, Juhi Chawla, Chandrachur Singh, Tabu, Isha Koppikar, Vinay Anand, Johnny Lever",2001
Aashiq,Indra Kumar,"Bobby Deol, Karisma Kapoor, Anupam Kher, Johnny Lever, Rahul Dev",2001
Ajnabee,Abbas Mustan,"Bobby Deol, Akshay Kumar, Kareena Kapoor, Bipasha Basu, Johnny Lever",2001
Aks,Rakeysh Omprakash Mehra,"Amitabh Bachchan, Raveena Tandon, Manoj Bajpai, Nandita Das",2001
Albela,Deepak Sareen,"Govinda, Aishwarya Rai, Namrata Shirodkar, Jackie Shroff",2001
Aśoka,Santosh Sivan,"Shah Rukh Khan, Ajith Kumar, Kareena Kapoor, Hrishita Bhatt",2001
Bas Itna Sa Khwaab Hai,Goldie Behl,"Abhishek Bachchan, Rani Mukerji, Sushmita Sen, Jackie Shroff",2001
Be-Lagaam,Ram Lakhan,"Aryan Vaid, Pramod Moutho, Tanveer Zaidi",2001
Bengal Tiger,Adarsh Jain,"Mithun Chakraborty, Shakti Kapoor",2001
Bhairav,T. L. V. Prasad,Mithun Chakraborty,2001
Censor,Dev Anand,,2001
Chandni Bar,Madhur Bhandarkar,"Suhas Palshikar, Tabu, Atul Kulkarni. Rajpal Yadav",2001
Chhupa Rustam: A Musical Thriller,Aziz Sejawal,"Sanjay Kapoor, Mamta Kulkarni, Manisha Koirala",2001
Daman,Kalpana Lajmi,"Raveena Tandon, Raima Sen, Sanjay Suri, Sayaji Shinde",2001
Dattak,Gul Bahar Singh,"Rajit Kapoor, Anjan Srivastav, A. K. Hangal, Kruttika Desai",2001
Deewaanapan,Ashu Trikha,"Arjun Rampal, Diya Mirza, Vikas Sethi, Om Puri, Kabir Sadanand",2001
Dil Ne Phir Yaad Kiya,C. L. Rawal,"Govinda, Tabu, Pooja Batra",2001
Ehsaas: The Feeling,Mahesh Manjrekar,"Sunil Shetty, Neha",2001
Farz,Raj Kanwar,"Sunny Deol, Preity Zinta, Om Puri, Jackie Shroff, Dara Singh",2001
Grahan,Shashilal K. Nair,"Jackie Shroff, Manisha Koirala, Anupama Verma",2001
Hadh: Life on the Edge of Death,Thampi Kannanthanam,"Jackie Shroff, Sharad Kapoor, Ayesha Jhulka",2001
Hum Ho Gaye Aapke,Agathiyan,"Fardeen Khan, Reema Sen, Apoorva Agnihotri",2001
Ittefaq,Sanjay Khanna,"Sunil Shetty, Pooja Batra",2001
Kasam,Shibu Mitra,"Sunny Deol, Chunky Pandey",2001
Kasoor,Vikram Bhatt,"Lisa Ray, Aftab Shivdasani, Divya Dutta",2001
Kuch Khatti Kuch Meethi,Rahul Rawail,"Sunil Shetty, Kajol, Rishi Kapoor, Rati Agnihotri",2001
Kyo Kii Main Jhuth Nahin Bolta,David Dhawan,"Govinda, Sushmita Sen, Anupam Kher, Ajith Vachani, Shahbaz Khan, Mohnish Bahl",2001
Lagaan: Once Upon a Time in India,Ashutosh Gowariker,"Aamir Khan, Gracy Singh, Rachel Shelley, Toby Stephens, Amin Gazi, Pradeep Rawat",2001
Love Ke Liye Kuchh Bhi Karega,E. Niwas,"Saif Ali Khan, Fardeen Khan, Aftab Shivdasani, Twinkle Khanna, Sonali Bendre",2001
Love You Hamesha,Kailash Surendranath,"Rishma Malik, Rohit Bal, Sonali Bendre",2001
Maya,Digivijay Singh,"Nitya Shetty, Mita Vasisht, Anant Nag",2001
Mitti,,,2001
Moksha,Ashok Mehta,"Manisha Koirala, Arjun Rampal",2001
Monsoon Wedding,Mira Nair,"Naseeruddin Shah, Lillete Dubey, Shefali Shah, Vasundhara Das, Vijay Raaz, Tillotama Shome, Randeep Hooda, Rajat Kapoor, Jas Arora",2001
Mujhe Kucch Kehna Hai,Satish Kaushik,"Tusshar Kapoor, Kareena Kapoor, Rinke Khanna",2001
Mujhe Meri Biwi Se Bachaao,Harry Baweja,"Naseeruddin Shah, Rekha, Arshad Warsi, Suman Ranganathan",2001
Nayak,S. Shankar,"Anil Kapoor, Rani Mukerji, Pooja Batra, Paresh Rawal, Amrish Puri, Johnny Lever",2001
Officer,Naeem Sha,"Sunil Shetty, Raveena Tandon, Danny Denzongpa, Tej Sapru",2001
One 2 Ka 4,Shashilal K. Nair,"Shah Rukh Khan, Juhi Chawla, Madhur Mittal, Jackie Shroff, Nirmal Pandey, Dilip Joshi",2001
Paagalpan,Aruna Irani,"Karan Nath, Aarti Agarwal, Farhan Khan",2001
Pyaar Ishq Aur Mohabbat,Rajiv Rai,"Suniel Shetty, Arjun Rampal, Aftab Shivdasani, Isha Koppikar, Kirti Reddy",2001
Pyaar Tune Kya Kiya,Rajat Mukherjee,"Urmila Matondkar, Fardeen Khan, Sonali Kulkarni",2001
Pyaar Zindagi Hai,Vijay Sadanah,"Vikas Kalantri, Ashima Bhalla, Mohnish Bahl, Asawari Joshi, Upasna Singh, Rajesh Khanna",2001
Rahul,Prakash Jha,"Neha, Jatin Grewal, Rajeshwari Sachdev",2001
Rehnaa Hai Terre Dil Mein,Gautham Vasudev Menon,"Saif Ali Khan, Dia Mirza, R. Madhavan, Navin Nischol, Anupam Kher",2001
Shirdi Sai Baba,,,2001
Style,N. Chandra,"Sahil Khan, Sharman Joshi, Riya Sen, Tara Deshpande",2001
Tamboo Mein Bamoo,Dil Kumar,Raza Murad,2001
Tera Mera Saath Rahen,Mahesh Manjrekar,"Ajay Devgn, Sonali Bendre, Namrata Shirodkar",2001
Tere Liye,Sanjay Gadhvi,"Imran Ahmed Khan, Sonali Khare, Neelu Kohli, Hiten Paintal",2001
Tum Bin,Anubhav Sinha,"Priyanshu Chatterjee, Himanshu Malik, Sandali Sinha, Rakesh Bapat, Manoj Pahwa",2001
Yeh Raaste Hain Pyaar Ke,Deepak S. Shivdasani,"Ajay Devgan, Madhuri Dixit, Preity Zinta, Sunny Deol (special appearance)",2001
Yeh Teraa Ghar Yeh Meraa Ghar,Priyadarshan,"Suniel Shetty, Mahima Chaudhry, Neeraj Vora, Paresh Rawal",2001
Yeh Zindagi Ka Safar,Tanuja Chandra,"Amisha Patel, Jimmy Shergill, Rajpal Yadav",2001
Zubeidaa,Shyam Benegal,"Karisma Kapoor, Rekha, Manoj Bajpai, Amrish Puri, Lilette Dubey",2001
Devdas,Sanjay Leela Bhansali,,2002
Raaz,Vikram Bhatt,,2002
Kaante,Sanjay Gupta,,2002
Hum Tumhare Hain Sanam,K. S. Adhiyaman,,2002
Aankhen,Vipul Amrutlal Shah,,2002
Mujhse Dosti Karoge!,Kunal Kohli,,2002
Humraaz,Abbas Mustan,,2002
Saathiya,Shaad Ali,,2002
Awara Paagal Deewana,Vikram Bhatt,,2002
Company,Ram Gopal Verma,,2002
16-Dec,Mani Shankar,"Milind Soman, Dipannita Sharma, Gulshan Grover, Aditi Govitrikar, Sushant Singh",2002
23rd March 1931: Shaheed,Guddu Dhanoa,"Sunny Deol, Bobby Deol, Divya Dutta, Amrita Singh, Aishwarya Rai, Rajesh Khera",2002
Aap Mujhe Achche Lagne Lage,Vikram Bhatt,"Hrithik Roshan, Amisha Patel, Ali Asgar, Mukesh Tiwari, Alok Nath",2002
Ab Ke Baras,Raj Kanwar,"Amrita Rao, Arya Babbar, Ashish Vidyarthi",2002
Agni Varsha,Arjun Sajnani,"Amitabh Bachchan, Akkineni Nagarjuna, Jackie Shroff, Raveena Tandon, Milind Soman, Prabhu Deva, Sonali Kulkarni",2002
Akhiyon Se Goli Maare,Harmesh Malhotra,"Govinda, Raveena Tandon, Kader Khan, Johnny Lever, Asrani, Sharat Saxena",2002
Annarth,Ravi Dewan,"Sunil Shetty, Sanjay Dutt, Ashutosh Rana, Preeti Jhangiani, Johny Lever, Tinu Anand",2002
Ansh: The Deadly Part,Rajan Johri,"Om Puri, Ashutosh Rana, Abbas, Sharbani Mukherji",2002
Baaja,Apurba Kishore Bir,,2002
Badhaai Ho Badhaai,Satish Kaushik,"Anil Kapoor, Shilpa Shetty, Kirti Reddy",2002
Bollywood Queen,Jeremy Wooding,"Preeya Kalidas, James McAvoy",2002
Bomb the System,,,2002
Chalo Ishq Ladaaye,Aziz Sejawal,"Govinda, Rani Mukerji, Sanjay Suri, Kader Khan, Zohra Sehgal, Johnny Lever, Suniel Shetty, Gulshan Grover",2002
Chor Machaaye Shor,Aziz Sejawal,"Bobby Deol, Shilpa Shetty, Shekhar Suman, Bipasha Basu, Rajat Bedi, Rajpal Yadav",2002
Deewangee,Anees Bazmee,"Ajay Devgn, Akshaye Khanna, Urmila Matondkar, Tiku Talsania",2002
Desh Devi,Milind Ukey,"Shrivallabh Vyas, Jaya Seal",2002
Dil Hai Tumhaara,Kundan Shah,"Rekha, Preity Zinta, Mahima Chaudhry, Arjun Rampal, Jimmy Sheirgill, Alok Nath",2002
Dil Vil Pyar Vyar,Anant Mahadevan,"Jimmy Sheirgill, Sanjay Suri, Namrata Shirodkar, R. Madhavan, Sonali Kulkarni, Hrishita Bhatt, Rakesh Bapat, Bhavna Pani",2002
Durga,J.D. Chakravarthy,"J.D Chakravarthy, Priyanka Upendra, Snehal Dabi, Sayaji Shinde",2002
Ek Chhotisi Love Story,Shashilal K. Nair,"Ranvir Shorey, Manisha Koirala, Aditya Seal, Vir Das, Anushka Sharma",2002
Encounter: The Killing,Ajay Phansekar,"Naseeruddin Shah, Dilip Prabhavalkar, Tara Deshpande",2002
Filhaal,Meghna Gulzar,"Tabu, Sushmita Sen, Sanjay Suri, Palash Sen",2002
Ghaav: The Wound,Kumar Jay,"Pankaj Berry, Rahul Bhatt, Seema Biswas, Gayatri",2002
Gunaah,Amol Shetge,"Dino Morea, Bipasha Basu, Ashutosh Rana, Irrfan Khan",2002
Haan Maine Bhi Pyaar Kiya,Dharmesh Darshan,"Akshay Kumar, Karisma Kapoor, Abhishek Bachchan, Mohnish Bahl, Upasana Singh",2002
Hathyar,Mahesh Manjrekar,"Sanjay Dutt, Shilpa Shetty, Namrata Shirodkar",2002
Hum Kisise Kum Nahin,David Dhawan,"Amitabh Bachchan, Supriya Karnik, Ajay Devgn, Sanjay Dutt, Aishwarya Rai, Ashish Vidyarthi, Annu Kapoor, Rajpal Yadav, Paresh Rawal, Colin Farrell",2002
Hum Pyar Tumhi Se Kar Baithe,Mohan Singh Rathod,"Jugal Hansraj, Tina Rana",2002
Jaani Dushman: Ek Anokhi Kahani,Rajkumar Kohli,"Sunny Deol, Akshay Kumar, Sunil Shetty, Atharvaa, Arshad Warsi, Aftab Shivdasani, Manisha Koirala",2002
Jang Aur Aman,Anand Patwardhan,,2002
Jeena Sirf Merre Liye,Satish Kaushik,"Tusshar Kapoor, Kareena Kapoor, Mallika Sherawat",2002
Kabhie Tum Kabhie Hum,,"Mamta Kulkarni, Anjan Srivastav, Vijayendra Ghatge",2002
Karz: The Burden of Truth,Harry Baweja,"Sunny Deol, Sunil Shetty, Shilpa Shetty",2002
Kehtaa Hai Dil Baar Baar,Rahul Dholakia,"Jimmy Shergill, Kim Sharma, Paresh Rawal",2002
Kitne Door Kitne Paas,Mehul Kumar,"Fardeen Khan, Ayub Khan, Amrita Arora, Sonali Kulkarni",2002
Koi Mere Dil Se Poochhe,Boney Kapoor,"Jaya Bachchan, Esha Deol, Aftab Shivdasani, Sanjay Kapoor, Anupam Kher",2002
Kranti,Naresh Malhotra,"Bobby Deol, Amisha Patel, Om Puri, Vinod Khanna, Pallavi Kulkarni",2002
Kuch Tum Kaho Kuch Hum Kahein,K. Ravi Shankar,"Fardeen Khan, Richa Pallod, Sharad Kapoor, Sanjai Mishra, Farida Jalal",2002
Kya Yehi Pyaar Hai,K. Murali Mohan Rao,"Amisha Patel, Aftab Shivdasani, Sarfaraz Khan, Ashish Vidyarthi, Jackie Shroff",2002
Kyaa Dil Ne Kahaa,Sanjay Chhel,"Tusshar Kapoor, Esha Deol, Raj Babbar, Atul Parchure",2002
Lal Salaam,Gaganvihari Borate,"Nandita Das, Sharad Kapoor, Makrand Deshpande, Vijay Raaz",2002
Maa Tujhhe Salaam,Tinu Verma,"Sunny Deol, Tabu, Rajat Bedi, Arbaaz Khan, Inder Kumar",2002
Maine Dil Tujhko Diya,Sohail Khan,"Sohail Khan, Sameera Reddy, Eijaz Khan, Sanjay Dutt, Kabir Bedi, Dalip Tahil",2002
Makdee,Vishal Bhardwaj,"Shabana Azmi, Makarand Deshpande",2002
Maseeha,Partho Ghosh,"Sunil Shetty, Namrata Shirodkar, Inder Kumar, Manek Bedi, Rajpal Yadav, Mukesh Rishi",2002
Mere Yaar Ki Shaadi Hai,Sanjay Gadhvi,"Uday Chopra, Bipasha Basu, Tulip Joshi, Jimmy Shergill, Nitesh Pandey, Tannaz Irani",2002
"Mitr, My Friend",Revathi,"Shobhana, Matt Phillips",2002
Mohabbat Ho Gayi Hai Tumse,Rishi Talwar,"Sanjay Dutt, Shamita Shetty, Chandrachur Singh",2002
Mulaqaat,K. Ravi Shankar,"Vinay Anand, Arun Bakshi, Rita Bhaduri, Milind Gunaji",2002
Na Tum Jaano Na Hum,Arjun Sablok,"Saif Ali Khan, Hrithik Roshan, Esha Deol, Ashima Bhalla, Shilpa Saklani, Alok Nath",2002
Nishad,Shaji N. Karun,,2002
Om Jai Jagadish,Anupam Kher,"Waheeda Rehman, Parmeet Sethi, Anil Kapoor, Fardeen Khan, Abhishek Bachchan, Mahima Chaudhry, Urmila Matondkar, Lillete Dubey, Tara Sharma",2002
Pitaah,Mahesh Manjrekar,"Sanjay Dutt, Nandita Das, Salil Ankola, Jackie Shroff, Om Puri, Shivaji Satam",2002
Pyaar Diwana Hota Hai,Kirti Kumar,"Govinda, Rani Mukerji, Deepak Tijori, Apurva Agnihotri",2002
Pyar Ki Dhun,Samarjit Dasgupta,,2002
Pyaasa,A. Muthu,"Yukta Mookhey, Aftab Shivdasani",2002
Reshma Aur Sultan,S. Kumar,"Dharmendra, Ankush Mohit, Sapna, Hemant Birje, Satnam Kaur",2002
Rishtey,Indra Kumar,"Anil Kapoor, Karisma Kapoor, Shilpa Shetty",2002
Road,Rajat Mukherjee,"Vivek Oberoi, Antara Mali, Manoj Bajpai, Vijay Raaz, Rajpal Yadav",2002
Shaheed-E-Azam,Sukumar Nair,"Sonu Sood, Raj Zutshi, Dev Gill",2002
Shakti - The Power,Boney Kapoor,"Karisma Kapoor, Nana Patekar, Sanjay Kapoor, Shahrukh Khan",2002
Shararat,Gurudev Bhalla,"Abhishek Bachchan, Hrishita Bhatt, Mohnish Bahl, Amrish Puri",2002
Soch,Sushen Bhatnagar,"Sanjay Kapoor, Arbaaz Khan, Raveena Tandon, Danny Denzongpa, Aditi Govitrikar",2002
Sur: The Melody of Life,Tanuja Chandra,"Lucky Ali, Gauri Karnik, Harsh Vashisht, Simone Singh, Nitin",2002
The Legend of Bhagat Singh,Rajkumar Santoshi,"Ajay Devgn, Amrita Rao, Raj Babbar, Sushant Singh",2002
Tumko Na Bhool Paayenge,Pankaj Parashar,"Salman Khan, Dia Mirza, Sushmita Sen, Inder Kumar, Arbaaz Khan",2002
Tum Se Achcha Kaun Hai,Deepak Anand,"Nakul Kapoor, Rati Agnihotri, Kim Sharma, Aarti Chabria, Ali Asgar",2002
Waah! Tera Kya Kehna,Manoj Agrawal,"Govinda, Raveena Tandon, Preeti Jhangiani",2002
Yeh Dil Aashiqanaa,Kuku Kohli,"Karan Nath, Jividha Sharma",2002
Yeh Hai Jalwa,David Dhawan,"Rishi Kapoor, Salman Khan, Amisha Patel, Rinke Khanna, Rati Agnihotri, Sanjay Dutt, Anupam Kher",2002
Yeh Kaisi Mohabbat,Dinkar Kapur,"Deepak Tijori, Viveka Babajee, Krishna Abhishek, Mukesh Rishi",2002
Yeh Kya Ho Raha Hai?,Hansal Mehta,"Prashant Chianani, Aamir Ali, Vaibhav Jhalani, Yash Pandit, Payal Rohatgi",2002
Yeh Mohabbat Hai,Umesh Mehra,"Rahul Bhatt, Johnny Lever",2002
Zindagi Khoobsoorat Hai,Manoj Punj,"Gurdas Maan, Tabu, Divya Dutta, Rajat Kapoor",2002
Kal Ho Naa Ho,,,2003
Koi... Mil Gaya,,,2003
The Hero: Love Story of a Spy,,,2003
Chalte Chalte,,,2003
Baghban,,,2003
Munna Bhai M.B.B.S.,,,2003
Main Prem Ki Diwani Hoon,,,2003
LOC: Kargil,,,2003
Andaaz,,,2003
Qayamat: City Under Threat,,,2003
02-Oct,Sunil Tiwari,"Ashutosh Rana, Sharat Saxena, Saadhika Randhawa, Mukesh Tiwari",2003
3 Deewarein,Nagesh Kukunoor,"Naseeruddin Shah, Jackie Shroff, Juhi Chawla",2003
88 Antop Hill,Kushan Nandy,"Rahul Dev, Shweta Menon, Harsh Khurana, Atul Kulkarni",2003
Aaj Ka Andha Kanoon,Amit Chandra Sahay,Sudesh Berry,2003
Aanch,Rajesh Kumar Singh,"Nana Patekar, Paresh Rawal",2003
Aapko Pehle Bhi Kahin Dekha Hai,Anubhav Sinha,"Priyanshu Chatterjee, Sakshi Shivanand, Manoj Pahwa, Om Puri, Farida Jalal",2003
Armaan,Honey Irani,"Amitabh Bachchan, Anil Kapoor, Preity Zinta, Gracy Singh, Randhir Kapoor, Aamir Bashir",2003
Baaz: A Bird in Danger,Tinu Verma,"Sunil Shetty, Karisma Kapoor, Dino Morea, Preeti Jhangiani, Jackie Shroff",2003
Bas Yun Hi,Raja Menon,"Nandita Das, Purab Kohli, Sameer Malhotra, Sandhya Shetty",2003
Basti,Basharat Khan,"Samir Soni, Faisal Khan",2003
Bhoot,Ram Gopal Varma,"Urmila Matondkar, Ajay Devgn, Rekha, Nana Patekar, Fardeen Khan",2003
Boom,Kaizad Gustad,"Amitabh Bachchan, Jackie Shroff, Gulshan Grover, Katrina Kaif, Madhu Sapre, Padma Lakshmi",2003
Calcutta Mail,Sudhir Mishra,"Anil Kapoor, Rani Mukerji, Manisha Koirala",2003
Chori Chori,Milan Luthria,"Ajay Devgn, Rani Mukerji, Sonali Bendre",2003
Chupke Se,Shona Urvashi,"Zulfi Syed, Masumeh Makhija",2003
Chura Liyaa Hai Tumne,Sangeeth Sivan,"Zayed Khan, Esha Deol",2003
Darna Mana Hai,Prawaal Raman,"Saif Ali Khan, Shilpa Shetty, Sameera Reddy, Vivek Oberoi, Sohail Khan, Aftab Shivdasani, Antara Mali, Nana Patekar, Rajpal Yadav, Isha Koppikar, Sanjay Kapoor",2003
Dhoop,Ashwini Chaudhary,"Murli Sharma, Gul Panag, Om Puri, Revathi, Sanjay Suri",2003
Dhund,Shyam Ramsay,"Amar Upadhyay, Aditi Gowitrikar, Irrfan Khan, Gulshan Grover, Apoorva Agnihotri",2003
Dil Ka Rishta,Naresh Malhotra,"Arjun Rampal, Aishwarya Rai, Priyanshu Chatterjee, Isha Koppikar, Raakhee, Paresh Rawal",2003
Dil Pardesi Ho Gayaa,Saawan Kumar Tak,"Kapil Jhaveri, Ashutosh Rana, Saloni Aswani, Amrish Puri",2003
Dum,Eeshwar Nivas,"Vivek Oberoi, Diya Mirza, Vivek Shauq, Atul Kulkarni",2003
Ek Alag Mausam,K. P. Sasi,"Nandita Das, Anupam Kher",2003
Ek Aur Ek Gyarah,David Dhawan,"Sanjay Dutt, Govinda, Amrita Arora, Gulshan Grover, Jackie Shroff, Ashish Vidyarthi",2003
Ek Din 24 Ghante,Anant Balani,"Rahul Bose, Nandita Das, Kabir Sadanand, Prithvi Zutshi",2003
Escape from Taliban,Ujjal Chattopadhyaya,Manisha Koirala,2003
Final Solution,Rakesh Sharma,,2003
Footpath,Vikram Bhatt,"Aftab Shivdasani, Bipasha Basu, Emraan Hashmi, Rahul Dev, Irrfan Khan",2003
Fun2shh... Dudes in the 10th Century,Imtiaz Punjabi,"Gulshan Grover, Paresh Rawal, Farida Jalal",2003
Gangaajal,Prakash Jha,"Ajay Devgn, Gracy Singh, Ayub Khan",2003
Haasil,Tigmanshu Dhulia,"Jimmy Sheirgill, Irrfan Khan, Ashutosh Rana, Hrishita Bhatt, Sudhir Pandey",2003
Hawa,Guddu Dhanoa,"Tabu, Shahbaz Khan",2003
Hawayein,Ammtoje Mann,"Babbu Mann, Ammotje Mann",2003
Humein Tumse Pyar Ho Gaya Chupke Chupke,Pramod Mandloi,"Siddharth Dhawan, Shraddha Sharma, Kiran Kumar, Raza Murad, Shakti Kapoor, Mehmood Junior",2003
Hungama,Priyadarshan,"Akshaye Khanna, Rimi Sen, Aftab Shivdasani, Rajpal Yadav, Paresh Rawal",2003
Indian Babu,Lawrence D'Souza,"Jaz Pandher, Gurleen Chopra, Johnny Lever",2003
Inteha,Vikram Bhatt,"Ashmit Patel, Vidya Malvade, Anup Soni, Nauheed Cyrusi",2003
Ishq Vishk,Ken Ghosh,"Shahid Kapoor, Amrita Rao, Vishal Malhotra, Satish Shah, Yash Tonk, Neelima Azeem",2003
Jaal: The Trap,Guddu Dhanoa,"Sunny Deol, Tabu, Reema Sen",2003
Jajantaram Mamantaram,Soumitra Ranade,Javed Jaffrey,2003
Janasheen,Feroz Khan,"Fardeen Khan, Celina Jaitley, Feroz Khan",2003
Jhankaar Beats,Sujoy Ghosh,"Juhi Chawla, Rahul Bose, Rinke Khanna, Kurush Deboo, Sanjay Suri, Riya Sen, Archana Puran Singh, Dinyar Contractor",2003
Jism,Anurag Basu,"Bipasha Basu, John Abraham, Gulshan Grover",2003
Jodi Kya Banayi Wah Wah Ramji,Raman Kumar,"Amar Upadhyay, Reema Sen",2003
Joggers Park,Anant Balani,"Victor Banerjee, Perizaad Zorabian, Hiten Tejwani",2003
Kagaar: Life on the Edge,N. Chandra,"Om Puri, Nandita Das, Amitabh Dayal",2003
Kahan Ho Tum,Vijay Kumar,"Sharman Joshi, Samir Soni, Sonu Sood, Ishitta Arun",2003
Kaise Kahoon Ke... Pyaar Hai,,Sunny Deol,2003
Kash Aap Hamare Hote,Ravindra Peepat,"Juhi Babbar, Sonu Nigam",2003
Khanjar: The Knife,Chander Sharma,"Sunil Shetty, Tabu",2003
Khel – No Ordinary Game,Yusuf Khan,"Sunil Shetty, Sunny Deol, Ajay Jadeja, Celina Jaitley",2003
Khushi,S. J. Suryah,"Fardeen Khan, Kareena Kapoor, Anup Soni, Amrish Puri, Sharat Saxena",2003
Khwahish,Govind Menon,"Mallika Sherawat, Himanshu Malik",2003
Kucch To Hai,Anurag Basu,"Tusshar Kapoor, Esha Deol, Natassha, Yash Tonk, Rishi Kapoor, Jeetendra, Moonmoon Sen, Johnny Lever",2003
Kuch Naa Kaho,Rohan Sippy,"Abhishek Bachchan, Aishwarya Rai, Arbaaz Khan",2003
Love at Times Square,,"Dev Anand, Moon Moon Sen, Heenee Kaushik",2003
Main Madhuri Dixit Banna Chahti Hoon,Chandan Arora,"Antara Mali, Rajpal Yadav",2003
Market,Jay Prakash,Manisha Koirala,2003
Mudda: The Issue,Saurabh Shukla,"Arya Babbar, Prashant Narayanan",2003
Mumbai Matinee,Anant Balani,"Rahul Bose, Perizaad Zorabian, Anusha Dhandekar, Vijay Raaz, Saurabh Shukla",2003
Mumbai Se Aaya Mera Dost,Apoorva Agnihotri,"Abhishek Bachchan, Lara Dutta",2003
Nayee Padosan,B. H. Tharun Kumar,"Mahek Chahal, Vikas Kalantri, Anuj Sawhney",2003
Om,Ashok Honda,"Attin Bhalla, Sandali Sinha, Pankaj Dheer, Sharat Saxena",2003
Oops!,Deepak Tijori,"Kiran Janjani, Vikas Sethi, Mink Brar, Mita Vashisht",2003
Out of Control,"Apurva Asrani, Ramanjit Juneja","Ritesh Deshmukh, Hrishita Bhatt, Brande Roderick, Amrish Puri",2003
Paap,Pooja Bhatt,"John Abraham, Udita Goswami, Gulshan Grover",2003
Parwana,Deepak Bahry,"Ajay Devgn, Amisha Patel, Pooja Batra",2003
Patth,,"Milind Gunaji, Sharad Kapoor, Nirmal Pandey, Payal Rohatgi, Hyder Kazmi",2003
Pinjar,Chandrakant Dwivedi,"Urmila Matondkar, Manoj Bajpai, Sanjay Suri, Priyanshu Chatterjee, Isha Koppikar",2003
The Pink Mirror,Sridhar Rangayan,,2003
Praan Jaye Par Shaan Na Jaye,Sanjay Manjrekar,"Aman Verma, Rinke Khanna, Vivek Shauq, Raveena Tandon, Namrata Shirodkar, Dia Mirza",2003
Raghu Romeo,Rajat Kapoor,"Vijay Raaz, Sadiya Siddiqui",2003
Raja Bhaiya,Raman Kumar,"Govinda, Aarti Chhabria",2003
"Right Here, Right Now",Anand Gandhi,,2003
Rules: Pyaar Ka Superhit Formula,Parvati Balagopalan,Milind Soman,2003
Saaya,Anurag Basu,"John Abraham, Tara Sharma, Mahima Chaudhry",2003
Samay: When Time Strikes,Robby Grewal,"Sushmita Sen, Jackie Shroff, Sushant Singh",2003
Satta,Madhur Bhandarkar,Raveena Tandon,2003
Sssshhh...,Pawan S. Kaul,"Karan Nath, Dino Morea, Tanishaa Mukerji",2003
Stumped,Gaurav Pandey,,2003
Supari,,"Uday Chopra, Namrata Shirodkar",2003
Tada,Sisir. P. Mishra,"Monica Bedi, Sharad Kapoor",2003
Talaash: The Hunt Begins...,Suneel Darshan,"Akshay Kumar, Kareena Kapoor",2003
Tehzeeb,Khalid Mohamed,"Urmila Matondkar, Shabana Azmi, Arjun Rampal, Rishi Kapoor, Diya Mirza, Namrata Shirodkar",2003
Tere Naam,Satish Kaushik,"Salman Khan, Bhoomika Chawla, Sarfaraz Khan",2003
The Perfect Husband,Priya Singh Paul,"Parvin Dabas, Neha Dubey, Rajeshwari Sachdev",2003
Tujhe Meri Kasam,K. Vijaya Bhaskar,"Riteish Deshmukh, Genelia D'Souza",2003
Tumse Milke Wrong Number,Jignesh M. Vaishav,Tinnu Anand,2003
Waisa Bhi Hota Hai Part II,Shashanka Ghosh,"Arshad Warsi, Sandhya Mridul, Prashant Narayanan",2003
Xcuse Me,N. Chandra,"Sahil Khan, Sharman Joshi, Payal Rohatgi",2003
Yeh Dil,Teja,"Tusshar Kapoor, Natassha, Akhilendra Mishra, Sharat Saxena",2003
Zameen,Rohit Shetty,"Ajay Devgn, Abhishek Bachchan, Bipasha Basu",2003
Zinda Dil,,"Abbas, Ashima Bhalla, Om Puri, Sharad Kapoor, Gulshan Grover, Johnny Lever",2003
Veer-Zaara,,,2004
Main Hoon Na,,,2004
Dhoom,,,2004
Mujhse Shaadi Karogi,,,2004
Khakee,,,2004
Hum Tum,,,2004
Swades,,,2004
Masti,,,2004
Hulchul,,,2004
Aitraaz,,,2004
Ishq Hai Tumse,G. Krishna,"Bipasha Basu, Dino Morea",2004
Chameli,Sudhir Mishra,"Kareena Kapoor, Rahul Bose, Kabir Sadanand, Rinke Khanna",2004
Paisa Vasool,Srinivas Bhashyam,"Manisha Koirala, Sushmita Sen, Sushant Singh, Tinu Anand, Makrand Deshpande",2004
Plan,Hriday Shetty,"Sanjay Dutt, Priyanka Chopra, Dino Morea, Sanjay Suri, Riya Sen, Rohit Roy, Sameera Reddy",2004
Ek Hasina Thi,Sriram Raghavan,"Saif Ali Khan, Urmila Matondkar, Murli Sharma, Seema Biswas, Pratima Kazmi, Rasika Joshi",2004
Aetbaar,Vikram Bhatt,"Amitabh Bachchan, Bipasha Basu, John Abraham, Tom Alter, Ali Asgar",2004
Maqbool,Vishal Bhardwaj,"Tabu, Pankaj Kapoor, Irrfan Khan, Moushumi Chatterjee, Om Puri",2004
Paap,Pooja Bhatt,"John Abraham, Udita Goswami, Bikramjeet Kanwarpal, Gulshan Grover, Mohan Agashe, Anahita Uberoi",2004
Agnipankh,Sanjeev Puri,"Jimmy Shergill, Rahul Dev, Divya Dutta, Shamita Shetty",2004
Aabra Ka Daabra,Dheeraj Kumar,"Hansika Motwani, Shweta Tiwari, Vishal Lalwani, Archana Puran Singh",2004
Aan: Men at Work,Madhur Bhandarkar,"Akshay Kumar, Sunil Shetty, Shatrughan Sinha, Irrfan Khan, Paresh Rawal, Jackie Shroff, Lara Dutta, Raveena Tandon",2004
Ab... Bas!,Rajesh Singh,"Diana Hayden, Shawar Ali, Rohit Roy",2004
Ab Tak Chappan,Shimit Amin,"Nana Patekar, Mohan Agashe, Revathi, Prasad Purandare, Hrishitaa Bhatt",2004
Ab Tumhare Hawale Watan Saathiyo,Anil Sharma,"Amitabh Bachchan, Akshay Kumar, Bobby Deol, Divya Khosla Kumar, Sandali Sinha",2004
AK-47,Raam Shetty,"Aditya Singh, Sheetal Bhavishi, Om Puri, Shivaji Satam, Ashish Vidyarthi",2004
Asambhav,Rajiv Rai,"Arjun Rampal, Priyanka Chopra, Arif Zakaria, Naseeruddin Shah",2004
Bardaasht,E.Nivas,"Bobby Deol, Lara Dutta, Ritesh Deshmukh, Rahul Dev, Virendra Saxena, Raju Kher",2004
Bhola in Bollywood,Sumbul Gazi,"Ali Asgar, Siraj Khan, Avtar Gill, Raj Babbar",2004
Chand Bujh Gaya,Sharique Minhaj,"Faisal Khan, Shama Sikander, Aliza",2004
Charas,Tigmanshu Dhulia,"Jimmy Shergill, Irrfan Khan, Uday Chopra, Hrishita Bhatt, Namrata Shirodkar",2004
Deewaar,Milan Luthria,"Amitabh Bachchan, Sanjay Dutt, Akshaye Khanna, Kay Kay Menon, Amrita Rao",2004
Dev,Govind Nihalani,"Amitabh Bachchan, Fardeen Khan, Kareena Kapoor, Rati Agnihotri, Om Puri, Amrish Puri",2004
Dil Bechara Pyaar Ka Maara,Omkarnath Mishra,"Vikas Kalantri, Aslam Khan, Divya Palat, Rajpal Yadav, Mallika Kapoor",2004
Dil Maange More,Anant Mahadevan,"Shahid Kapoor, Ayesha Takia, Soha Ali Khan, Tulip Joshi, Kanwaljit Singh, Gulshan Grover",2004
Dil Ne Jise Apna Kahaa,Atul Agnihotri,"Salman Khan, Preity Zinta, Bhumika Chawla",2004
Dobara,Shashi Ranjan,"Raveena Tandon, Jackie Shroff, Mahima Chaudhry",2004
Dukaan,Iqbal Durrani,"Vikas Kalantri, Rambha, Rati Agnihotri",2004
Ek Se Badhkar Ek,Kundan Shah,"Suniel Shetty, Raveena Tandon, Isha Koppikar",2004
Fida,Ken Ghosh,"Fardeen Khan, Kareena Kapoor, Shahid Kapoor, Kim Sharma",2004
Garv,Puneet Issar,"Salman Khan, Shilpa Shetty, Anupam Kher, Arbaaz Khan, Mukesh Rishi, Amrish Puri",2004
Gayab,Prawal Raman,"Tusshar Kapoor, Antara Mali, Raghubir Yadav",2004
Girlfriend,Karan Razdan,"Amrita Arora, Isha Koppikar, Aashish Chaudhary",2004
Hatya,Kader Kashmiri,"Akshay Kumar, Navin Nischol, Reema Lagoo, Varsha Usgaonkar",2004
Hava Aney Dey,Partho Sen-Gupta,"Nishikant Kamat, Tannishtha Chatterjee, Rajshree Thakur",2004
Hawas,Karan Razdan,"Shawar Ali, Meghna Naidu, Tarun Arora",2004
Hyderabad Blues 2,Nagesh Kukunoor,"Tisca Chopra, Elahe Hiptoola, Jyoti Dogra, Vikram Inamdar, Anu Chengappa",2004
I Proud to Be an Indian,Puneet Issar,"Sohail Khan, Gulzar Inder Chahal, Puneet Issar, Tim Lawrence",2004
Insaaf: The Justice,Shrey Srivastava,"Dino Morea, Namrata Shirodkar, Sanjay Suri, Henna, Rajpal Yadav",2004
Inteqam: The Perfect Game,Pankaj Parashar,"Nethra Raghuraman, Manoj Bajpai, Isha Koppikar",2004
Jaago,Mrhul Kumar,"Manoj Bajpayee, Sanjay Kapoor, Raveena Tandon, Hansika Motwani",2004
Julie,Deepak Shivdasani,"Neha Dhupia, Yash Tonk, Sanjay Kapoor, Priyanshu Chatterjee",2004
Kaash... Hamara Dil Pagal Na Hota,Mangal Anand,"Mukesh Ahuja, Chetan Aneja, Nigel Borade",2004
Kaun Hai Jo Sapno Mein Aaya,Rajesh Bhatt,"Anupam Kher, Richa Pallod, Rakesh Bapat, Kader Khan, Rajesh Bhatt",2004
Kaya Taran,Sashi Kumar,"Seema Biswas, Angad Bedi, Neelambari Bhattacharya, Neeta Mohindra",2004
Khamosh Pani,Sabiha Kumar,"Kirron Kher, Amar Ali Malik",2004
King of Bollywood,Piyush Jha,"Om Puri, Sophie Dahl, Kavita Kapoor",2004
Kis Kis Ki Kismat,Govind Menon,"Dharmendra, Mallika Sherawat, Rati Agnihotri, Satish Shah",2004
Kismat,Guddu Dhanoa,"Priyanka Chopra, Bobby Deol",2004
Kiss Kis Ko,Sharad Sharan,"Karan Oberoi, Sudhanshu Pandey, Sherrin Varghese, Siddharth Haldipur, Chaitnya Bhosale",2004
Krishna Cottage,Santram Varma,"Sohail Khan, Isha Koppikar, Natassha",2004
Kyun! Ho Gaya Na...,Samir Karnik,"Vivek Oberoi, Aishwarya Rai, Amitabh Bachchan, Sunil Shetty, Diya Mirza, Rati Agnihotri, Arjun Mathur, Kajal Aggarwal",2004
Lakeer – Forbidden Lines,Ahmed Khan,"Sunil Shetty, Sunny Deol, Sohail Khan, John Abraham, Nauheed Cyrusi, Apoorva Agnihotri",2004
Lakshya,Farhan Akhtar,"Amitabh Bachchan, Hrithik Roshan, Preity Zinta, Lillete Dubey, Kushal Punjabi, Amrish Puri, Om Puri, Sharad Kapoor",2004
Let's Enjoy,"Ankur Tewari, Siddharth Anand Kumar","Shomendra Bose, Aashish Chaudhary, Roshni Chopra, Arzoo Govitrikar, Shiv Panditt, Sahil Gupta, Dhruv Jagasiya",2004
Madhoshi,Tanveer Khan,"Bipasha Basu, John Abraham, Priyanshu Chatterjee",2004
Meenaxi: A Tale of Three Cities,M. F. Hussain,"Tabu, Kunal Kapoor, Rajpal Yadav, Nadira Babbar",2004
"Meri Biwi Ka Jawaab Nahin (Delayed film, originally produced in 1994)","S. M. Iqbal, Pankaj Parashar","Sridevi, Akshay Kumar",2004
Morning Raga,Mahesh Dattan,"Shabana Azmi, Perizaad Zorabian",2004
Murder,Anurag Basu,"Emraan Hashmi, Ashmit Patel, Mallika Sherawat",2004
Musafir,Sanjay Gupta,"Anil Kapoor, Sanjay Dutt, Sameera Reddy, Aditya Pancholi, Koena Mitra, Mahesh Manjrekar",2004
Muskaan,"Rohit Nayyar, Rohit Manash","Aftab Shivdasani, Gracy Singh, Parvin Dabas, Kader Khan, Anupam Kher",2004
Mysteries Shaque,"Vinod Chhabara,","Janki Shah, Quber Chauhan, Prem Chopra, Upasana Singh, Aarti Puri",2004
Naach,Ram Gopal Varma,"Antara Mali, Abhishek Bachchan, Ritesh Deshmukh",2004
Netaji Subhas Chandra Bose: The Forgotten Hero,Shyam Benegal,"Sachin Khedekar, Kulbhushan Kharbanda, Rajit Kapur, Arif Zakaria, Divya Dutta",2004
Phir Milenge,Revathy,"Nassar, Shilpa Shetty, Salman Khan, Abhishek Bachchan, Revathi",2004
Police Force: An Inside Story,Dilip Shukla,"Akshay Kumar, Raveena Tandon, Raj Babbar, Amrish Puri, S. M. Zaheer, Mohan Joshi",2004
Popcorn Khao! Mast Ho Jao,Kabir Sadanand,"Akshay Kapoor, Tanisha, Yash Tonk, Reshmi Nigam",2004
Raincoat,Rituparno Ghosh,"Ajay Devgn, Aishwarya Rai",2004
Rakht,Mahesh Manjrekar,"Sunil Shetty, Neha Dhupia, Abhishek Bachchan, Dino Morea, Himanshu Malik, Amrita Arora, Bipasha Basu, Sanjay Dutt",2004
Rok Sako To Rok Lo,Arindam Chowdhury,"Sunny Deol, Yash Pandit",2004
Rudraksh,Mani Shankar,"Suniel Shetty, Sanjay Dutt, Bipasha Basu, Isha Koppikar",2004
Run,Jeeva,"Abhishek Bachchan, Bhoomika Chawla, Vijay Raaz, Ayesha Jhulka, Mahesh Manjrekar",2004
Shaadi Ka Laddoo,Raj Kaushal,"Sanjay Suri, Mandira Bedi, Divya Dutta, Aashish Chaudhary",2004
Shart: The Challenge,Puri Jagannadh,"Tusshar Kapoor, Gracy Singh, Amrita Arora",2004
Sheen,Ashok Pandit,"Tarun Arora, Raj Babbar, Anoop Soni, Kiran Juneja",2004
Shikaar,Darshan Bagga,"Kanishka Sodhi, Jas Pandher",2004
Shukriya: Till Death Do Us Apart,Anupam Sinha,"Anupam Kher, Aftab Shivdasani, Shriya Saran",2004
Silence Please...The Dressing Room,Sanjay Srinivas,"Salil Ankola, Sonali Kulkarni, Tom Alter",2004
Stop!,Ajai Sinha,"Gauri Karnik, Ishitta Arun, Rocky Bhatia, Tejaswini Kolhapure, Kiran Jhanjhani, Harsh Chhaya, Ali Asgar, Dia Mirza",2004
Suno Sasurjee,Vimal Kumar,"Aftab, Ameesha Patel",2004
Taarzan: The Wonder Car,Abbas Mustan,"Vatsal Seth, Ayesha Takia, Pankaj Dheer, Ajay Devgn",2004
Tauba Tauba,T L V Prasad,"Payal Rohatgi, Antara Biswas, Amin Gazi",2004
Thoda Tum Badlo Thoda Hum,Esmayeel Shroff,"Arya Babbar, Shriya Saran, Ashok Saraf",2004
Tumsa Nahin Dekha: A Love Story,Anurag Basu,"Emraan Hashmi, Diya Mirza",2004
Uuf Kya Jaadoo Mohabbat Hai,Manoj J. Bhatia,"Sammir Dattani, Pooja Kanwal, Sandhya Mridul, Akshay Anand",2004
Vaastu Shastra,Saurab Narang,"J. D. Chakravarthy, Ahsaas Channa, Vicky Ahuja, Sushmita Sen",2004
Wajahh: A Reason to Kill,Gautama Adhikari,"Arbaaz Khan, Shamita Shetty, Gracy Singh",2004
Woh,Raj N. Sippy,"Priyanshu Chatterjee, Cleo Issacs, Shahbaz Khan",2004
"Yeh Lamhe Judaai Ke (Delayed film, originally produced in 1994)",Birendra Nath Tiwary,"Shahrukh Khan, Raveena Tandon, Mohnish Bahl, Rashmi Desai, Amit Kumar, Navneet Nishan",2004
Yuva,Mani Ratnam,"Ajay Devgn, Abhishek Bachchan, Vivek Oberoi, Rani Mukherji, Kareena Kapoor, Esha Deol",2004
No Entry,,,2005
Bunty Aur Babli,,,2005
Salaam Namaste,,,2005
Black,,,2005
Garam Masala,,,2005
Mangal Pandey: The Rising,,,2005
Maine Pyaar Kyun Kiya?,,,2005
Waqt: The Race Against Time,,,2005
Sarkar,,,2005
Dus,,,2005
Rog,Himanshu Brahmbhatt,"Irrfan Khan, Himanshu Malik, Ilene Hamann",2005
Vaada,Satish Kaushik,"Arjun Rampal, Ameesha Patel, Zayed Khan",2005
Elaan,Vikram Bhatt,"Arjun Rampal, Ameesha Patel, Mithun Chakraborty, John Abraham, Lara Dutta",2005
Insan,K. Subash,"Akshay Kumar, Ajay Devgn, Lara Dutta, Esha Deol, Tusshar Kapoor, Koena Mitra, Rahul Dev",2005
Kisna: The Warrior Poet,Subhash Ghai,"Vivek Oberoi, Isha Sharvani, Ronit Roy, Amrish Puri, Sushmita Sen, Rajat Kapoor",2005
Page 3,Madhur Bhandarkar,"Konkona Sen Sharma, Atul Kulkarni, Tara Sharma, Sandhya Mridul",2005
Blackmail,Anil Devgan,"Suniel Shetty, Ajay Devgn, Priyanka Chopra, Dia Mirza",2005
Padmashree Laloo Prasad Yadav,Mahesh Manjrekar,"Sunil Shetty, Mahesh Manjrekar, Kim Sharma, Gulshan Grover, Johnny Lever",2005
Bullet: Ek Dhamaka,Irfan Khan,"Iqbal Khan, Asseem Merchant, Asad Sikandar, Saadhika",2005
Shabd,Leena Yadav,"Sanjay Dutt, Aishwarya Rai, Zayed Khan",2005
Tezaab – The Acid of Love,Shakeel Noorani,"Mighty Khan, Parvin Dabas, Shruti Sharma",2005
Chaahat – Ek Nasha,Jai Prakash,"Manisha Koirala, Aryan Vaid, Preeti Jhangiani",2005
Hum Dum,Kushan Nandy,"Anjana Sukhani, Romit Raj, Ranvir Shorey",2005
Sheesha,Ashu Trikha,"Neha Dhupia, Sonu Sood",2005
Chehraa,Saurabh Shukla,"Bipasha Basu, Dino Morea, Preeti Jhangiani, Irrfan Khan",2005
Jurm,Vikram Bhatt,"Bobby Deol, Milind Soman, Lara Dutta",2005
Bewafaa,Dharmesh Darshan,"Akshay Kumar, Sushmita Sen, Kareena Kapoor, Shamita Shetty, Anil Kapoor, Manoj Bajpai",2005
Fun – Can Be Dangerous Sometimes,Sunjay Zaveri,"Aryan Vaid, Hina Rehman, Siddharth Koirala, Payal Rohatgi",2005
Nigehbaan: The Third Eye,Dilip Shankar,"Sameer Dharmadhikari, Sandali Sinha, Sayaji Shinde, Govind Namdev",2005
Chand Sa Roshan Chehra,Shabah Shamsi,"Samir Aftab, Tamanna Bhatia, Talat Aziz, Kiran Kumar",2005
Socha Na Tha,Imtiaz Ali,"Ayesha Takia, Abhay Deol, Ayesha Jhulka",2005
Zameer: The Fire Within,Kamal,"Ajay Devgn, Ameesha Patel, Mahima Chaudhry",2005
Karam,Sanjay F. Gupta,"John Abraham, Priyanka Chopra, Murli Sharma, Shiney Ahuja",2005
Classic – Dance of Love,Babbar Subhash,"Mithun Chakraborty, Meghna Naidu, Vikas Bhardwaj",2005
My Brother... Nikhil,Onir,"Purab Kohli, Juhi Chawla, Sanjay Suri",2005
Tango Charlie,Mani Shankar,"Ajay Devgn, Bobby Deol, Tanisha, Nandana Sen, Sanjay Dutt, Sunil Shetty",2005
Zeher,Mohit Suri,"Shamita Shetty, Emraan Hashmi, Udita Goswami",2005
Jackpot,Samit Baadkar,"Meghna Naidu, Himanshu Malik",2005
Lucky: No Time for Love,Radhika Rao Vinay Sapru,"Salman Khan, Mithun Chakraborty, Sneha Ullal",2005
Naam Gum Jaayega,Amol Shetge,"Aryan Vaid, Rakesh Bapat, Dia Mirza, Divya Dutta",2005
Hazaaron Khwaishein Aisi,Sudhir Mishra,"Shiney Ahuja, Chitrangada Singh, Saurabh Shukla, Kay Kay Menon, Ram Kapoor, Gajraj Rao, Arif Zakaria, Yusuf Hussain",2005
Khamoshh... Khauff Ki Raat,Deepak Tijori,"Shilpa Shetty, Juhi Chawla",2005
Kuchh Meetha Ho Jaye,Samar Khan,"Arshad Warsi, Mahima Chaudhry, Shah Rukh Khan, Ashwin Mushran, Parvin Dabas, Sandhya Mridul",2005
Mumbai Xpress,Singeetam Srinivasa Rao,"Kamal Haasan, Manisha Koirala, Om Puri, Vijay Raaz",2005
Dreams,Ashish Chanana,"Aashish Chanana, Neha Pendse, Arzoo Govitrikar, Manoj Bidwani",2005
Khullam Khulla Pyaar Karen,Harmesh Malhotra,"Govinda, Preity Zinta",2005
Kaal,Soham Shah,"Ajay Devgn, John Abraham, Vivek Oberoi, Lara Dutta, Vishal Malhotra, Esha Deol, Shahrukh Khan, Kushal Punjabi, Malaika Arora, Parmeet Sethi",2005
Revati,Farogh Siddique,"Kashmera Shah, Kiran, Ayub Khan, Shreyas Talpade, Alok Nath",2005
Kyaa Kool Hai Hum,Sangeeth Sivan,"Tusshar Kapoor, Riteish Deshmukh, Isha Koppikar, Neha Dhupia, Rajpal Yadav, Anupam Kher",2005
Main Aisa Hi Hoon,Harry Baweja,"Ajay Devgn, Sushmita Sen, Esha Deol",2005
Jo Bole So Nihaal,Rahul Rawail,"Sunny Deol, Thomas Tevana, Kamaal Khan, Shillpi Sharma",2005
Naina,Shripal Morakhia,"Anuj Sawhney, Urmila Matondkar, Dinesh Lamba",2005
Shabnam Mausi,,Ashutosh Rana,2005
D,Ram Gopal Varma,"Randeep Hooda, Chunky Pandey, Isha Koppikar",2005
Koi Mere Dil Mein Hai,Deepak Ramsay,"Priyanshu Chatterjee, Dia Mirza, Rakesh Bapat, Neha",2005
Time Pass,,"Arjun Punj, Sherlyn Chopra",2005
Parineeta,Pradeep Sarkar,"Sanjay Dutt, Saif Ali Khan, Vidya Balan, Dia Mirza, Raima Sen",2005
99.9 FM,Sanjay Bhatia,"Shawar Ali, Raima Sen, Dipannita Sharma",2005
Bachke Rehna Re Baba,Govind Menon,"Rekha, Mallika Sherawat, Paresh Rawal, Karan Khanna, Satish Shah",2005
Silsiilay,Khalid Mohamed,"Tabu, Bhumika Chawla, Riya Sen, Rahul Bose, Jimmy Shergill, Divya Dutta, Kay Kay Menon, Celina Jaitly, Natassha, Ashmit Patel",2005
Ssukh,Kirti Ahuja,"Govinda, Preeti Jhangiani",2005
Chetna: The Excitement,Partho Ghosh,"Jatin Grewal, Payal Rohatgi, Navneet Kaur",2005
Pehchaan: The Face of Truth,Shrabani Deodhar,"Vinod Khanna, Raveena Tandon, Rati Agnihotri",2005
Paheli,Amol Palekar,"Shah Rukh Khan, Rani Mukerji, Anupam Kher, Juhi Chawla, Sunil Shetty, Amitabh Bachchan, Rajpal Yadav, Naseeruddin Shah, Ratna Pathak Shah",2005
Amavas,Sidharth Srinivasan,"Konkona Sen Sharma, Victor Banerjee",2005
Yakeen,Girish Dhamija,"Arjun Rampal, Priyanka Chopra, Anang Desai, Ankur Nayyar, Kim Sharma",2005
Fareb,Deepak Tijori,"Shilpa Shetty, Manoj Bajpai, Shamita Shetty",2005
Double Cross - Ek Dhoka,Vicky Tejwani,"Sahil Khan, Negar Khan, Ayesha Jhulka",2005
Mashooka,Afzal Ahmed,"Aditya Bal, Meghna Naidu",2005
Mazaa Mazaa,T. L. V. Prasad,"Payal Rohatgi, Farid Amiri, Shivani Singh, Pankaj Beri",2005
Hum Tum Aur Mom,Ashok Nanda,"Mohnish Bahl, Sonali Goswami, Mushtaq Khan, Tiku Talsania, Reema Lagoo, Krishna Abhishek",2005
Kasak,Rajiv Babbar,"Lucky Ali, Meera",2005
Viruddh... Family Comes First,Mahesh Manjrekar,"Amitabh Bachchan, Sharmila Tagore, Prem Chopra, John Abraham, Anusha Dandekar, Sanjay Dutt, Tanvi Hegde, Tom Alter",2005
7½ Phere,Ishaan Trvedi,"Manoj Pahwa, Juhi Chawla, Irrfan Khan, Chahat Khanna, Anang Desai",2005
Sehar,Kabeer Kaushik,"Arshad Warsi, Mahima Chaudhry, Rajendra Gupta, Sushant Singh, Suhasini Mulay, Naved Aslam",2005
Yahaan,Shoojit Sircar,"Jimmy Shergill, Minissha Lamba",2005
Film Star,Tanuja Chandra,"Mahima Chaudhry, Priyanshu Chatterjee, Vasundhara Das Anup Shukla",2005
White Rainbow,Dharan Mandrayar,"Sonali Kulkarni, Amardeep Jha, Shameen Shaikh, Amruta Subhash",2005
Barsaat,Suneel Darshan,"Bobby Deol, Bipasha Basu, Priyanka Chopra, Shakti Kapoor",2005
My Wife's Murder,Jijy Philip,"Anil Kapoor, Suchitra Krishnamoorthi, Nandana Sen, Boman Irani",2005
Bhagmati,Ashok Kaul,"Milind Soman, Mahima Chaudhry, Tabu, Ashok Kaul",2005
Iqbal,Nagesh Kukunoor,"Shreyas Talpade, Naseeruddin Shah",2005
Aashiq Banaya Aapne,Aditya Datt,"Emraan Hashmi, Tanushree Dutta, Navin Nischol, Sonu Sood",2005
Dansh,Kanika Verma,"Kay Kay Menon, Sonali Kulkarni",2005
Pyaar Mein Twist,Hriday Shetty,"Rishi Kapoor, Dimple Kapadia, Vikas Bhalla, Sameer Dattani, Soha Ali Khan",2005
Ramji Londonwale,Sanjay Dayma,"Madhavan, Samita Bangargi",2005
Jalwa - Fun in Love,Rajiv S. Ruia,"Kiran Janjani, Monalisa, Viraaj, Neha Bhatt",2005
Topless,,"Shweta Menon, Tarun Khanna, Sardar Sohi",2005
Water,Deepa Mehta,"Seema Biswas, Lisa Ray, John Abraham, Sarala Kariyawasam, Manorama",2005
Chocolate,Vivek Agnihotri,"Anil Kapoor, Sunil Shetty, Irrfan Khan, Emraan Hashmi, Arshad Warsi, Tanushree Dutta, Sushama Reddy, Murali Sharma",2005
James,Rohit Jugraj,"Mohit Ahlawat, Nisha Kothari, Zakir Hussain, Mohan Agashe, Rajpal Yadav, Riya Sen",2005
Sau Jhooth Ek Sach,Bappaditya Roy,"Mammootty, Vikram Gokhale",2005
Mumbai Godfather,Deepak Balraj Vij,"Seema Biswas, Vikram Singh",2005
Dil Jo Bhi Kahey...,Romesh Sharma,"Amitabh Bachchan, Bhumika Chawla, Karan Sharma, Revathi",2005
Maine Gandhi Ko Nahin Mara,Jahnu Barua,"Prem Chopra, Urmila Matondkar, Anupam Kher, Parvin Dabas, Rajit Kapur, Waheeda Rehman",2005
Sauda - The Deal,Jay Prakash,"Aryan Vaid, Preeti Jhangiani",2005
"Main, Meri Patni Aur Woh",Chandan Arora,"Rajpal Yadav, Rituparna Sen",2005
Saathi: The Companion,Faaiz Anwar,"Rupa Dutta, Divvij Kak, Anchal Anand, Sameer Ali Khan",2005
Koi Aap Sa,Partho Mitra,"Aftab Shivdasani, Natassha, Himanshu Malik",2005
Hanuman,V. G. Samant,,2005
"U, Bomsi n Me",Jairaj Padmanabhan,"Gautam Rode, Sonal Sehgal, Vivek Madan, Vidya Malvade",2005
Kyon Ki,Priyadarshan,"Salman Khan, Kareena Kapoor, Jackie Shroff, Suniel Shetty",2005
Shaadi No. 1,David Dhawan,"Fardeen Khan, Zayed Khan, Sharman Joshi, Esha Deol, Ayesha Takia, Soha Ali Khan, Sanjay Dutt, Rajpal Yadav, Riya Sen, Sophie Choudry, Aarti Chhabria",2005
Ek Khiladi Ek Haseena,Suparn Verma,"Sharad Kapoor, Rakhi Sawant, Fardeen Khan, Feroz Khan, Koena Mitra, Murali Sharma, Kay Kay Menon, Gulshan Grover, Rohit Roy, Mukul Dev, Kurush Deboo",2005
Sitam,,"Kiran Janjani, Tara Sharma, Navneet Kaur, Avtar Gill, Suhasini Mulay",2005
Taj Mahal: An Eternal Love Story,Akbar Khan,"Arbaaz Khan, Kabir Bedi, Manisha Koirala, Pooja Batra",2005
Deewane Huye Paagal,Vikram Bhatt,"Akshay Kumar, Shahid Kapoor, Sunil Shetty, Paresh Rawal, Rimi Sen, Vijay Raaz, Johnny Lever, Asrani, Aftab Shivdasani, Vivek Oberoi, Baljeet Singh, Om Puri, Supriya Pilgaonkar, Suresh Menon",2005
The Film,Junaid Memon,"Mahima Chaudhry, Khalid Siddiqui, Ananya Khare, Chahat Khanna, Ravi Gossain, Vaibhav Jhalani, Vivek Madan",2005
Apaharan,Prakash Jha,"Ajay Devgn, Bipasha Basu, Nana Patekar, Murli Sharma, Ayub Khan, Mrinalini Sharma, Pankaj Tripathi, Mukesh Tiwari",2005
Home Delivery,Sujoy Ghosh,"Vivek Oberoi, Mahima Chaudhry, Karan Johar, Ayesha Takia, Sanjay Suri, Juhi Chawla, Boman Irani, Sunil Shetty",2005
Mr Ya Miss,Antara Mali,"Rushad Rana, Antara Mali, Aftab Shivdasani, Riteish Deshmukh",2005
Ek Ajnabee,Apoorva Lakhia,"Amitabh Bachchan, Arjun Rampal, Perizaad Zorabian, Vikram Chatwal, Abhishek Bachchan, Akhilendra Mishra",2005
Kalyug,Mohit Suri,"Kunal Khemu, Amrita Singh, Emraan Hashmi, Deepal Shaw, Smilie Suri, Ashutosh Rana, Atul Parchure, Sheena Bajaj",2005
Neal 'n' Nikki,Arjun Sablok,"Uday Chopra, Tanisha, Abhishek Bachchan, Gaurav Gera, Richa Pallod",2005
Bluffmaster!,Rohan Sippy,"Abhishek Bachchan, Priyanka Chopra, Mahesh Thakur, Nana Patekar, Riteish Deshmukh, Boman Irani, Tinnu Anand, Sanjay Mishra",2005
Dosti: Friends Forever,Suneel Darshan,"Akshay Kumar, Bobby Deol, Lara Dutta, Kareena Kapoor, Juhi Chawla, Shakti Kapoor, Lillete Dubey, Aman Verma, Sherlyn Chopra, Karishma Tanna, Kiran Kumar",2005
Vaah! Life Ho Toh Aisi!,Mahesh Manjrekar,"Sanjay Dutt, Shahid Kapoor, Amrita Rao, Arshad Warsi, Mohnish Bahl, Radhika Apte, Rajat Bedi, Upasna Singh",2005
Anjaane,Harry W. Fernandes,"Manisha Koirala, Sanjay Kapoor",2005
Mr Prime Minister,Dev Anand,"Dev Anand, Prem Chopra, Milind Gunaji, A.K. Hangal",2005
Shikhar,John Matthew Matthan,"Ajay Devgn, Bipasha Basu, Shahid Kapoor, Javed Sheikh, Amrita Rao, John Abraham",2005
Dhoom 2,,,2006
Krrish,,,2006
Lage Raho Munna Bhai,,,2006
Kabhi Alvida Naa Kehna,,,2006
Don: The Chase Begins Again,,,2006
Fanaa,,,2006
Rang De Basanti,,,2006
Phir Hera Pheri,,,2006
Bhagam Bhag,,,2006
Vivah,,,2006
Kudiyon Ka Hai Zamana,Amar Butala,"Rekha, Mahima Chaudhry, Vasundhara Das, Kim Sharma, Ashmit Patel",2006
Devaki,Bappaditya Bandopadhyay,"Ram Kapur, Perizaad Zorabian, Suman Ranganathan",2006
Jawani Diwani: A Youthful Joyride,Manish Sharma,"Emraan Hashmi, Hrishita Bhatt, Celina Jaitley, Sherlyn Chopra",2006
Zinda,Sanjay Gupta,"Sanjay Dutt, John Abraham, Lara Dutta, Celina Jaitley, Mahesh Manjrekar, Rajendranath Zutshi, Alisha Baig, Gaurav Chanana",2006
Aksar,Anant Mahadevan,"Emraan Hashmi, Dino Morea, Udita Goswami, Tara Sharma, Rajat Bedi",2006
Mere Jeevan Saathi,Suneel Darshan,"Akshay Kumar, Karisma Kapoor, Amisha Patel",2006
Aisa Kyon Hota Hai?,Ajay Kanchan,"Aryan Vaid, Rati Agnihotri, Johnny Lever",2006
Holiday,Pooja Bhatt,"Dino Morea, Onjolee Nair, Kashmera Shah",2006
Chingaari,Kalpana Lajmi,"Sushmita Sen, Mithun Chakraborty, Anuj Sawhney, Sanjay Suri",2006
Fight Club: Members Only,Vikram Chopra,"Sunil Shetty, Riteish Deshmukh, Zayed Khan, Sohail Khan, Aashish Chaudhary, Yash Tonk, Ashmit Patel, Rahul Dev, Dino Morea, Diya Mirza, Neha Dhupia, Amrita Arora, Murali Sharma",2006
Rafta Rafta – The Speed,Raj Sharma,"Sameer Dharmadhikari, Viraaj Kumar, Urmila Rao, Monica Castelino",2006
Humko Tumse Pyaar Hai,Vikram Bhatt,"Bobby Deol, Arjun Rampal, Amisha Patel",2006
Taxi No. 9211,Milan Luthria,"John Abraham, Nana Patekar, Sameera Reddy, Sonali Kulkarni",2006
Teesri Aankh: The Hidden Camera,Harry Baweja,"Sunny Deol, Amisha Patel, Murli Sharma, Neha Dhupia, Mukesh Rishi",2006
Jigyaasa,Faisal Saif,"Hrishita Bhatt, Varsha Usgaonkar, Mukesh Tiwari, Milind Gunaji, Jaya Bhattacharya, Kader Khan",2006
Malamaal Weekly,Priyadarshan,"Paresh Rawal, Om Puri, Ritesh Deshmukh, Reema Sen, Arbaaz Khan, Shakti Kapoor, Asrani",2006
Umar,Karan Razdan,"Jimmy Sheirgill, Shenaz Treasurywala, Kader Khan",2006
Being Cyrus,Homi Adajania,"Saif Ali Khan, Dimple Kapadia, Boman Irani, Naseeruddin Shah, Simone Singh",2006
Souten: The Other Woman,Karan Razdan,"Gulshan Grover, Mahima Chaudhry",2006
Chand Ke Paar Chalo,Mustafa Engineer,"Preeti Jhangiani, Sanjay Narvekar",2006
Banaras,Pankaj Parashar,"Urmila Matondkar, Dimple Kapadia, Ashmit Patel, Naseeruddin Shah, Raj Babbar",2006
Saawan... The Love Season,Saawan Kumar Tak,"Salman Khan, Saloni Aswani, Kapil Jhaveri, Johnny Lever",2006
Shaadi Se Pehle,Satish Kaushik,"Akshaye Khanna, Ayesha Takia, Mallika Sherawat, Sunil Shetty, Aftab Shivdasani, Anupam Kher",2006
Eight: The Power of Shani,Karan Razdan,"Raj Tara, Gulshan Grover",2006
Humko Deewana Kar Gaye,Raj Kanwar,"Akshay Kumar, Anil Kapoor, Katrina Kaif, Bipasha Basu, Bhagyashree, Vivek Shauq",2006
Pyare Mohan,Indra Kumar,"Vivek Oberoi, Fardeen Khan, Esha Deol, Amrita Rao, Boman Irani",2006
Darna Zaroori Hai,Ram Gopal Varma,"Amitabh Bachchan, Anil Kapoor, Sunil Shetty, Bipasha Basu, Arjun Rampal, Riteish Deshmukh, Mallika Sherawat, Randeep Hooda, Rajpal Yadav, Sonali Kulkarni, Nisha Kothari",2006
Gangster: A Love Story,Anurag Basu,"Emraan Hashmi, Kangana Ranaut, Shiney Ahuja, Gulshan Grover",2006
36 China Town,Abbas–Mustan,"Shahid Kapoor, Kareena Kapoor, Priyanka Chopra, Tanushree Dutta, Akshaye Khanna, Isha Koppikar, Upen Patel, Johny Lever, Paresh Rawal, Payal Rohatgi",2006
Tathastu,Anubhav Sinha,"Sanjay Dutt, Amisha Patel, Anup Soni, Gulshan Grover, Darshan Jariwala",2006
"Tom, Dick, and Harry",Deepak Tijori,"Jimmy Sheirgill, Dino Morea, Anuj Sawhney Celina Jaitley, Kim Sharma",2006
Aatma,Deepak Ramsay,"Kapil Jhaveri, Neha",2006
Ankahee,Vikram Bhatt,"Aftab Shivdasani, Amisha Patel, Vikas Bhalla, Esha Deol, Hrishita Bhatt, Ashwini Kalsekar",2006
Jaadu Sa Chal Gaya,Dev Basu,"Raqesh Bapat, Sudhanshu Pandey, Meera Vasudevan",2006
Love Ke Chakkar Mein,B. H. Tharunkumar,"Akshat Bhatia, Rishi Kapoor, Namitha, Satish Shah",2006
Sacred Evil – A True Story,Abhigyan Jha,Sarika,2006
Chup Chup Ke,Priyadarshan,"Shahid Kapoor, Kareena Kapoor, Neha Dhupia, Sunil Shetty, Paresh Rawal, Rajpal Yadav, Shakti Kapoor, Om Puri, Anupam Kher",2006
Alag,Ashu Trikha,"Yatin Karyekar, Dia Mirza, Shah Rukh Khan, Mukesh Tiwari, Arjun Rampal, Akshay Kapoor, Karan Johar, Sushmita Sen",2006
Corporate,Madhur Bhandarkar,"Bipasha Basu, Kay Kay Menon, Minissha Lamba, Payal Rohatgi",2006
Golmaal: Fun Unlimited,Rohit Shetty,"Ajay Devgn, Arshad Warsi, Sharman Joshi, Tusshar Kapoor, Paresh Rawal, Rimi Sen, Sushmita Mukherjee",2006
The Killer,Hasnain Hyderabadwala,"Irrfan Khan, Emraan Hashmi, Nisha Kothari",2006
The Real Dream Girls,Suresh Jain,"Gulshan Rana, Tanveer Hashmi, Karishma, Dipti Verma",2006
Yun Hota Toh Kya Hota,Nasseruddin Shah,"Ayesha Takia, Konkona Sen Sharma, Paresh Rawal",2006
Omkara,Vishal Bhardwaj,"Ajay Devgn, Kareena Kapoor, Saif Ali Khan, Konkona Sen Sharma, Vivek Oberoi, Bipasha Basu",2006
Anthony Kaun Hai?,Raj Kaushal,"Sanjay Dutt, Arshad Warsi, Minissha Lamba, Anusha Dhandekar, Gulshan Grover",2006
Darwaaza Bandh Rakho,J. D. Chakravarthy,"Aftab Shivdasani, Manisha Koirala, Gulshan Grover, Snehal Dabi, Chunky Pandey",2006
Shaadi Karke Phas Gaya Yaar,K. S. Adiyaman,"Salman Khan, Shilpa Shetty, Mohnish Bahl, Shakti Kapoor, Supriya Karnik, Reema Lagoo",2006
Ahista Ahista,Shivam Nair,"Abhay Deol, Soha Ali Khan, Shayan Munshi, Brijendra Kala, Richa Chadda, Shakeel Khan",2006
Aap Ki Khatir,Dharmesh Darshan,"Sunil Shetty, Akshaye Khanna, Dino Morea, Anupam Kher, Sharat Saxena, Lillete Dubey, Amisha Patel, Priyanka Chopra",2006
Sandwich,Anees Bazmee,"Govinda, Raveena Tandon, Mahima Chaudhry",2006
Jaane Hoga Kya,"Glen Barretto, Ankush Mohla","Aftab Shivdasani, Bipasha Basu, Preeti Jhangiani, Paresh Rawal, Rahul Dev",2006
Dil Diya Hai,Aaditya Datt,"Emraan Hashmi, Kitu Gidwani, Ranjeet, Ashmit Patel, Geeta Basra, Mithun Chakraborty",2006
Naksha,Sachin Bajaj,"Sunny Deol, Vivek Oberoi, Sameera Reddy, Jackie Shroff",2006
Bas Ek Pal,Onir,"Juhi Chawla, Urmila Matondkar, Jimmy Sheirgill, Sanjay Suri",2006
Pyaar Ke Side Effects,Saket Chaudhary,"Rahul Bose, Mallika Sherawat, Jas Arora, Ranvir Shorey, Aamir Bashir",2006
Shiva,Ram Gopal Varma,"Mohit Ahlawat, Nisha Kothari",2006
Dor,Nagesh Kukunoor,"Ayesha Takia, Gul Panag, Shreyas Talpade, Vishal Malhotra",2006
Khosla Ka Ghosla,Dibakar Banerjee,"Anupam Kher, Boman Irani, Parvin Dabas, Nitesh Pandey, Kiran Juneja, Tara Sharma, Ranvir Shorey, Danish Aslam, Vinay Pathak",2006
Rocky,Suresh Krishna,"Zayed Khan, Minissha Lamba, Rajat Bedi, Isha Sharvani",2006
Krishna,Amar Khan,"Sonu Nigam, Sunidhi Chauhan",2006
Woh Lamhe...,Mohit Suri,"Kangana Ranaut, Shiney Ahuja, Purab Kohli",2006
Bhoot Unkle,Mukesh Saigal,"Jackie Shroff, Sheena Bajaj",2006
Jaana - Let's Fall In Love,"Glen Barretto, Ankush Mohla","Rajesh Khanna, Zeenat Aman, Rehan Khan, Anjana Sukhani, Rajeev Verma",2006
Iqraar by Chance,K. Ravi Shankar,"Shilpa Anand, Amarjeet Shukla, Rahul Dev, Arbaaz Khan",2006
Zindaggi Rocks,Tanuja Chandra,"Sushmita Sen, Shiney Ahuja",2006
Utthaan,Ujjhal Chatterjee,"Priyanshu Chatterjee, Neha Dhupia, Sudesh Berry",2006
Jaan-E-Mann,Shirish Kunder,"Salman Khan, Akshay Kumar, Preity Zinta",2006
Umrao Jaan,J. P. Dutta,"Aishwarya Rai, Abhishek Bachchan, Shabana Azmi, Sunil Shetty, Divya Dutta",2006
Apna Sapna Money Money,Sangeeth Sivan,"Sunil Shetty, Riteish Deshmukh, Shreyas Talpade, Celina Jaitley, Anupam Kher, Koena Mitra, Jackie Shroff, Riya Sen, Chunky Pandey, Rajpal Yadav",2006
Deadline: Sirf 24 Ghante,Tanveer Khan,"Irrfan Khan, Konkona Sen Sharma, Rajeev Verma",2006
Unns...Means Love,Bhupender Gupta,"Juhi Babbar, Chitrapama Banerjee, Sanjay Kapoor",2006
Sarhad Paar,Raman Kumar,"Sanjay Dutt, Tabu, Mahima Chaudhry, Rahul Dev",2006
Baabul,Ravi Chopra,"Amitabh Bachchan, Hema Malini, Salman Khan, Rani Mukherji, John Abraham",2006
Aryan,Abhishek Kapoor,"Sohail Khan, Sneha Ullal, Inder Kumar, Fardeen Khan, Ahsaas Channa, Satish Shah, Farida Jalal, Puneet Issar",2006
Kabul Express,Kabir Khan,"John Abraham, Linda Arsenio, Arshad Warsi",2006
I See You,Vivek Agrawal,"Arjun Rampal, Vipasha Agarwal, Sonali Kulkarni, Chunky Pandey, Boman Irani, Kirron Kher, Shahrukh Khan, Hrithik Roshan",2006
Om Shanti Om,Farah Khan,,2007
Welcome,Anees Bazmee,,2007
Chak De! India,Shimit Amin,,2007
Partner,David Dhawan,,2007
Taare Zameen Par,Aamir Khan,,2007
Heyy Babyy,Sajid Khan,,2007
Guru,Mani Ratnam,,2007
Bhool Bhulaiyaa,Priyadarshan,,2007
Namastey London,Vipul Amrutlal Shah,,2007
Ta Ra Rum Pum,Siddharth Anand,,2007
Anwar,Manish Jha,"Siddharth Koirala, Rajpal Yadav, Nauheed Cyrusi, Vijay Raaz, Manisha Koirala, Sudhir Pandey, Hiten Tejwani, Rasika Dugal",2007
Risk,Vishram Sawant,"Vinod Khanna, Randeep Hooda, Tanushree Dutta, Seema Biswas",2007
Salaam-e-Ishq: A Tribute to Love,Nikhil Advani,"Salman Khan, Akshaye Khanna, Priyanka Chopra, Anil Kapoor, Ayesha Takia, Juhi Chawla, Vidya Balan, John Abraham, Sohail Khan, Isha Koppikar, Govinda, Shannon Esra, Vishal Malhotra, Anjana Sukhani",2007
Traffic Signal,Madhur Bhandarkar,"Kunal Khemu, Neetu Chandra, Naseer Abdullah, Vinay Apte, Konkona Sen Sharma, Ranvir Shorey, Gopal K Singh",2007
Black Friday,Anurag Kashyap,"Kay Kay Menon, Pavan Malhotra, Aditya Srivastava, Imtiaz Ali, Pratima Kazmi, Zakir Hussain",2007
Eklavya: The Royal Guard,Vidhu Vinod Chopra,"Amitabh Bachchan, Sharmila Tagore, Sanjay Dutt, Saif Ali Khan, Vidya Balan, Jimmy Sheirgill, Jackie Shroff, Raima Sen",2007
Haseena,Vicky Ranawat,"Isha Koppikar, Raj Babbar, Kiran Janjani, Preeti Jhangiani",2007
Honeymoon Travels Pvt. Ltd.,Reema Kagti,"Shabana Azmi, Boman Irani, Amisha Patel, Sandhya Mridul, Diya Mirza, Minissha Lamba, Kay Kay Menon, Arjun Rampal, Ranvir Shorey, Raima Sen, Karan Khanna, Vikram Chatwal, Ayaz Khan, Abhay Deol",2007
Nehlle Pe Dehlla,Ajay Chandhok,"Sanjay Dutt, Saif Ali Khan, Bipasha Basu, Kim Sharma",2007
Nishabd,Ram Gopal Varma,"Amitabh Bachchan, Jiah Khan, Aftab Shivdasani, Revathi",2007
Water,Deepa Mehta,"Seema Biswas, Lisa Ray, John Abraham, Waheeda Rehman, Sarala Kariyawasam, Manorama, Raghubir Yadav, Vinay Pathak",2007
1971,Amrit Sagar,"Manoj Bajpai, Ravi Kishan, Manav Kaul, Bikramjeet Kanwarpal, Deepak Dobriyal, Piyush Mishra",2007
Red: The Dark Side,Vikram Bhatt,"Aftab Shivdasani, Amrita Arora, Celina Jaitly",2007
Hattrick,Milan Luthria,"Paresh Rawal, Rimi Sen, Kunal Kapoor, Nana Patekar, Danny Denzongpa, Asawari Joshi, John Abraham, Manoj Pahwa",2007
Just Married,Meghna Gulzar,"Fardeen Khan, Esha Deol, Eijaz Khan, Anupam Kher, Kirron Kher, Satish Shah",2007
My Bollywood Bride,Rajeev Virani,"Jason Lewis, Kashmera Shah, Sanjay Suri, Gulshan Grover",2007
The Namesake,Mira Nair,"Kal Penn, Tabu, Irrfan Khan, Sahira Nair",2007
Delhii Heights,Anand Kumar,"Jimmy Sheirgill, Neha Dhupia, R Madhavan, Rohit Roy, Simone Singh, Om Puri",2007
Say Salaam India,Subhash Kapoor,"Sanjay Suri, Sandhya Mridul, Aditya Seal, Milind Soman",2007
Shakalaka Boom Boom,Suneel Darshan,"Bobby Deol, Upen Patel, Kangana Ranaut, Celina Jaitly, Anupam Kher, Govind Namdev",2007
Big Brother,Guddu Dhanoa,"Sunny Deol, Priyanka Chopra, Danny Denzongpa, Raju Srivastava",2007
Bheja Fry,Sagar Ballary,"Vinay Pathak, Sarika, Ranvir Shorey, Rajat Kapoor, Milind Soman",2007
Life Mein Kabhie Kabhiee,Vikram Bhatt,"Dino Morea, Aftab Shivdasani, Anjori Alagh, Nauheed Cyrusi, Sameer Dattani, Anuj Sawhney",2007
Aur Pappu Paas Ho Gaya,S. Soni,"Krishna Abhishek, Kashmera Shah, Sikandar Kharbanda, Jackie Shroff",2007
Kya Love Story Hai,Lovely Singh,"Tusshar Kapoor, Ayesha Takia, Kareena Kapoor, Shahid Kapoor",2007
Yatra,Gautam Ghose,"Rekha, Nana Patekar, Deepti Naval",2007
"Good Boy, Bad Boy",Ashwini Chaudhary,"Emraan Hashmi, Tusshar Kapoor, Isha Sharvani, Tanushree Dutta, Paresh Rawal",2007
Life in a... Metro,Anurag Basu,"Dharmendra, Irrfan Khan, Kay Kay Menon, Sharman Joshi, Shiney Ahuja, Shilpa Shetty, Kangana Ranaut, Konkana Sen Sharma, Ashwin Mushran, Manoj Pahwa",2007
Ek Chalis Ki Last Local,Sanjay Khanduri,"Abhay Deol, Neha Dhupia, Deepak Shirke, Ashwin Mushran, Nawazuddin Siddiqui, Snehal Dabi, Ashok Samarth, Sunita Rajwar",2007
Raqeeb,Anurag Singh,"Rahul Khanna, Jimmy Sheirgill, Sharman Joshi, Tanushree Dutta",2007
Cheeni Kum,R. Balki,"Amitabh Bachchan, Tabu, Paresh Rawal, Zohra Sehgal",2007
Shootout at Lokhandwala,Apoorva Lakhia,"Amitabh Bachchan, Sanjay Dutt, Sunil Shetty, Vivek Oberoi, Tusshar Kapoor, Arbaaz Khan, Abhishek Bachchan, Neha Dhupia, Dia Mirza, Aarti Chabria, Amrita Singh, Rohit Roy",2007
Fool & Final,Ahmed Khan,"Arbaaz Khan, Sunny Deol, Shahid Kapoor, Vivek Oberoi, Ayesha Takia, Jackie Shroff, Paresh Rawal, Sameera Reddy, Gulshan Grover, Om Puri, Sharmila Tagore, Johnny Lever",2007
Dharm,Bhavna Talwar,"Pankaj Kapur, Hrishitaa Bhatt, Supriya Pathak",2007
MP3: Mera Pehla Pehla Pyaar,Robbie Grewal,"Ruslaan Mumtaz, Hazel Crowney, Gaurav Gera, Manoj Pahwa",2007
Red Swastik,Vinod Pande,"Sherlyn Chopra, Deepshika",2007
Swami,Ganesh Acharya,"Manoj Bajpai, Juhi Chawla",2007
The Train,"Hasnain Hyderabadwala, Raksha Mistry","Emraan Hashmi, Geeta Basra, Rajat Bedi, Sayali Bhagat, Suresh Menon",2007
Jhoom Barabar Jhoom,Shaad Ali,"Abhishek Bachchan, Preity Zinta, Bobby Deol, Lara Dutta, Amitabh Bachchan, Piyush Mishra",2007
Chain Kulii Ki Main Kulii,Karanjeet Saluja,"Zain Khan, Rahul Bose, Meera Vasudevan, Nassar Abdullah",2007
Aap Kaa Surroor,Prashant Chadha,"Himesh Reshammiya, Hansika Motwani, Mallika Sherawat, Darshan Jariwala, Raj Babbar",2007
Apne,Anil Sharma,"Dharmendra, Sunny Deol, Bobby Deol, Shilpa Shetty, Katrina Kaif, Divya Dutta, Kirron Kher, Kurush Deboo, Aryan Vaid, Victor Banerjee",2007
Awarapan,Mohit Suri,"Emraan Hashmi, Shriya Saran, Salil Acharya, Mrinalini Sharma, Ashish Vidyarthi, Ashutosh Rana, Purab Kohli, Rehan Khan",2007
Journey Bombay to Goa,Raj Pendurkar,"Sunil Pal, Raju Shrivastav, Asrani, Vijay Raaz, Tinu Anand, Ehsaan Qureshi, Aasif Sheikh",2007
My Friend Ganesha,Rajiv S Ruia,"Ahsaas Channa, Kiran Janjani, Shital Shah, Upasana Singh",2007
Jahan Jaaeyega Hamen Paaeyega,Janmendra Ahuja,"Govinda, Sakshi Sivanand, Krishna Abhishek, Vinay Anand, Sharat Saxena, Mukesh Rishi, Kader Khan, Raju Srivastav",2007
Naqaab,Abbas Mustan,"Bobby Deol, Akshaye Khanna, Urvashi Sharma, Vishal Malhotra, Vikas Kalantri",2007
Cash,Anubhav Sinha,"Ajay Devgn, Sunil Shetty, Zayed Khan, Riteish Deshmukh, Esha Deol, Shamita Shetty, Dia Mirza, Ayesha Takia",2007
"Gandhi, My Father",Feroz Abbas Khan,"Akshaye Khanna, Shefali Shah, Bhumika Chawla, Darshan Jariwala",2007
Kaafila,Ammtoje Mann,"Sunny Deol, Sara Loren, Chandan Anand, Sudesh Berry, Sana Nawaz",2007
Buddha Mar Gaya,Rahul Rawail,"Ranvir Shorey, Rakhi Sawant, Anupam Kher, Om Puri, Paresh Rawal",2007
Marigold,Willard Carroll,"Salman Khan, Ali Larter",2007
Aag,Ram Gopal Varma,"Amitabh Bachchan, Urmila Matondkar, Ajay Devgn, Sushmita Sen, Nisha Kothari, Mohanlal, Prashant Raj Sachdev, Rajpal Yadav",2007
Dhokha,Pooja Bhatt,"Muzammil Ibrahim, Tulip Joshi, Ashutosh Rana, Anupam Kher, Gulshan Grover, Aushima Sawhney",2007
Victoria No. 203,Anant Mahadevan,"Om Puri, Anupam Kher, Jimmy Sheirgill, Preeti Jhangiani, Kamal Sadanah, Javed Jaffrey, Johnny Lever",2007
Apna Asmaan,Kaushik Roy,"Irrfan Khan, Shobana, Nassar Abdullah, Anupam Kher, Rajat Kapoor",2007
Darling,Ram Gopal Verma,"Fardeen Khan, Isha Koppikar, Zakir Hussain, Esha Deol, Nisha Kothari",2007
Dhamaal,Indra Kumar,"Javed Jaffrey, Sanjay Dutt, Riteish Deshmukh, Arshad Warsi, Aashish Chaudhary, Manoj Pahwa, Murali Sharma, Asrani, Vijay Raaz, Kurush Deboo",2007
Aggar,Anant Mahadevan,"Shreyas Talpade, Tushar Kapoor, Udita Goswami, Vikas Kalantri, Suresh Menon",2007
Nanhe Jaisalmer,Samir Karnik,"Bobby Deol, Dwij Yadav, Katrina Kaif, Sharat Saxena",2007
Dhol,Priyadarshan,"Sharman Joshi, Tusshar Kapoor, Kunal Khemu, Rajpal Yadav, Tanushree Dutta, Murli Sharma, Om Puri, Arbaaz Khan",2007
Manorama Six Feet Under,Navdeep Singh,"Abhay Deol, Nawazuddin Siddiqui, Raima Sen, Gul Panag, Vinay Pathak",2007
Dil Dosti Etc,Manish Tiwary,"Shreyas Talpade, Nikita Anand, Imaad Shah, Smriti Mishra, Ishita Sharma",2007
Johnny Gaddaar,Sriram Raghavan,"Neil Nitin Mukesh, Dharmendra, Vinay Pathak, Zakir Hussain, Rimi Sen, Dayanand Shetty",2007
Chhodon Naa Yaar,Dillip Sood,"Jimmy Sheirgill, Kim Sharma, Kabir Sadanand",2007
Go,Manish Shrivastava,"Gautam Gupta, Nisha Kothari, Ravi Bhatia, Kay Kay Menon, Rajpal Yadav",2007
50 Lakh,Chandra Sekhar Yeleti,"Pawan Malhotra, Mohit Chadda, Shashank, Abhishek, Janardhan, and Sindhu Tolani",2007
Laaga Chunari Mein Daag,Pradeep Sarkar,"Jaya Bachchan, Rani Mukerji, Abhishek Bachchan, Konkona Sen Sharma, Kunal Kapoor, Anupam Kher",2007
Speed,Vikram Bhatt,"Sanjay Suri, Zayed Khan, Urmila Matondkar, Sophie Choudry, Aftab Shivdasani, Tanushree Dutta, Amrita Arora, Aashish Chaudhary",2007
Bal Ganesh,Pankaj Sharma,"Ashar Shaikh, Adarsh Gautam, Namrata Sawhney",2007
Jab We Met,Imtiaz Ali,"Shahid Kapoor, Kareena Kapoor, Tarun Arora, Saumya Tandon, Pawan Malhotra, Dara Singh",2007
Mumbai Salsa,Manoj Tyagi,"Vir Das, Linda Arsenio, Manjari Phadnis, Dilip Thadeshwar",2007
No Smoking,Anurag Kashyap,"John Abraham, Ayesha Takia, Paresh Rawal, Ranvir Shorey, Bipasha Basu",2007
Saawariya,Sanjay Leela Bhansali,"Ranbir Kapoor, Sonam Kapoor, Rani Mukerji, Salman Khan",2007
Goal,Vivek Agnihotri,"John Abraham, Bipasha Basu, Kushal Punjabi, Arshad Warsi, Boman Irani",2007
Aaja Nachle,Anil Mehta,"Madhuri Dixit, Akshaye Khanna, Vinay Pathak, Kunal Kapoor, Konkona Sen Sharma, Ranvir Shorey, Irrfan Khan, Jugal Hansraj",2007
Gauri: The Unborn,Akku Akbar,"Rituparna Sengupta, Atul Kulkarni",2007
Dus Kahaniyaan,"Sanjay Gupta, Apoorva Lakhia, Meghna Gulzar, Rohit Roy, Hansal Mehta, Jasmeet Dhodhi","Sanjay Dutt, Sunil Shetty, Arbaaz Khan, Nana Patekar, Dino Morea, Manoj Bajpai, Aftab Shivdasani, Diya Mirza, Amrita Singh, Neha Dhupia, Minissha Lamba, Tarina Patel, Naseeruddin Shah, Shabana Azmi, Anupam Kher, Natassha",2007
Khoya Khoya Chand,Sudhir Mishra,"Shiney Ahuja, Soha Ali Khan, Sushmita Mukherjee, Vinay Pathak, Rajat Kapoor, Sonya Jehan",2007
Strangers,Aanand L. Rai,"Jimmy Sheirgill, Kay Kay Menon, Nandana Sen, Sonali Kulkarni",2007
Return of Hanuman,Anurag Kashyap,"Pinky Rajput, Malak Shah, Suraj, Uday Sabnis, Dhananjai Shrestha, Ayesha Raza, Chetanya Adib, Rajeev Raj, Sudesh Bhosale, Rajendra Gupta",2007
Showbiz,Raju Khan,"Tushar Jalota, Mrinalini Sharma, Gulshan Grover, Delnaaz Irani, Sushant Singh",2007
Ghajini,,,2008
Rab Ne Bana Di Jodi,,,2008
Singh Is Kinng,,,2008
Jodhaa Akbar,,,2008
Race,,,2008
Golmaal Returns,,,2008
Dostana,,,2008
Bachna Ae Haseeno,,,2008
Bhoothnath,,,2008
Sarkar Raj,,,2008
Humne Jeena Seekh Liya,Milind Ukey,"Siddharth Chandekar, Mrunmayi Deshpande",2008
Halla Bol,Rajkumar Santoshi,"Ajay Devgn, Vidya Balan, Tushar Kapoor, Kareena Kapoor, Pankaj Kapur, Sana Khan, Jackie Shroff, Aarti Chabria",2008
My Name Is Anthony Gonsalves,Eeshwar Nivas,"Nikhil Dwivedi, Amrita Rao, Vishal O Sharma, Mithun Chakraborty, Lillete Dubey, Jawed Sheikh",2008
Bombay to Bangkok,Nagesh Kukunoor,"Shreyas Talpade, Lena Christensen, Naseeruddin Shah",2008
Tulsi,K. Ajay Kumar,"Irrfan Khan, Manisha Koirala, Arzoo Govitrikar",2008
Sunday,Rohit Shetty,"Ajay Devgn, Ayesha Takia, Arshad Warsi, Irrfan Khan, Tusshar Kapoor, Esha Deol, Murli Sharma, Anjana Sukhani",2008
Rama Rama Kya Hai Dramaa?,S. Chandrakaant,"Rajpal Yadav, Neha Dhupia, Ashish Chaudhary, Amrita Arora, Anupam Kher, Rati Agnihotri, Alan Kapoor",2008
Superstar,Rohit Jugraj,"Kunal Khemu, Tulip Joshi, Aman Verma, Aushima Sawhney, Reema Lagoo, Sharat Saxena",2008
Black & White,Subhash Ghai,"Anil Kapoor, Anurag Sinha, Shefali Shah, Aditi Sharma, Anurag Singh",2008
One Two Three,Ashwni Dhir,"Tusshar Kapoor, Paresh Rawal, Suniel Shetty, Esha Deol, Sameera Reddy, Upen Patel, Neetu Chandra, Tanishaa Mukerji, Murli Sharma, Ashwin Mushran",2008
Shaurya,Samar Khan,"Kay Kay Menon, Rahul Bose, Minissha Lamba, Shah Rukh Khan, Amrita Rao, Javed Jaffrey",2008
Bhram,Pavan Kaul,"Dino Morea, Deepshikha Nagpal, Milind Soman, Sheetal Menon, Karan Singh Grover, Chetan Hansraj",2008
Krazzy 4,Jaideep Sen,"Juhi Chawla, Arshad Warsi, Irrfan Khan, Suresh Menon, Rajpal Yadav, Dia Mirza, Mukesh Rishi, Rajat Kapoor",2008
U Me Aur Hum,Ajay Devgn,"Ajay Devgn, Kajol, Aditya Singh Rajput, Karan Khanna, Isha Sharvani, Hazel Crowney, Sumeet Raghavan, Divya Dutta",2008
Pehli Nazar Ka Pyaar,Arshad Khan,"Arbaaz Ali Khan, Vikas Anand, Rahul, Dinesh Hingoo, Tej Sapru",2008
Sirf,Rajaatesh Nayar,"Kay Kay Menon, Manisha Koirala, Ranvir Shorey, Parvin Dabas, Sonali Kulkarni",2008
Tashan,Vijay Krishna Acharya,"Akshay Kumar, Saif Ali Khan, Kareena Kapoor, Anil Kapoor, Manoj Pahwa, Rajesh Jais",2008
Mr. Black Mr. White,Deepak Shivdasani,"Sunil Shetty, Sandhya Mridul, Arshad Warsi, Sharat Saxena, Tania Zaetta, Rashmi Nigam",2008
Anamika,Anant Mahadevan,"Dino Morea, Minissha Lamba, Koena Mitra, Aarti Chabria, Gulshan Grover",2008
Jimmy,Raj N. Sippy,"Mimoh Chakraborty, Rati Agnihotri, Vikas Anand",2008
Jannat,Kunal Deshmukh,"Emraan Hashmi, Vishal Malhotra, Sonal Chauhan, Sameer Kochhar, Javed Shaikh",2008
Dhoom Dadakka,Shashi Ranjan,"Anupam Kher, Gulshan Grover, Satish Kaushik, Satish Shah",2008
Don Muthu Swami,Ashim Samanta,"Hrishita Bhatt, Mithun Chakraborty, Shakti Kapoor, Rohit Roy",2008
Ghatothkach,Singeetam Srinivasa Rao,,2008
Woodstock Villa,Hansal Mehta,"Sikandar Kher, Neha Oberoi, Gaurav Gera, Arbaaz Khan, Sanjay Dutt, Shakti Kapoor, Gulshan Grover, Sachin Khedekar, Boman Irani, Anupama Verma",2008
Aamir,Rajkumar Gupta,"Rajeev Khandelwal, Gajraj Rao, Rohitash Gaud, Sudipto Balav, Vikas Bahl, Uday Sabnis",2008
Mere Baap Pehle Aap,Priyadarshan,"Akshaye Khanna, Paresh Rawal, Genelia D'Souza, Arzoo Govitrikar, Om Puri, Rajpal Yadav",2008
Summer 2007,Suhail Tatari,"Sikandar Kher, Gul Panag, Neetu Chandra, Susan Brar, Uvika Choudhary",2008
De Taali,Eeshwar Nivas,"Riteish Deshmukh, Aftab Shivdasani, Ayesha Takia, Rimi Sen, Mukul Dev, Neha Dhupia, Anupam Kher, Anjana Sukhani",2008
Haal-e-Dil,Anil Devgan,"Ajay Devgn, Kajol, Naseer Abdullah, Amita Pathak, Mukesh Tiwari, Nakuul Mehta, Adhyayan Suman",2008
Thoda Pyaar Thoda Magic,Kunal Kohli,"Saif Ali Khan, Rani Mukerji, Sharat Saxena, Ameesha Patel, Rishi Kapoor",2008
Thodi Life Thoda Magic,Vinayak Rajesh,"Jackie Shroff, Anita Raj, Parmeet Sethi, Paresh Rawal, Arbaaz Khan",2008
Via Darjeeling,Arindam Nandy,"Kay Kay Menon, Sonali Kulkarni, Vinay Pathak, Sandhya Mridul, Rajat Kapoor",2008
Jaane Tu... Ya Jaane Na,Abbas Tyrewala,"Imran Khan, Genelia D'Souza, Prateik Babbar, Murali Sharma, Ratna Pathak, Shakun Batra, Ayaz Khan, Naseeruddin Shah, Paresh Rawal, Manjari Fadnis, Arbaaz Khan, Rajat Kapoor, Sugandha Garg, Sohail Khan",2008
Love Story 2050,Harry Baweja,"Dalip Tahil, Priyanka Chopra, Harman Baweja, Boman Irani",2008
Mehbooba,Afzal Khan,"Ajay Devgn, Manisha Koirala, Sanjay Dutt, Asrani, Kader Khan, Annu Kapoor",2008
Kismat Konnection,Aziz Mirza,"Shahid Kapoor, Vidya Balan, Shah Rukh Khan, Om Puri, Juhi Chawla, Amit Varma, Boman Irani, Karanvir Bohra, Hyder Ali, Vishal Malhotra, Himani Shivpuri",2008
Contract,Ram Gopal Varma,"Adhvik Mahajan, Sakshi Gulati, Kishor Kadam, Sumeet Nijhawan",2008
Mission Istaanbul,Apoorva Lakhia,"Vivek Oberoi, Shweta Bhardwaj, Abhishek Bachchan, Shriya Saran, Suniel Shetty, Zayed Khan, Nikitin Dheer, Shabbir Ahluwalia",2008
Money Hai Toh Honey Hai,Ganesh Acharya,"Govinda, Aftab Shivdasani, Upen Patel, Manoj Bajpayee, Hansika Motwani, Celina Jaitly, Kim Sharma, Priyanka Sharma",2008
Ugly Aur Pagli,Sachin Khot,"Ranvir Shorey, Mallika Sherawat, Vishal Malhotra, Payal Rohatgi, Tinnu Anand, Gaurav Kapur, Sapna Bhavnani, Zeenat Aman",2008
Good Luck!,Aditya Datt,"Aryeman, Sayali Bhagat, Ranvir Shorey, Lucky Ali, Archana Puran Singh, Mushtaq Khan, Nazneen Patel",2008
God Tussi Great Ho,Rumi Jaffery,"Sohail Khan, Salman Khan, Priyanka Chopra, Amitabh Bachchan, Dalip Tahil, Anupam Kher",2008
Phoonk,Ram Gopal Varma,"Amruta Khanvilkar, Ahsaas Channa, Kenny Desai, Ashwini Kalsekar",2008
Mumbai Meri Jaan,Nishikanth Kamat,"Kay Kay Menon, Soha Ali Khan, Nishikant Kamat, Paresh Rawal, R. Madhavan",2008
Maan Gaye Mughal-e-Azam,Sanjay Chhel,"Rahul Bose, Mallika Sherawat, Kay Kay Menon, Paresh Rawal",2008
Rock On!!,Abhishek Kapoor,"Arjun Rampal, Farhan Akhtar, Prachi Desai, Luke Kenny, Purab Kohli, Koel Purie, Shahana Goswami, Nicolette Bird",2008
C Kkompany,Sachin Yardi,"Tusshar Kapoor, Raima Sen, Karan Johar, Rajpal Yadav, Anupam Kher, Sanjay Dutt",2008
Chamku,Kabeer Kaushik,"Priyanka Chopra, Bobby Deol, Danny Denzongpa, Deepal Shaw, Irrfan Khan, Riteish Deshmukh, Rajpal Yadav",2008
Mukhbiir,Mani Shankar,"Jackie Shroff, Om Puri, Sunil Shetty, Rahul Dev, Sameer Dattani, Raima Sen, Sushant Singh",2008
A Wednesday!,Neeraj Pandey,"Naseeruddin Shah, Anupam Kher, Jimmy Sheirgill, Deepal Shaw",2008
Tahaan,Santosh Sivan,"Rahul Bose, Fatima Sana Shaikh, Rahul Khanna, Sarika, Anupam Kher",2008
Hijack,Kunal Shivdasani,"Shiney Ahuja, Esha Deol, KK Raina, Ishita Chauhan",2008
1920,Vikram Bhatt,"Rajneesh Duggal, Adah Sharma, Vipin Sharma, Indraneil Sengupta",2008
The Last Lear,Rituparno Ghosh,"Amitabh Bachchan, Preity Zinta, Arjun Rampal, Divya Dutta, Shefali Shah, Jisshu Sengupta",2008
Welcome to Sajjanpur,Shyam Benegal,"Shreyas Talpade, Amrita Rao, Kunal Kapoor, Ravi Kishan, Yashpal Sharma",2008
Saas Bahu Aur Sensex,Shona Urvashi,"Tanushree Dutta, Ankur Khanna, Kiron Kher, Farooq Sheikh",2008
Hari Puttar: A Comedy of Terrors,Lucky Kohli & Rajesh Bajaj,"Sarika, Zain Khan, Sweeny Khara, Aditya Kapadia, Saurabh Shukla, Vijay Raaz, Jackie Shroff, Lillete Dubey, Shamita Shetty",2008
Kidnap,Sanjay Gadhvi,"Sanjay Dutt, Minissha Lamba, Imran Khan, Vidya Malvade, Rahul Dev, Reema Lagoo, Ankita Makwana, Sophie Choudry, Raj Zutshi, Sonia Kapoor",2008
Drona,Goldie Behl,"Abhishek Bachchan, Priyanka Chopra, Kay Kay Menon, Ali Haji, Shahid Kapoor, Jaya Bachchan",2008
Hello,Atul Agnihotri,"Sharat Saxena, Arbaaz Khan, Katrina Kaif, Sohail Khan, Sharman Joshi, Amrita Arora, Gul Panag, Isha Koppikar, Salman Khan",2008
Karzzzz,Satish Kaushik,"Himesh Reshammiya, Benjamin Schoefer, Urmila Matondkar, Dino Morea, Gulshan Grover",2008
Heroes,Samir Karnik,"Salman Khan, Preity Zinta, Mithun Chakraborty, Bobby Deol, Sunny Deol, Sohail Khan, Vatsal Sheth, Amrita Arora, Dino Morea, Riya Sen",2008
Roadside Romeo,Jugal Hansraj,"Saif Ali Khan, Kareena Kapoor, Javed Jaffrey, Suresh Menon, Kiku Sharda",2008
Fashion,Madhur Bhandarkar,"Ranvir Shorey, Priyanka Chopra, Karan Johar, Kangana Ranaut, Arbaaz Khan, Mugdha Godse, Arjan Bajwa, Ashwin Mushran, Samir Soni, Konkona Sen Sharma, Rohit Roy, Raj Babbar, Harsh Chhaya, Kiran Juneja, Humayun Saeed, Zac Efron",2008
EMI - Liya Hai Toh Chukana Parega,Saurabh Kabra,"Sanjay Dutt, Arjun Rampal, Urmila Matondkar, Malaika Arora, Ashish Chaudhary, Neha Oberoi, Manoj Joshi",2008
Ek Vivaah... Aisa Bhi,Kaushik Ghatak,"Isha Koppikar, Sonu Sood, Vishal Malhotra, Alok Nath",2008
Dasvidaniya,Shashant Shah,"Vinay Pathak, Neha Dhupia, Rajat Kapoor, Ranvir Shorey",2008
Deshdrohi,Jagdish A. Sharma,"Kamaal Rashid Khan, Krishna Abhishek, Hrishitaa Bhatt, Gracy Singh, Zulfi Syed",2008
Yuvvraaj,Subhash Ghai,"Anil Kapoor, Amy Maghera, Salman Khan, Zayed Khan, Katrina Kaif, Boman Irani, Javed Sheikh, Mithun Chakraborty",2008
Gumnaam – The Mystery,Neeraj Pathak,"Mahima Chaudhry, Dino Morea, Suman Ranganathan, Irrfan Khan",2008
Oye Lucky! Lucky Oye!,Dibakar Banerjee,"Abhay Deol, Neetu Chandra, Paresh Rawal, Manu Rishi, Richa Chadda, Archana Puran Singh",2008
Sorry Bhai!,Onir,"Shabana Azmi, Boman Irani, Sanjay Suri, Sharman Joshi, Chitrangada Singh",2008
Maharathi,Shivam Nair,"Paresh Rawal, Naseeruddin Shah, Neha Dhupia, Om Puri, Boman Irani, Tara Sharma",2008
Dil Kabaddi,Anil Sharma (Senior),"Irrfan Khan, Rahul Bose, Rahul Khanna, Konkona Sen Sharma, Soha Ali Khan, Payal Rohatgi",2008
Meerabai Not Out,Chandrakant Kulkarni,"Mahesh Manjrekar, Mandira Bedi, Eijaz Khan, Anupam Kher",2008
"Oh, My God",Saurabh Shrivastava,"Vinay Pathak, Saurabh Shukla, Divya Dutta, Gaurav Gera, Harsh Chhaya",2008
Wafaa,Rakesh Sawant,"Rajesh Khanna, Laila Khan, Shahib Chopra, Diya Hayat, Tinnu Anand, Sudesh Berry",2008
Jumbo,Kompin Kemgumnird,"Akshay Kumar, Lara Dutta, Amar Babaria, Dimple Kapadia, Rajpal Yadav, Gulshan Grover",2008
3 Idiots,,,2009
Love Aaj Kal,,,2009
Ajab Prem Ki Ghazab Kahani,,,2009
Wanted,,,2009
Kambakkht Ishq,,,2009
De Dana Dan,,,2009
New York,,,2009
Kaminey,,,2009
Blue,,,2009
All the Best: Fun Begins,,,2009
Mumbai Chakachak,Sanjay Jha,"Rahul Bose, Ayesha Dharker, Mandira Bedi",2009
Horn 'Ok' Pleassss,Rakesh Sarang,"Nana Patekar, Rimi Sen, Muzamil Ibrahim",2009
Chandni Chowk to China,Nikkhil Advani,"Akshay Kumar, Deepika Padukone, KevJumba, Mithun Chakraborty, Ranvir Shorey",2009
Aasma: The Sky Is the Limit,Rohit Nayyar,"Hrishitaa Bhatt, Seema Biswas, Nauheed Cyrusi, Mansi Dovhal, Ravi Gossain",2009
Raaz: The Mystery Continues,Mohit Suri,"Emraan Hashmi, Kangana Ranaut, Adhyayan Suman, Jackie Shroff",2009
Luck by Chance,Zoya Akhtar,"Farhan Akhtar, Konkona Sen Sharma, Aamir Khan, Hrithik Roshan, Juhi Chawla, Rishi Kapoor, Sanjay Kapoor, Dimple Kapadia, Isha Sharvani, Shah Rukh Khan",2009
Victory,Ajit Pal Mangat,"Harman Baweja, Amrita Rao, Anupam Kher, Gulshan Grover",2009
Dev.D,Anurag Kashyap,"Abhay Deol, Mahi Gill, Kalki Koechlin",2009
Chal Chala Chal,T. K. Rajeev Kumar,"Govinda, Rajpal Yadav, Reemma Sen, Om Puri",2009
Mere Khwabon Mein Jo Aaye,Madhureeta Anand,"Randeep Hooda, Raima Sen, Arbaaz Khan, Neil Bhoopalam, Murli Sharma",2009
Billu,Priyadarshan,"Irrfan Khan, Shah Rukh Khan, Lara Dutta, Om Puri, Rajpal Yadav, Asrani",2009
The Stoneman Murders,Manish Gupta,"Kay Kay Menon, Arbaaz Khan, Vikram Gokhale, Rukhsar Rehman",2009
Delhi-6,Rakeysh Omprakash Mehra,"Abhishek Bachchan, Sonam Kapoor, Amitabh Bachchan, Waheeda Rehman, Divya Dutta, Rishi Kapoor, Om Puri, Atul Kulkarni, Prem Chopra",2009
Kisse Pyaar Karoon,Ajay Chandock,"Arshad Warsi, Aashish Chaudhary, Aarti Chhabria, Yash Tonk, Udita Goswami",2009
13B,Vikram K. Kumar,"R. Madhavan, Neetu Chandra, Saranya, Poonam Dhillon, Ravibabu, Sachin Khedekar, Deepak Dobriyal, Murli Sharma",2009
Dhoondte Reh Jaaoge,Umesh Shukla,"Kunal Khemu, Paresh Rawal, Soha Ali Khan, Sonu Sood, Asrani, Johnny Lever, Hrishita Bhatt, Deepal Shaw",2009
Karma Aur Holi,Manish Gupta,"Sushmita Sen, Randeep Hooda, Naomi Campbell, Suresh Oberoi, Suchitra Krishnamoorthi, Deepal Shaw",2009
Jai Veeru,Puneet Sira,"Fardeen Khan, Kunal Khemu, Dia Mirza, Anjana Sukhani, Rajesh Khattar, Arbaaz Khan",2009
Little Zizou,Sooni Taraporevala,"Boman Irani, John Abraham, Kurush Deboo",2009
Gulaal,Anurag Kashyap,"Kay Kay Menon, Deepak Dobriyal, Piyush Mishra, Mahi Gill, Jesse Randhawa, Aditya Shrivastava",2009
Aloo Chaat,Robby Grewal,"Aftab Shivdasani, Aamna Sharif, Linda Arsenio, Kulbhushan Kharbanda, Manoj Pahwa, Sanjay Mishra",2009
Barah Aana,Raja Menon,"Naseeruddin Shah, Tannishtha Chatterjee, Arjun Mathur, Vijay Raaz",2009
Firaaq,Nandita Das,"Deepti Naval, Naseeruddin Shah, Paresh Rawal, Raghubir Yadav, Sanjay Suri",2009
Lottery,Hemant Prabhu,"Abhijeet Sawant, Sanjay Narvekar, Mukesh Tiwari, Rucha Gujarati, Manisha Kelkar",2009
Straight,Parvati Balagopalan,"Daman Baggan, Anuj Chaudhary, Ketki Dave, Siddharth Makkar, Gul Panag, Vinay Pathak",2009
Aa Dekhen Zara,Jehangir Surti,"Neil Mukesh, Bipasha Basu, Rahul Dev, Sophie Choudry",2009
Ek: The Power of One,Sangeeth Sivan,"Bobby Deol, Shriya Saran, Nana Patekar, Chunky Pandey, Pradeep, Kulbhushan Kharbanda, Jackie Shroff",2009
8 x 10 Tasveer,Nagesh Kukunoor,"Akshay Kumar, Ayesha Takia, Rushad Rana, Sharmila Tagore, Javed Jaffrey",2009
Ek Se Bure Do,Tarique,"Arshad Warsi, Anita Hassanandani, Rajpal Yadav, Govind Namdeo, Yashpal Sharma, Virendra Saxena, Vijay Raaz, Razzak Khan",2009
Pal Pal Dil Ke Ssaat,V Krishna Kumar,"Ajay Jadeja, Mahie Gill, Satish Shah, Sushma Seth, Vinod Kambli, Sylvie",2009
Coffee House,Gurbir Grewal,"Ashutosh Rana, Sakshi Tanwar, Harsh Chhaya",2009
School Days,Dilip Sood,"Pankaj Sharma, Rajiv Sethi, Virender Sharma, Shailly Sehgal",2009
Royal Utsav,Ravi K. Patwa,"Vikram Kumar, Monalisa, Sudesh Berry, Master Abhishek Sharma, Tripta Chopra, Antra Vishwas, Charu Arora",2009
Chowrasta Crossroads of Love,Anjan Dutt,"Victor Banerjee, Atul Kulkarni, Roopa Ganguly, Naved Aslam, Aparajita",2009
Meri Padosan,Prakash Saini,"Sarwar Ahuja, Saadhika Randhawa, Hina Tasleem, Sneha Dhabi, Sanjay Mishra, Ashok Bagla, Khayali",2009
Sikandar,Piyush Jha,"Parzan Dastur, Ayesha Kapur, Rahul Singh, R. Madhavan, Sanjay Suri",2009
99,Raj and D.K.,"Kunal Khemu, Boman Irani, Soha Ali Khan, Cyrus Broacha, Mahesh Manjrekar, Vinod Khanna, Sudesh Berry, Simone Singh",2009
Suno Na.. Ek Nanhi Aawaz,Amy Thanawala,"Tara Sharma, Avinash Tiwary, Rajendra Chawla, Dharmendra Gohil, Rinku Patel",2009
Detective Naani,Romilla Mukherjee,"Ava Mukherjee, Zain Khan, Shweta Gulati, Amit Verma",2009
Yeh Pal Ho Na Ho kal,Ravi Pun,"Prakash Sagar, Rishabh, Tina Rana, Simran",2009
Sanam Teri Kasam,Lawrence D'Souza,"Saif Ali Khan, Pooja Bhatt, Atul Agnihotri",2009
Team - The Force,Ajay Chandhok,"Sohail Khan, Amrita Arora, Yash Tonk",2009
Kal Kissne Dekha,Vivek Sharma,"Jackky Bhagnani, Vaishali Desai, Rishi Kapoor, Juhi Chawla, Riteish Deshmukh, Sanjay Dutt, Dalip Tahil",2009
Zor Lagaa Ke...Haiya!,Girish Girija Joshi,"Mithun Chakraborty, Mahesh Manjrekar, Sachin Khedekar, Raj Zutshi, Ashwin Chitale, Gulshan Grover",2009
Let's Dance,Aarif Sheikh,"Ajay Chaudhary, Gayatri Patel, Sugandha Garg, Paras Arora",2009
Paying Guests,Paritossh Painter,"Shreyas Talpade, Sayali Bhagat, Javed Jaffrey, Aashish Chaudhary, Chunky Pandey, Vatsal Sheth, Johnny Lever, Celina Jaitly, Riya Sen, Neha Dhupia",2009
Sankat City,Pankaj Advani,"Kurush Deboo, Manoj Pahwa, Kay Kay Menon, Anupam Kher, Rimi Sen, Chunky Pandey, Mia Uyeda, Rahul Dev",2009
Shortkut,Neeraj Vora,"Akshaye Khanna, Arshad Warsi, Amrita Rao, Sanjay Dutt, Anil Kapoor, Siddharth Randeria",2009
Jashnn,Raksha Mistry & Hasnain S Hyderabadwala,"Adhyayan Suman, Anjana Sukhani, Sumeet Vyas, Shahana Goswami, Humayun Saeed",2009
Luck,Soham Shah,"Sanjay Dutt, Shruti Haasan, Imran Khan, Mithun Chakraborty, Danny Denzongpa, Ravi Kishan, Rati Agnihotri",2009
Agyaat,Ram Gopal Varma,"Gautam Rode, Nitin Kumar Reddy, Priyanka Kothari",2009
Chal Chalein,Ujjwal Singh,"Mithun Chakraborty, Rati Agnihotri, Shilpa Shukla, Mukesh Khanna",2009
Teree Sang,Satish Kaushik,"Ruslaan Mumtaz, Sheena Shahabadi, Neena Gupta",2009
Life Partner,Rumi Jaffrey,"Govinda, Fardeen Khan, Tusshar Kapoor, Genelia D'Souza, Prachi Desai, Amrita Rao, Anupam Kher",2009
"Three: Love, Lies, Betrayal",Vishal Pandya,"Aashish Chaudhary, Akshay Kapoor Nausheen Ali Sardar",2009
Daddy Cool,K. Murli Manohar Rao,"Suniel Shetty, Aftab Shivdasani, Aarti Chabria, Aashish Chaudhary, Javed Jaffrey, Rajpal Yadav, Sophie Chaudhry, Tulip Joshi, Chunky Pandey, Prem Chopra, Kim Sharma",2009
Kisaan,Puneet Sira,"Jackie Shroff, Sohail Khan, Arbaaz Khan, Diya Mirza, Nauheed Cyrusi",2009
Love Khichdi,Srinivas Bhashyam,"Randeep Hooda, Rituparna Sengupta, Milind Soman, Divya Dutta",2009
Toss,Ramesh Khatkar,"Prashant Raj Sachdev, Ashmit Patel, Rannvijay Singh",2009
Yeh Mera India,N. Chandra,"Anupam Kher, Perizaad Zorabian, Ashwin Mushran, Purab Kohli, Rajpal Yadav, Sarika, Parvin Dabas, Seema Biswas, Vijay Raaz, Smilie Suri",2009
Quick Gun Murugun,Shashanka Ghosh,"Rajendra Prasad, Nassar, Rambha, Anuradha Menon, Raju Sundaram, Shanmugarajan, Vinay Pathak, Ashwin Mushran",2009
Aagey Se Right,Indrajit Nattoji,"Shreyas Talpade, Shiv Panditt, Mahi Gill, Kay Kay Menon, Shruti Seth, Shenaz Treasurywala",2009
Chintu Ji,Ranjit Kapoor,"Rishi Kapoor, Priyanshu Chatterjee, Kulraj Randhawa",2009
Fox,Deepak Tijori,"Arjun Rampal, Sagarika Ghatge, Udita Goswami, Sunny Deol, Kurush Deboo, Vipul Gupta",2009
Aamras,Rupali Guha,"Jiya Sarang, Pari Sehgal, Rakhi Chadda, Sanya Balsara, Zarina Wahab, Reema, Sukanya Kulkarni, Shubhi, Vikram Kapadia, Usha Bachani, Sonali Sachdev, Meher, Sunil Sinha, Manoj Pahwa",2009
Baabarr,Ashu Trikha,"Soham Deepak, Mithun Chakraborty, Urvashi Sharma",2009
Vaada Raha,Samir Karnik,"Bobby Deol, Kangana Ranaut, Mohnish Bahl, Sharat Saxena, Dwij Yadav, Atul Agnihotri",2009
Dil Bole Hadippa!,Anurag Singh,"Rani Mukherjee, Shahid Kapoor, Anupam Kher, Dalip Tahil, Rakhi Sawant, Sherlyn Chopra",2009
Blue Oranges,Rajesh Ganguly,"Rajat Kapoor, Shishir Sharma, Aham Sharma, Puja Kanwal, Rati Agnihotri, Harsh Chhaya",2009
Phir Kabhi,V. K. Prakash,"Mithun Chakraborty, Dimple Kapadia, Rati Agnihotri, Gulshan Grover,",2009
What's Your Raashee?,Ashutosh Gowarikar,"Harman Baweja, Priyanka Chopra",2009
Do Knot Disturb,David Dhawan,"Govinda, Riteish Deshmukh, Lara Dutta, Sushmita Sen, Sohail Khan, Ranvir Shorey, Rajpal Yadav",2009
Wake Up Sid,Ayan Mukerji,"Ranbir Kapoor, Konkona Sen Sharma, Rahul Khanna, Namit Das, Anupam Kher",2009
Acid Factory,Suparn Verma,"Dia Mirza, Fardeen Khan, Irrfan Khan, Manoj Bajpai, Dino Morea, Aftab Shivdasani, Danny Denzongpa, Gulshan Grover",2009
Main Aurr Mrs Khanna,Prem Soni,"Salman Khan, Kareena Kapoor, Sohail Khan, Deepika Padukone, Dino Morea, Preity Zinta, Nauheed Cyrusi, Yash Tonk, Bappi Lahiri",2009
Bal Ganesh 2,Pankaj Sharma,,2009
Fruit and Nut,Kunal Vijaykar,"Boman Irani, Cyrus Broacha, Mahesh Manjrekar, Dia Mirza",2009
Love Ka Tadka,Rajan Wagdhare,"Nauheed Cyrusi, Sameer Dattani",2009
London Dreams,Vipul Shah,"Salman Khan, Ajay Devgn, Asin Thottumkal, Rannvijay Singh, Aditya Roy Kapur, Om Puri",2009
Aladin,Sujoy Ghosh,"Amitabh Bachchan, Sanjay Dutt, Jacqueline Fernandez, Riteish Deshmukh, Sahil Khan, Ratna Pathak Shah",2009
Jail,Madhur Bhandarkar,"Neil Nitin Mukesh, Mugdha Godse, Manoj Bajpayee, Kaveri Jha, Sayali Bhagat, Rahul Singh, Atul Kulkarni, Navni Parihar",2009
Tum Mile,Kunal Deshmukh,"Emraan Hashmi, Soha Ali Khan, Rituraj Singh, Sachin Khedekar",2009
Aao Wish Karein,Glenn Baretto,"Aftab Shivdasani, Aamna Shariff, Shah Rukh Khan, Johnny Lever, Ritesh Deshmukh",2009
Kurbaan,Rensil D'Silva,"Saif Ali Khan, Kareena Kapoor, Rupinder Nagra, Vivek Oberoi, Dia Mirza, Om Puri, Kirron Kher, Nauheed Cyrusi",2009
Shaabash! You Can Do It,Shankar Mondal,"Hitesh Agrawal, Mansi Dovhal, Sudesh Berry, Nasir Khan",2009
Marega Salaa,Devang Dholkia,"Jimmy Sheirgill, Kim Sharma, Hrishita Bhatt, Rahul Handa",2009
Radio,Ishaan Trivedi,"Himesh Reshammiya, Shenaz Treasurywala, Sonal Sehgal",2009
Paa,R. Balki,"Amitabh Bachchan, Abhishek Bachchan, Vidya Balan, Paresh Rawal",2009
Rocket Singh: Salesman of the Year,Shimit Amin,"Ranbir Kapoor, Gauahar Khan, Shazahn Padamsee, Prem Chopra",2009
"Raat Gayi, Baat Gayi?",Saurabh Shukla,"Rajat Kapoor, Vinay Pathak, Neha Dhupia, Navneet Nishan, Dalip Tahil, Anuradha Menon, Aamir Bashir, Iravati Harshe",2009
Accident on Hill Road,Mahesh Nair,"Celina Jaitly, Farooq Sheikh",2009
Dabangg,,,2010
My Name Is Khan,,,2010
Golmaal 3,,,2010
Raajneeti,,,2010
Housefull,,,2010
Tees Maar Khan,,,2010
Once Upon A Time In Mumbaai,,,2010
I Hate Luv Storys,,,2010
Anjaana Anjaani,,,2010
Khatta Meetha,,,2010
Dulha Mil Gaya,Muddassar Aziz,"Shah Rukh Khan, Fardeen Khan, Sushmita Sen, Ishita Sharma, Tara Sharma, Anushka Manchanda, Mohit Chadda, Vivek Vaswani, Johnny Lever",2010
Pyaar Impossible!,Jugal Hansraj,"Priyanka Chopra, Uday Chopra, Anupam Kher, Dino Morea",2010
Chance Pe Dance,Ken Ghosh,"Shahid Kapoor, Mohnish Bahl, Genelia D'Souza, Vikas Bhalla, Parikshit Sahni, Satish Shah",2010
Hello! Hum Lallan Bol Rahe Hain,Dileep Shukla,"Rajpal Yadav, Preeti Mehra",2010
Veer,Anil Sharma,"Salman Khan, Zarine Khan, Mithun Chakraborty, Sohail Khan, Jackie Shroff",2010
Ishqiya,Abhishek Chaubey,"Naseeruddin Shah, Vidya Balan, Rajesh Sharma, Arshad Warsi",2010
Rann,Ram Gopal Varma,"Amitabh Bachchan, Sudeep, Ritesh Deshmukh, Paresh Rawal, Rajpal Yadav, Gul Panag, Rajat Kapoor, Suchitra Krishnamurthy, Neetu Chandra, Mohnish Behl",2010
Road To Sangam,Amit Rai,"Paresh Rawal, Om Puri, Javed Sheikh",2010
The Hangman,Vishal Bhandari,"Om Puri, Shreyas Talpade, Gulshan Grover, Smita Jaykar, Tom Alter, Anita Kanwar, Yatin Karyekar, Nazneen Ghaani, Amrita Bedi",2010
Striker,Chandan Arora,"Siddharth Narayan, Aditya Pancholi, Ankur Vikal, Anupam Kher, Seema Biswas",2010
Sukhmani: Hope for Life,Manjeet Mann,"Gurdas Maan, Juhi Chawla, Divya Dutta",2010
Aakhari Decision,Deepak Bandhu,"Anant Jog, Sumona Chakravarti, Pradeep Kharab, Nagesh Bhonsle, Mushtaq Khan",2010
Click,Sangeeth Sivan,"Shreyas Talpade, Sadha, Sneha Ullal",2010
Toh Baat Pakki!,Kedarh Shinde,"Tabu, Sharman Joshi, Vatsal Sheth, Uvika Choudhary, Ayub Khan, Vishal Malhotra",2010
Karthik Calling Karthik,Vijay Lalwani,"Farhan Akhtar, Deepika Padukone, Vivan Bhatena, Ram Kapoor, Vipin Sharma, Shefali Shah",2010
Teen Patti,Leena Yadav,"Amitabh Bachchan, Ben Kingsley, R. Madhavan, Saira Mohan, Raima Sen, Mahesh Manjrekar, Shraddha Kapoor",2010
Atithi Tum Kab Jaoge?,Ashwni Dhir,"Ajay Devgn, Konkona Sen Sharma, Paresh Rawal, Satish Kaushik",2010
Hello Zindagi,Raja Unnithan,"Mrunmayee Lagoo, Milind Gunaji, Neena Gupta, Kanwaljeet Singh",2010
"Road, Movie",Dev Benegal,"Abhay Deol, Satish Kaushik, Tannishtha Chatterjee, Mohammed Faisal Usmani",2010
Rokkk,Rajesh Ranshinge,"Udita Goswami, Shaad Randhawa, Nishigandha Wad, Tanushree Dutta",2010
Thanks Maa,Irfan Kamal,"Ranvir Shorey, Alok Nath, Raghuveer Yadav, Barry John, Sanjay Mishra",2010
Do Dilon Ke Khel Mein,Akash Pandey,"Rajesh Khanna, Nausheen Ali Sardar, Sonika Gill, Satish Kaushik",2010
Hide & Seek,Shawn Arranha,"Purab Kohli, Arjan Bajwa, Mrinalini Sharma, Samir Kochhar",2010
Na Ghar Ke Na Ghaat Ke,Rahul Aggarwal,"Rahul Aggarwal, Paresh Rawal, Narayani Shastri, Om Puri",2010
Right Yaaa Wrong,Neeraj Pathak,"Sunny Deol, Irrfan Khan, Isha Koppikar, Konkona Sen Sharma, Master Ali Haji",2010
Trump Card,Arshad Khan,"Vikram Kumar, Urvashi Chaudhary, Mansi Dovhal, Sheetal Bedi",2010
Idiot Box,Sunanda Mitra,"Sushant Singh, Hrishita Bhatt, Jyoti Gauba, Milind Gunaji",2010
Lahore,Sanjay Puran Singh Chauhan,"Aanaahad, Shraddha Das, Farooq Sheikh, Nafisa Ali",2010
Love Sex Aur Dhokha,Dibakar Banerjee,"Amit Sial, Anshuman Jha, Arya Banerjee, Atul Mongia, Neha Chauhan, Shruti",2010
Shaapit,Vikram Bhatt,"Aditya Narayan, Shweta Agarwal, Rahul Dev, Shubh Joshi",2010
Hum Tum Aur Ghost,Kabeer Kaushik,"Arshad Warsi, Dia Mirza, Sandhya Mridul, Boman Irani, Asawari Joshi, Javed Sheikh, Ashwin Mushran, Tinnu Anand",2010
It's a Man's World,Saurabh Sengupta,"Mohsin Akhtar, Mouli Ganguly, Ranjeet Jha, Mikhil Chindaramani",2010
Mittal v/s Mittal,Karan Razdan,"Rituparna Sengupta, Rohit Roy, Gulshan Grover, Suchitra Krishnamurthy",2010
My Friend Ganesha 3,Rajiv S. Ruia,"Rahul Pendkalkar, Baba Sehgal, Eva Grover, Sayaji Shinde",2010
Prem Kaa Game,Ashok Kheny,"Arbaaz Khan, Tara Sharma, Madhuri Bhattacharya, Johnny Lever",2010
Well Done Abba,Shyam Benegal,"Boman Irani, Minissha Lamba, Sameer Dattani, Ravi Kissen",2010
Pankh,Sudipto Chattopadhyaya,"Bipasha Basu, Maradona Rebello, Mahesh Manjrekar, Ronit Roy Sanjeeda Sheikh",2010
Sadiyaan,Raj Kanwar,"Luv Sinha, Ferena Wazeir, Rekha, Hema Malini, Rishi Kapoor",2010
Kabir Sadanand,"Nana Patekar, Dimple Kapadia, Rehan Khan, Sunil Shetty, Vidya Malvade, Anjana Sukhani, Mohnish Behl",Social/Drama,2010
Jaane Kahan Se Aayi Hai,Milap Zaveri,"Riteish Deshmukh, Jacqueline Fernandez, Akshay Kumar, Priyanka Chopra, Deepika Padukone, Katrina Kaif, Vishal Malhotra, Sonal Sehgal, Amrita Rao, Ruslaan Mumtaz",2010
Prince,Kookie Gulati,"Vivek Oberoi, Aruna Shields, Nandana Sen, Neeru Bajwa, Isaiah, Sanjay Kapoor",2010
The Japanese Wife,Aparna Sen,"Rahul Bose, Raima Sen, Chigasu Takaku, Moushmi Chatterjee",2010
Paathshaala,Milind Ukey,"Shahid Kapoor, Nana Patekar, Ayesha Takia, Ali Haji, Swini Khara",2010
Phoonk 2,Milind Gadagkar,"Sudeep, Neeru Bajwa, Amruta Khanvilkar, Ahsaas Channa",2010
Apartment,Jagmohan Mundhra,"Rohit Roy, Tanushree Dutta, Neetu Chandra, Anupam Kher",2010
Bird Idol,Jyotin Goel,,2010
City of Gold,Mahesh Manjrekar,"Vineet Kumar, Sameer Dharmadhikari, Kashmira Shah, Satish Kaushik",2010
Kuchh Kariye,Jagbir Dahiya,"Sukhwinder Singh, Vikrum Kumar, Rufy Khan",2010
Muskurake Dekh Zara,Som Shekar,"Gashmeer Mahajani, Twinkle Patel, Hiten Paintal, Sunil Sabarwal, Simran Suri",2010
Chase,Jagmohan Mundhra,"Udita Goswami, Caterina Murino, Rajesh Khattar, Shweta Menon",2010
Sajid Khan,"Akshay Kumar, Arjun Rampal, Deepika Padukone, Riteish Deshmukh, Lillete Dubey, Lara Dutta, Malaika Arora, Randhir Kapoor, Jiah Khan, Boman Irani, Chunky Pandey",Comedy,2010
Badmaash Company,Parmeet Sethi,"Shahid Kapoor, Anushka Sharma, Anupam Kher, Meiyang Chang, Vir Das, Harry Mearing",2010
Bumm Bumm Bole,Priyadarshan,"Darsheel Safary, Kaveri Jha, Atul Kulkarni, Rituparna Sengupta, Ziyah Vastani",2010
Admissions Open,K.D. Satyam,"Anupam Kher, Aashish Vidyarthi, Ankur Khanna, Pramod Moutho",2010
Kushti,T K Rajeev Kumar,"Rajpal Yadav, Khali, Nargis, Sharat Saxena",2010
Kites,Anurag Basu,"Hrithik Roshan, Barbara Mori, Kangana Ranaut",2010
Ek Second... Jo Zindagi Badal De?,Partho Ghosh,"Jackie Shroff, Manisha Koirala, Aman Verma, Moammar Rana",2010
Raavan,Mani Ratnam,"Vikram, Abhishek Bachchan, Aishwarya Rai Bachchan, Govinda, Nikhil Dwivedi, Priyamani",2010
Krantiveer – The Revolution,Mehul Kumar,"Jahan Bloch, Sameer Aftab, Aman Verma",2010
Mr. Singh Mrs. Mehta,Pravesh Raman,"Aruna Shields, Prashant Narayanan",2010
Milenge Milenge,Satish Kaushik,"Kareena Kapoor, Shahid Kapoor, Aarti Chabria",2010
Red Alert: The War Within,Anant Mahadevan,"Sunil Shetty, Vinod Khanna, Naseeruddin Shah, Sameera Reddy, Bhagyashree, Murli Sharma",2010
Lamhaa,Rahul Dholakia,"Sanjay Dutt, Bipasha Basu, Kunal Kapoor, Murali Sharma, Anupam Kher",2010
Tere Bin Laden,Abhishek Sharma,"Ali Zafar, Sugandha Garg, Rahul Singh, Barry John, Nikhil Ratnaparkhi",2010
Udaan,Vikramaditya Motwane,"Ronit Roy, Rajat Barmecha",2010
Once Upon a Time in Mumbaai,Milan Luthria,"Ajay Devgn, Emraan Hashmi, Kangana Ranaut, Prachi Desai, Randeep Hooda",2010
Aisha,Rajshree Ojha,"Sonam Kapoor, Abhay Deol, Anand Tiwari, Ira Dubey, Amrita Puri, Arunoday Singh, Cyrus Sahukar, Lisa Haydon",2010
Help,Rajeev Virani,"Bobby Deol, Mugdha Godse, Sophia Handa, Shreyas Talpade",2010
Peepli Live,Anusha Rizvi,"Omkar Das Manikpuri, Raghubir Yadav",2010
Lafangey Parindey,Pradeep Sarkar,"Neil Nitin Mukesh, Deepika Padukone, Namit Das, Kay Kay Menon",2010
...And Once Again,Amol Palekar,"Antara Mali, Rajat Kapoor, Rituparna Sengupta",2010
Hello Darling,Manoj Tiwari,"Celina Jaitly, Isha Koppikar, Gul Panag",2010
Antardwand,Sushil Rajpal,"Raja Chaudhary, Vinay Pathak",2010
Aashayein,Nagesh Kukunoor,"John Abraham, Sonal Sehgal, Prateeksha Lonkar",2010
Soch Lo,Sartaj Singh Pannu,"Sartaj Singh Pannu, Barkha Madan, Bhupinder Singh",2010
We Are Family,Siddharth Malhotra,"Arjun Rampal, Kajol, Kareena Kapoor",2010
Mallika,Wilson Louis,"Sameer Dattani, Sheena Nayar, Himanshu Malik",2010
The Film Emotional Atyachar,Akshay Shere,"Mohit Alawat, Kalki Koechlin, Vinay Pathak, Ranvir Shorey, Ravi Kishan, Sakshi Gulati",2010
Benny and Babloo,Yunus Sajawal,"Kay Kay Menon, Rajpal Yadav, Riya Sen, Shweta Tiwari, Rukhsar Rehman, Anita Hassanandani, Richa Chadha, Maushumi Udeshi, Hiten Paintal, Aasif Sheikh",2010
Khichdi: The Movie,Aatish Kapadia,"Supriya Pathak, Anang Desai, Rajeev Mehta, Jamnadas Majethia, Nimisha Vakharia",2010
Crook,Mohit Suri,"Emraan Hashmi, Neha Sharma, Arjan Bajwa, Kavin Dave",2010
Do Dooni Chaar,Habib Faisal,"Rishi Kapoor, Neetu Singh, Mohit Chadda, Rajesh Vivek, Aditi Vasudev, Natasha Rastogi",2010
Aakrosh,Priyadarshan,"Ajay Devgn, Akshaye Khanna, Bipasha Basu, Reema Sen, Paresh Rawal",2010
Pusher,Assad Raja,"Mahima Chaudhry, Pasha Bocarie, Marc Anwar, Assad Raja",2010
Knock Out,Mani Shankar,"Sanjay Dutt, Kangana Ranaut, Irrfan Khan, Gulshan Grover",2010
Kajraare,Pooja Bhatt,"Himesh Reshammiya, Sara Loren, Gaurav Chanana, Javed Sheikh",2010
Ramayana: The Epic,Cheetan Desai,"Manoj Bajpai, Juhi Chawla, Sanjeev Tiwari, Ashutosh Rana",2010
Hisss,Jennifer Lynch,"Mallika Sherawat, Irrfan Khan",2010
Jhootha Hi Sahi,Abbas Tyrewala,"John Abraham, Pakhi Tyrewala, Abhishek Bachchan, Ritesh Deshmukh",2010
Rakta Charitra,Ram Gopal Verma,"Vivek Oberoi, Sudeep, Radhika Apte, Shatrughan Sinha, Kota Srinivasa Rao, Abhimanyu Singh, Sushant Singh",2010
Maalik Ek,Deepak Balraj Vij,"Jackie Shroff, Divya Dutta",2010
Nakshatra,Mohan Savalkar,"Anupam Kher, Shubh, Sabina Sheema",2010
Action Replayy,Vipul Amrutlal Shah,"Akshay Kumar, Aishwarya Rai Bachchan, Rajpal Yadav, Aditya Roy Kapur, Sudeepa Singh, Rannvijay Singh, Neha Dhupia, Randhir Kapoor",2010
Dunno Y... Na Jaane Kyon,Sanjay Sharma,"Aryan Vaid, Kapil Sharma, Rituparna Sengupta, Helen, Zeenat Aman",2010
A Flat,Raaj Verma,"Sanjay Suri, Jimmy Shergill",2010
Ramaa: The Saviour,Haadi Abrar,"Sahil Khan, Tanushree Dutta, Dalip Singh Rana",2010
Guzaarish,Sanjay Leela Bhansali,"Hrithik Roshan, Aishwarya Rai Bachchan, Suhel Seth, Aditya Roy Kapur, Shernaz Patel, Priyanka Bose, Ash Chandler, Swara Bhaskar",2010
"Shahrukh Bola ""Khoobsurat Hai Tu""",Makrand Deshpande,"Preetika Chawla, Afzaal Khan, Shahrukh Khan, Kay Kay Menon",2010
Diwangi Ne Had Kar Di,Jiten Purohit,"Aditya Raj Kapoor, Deep, Ashhmita",2010
Allah Ke Banday,Faruk Kabir,"Sharman Joshi, Naseeruddin Shah, Faruk Kabir",2010
Break Ke Baad,Danish Aslam,"Imran Khan, Deepika Padukone, Navin Nischol, Lillete Dubey",2010
Khuda Kasam,K C Bokadia,"Sunny Deol, Tabu, Farida Jalal, Govind Namdeo",2010
Khelein Hum Jee Jaan Sey,Ashutosh Gowariker,"Abhishek Bachchan, Deepika Padukone, Sikander Kher",2010
Phas Gaye Re Obama,Subhash Kapoor,"Rajat Kapoor, Neha Dhupia",2010
Rakta Charitra 2,Ram Gopal Verma,"Suriya, Vivek Oberoi, Sudeep, Shatrughan Sinha",2010
Band Baaja Baaraat,Maneesh Sharma,"Ranveer Singh, Anushka Sharma, Neeraj Sood",2010
No Problem,Anees Bazmee,"Paresh Rawal, Anil Kapoor, Sushmita Sen, Neetu Chandra, Kangana Ranaut, Akshaye Khanna, Sunil Shetty, Sanjay Dutt",2010
332 Mumbai to India,Mahesh Pandey,"Ali Asgar, Chetan Pandit",2010
Payback,Sachin P. Karande,"Munish Khan, Sara Khan, Gulshan Grover",2010
Kaalo,Wilson Louis,"Swini Khara, Aditya Srivastava, Gufi Paintal",2010
Mirch,Vinay Shukla,"Konkona Sen Sharma, Raima Sen, Shahana Goswami, Ila Arun, Shreyas Talpade",2010
Isi Life Mein...!,Vidhi Kasliwal,"Akshay Oberoi, Sandeepa Dhar, Mohnish Behl",2010
Toonpur Ka Superrhero,Kireet Khurana,"Ajay Devgn, Kajol, Sanjay Dutt",2010
Tera Kya Hoga Johnny,Sudhir Mishra,"Neil Nitin Mukesh, Soha Ali Khan, Kay Kay Menon, Shahana Goswami",2010
Ada... A Way of Life,Tanvir Ahmad,"Ayaan Ahmad, Nauheed Cyrusi, Ayesha Jhulka, Rahul Roy, Milind Gunaji",2010
Bodyguard,,,2011
Ra.One,,,2011
Don 2,,,2011
Ready,,,2011
Zindagi Na Milegi Dobara,,,2011
Singham,,,2011
The Dirty Picture,,,2011
Rockstar,,,2011
Murder 2,,,2011
Delhi Belly,,,2011
No One Killed Jessica,Raj Kumar Gupta,"Rani Mukherjee, Vidya Balan",2011
Impatient Vivek,Rahat Kazmi,"Vivek Sudershan, Sayali Bhagat",2011
Yamla Pagla Deewana,Samir Karnik,"Dharmendra, Sunny Deol, Bobby Deol, Kulraj Randhawa, Ajay Devgn, Mahek Chahal, Himanshu Malik, Johnny Lever",2011
Turning 30!!!,Alankrita Shrivastava,"Purab Kohli, Gul Panag, Siddharth Makkar",2011
Mumbai Mast Kallander,Aman Mihani,"Shilpa Shukla, Mohsin Akhtar",2011
Odyssey of Persistence,Sagar Ambre Nikunj Pathak,Diksha Tomar,2011
Dhobi Ghat,Kiran Rao,"Prateik Babbar, Aamir Khan, Monica Dogra",2011
Hostel,Manish Gupta,"Vatsal Sheth, Tulip Joshi, Mukesh Tiwari",2011
Dil Toh Baccha Hai Ji,Madhur Bhandarkar,"Ajay Devgn, Emraan Hashmi, Omi Vaidya, Shazahn Padamsee, Shruti Haasan, Tisca Chopra, Shraddha Das",2011
Yeh Saali Zindagi,Sudhir Mishra,"Arunoday Singh, Chitrangada Singh, Irrfan Khan",2011
United Six,Vishal Aryan Singh,Parvathy Omanakuttan,2011
Utt Pataang,Srikanth V. Velagaleti,"Vinay Pathak, Mahie Gill, Murali Sharma, Mona Singh, Kurush Deboo",2011
Angel,Ganesh Acharya,"Nilesh Sahay, Madalasa Sharma, Aruna Irani",2011
Patiala House,Nikhil Advani,"Rishi Kapoor, Dimple Kapadia, Akshay Kumar, Anushka Sharma",2011
Aashiqui.in,Shankhadeep,"Ishaan Manhaas, Ankita Shrivastava",2011
7 Khoon Maaf,Vishal Bhardwaj,"Priyanka Chopra, Neil Nitin Mukesh, Naseeruddin Shah, John Abraham, Irrfan Khan, Konkona Sen Sharma",2011
Kaccha Limboo,Sagar Ballary,"Vinay Pathak, Sarika, Rukhsar, Chinmay Kambli",2011
Masti Express,Vikram Pradhan,"Rajpal Yadav, Johnny Lever, Divya Dutta, Manoj Joshi, Razzak Khan, Vijay Patkar, Rohan Shah, Vinit Jain, Sameer Mohammed",2011
Tanu Weds Manu,Aanand L. Rai,"Madhavan, Kangana Ranaut, Jimmy Sheirgill, Ravi Kishan",2011
Satrangee Parachute,Vineet Khetrapal,"Jackie Shroff, Kay Kay Menon, Rupali Ganguly, Zakir Hussain",2011
Yeh Faasley,Yogesh Mittal,"Anupam Kher, Pavan Malhotra",2011
Happy Husbands,Anay,"Anay, Kurush Deboo, Mohit Ghai, Ahwaan, Archana",2011
Monica,Sushen Bhatnagar,"Divya Dutta, Ashutosh Rana",2011
Game,Abhinay Deo,"Abhishek Bachchan, Kangana Ranaut, Sarah Jane Dias, Jimmy Sheirgill, Boman Irani, Anupam Kher",2011
F.A.L.T.U,Remo D'Souza,"Jackky Bhagnani, Puja Gupta, Arshad Warsi, Riteish Deshmukh",2011
Memories in March,Sanjoy Nag,"Deepti Naval, Rituparno Ghosh, Raima Sen",2011
Thank You,Anees Bazmee,"Akshay Kumar, Bobby Deol, Sunil Shetty, Irrfan Khan, Sonam Kapoor, Celina Jaitly, Rimi Sen, Mallika Sherawat, Vidya Balan",2011
Teen Thay Bhai,Mirgdeep Singh Lamba,"Om Puri, Shreyas Talpade, Deepak Dobriyal, Ragini Khanna",2011
Dum Maaro Dum,Rohan Sippy,"Abhishek Bachchan, Bipasha Basu, Prateik Babbar, Aditya Pancholi, Rana Daggubati, Deepika Padukone",2011
Zokkomon,Satyajit Bhatkal,"Darsheel Safary, Anupam Kher, Manjari Phadnis",2011
Shor in the City,"Raj Nidimoru, Krishna Dk","Tusshar Kapoor, Preeti Desai, Alok Chaturvedi",2011
Chalo Dilli,Shashant Shah,"Lara Dutta, Vinay Pathak, Akshay Kumar",2011
I Am,Onir,"Sanjay Suri, Radhika Apte, Shernaz Patel, Anurag Kashyap, Pooja Gandhi, Rahul Bose, Arjun Mathur, Abhimanyu Shekhar Singh, Nandita Das, Juhi Chawla, Manisha Koirala, Purab Kohli",2011
Naughty @ 40,Jagmohan Mundhra,"Govinda, Yuvika Chaudhary, Anupam Kher, Shakti Kapoor",2011
Luv Ka The End,Bumpy,"Shraddha Kapoor, Taaha Shah",2011
Haunted – 3D,Vikram Bhatt,"Mahakshay Chakraborty, Twinkle Bajpai, Achint Kaur",2011
Love U...Mr. Kalakaar!,S. Manasvi,"Tusshar Kapoor, Amrita Rao, Kunal Kumar, Ram Kapoor, Kiran Kumar",2011
Ragini MMS,Pawan Kripalani,"Kainaz Motivala, Rajkummar Rao",2011
Shagird,Tigmanshu Dhulia,"Nana Patekar, Zakir Hussain, Mohit Ahlawat, Rimi Sen, Anurag Kashyap",2011
Stanley Ka Dabba,Amole Gupte,"Partho, Divya Dutta",2011
404,Prawaal Raman,"Rajvvir Aroraa, Imaad Shah, Nishikant Kamat",2011
Crackers,Anil Goyal,"Nikhil Dwivedi, Smilie Suri",2011
Pyaar Ka Punchnama,Luv Ranjan,"Kartik Aaryan, Raayo S. Bakhirta, Divyendu Sharma, Sonnalli Seygall, Nushrat Bharucha, Ishita Raj Sharma",2011
Kucch Luv Jaisaa,Barnali Ray Shukla,"Rahul Bose, Shefali Shah, Om Puri, Neetu Chandra, Sumeet Raghavan",2011
Shaitan,Bejoy Nambiar,"Rajeev Khandelwal, Kalki Koechlin, Shiv Panditt",2011
Bheja Fry 2,Sagar Ballary,"Vinay Pathak, Minissha Lamba, Amit Behl, Kay Kay Menon, Rahul Singh, Amole Gupte",2011
Always Kabhi Kabhi,Roshan Abbas,"Ali Fazal, Giselli Monteiro, Zoa Morani, Satyajeet Dubey, Satish Shah, Lilette Dubey, Shah Rukh Khan",2011
Bhindi Baazaar Inc.,Ankush Bhatt,"Kay Kay Menon, Piyush Mishra, Deepti Naval, Prashant Narayanan, Shilpa Shukla",2011
Bin Bulaye Baraati,Chandrakant Singh,"Mallika Sherawat, Rati Agnihotri, Gulshan Grover, Manoj Joshi, Shakti Kapoor, Priyanka Kothari, Johnny Lever, Sanjay Mishra, Om Puri, Vijay Raaz, Aftab Shivdasani",2011
Double Dhamaal,Indra Kumar,"Sanjay Dutt, Arshad Warsi, Javed Jaffrey, Riteish Deshmukh, Aashish Chaudhary, Mallika Sherawat, Kangana Ranaut",2011
Bbuddah... Hoga Terra Baap,Puri Jagannadh,"Amitabh Bachchan, Hema Malini, Sonu Sood, Prakash Raj, Raveena Tandon, Charmy Kaur, Sonal Chauhan",2011
Chillar Party,"Vikas Bahl, Nitesh Tiwari","Irrfan Khan, Sanath Menon, Rohan Grover, Naman Jain, Aarav Khanna, Vishesh Tiwari, Aakash Dahiya, Pankaj Tripathi, Rajesh Sharma, Ranbir Kapoor, Shriya Sharma, Swara Bhaskar",2011
Khap,Ajai Sinha,"Om Puri, Govind Namdev, Manoj Pahwa, Yuvika Chaudhary, Mohnish Bahl",2011
Gandhi to Hitler,Rakesh Ranjan Kumar,"Neha Dhupia, Raghubir Yadav",2011
Bubble Gum,Sanjivan Lal,"Sohail Lakhani, Apoorva Arora, Sachin Khedekar, Tanvi Azmi",2011
Chala Mussaddi... Office Office,Rajiv Mehra,"Pankaj Kapur, Deven Bhojani, Manoj Pahwa, Sanjay Mishra, Hemant Pandey, Asawari Joshi, Gaurav Kapoor, Farida Jalal, Makrand Deshpande",2011
I Am Kalam,Nila Madhab Panda,"Harsh Mayar, Gulshan Grover",2011
Milta Hai Chance By Chance,Ramesh Modi,"Gracy Singh, Aslam Khan, Vishal Kaushik, Sana Govi, Reshma Modi, Mahesh Thakur",2011
Aagaah: The Warning,Karan Razdan,"Jannat Zubair Rahmani, Atul Kulkarni, Rituparna Sengupta, Anupam Kher, Satish Kaushik, Ila Arun",2011
Aarakshan,Prakash Jha,"Amitabh Bachchan, Saif Ali Khan, Manoj Bajpai, Deepika Padukone, Prateik Babbar",2011
Phhir,Girish Dhamija,"Rajneesh Duggal, Adah Sharma, Roshni Chopra",2011
Chatur Singh Two Star,Ajay Chandok,"Sanjay Dutt, Ameesha Patel, Suresh Menon",2011
Not a Love Story,Ram Gopal Varma,"Mahie Gill, Deepak Dobriyal, Ajay Gehi",2011
Sahi Dhandhe Galat Bande,Parvin Dabas,"Parvin Dabas, Sharat Saxena, Vansh Bharadwaj, Anupam Kher, Ashish Nayyar, Kuldip Ruhil",2011
Chitkabrey – Shades of Grey,Suneet Arora,"Ravi Kissen, Rahul Singh, Rajesh Shringapure, Sanjay Swaraj, Akshay Singh, Bobby Vats, Divya Dwivedi",2011
Shabri,Lalit Marathe,Isha Koppikar,2011
Yeh Dooriyan,Deepshika,"Deepshika, Kaishav Arora",2011
Mummy Punjabi,Pammi Somal,"Kirron Kher, Jackie Shroff, Divya Dutta",2011
That Girl in Yellow Boots,Anurag Kashyap,"Kalki Koechlin, Naseeruddin Shah",2011
Mere Brother Ki Dulhan,Ali Abbas Zafar,"Katrina Kaif, Imran Khan, Ali Zafar, Tara D'Souza, Parikshit Sahni, Kanwaljit Singh, Suparna Marwah, Mohammed Zeeshan Ayyub",2011
Rivaaz,Ashok Nanda,"Deepti Naval, Reema Lagoo, Meghna Naidu",2011
Mausam,Pankaj Kapoor,"Shahid Kapoor, Sonam Kapoor, Ankit Mohan, Anupam Kher, Wamiqa Gabbi",2011
U R My Jaan,Aron Govil,"Mikaal Zulfikaar, Priti Soni, Aman Verma",2011
Force,Nishikant Kamat,"John Abraham, Vidyut Jammwal, Genelia D'Souza, Mohnish Bahl, Raj Babbar",2011
Hum Tum Shabana,Sagar Ballary,"Tusshar Kapoor, Shreyas Talpade, Minnisha Lamba",2011
"Saheb, Biwi Aur Gangster",Tigmanshu Dhulia,"Jimmy Sheirgill, Mahie Gill, Randeep Hooda",2011
Tere Mere Phere,Deepa Sahi,"Vinay Pathak, Riya Sen, Jagrat Desai, Sasha Goradia",2011
Chargesheet,Dev Anand,"Dev Anand, Jackie Shroff, Naseeruddin Shah, Divya Dutta",2011
Na Jaane Kabse Hum Hi,Pammi Somal,"Garry Gill, Amrita Prakash, Sharat Saxena, Gurpreet Ghuggi, Lilette Dubey, Javed Sheikh",2011
Rascals,David Dhawan,"Ajay Devgn, Arjun Rampal, Kangana Ranaut, Lisa Haydon, Sanjay Dutt",2011
Love Breakups Zindagi,Sahil Sangha,"Zayed Khan, Dia Mirza, Cyrus Sahukar, Tisca Chopra, Satyadeep Mishra, Auritra Ghosh, Pallavi Sharda",2011
My Friend Pinto,Raghav Dar,"Prateik Babbar, Kalki Koechlin, Arjun Mathur, Shruti Seth, Makarand Deshpande, Rajendranath Zutshi, Divya Dutta",2011
Mujhse Fraaandship Karoge,Nupur Asthana,"Saqib Saleem, Saba Azad, Nishant Dahiya, Tara D'Souza, Harsh Nagar",2011
Mod,Nagesh Kukunoor,"Ayesha Takia, Rannvijay Singh, Raghubir Yadav, Tanvi Azmi, Anant Mahadevan",2011
Aazaan,Prashant Chadha,"Sachiin J. Joshi, Candice Boucher, Aarya Babbar, Dalip Tahil",2011
Oh God! Saare Hain Fraud,Ashu Trikha,"Shreyas Talpade, Mugdha Godse, Johnny Lever",2011
Tell Me O Kkhuda,Hema Malini,"Esha Deol, Vinod Khanna, Rishi Kapoor, Arjan Bajwa, Dharmendra, Salman Khan",2011
Damadamm!,Swapna Waghmare,"Himesh Reshammiya, Purbi Joshi, Sonal Sehgal",2011
Loot,Rajneesh Thakur,"Govinda, Suniel Shetty, Jaaved Jaaferi, Mahaakshay Chakraborty, Rakhi Sawant, Shweta Bhardwaj",2011
Miley Naa Miley Hum,Tanveer Khan,"Chirag Paswan, Kangana Ranaut, Kunal Kumar, Neeru Bajwa, Sagarika Ghatge, Kabir Bedi, Dalip Tahil, Poonam Dhillon",2011
Super K – The Movie,Vijay S. BhanushaliSmita Maroo,,2011
Shakal Pe Mat Ja,Shubh Mukherjee,"Shubh Mukherjee, Pratik Katare, Saurabh Shukla, Raghubir Yadav, Aamna Sharif, Zakir Hussain",2011
Desi Boyz,Rohit Dhawan,"Akshay Kumar, John Abraham, Sanjay Dutt, Deepika Padukone, Chitrangada Singh, Mohnish Bahl, Anupam Kher, Omi Vaidya, Ashwin Mushran, Rajat Barmecha, Bruna Abdullah",2011
I Am Singh,Puneet Issar,"Gulzar Inder Chahal, Rizwan Haider, Amy Rasimas, Puneet Issar, Brooke Johnston, Tulip Joshi, Mike Singh, Yusuf Hussain, Neetha Mohindra, Kavi Raz, Donny Kapoor",2011
Ladies vs Ricky Bahl,Maneesh Sharma,"Ranveer Singh, Anushka Sharma, Parineeti Chopra, Dipannita Sharma, Aditi Sharma",2011
Jo Hum Chahein,Pawan Gill,"Sunny Gill, Simran Mundi, Achint Kaur, Alyy Khan, Yuri Suri, Samar Virmani, Mansi Multani, Rithvik Dhanjani",2011
Pappu Can't Dance Saala,Saurabh Shukla,"Vinay Pathak, Neha Dhupia, Rajat Kapoor, Naseeruddin Shah, Sanjay Mishra, Saurabh Shukla, Brijendra Kala, Anand Abhyankar",2011
Ek Tha Tiger,,,2012
Dabangg 2,,,2012
Jab Tak Hai Jaan,,,2012
Rowdy Rathore,,,2012
Agneepath,,,2012
Barfi!,,,2012
Talaash: The Answer Lies Within,,,2012
Housefull 2,,,2012
Bol Bachchan,,,2012
Son of Sardaar,,,2012
Players,Abbas–Mustan,"Vinod Khanna, Abhishek Bachchan, Bipasha Basu, Sonam Kapoor, Bobby Deol, Neil Nitin Mukesh, Sikander Kher, Omi Vaidya, Johnny Lever, Vyacheslav Razbegaev[3]",2012
Chaalis Chauraasi,Hriday Shetty,"Naseeruddin Shah, Atul Kulkarni, Kay Kay Menon, Ravi Kishan[4]",2012
Ghost,Puja Jatinder Bedi,"Shiney Ahuja, Sayali Bhagat, Deepraj Rana, Julia Bliss[5]",2012
Sadda Adda,Muazzam Beg,"Karanvir Sharma, Shaurya Chauhan, Bhaumik Sampat, Kahkkashan Aryan, Rohin Robert, Rohit Arora[6]",2012
Gali Gali Chor Hai,Rumi Jaffrey,"Akshaye Khanna, Shriya Saran, Mugdha Godse, Satish Kaushik, Vijay Raaz[8]",2012
Staying Alive,Anant Mahadevan,"Anant Mahadevan, Saurabh Shukla, Chandan Roy Sanyal[9]",2012
Love You To Death,Rafeeg Ellias,"Yuki Ellias, Chandan Roy Sanyal, Sheeba Chaddha, Suhasini Mulay[10]",2012
Ek Main Aur Ekk Tu,Shakun Batra,"Kareena Kapoor, Imran Khan, Ratna Pathak Shah, Boman Irani, Ram Kapoor[11]",2012
Valentine's Night,Krishan Kumar,"Payal Rohatgi, Sangram Singh, Rahul Minz, Neha Thakur[12]",2012
Ekk Deewana Tha,Gautham Vasudev Menon,"Prateik Babbar, Amy Jackson, Manu Rishi, Ramesh Sippy, Sachin Khedekar[13]",2012
?: A Question Mark,Allyson Patel Yash Dave,"Maanvi Gagroo, Akhlaque Khan, Yaman Chatwal, Varun Thakur, Chirag Jain, Sonam Mukherjee[14]",2012
Married 2 America,Dilip Shankar,"Jackie Shroff, Archana Joglekar, Anjali Malhotra, Shweta Tiwari, Raghubir Yadav, Chetan Pandit, Ashok Samarth, Akhilendra Mishra",2012
Jodi Breakers,Ashwini Chaudhary,"R. Madhavan, Bipasha Basu, Milind Soman, Dipannita Sharma, Omi Vaidya, Mrinalini Sharma[15]",2012
Tere Naal Love Ho Gaya,Mandeep Kumar,"Riteish Deshmukh, Genelia D'Souza, Om Puri, Tinnu Anand[16]",2012
"London, Paris, New York",Anu Menon,"Ali Zafar, Aditi Rao Hydari[17]",2012
Paan Singh Tomar,Tigmanshu Dhulia,"Irrfan Khan, Mahie Gill, Vipin Sharma, Nawazuddin Siddiqui[18]",2012
Will You Marry Me?,Aditya Dutt,"Shreyas Talpade, Rajeev Khandelwal, Tripta Parashar, Mugdha Godse, Celina Jaitly, Muzammil Ibrahim[19]",2012
Kahaani,Sujoy Ghosh,"Vidya Balan, Parambrata Chatterjee, Nawazuddin Siddiqui, Indraneil Sengupta, Saswata Chatterjee[20]",2012
Chaar Din Ki Chandni,Samir Karnik,"Kulraj Randhawa, Tusshar Kapoor, Anupam Kher, Om Puri, Anita Raj[20]",2012
Say Yes to Love,Mahrukh Mirza Beg,"Asad Mirza, Nazia Hussain, Aditya Raj Kapoor[21]",2012
Akkad Bakkkad Bam Be Bo,Dweep Raj Kochhar,Dweep Raj Kochhar[22],2012
Zindagi Tere Naam,Ashu Trikha,"Mithun Chakraborthy, Ranjeeta Kaur, Ashish Sharma[22]",2012
Agent Vinod,Sriram Raghavan,"Saif Ali Khan, Kareena Kapoor, Ram Kapoor, Prem Chopra, Shahbaz Khan, Adil Hussain, Ravi Kishan[21]",2012
Blood Money,Vishal Mahadkar,"Kunal Khemu, Amrita Puri, Manish Chaudhari, Teeshay Shah, Puja Gupta[23]",2012
Bumboo,Jagdish Rajpurohit,"Sharat Saxena, Sanjay Mishra[21]",2012
Bittoo Boss,Supavitra Babul,"Pulkit Samrat, Amita Pathak[25]",2012
Ab Hoga Dharna Unlimited,Deepak Tanwar,"Saurabh Malik, Rekha Rana, Omkar Das Manikpuri[26]",2012
Vicky Donor,Shoojit Sircar,"Ayushmann Khurrana, Yami Gautam, Annu Kapoor, John Abraham[27]",2012
Hate Story,Vivek Agnihotri,"Paoli Dam, Gulshan Devaiah, Nikhil Dwivedi[27]",2012
Chhodo Kal Ki Baatein,Pramod Joshi,"Sachin Khedekar, Aanjjan Srivastav, Atul Parchure, Anupam Kher[26]",2012
Tezz,Priyadarshan,"Ajay Devgn, Anil Kapoor, Kangana Ranaut, Zayed Khan, Sameera Reddy, Boman Irani, Mohanlal, Mallika Sherawat[28]",2012
Life Ki Toh Lag Gayi,Rakesh Mehta,"Ranvir Shorey, Kay Kay Menon, Manu Rishi, Rukhsar Rehman, Neha Bhasin[28]",2012
Jannat 2,Kunal Deshmukh,"Emraan Hashmi, Esha Gupta, Randeep Hooda[29]",2012
Fatso!,Rajat Kapoor,"Ranvir Shorey, Gul Panag, Purab Kohli[29]",2012
The Forest,Ashvin Kumar,"Ankur Vikal, Nandana Sen, Jaaved Jaaferi[29]",2012
"Love, Lies & Seeta",Chandra Pemmaraju,"Melanie Kannokada, Arjun Gupta, Lavrenti Lopes[29]",2012
Dangerous Ishq,Vikram Bhatt,"Karisma Kapoor, Rajneesh Duggal, Jimmy Sheirgill, Divya Dutta[30]",2012
Chhota Bheem and the Curse of Damyaan,Rajiv Chilaka,"Voice-over by Kaustav Ghosh, Rupa Bhimani[31]",2012
Ishaqzaade,Habib Faisal,"Arjun Kapoor, Parineeti Chopra, Gauahar Khan[32]",2012
Department,Ram Gopal Varma,"Amitabh Bachchan, Sanjay Dutt, Rana Daggubati, Anjana Sukhani, Lakshmi Manchu, Naseeruddin Shah[33]",2012
Mr. Bhatti on Chutti,Karan Razdan,"Anupam Kher, Abid Ali[34]",2012
Arjun: The Warrior Prince,Arnab Chaudhuri,"Voice-over by Yuddvir Bakolia, Anjan Srivastav, Sachin Khedekar, Ila Arun, Vishnu Sharma[35]",2012
MLA,Shiv Dube,"Mukesh Tiwari, Omkar Das Manikpuri[36]",2012
Rakhtbeej,Anil Balani,"Maanas Srivastavam, Sayantani Nandi",2012
Yeh Khula Aasmaan,Gitanjali Sinha,"Raghubir Yadav, Yashpal Sharma",2012
"Love, Wrinkle-free",Sandeep Mohan,"Ash Chandler, Shernaz Patel",2012
Shanghai,Dibakar Banerjee,"Emraan Hashmi, Abhay Deol, Kalki Koechlin, Prasenjit Chatterjee[38]",2012
Ferrari Ki Sawaari,Rajesh Mapuskar,"Sharman Joshi, Boman Irani, Vidya Balan, Ritvik Sahore[39]",2012
Qasam Se Qasam Se,Azim Rizvi,"Faith, Rakhi Sawant, Satish Kaushik, Mukesh Tiwari, Omkar Das Manikpuri[40]",2012
Teri Meri Kahaani,Kunal Kohli,"Shahid Kapoor, Priyanka Chopra, Prachi Desai, Neha Sharma[41]",2012
Gangs of Wasseypur – Part 1,Anurag Kashyap,"Manoj Bajpai, Nawazuddin Siddiqui, Piyush Mishra, Richa Chadda, Huma Qureshi, Reema Sen[42]",2012
Maximum,Kabeer Kaushik,"Sonu Sood, Naseeruddin Shah, Neha Dhupia, Vinay Pathak[43]",2012
3 Bachelors,Ajay Sinha,"Sharman Joshi, Riya Sen, Raima Sen[45]",2012
Cocktail,Homi Adajania,"Deepika Padukone, Saif Ali Khan, Diana Penty, Dimple Kapadia, Boman Irani, Randeep Hooda[46]",2012
Gattu,Rajan Khosa,"Sarvasva, Mohammad Samad, Naresh Kumar[47]",2012
Challo Driver,Vickrant Mahajan,"Kainaz Motivala, Vickrant Mahajan, Prem Chopra, Manoj Pahwa[48]",2012
Mere Dost Picture Abhi Baki Hai,Rajnish Raj Thakur,"Suniel Shetty, Rajpal Yadav[49]",2012
Kyaa Super Kool Hain Hum,Sachin Yardi,"Tusshar Kapoor, Riteish Deshmukh, Neha Sharma, Sarah-Jane Dias[50]",2012
Aalaap,Manish Manikpuri,"Amit Purohit, Pitobash Tripathy, Gamya Wijayadasa, Rituparna Sengupta",2012
Overtime,Ajay Yadav,"Swati Sharma, Yashpal Sharma, Satish Kaushik[51]",2012
Jism 2,Pooja Bhatt,"Sunny Leone, Arunoday Singh, Randeep Hooda[52]",2012
Krishna Aur Kans,Vikram Veturi,"Voice-over by Om Puri, Juhi Chawla, Manoj Bajpai, Anupam Kher, A. K. Hangal, Sachin Pilgaonkar, Supriya Pilgaonkar, Prachi Save[53][54]",2012
Gangs of Wasseypur – Part 2,Anurag Kashyap,"Nawazuddin Siddiqui, Tigmanshu Dhulia, Piyush Mishra, Richa Chadda, Huma Qureshi, Reema Sen[55]",2012
Paanch Ghantey Mien Paanch Crore,Faisal Saif,"Meera, Abhishek Kumar, Kavita Radheshyam, Shawar Ali",2012
Shirin Farhad Ki Toh Nikal Padi,Bela Sehgal,"Boman Irani, Farah Khan[57]",2012
Joker,Shirish Kunder,"Akshay Kumar, Sonakshi Sinha, Chitrangada Singh, Shreyas Talpade, Minissha Lamba[58]",2012
Jalpari: The Desert Mermaid,Nila Madhab Panda,"Rahul Singh, Suhasini Mulay, Lehar Khan, Harsh Mayar, Tannishtha Chatterjee, Parvin Dabas",2012
From Sydney with Love,Prateek Chakraborty,"Sharad Malhotra, Prateek Chakraborty, Evelyn Sharma, Bidita Bag[59]",2012
I M 24,Saurabh Shukla,"Ranvir Shorey, Neha Dhupia, Saurabh Shukla, Rajat Kapoor, Manjari Fadnis, Delnaaz Irani, Lillete Dubey, Karan Singh Grover",2012
Raaz 3: The Third Dimension,Vikram Bhatt,"Emraan Hashmi, Bipasha Basu, Esha Gupta[60]",2012
Chal Pichchur Banate Hain,Pritish Chakraborty,"Rahil Tandon, Bhavna Ruparel[61]",2012
Jeena Hai Toh Thok Daal,Manish Vatsalya,"Ravi Kishan, Yashpal Sharma, Govind Namdev, Hazel Crowney, Sharat Saxena[63]",2012
Heroine,Madhur Bhandarkar,"Kareena Kapoor, Arjun Rampal, Randeep Hooda, Mugdha Godse, Raqesh Bapat, Divya Dutta, Lillete Dubey[64]",2012
Kamaal Dhamaal Malamaal,Priyadarshan,"Paresh Rawal, Om Puri, Nana Patekar, Shreyas Talpade, Rajpal Yadav, Nyra Banerjee[65]",2012
OMG – Oh My God!,Umesh Shukla,"Paresh Rawal, Akshay Kumar, Mithun Chakraborty, Nidhi Subbaiah, Lubna Salim, Prabhu Deva, Sonakshi Sinha[66]",2012
English Vinglish,Gauri Shinde,"Sridevi, Priya Anand, Mehdi Nebbou, Amitabh Bachchan[67]",2012
Kismat Love Paisa Dilli,Sanjay Khanduri,"Vivek Oberoi, Mallika Sherawat[68]",2012
Aiyyaa,Sachin Kundalkar,"Rani Mukerji, Prithviraj Sukumaran[69]",2012
Login,Sanjeev Reddy,"Himansu Bhatt, Radhika Roy, Akkash Basant, Rashmi Gautam, Nandini Rai[70]",2012
Chittagong,Bedabrata Pain,"Manoj Bajpai, Vega Tamotia, Nawazuddin Siddiqui, Barry John[71]",2012
Bhoot Returns,Ram Gopal Verma,"Manisha Koirala, J. D. Chakravarthy[72]",2012
Student of the Year,Karan Johar,"Sidharth Malhotra, Alia Bhatt, Varun Dhawan, Rishi Kapoor[73]",2012
Delhi Safari,Nikhil Advani,"Voice-over by Akshaye Khanna, Suniel Shetty, Urmila Matondkar, Boman Irani, Govinda, Swini Khara[74]",2012
Chakravyuh,Prakash Jha,"Arjun Rampal, Abhay Deol, Esha Gupta, Manoj Bajpai, Kabir Bedi[75]",2012
Ajab Gazabb Love,Sanjay Gadhvi,"Jackky Bhagnani, Nidhi Subbaiah, Arjun Rampal, Darshan Jariwala, Kirron Kher[76]",2012
Rush,"Shamin Desai, Priyanka Desai","Emraan Hashmi, Neha Dhupia, Sagarika Ghatge, Aditya Pancholi[77]",2012
Luv Shuv Tey Chicken Khurana,Sameer Sharma,"Kunal Kapoor, Huma Qureshi[78]",2012
1920: The Evil Returns,Bhushan Patel,"Aftab Shivdasani, Tia Bajpai, Vidya Malvade[79]",2012
Ata Pata Laapata,Rajpal Yadav,"Rajpal Yadav, Ashutosh Rana, Asrani[80]",2012
Sons of Ram,Kushal Ruia,"Voice over by Sunidhi Chauhan, Aditya Kapadia, Devansh Doshi, Saptharishi Ghosh[81]",2012
Future To Bright Hai Ji,Sanjay Amar,"Aamir Bashir, Sonal Sehgal, Satish Kaushik[82]",2012
Son Of Sardaar,Ashwni Dhir,"Ajay Devgn, Sanjay Dutt, Juhi Chawla, Sonakshi Sinha[84]",2012
Khiladi 786,Ashish R Mohan,"Akshay Kumar, Asin, Mithun Chakraborty, Raj Babbar, Himesh Reshammiya, Paresh Rawal[86]",2012
The Last Act,12 directors,Saurabh Shukla[87],2012
Cigarette Ki Tarah,Akashaditya Lama,"Bhoop Yaduvanshi, Prashant Narayanan, Madhurima Tuli, Sudesh Berry[88]",2012
Mysterious Girl,,"Uday Kiran, Venya",2012
Dhoom 3,,,2013
Chennai Express,,,2013
Krrish 3,,,2013
Yeh Jawaani Hai Deewani,,,2013
Aashiqui 2,,,2013
Goliyon Ki Raasleela Ram-Leela,,,2013
Vishwaroopam,,,2013
Bhaag Milkha Bhaag,,,2013
Race 2,,,2013
Grand Masti,,,2013
Table No. 21,Aditya Datt,"Paresh Rawal, Rajeev Khandelwal, Tina Desai",2013
Dehraadun Diary,Milind Ukey,"Adhyayan Suman, Rohit Bakshi, Ragini Nandwani, Ashwini Kalsekar, Rati Agnihotri",2013
Syed Noor,Gurdeep Singh Mehndi,Comedy,2013
Matru Ki Bijlee Ka Mandola,Vishal Bhardwaj,"Imran Khan, Anushka Sharma, Pankaj Kapur",2013
Pyaar Mein Aisa Hota Hai,Rajesh Kumar,"Mohd Nazim, Aanamika Bawa, Rohit Rajawat, Aayushi Sharma",2013
Gangoobai,Priya Krishnaswamy,"Sarita Joshi, Purab Kohli, Mita Vasisht",2013
Inkaar,Sudhir Mishra,"Arjun Rampal, Chitrangada Singh, Deepti Naval, Kanwaljit Singh",2013
Mumbai Mirror,Ankush Bhatt,"Sachiin Joshi, Gihana Khan, Prakash Raj",2013
Bandook,Aditya Om,"Aditya Om, Manisha Kelkar, Arshad Khan",2013
Akaash Vani,Luv Ranjan,"Kartik Tiwari, Nushrat Bharucha",2013
Rajiv S. Ruia,"Hrithik Roshan, Juhi Chawla, Rajneesh Duggal, Misti Mukherjee, Katrina Kaif",Animation/musical,2013
Deewana Main Deewana,K.C. Bokadia,"Govinda, Priyanka Chopra",2013
David,Bejoy Nambiar,"Vikram, Lara Dutta, Vinay Virmani, Neil Nitin Mukesh, Tabu",2013
Mai...,Mahesh Kodiyal,"Asha Bhosle, Ram Kapoor, Padmini Kolhapure",2013
Listen... Amaya,Avinash Kumar Singh,"Farooq Sheikh, Deepti Naval, Swara Bhaskar",2013
Special 26,Neeraj Pandey,"Akshay Kumar, Kajal Aggarwal, Manoj Bajpayee, Anupam Kher, Jimmy Sheirgill[19]",2013
ABCD: Any Body Can Dance,Remo D'Souza,"Prabhu Deva, Ganesh Acharya, Kay Kay Menon, Lauren Gottlieb, Punit Pathak, Dharmesh Yelande, Salman Yusuff Khan",2013
The Unsound,Alok Shrivastava,"Shadaab Khan, Anurita Jha[20]",2013
Jayantabhai Ki Luv Story,Vinnil Markan,"Vivek Oberoi, Neha Sharma[21]",2013
Murder 3,Vishesh Bhatt,"Randeep Hooda, Aditi Rao Hydari, Sara Loren",2013
Kai Po Che!,Abhishek Kapoor,"Sushant Singh Rajput, Rajkumar Rao, Amit Sadh, Amrita Puri",2013
Zila Ghaziabad,Anand Kumar,"Arshad Warsi, Vivek Oberoi, Sanjay Dutt, Minissha Lamba, Ravi Kishan, Paresh Rawal",2013
"I, Me Aur Main",Kapil Sharma,"John Abraham, Prachi Desai, Chitrangda Singh",2013
Bloody Isshq,Arup Dutta,"Akash Singh, Shilpa Anand, Tripta Parashar",2013
The Attacks of 26/11,Ram Gopal Varma,Nana Patekar,2013
"Saheb, Biwi Aur Gangster Returns",Tigmanshu Dhulia,"Jimmy Sheirgill, Mahie Gill, Irrfan Khan, Soha Ali Khan",2013
Saare Jahaan Se Mehnga,Anshul Sharma,"Sanjay Mishra, Ranjan Chhabra, Disha Pandey, Vishwa Mohan Badola, Pramod Pathak, Zakir Hussain",2013
3G - A Killer Connection,"Shantanu, Sheershak Anand","Neil Nitin Mukesh, Sonal Chauhan",2013
Asab Bosana Mera Story Hai,"Shoresa Khan, Herisa Sharma","Arjun Mathur, Gabriela Bertante",2013
Mere Dad Ki Maruti,Ashima Chibber,"Saqib Saleem, Ram Kapoor, Rhea Chakraborty, Prabal Panjabi",2013
Jolly LLB,Subhash Kapoor,"Arshad Warsi, Amrita Rao, Boman Irani, Saurabh Shukla",2013
Rangrezz,Priyadarshan,"Jackky Bhagnani, Priya Anand, Rajpal Yadav, Evelyn Sharma",2013
The Adventures of Sinbad,"Shinjan Neogi, Abhishek Panchal","Vaibhav, Manju",2013
Sona Spa,,,2013
Himmatwala,Sajid Khan,"Ajay Devgn, Tamannaah, Mahesh Manjrekar, Riteish Deshmukh",2013
Chashme Baddoor,David Dhawan,"Ali Zafar, Siddharth, Taapsee Pannu, Divyendu Sharma[39]",2013
Nautanki Saala,Rohan Sippy,"Ayushmann Khurrana, Kunaal Roy Kapur, Pooja Salvi, Evelyn Sharma[40]",2013
Commando: A One Man Army,Dilip Ghosh,"Vidyut Jamwal, Pooja Chopra, Jaideep Ahlawat[41]",2013
Ek Thi Daayan,Kannan Iyer,"Emraan Hashmi, Huma Qureshi, Konkona Sen Sharma, Kalki Koechlin[42]",2013
Shree,Rajesh Bachchani,"Hussain Kuwajerwala, Paresh Ganatra, Anjali Patil[44]",2013
Shootout at Wadala,Sanjay Gupta,"John Abraham, Anil Kapoor, Kangana Ranaut, Manoj Bajpayee, Sonu Sood, Tushar Kapoor, Ronit Roy, Mahesh Manjrekar, Karan Patel, Jackie Shroff, Raju Kher[45]",2013
Bombay Talkies,"Anurag Kashyap, Karan Johar, Zoya Akhtar, Dibakar Banerjee","Rani Mukerji, Nawazuddin Siddiqui, Randeep Hooda, Saqib Saleem, Sadashiv Amrapurkar, Katrina Kaif[46]",2013
Chhota Bheem and the Throne of Bali,Rajiv Chilaka,,2013
Go Goa Gone,"Raj Nidimoru, Krishna D.K.","Saif Ali Khan, Kunal Khemu, Vir Das, Puja Gupta[48]",2013
Gippi,Sonam Nair,"Riya Vij, Divya Dutta, Taaha Shah[49]",2013
Aurangzeb,Atul Sabharwal,"Arjun Kapoor, Prithviraj Sukumaran, Jackie Shroff, Rishi Kapoor, Sasha Agha[50]",2013
I Don't Luv U,Amit Kasaria,"Ruslaan Mumtaz, Chetna Pande[51]",2013
Beehad - The Ravines,Krishna Mishra,"Vikas Shrivastav, Maan Singh Deep, Mangal Singh, Deepa",2013
Ishkq in Paris,Prem Raj,"Preity Zinta, Rhehan Malliek, Isabelle Adjani[52]",2013
Hum Hai Raahi Car Ke,Jyotin Goel,"Adah Sharma, Dev Goel, Sanjay Dutt, Juhi Chawla, Chunky Pandey[53]",2013
Zindagi 50-50,Rajiv S. Ruia,"Riya Sen, Rajan Verma, Veena Malik, Arya Babbar, Supriya Kumari, Rajpal Yadav[54]",2013
Yamla Pagla Deewana 2,Sangeeth Sivan,"Dharmendra, Sunny Deol, Bobby Deol, Neha Sharma, Kristina Akheeva[56]",2013
Mere Haule Dost,Nitin Raghunath,"Anirudh Loka, Raghuvardhan Garlapati, Aadil Abedi",2013
Fukrey,Mrigdeep Singh Lamba,"Pulkit Samrat, Manjot Singh, Ali Fazal, Richa Chadda, Vishakha Singh, Priya Anand, Pankaj Tripathi[57]",2013
Ankur Arora Murder Case,Suhail Tatari,"Kay Kay Menon, Paoli Dam, Arjun Mathur, Vishakha Singh, Harsh Chhaya[58]",2013
Raanjhanaa,Anand L. Rai,"Dhanush, Sonam Kapoor, Abhay Deol, Swara Bhaskar, Mohammed Zeeshan Ayyub[59]",2013
Enemmy,Ashu Trikha,"Mithun Chakraborty, Sunil Shetty, Mahakshay Chakraborty, Kay Kay Menon, Johnny Lever, Mahesh Manjrekar, Yuvika Chaudhary[60]",2013
Shortcut Romeo,Susi Ganeshan,"Neil Nitin Mukesh, Ameesha Patel, Puja Gupta[61]",2013
Hai Golmaal In White House,Salar Sheikh,"Rajpal Yadav, Govind Namdeo, Pratima Kazmi",2013
Ghanchakkar,Rajkumar Gupta,"Emraan Hashmi, Vidya Balan, Rajesh Sharma[62]",2013
Lootera,Vikramaditya Motwane,"Ranveer Singh, Sonakshi Sinha[63]",2013
Policegiri,K. S. Ravikumar,"Sanjay Dutt, Prakash Raj, Om Puri, Prachi Desai[64]",2013
Sixteen,Raj Purohit,"Izabelle Leite, Darshan Jariwala, Wamiqa Gabbi, Highphill Mathew, Rohan Mehra[citation needed]",2013
Boyss Toh Boyss Hain,Amit Vats,"Raj Kumar Yadav, Anshuman Jha, Divya Dutta, Sharat Saxena, Dhruv Ganesh, Aarya Kumar[66]",2013
Shorts,"Shlok Sharma, Siddharth Gupt, Anirban Roy, Rohit Pandey, Neeraj Ghaywan","Nawazuddin Siddiqui, Huma Qureshi, Richa Chadda, Vineet Kumar Singh",2013
Ramaiya Vastavaiya,Prabhudeva,"Girish Kumar, Shruti Haasan[67]",2013
D Day,Nikhil Advani,"Arjun Rampal, Rishi Kapoor, Shruti Haasan, Irrfan Khan, Huma Qureshi[68]",2013
Ship of Theseus,Anand Gandhi,"Aida Al-Khashef, Niraj Kabi, Sohum Shah, Vinay Shukla[citation needed]",2013
Issaq,Manish Tiwary,"Prateik Babbar, Amyra Dastur, Rajeshwari Sachdev, Evelyn Sharma, Ravi Kishan, Makarand Deshpande[69]",2013
Bajatey Raho,Shashant Shah,"Vinay Pathak, Ranvir Shorey, Ravi Kishan, Dolly Ahluwalia[70]",2013
Luv U Soniyo,Joe Rajan,"Tanuj Virwani, Neha Hinge[71]",2013
Nasha,Amit Saxena,"Poonam Pandey, Shivam, Ranbir Chakma[72]",2013
Rabba Main Kya Karoon,Amrit Sagar Chopra,"Arshad Warsi, Akash Chopra, Paresh Rawal[73]",2013
Chor Chor Super Chor,K. Rajesh,"Deepak Dobriyal, Anshul Kataria, Priya Bathija, Paru Uma[74]",2013
B.A. Pass,Ajay Bahl,"Shilpa Shukla, Shadab Kamal, Rajesh Sharma[75]",2013
Calapor,Dinesh P. Bhonsle,"Rituparna Sengupta, Priyanshu Chatterjee, Raghubir Yadav, Harsh Chhaya[76]",2013
Love in Bombay,Joy Mukherjee,"Joy Mukherjee, Waheeda Rehman, Kishore Kumar, Ashok Kumar, Rehman[77]",2013
Once Upon ay Time in Mumbai Dobaara!,Milan Luthria,"Akshay Kumar, Imran Khan, Sonakshi Sinha, Sonali Bendre, Mahesh Manjrekar[79]",2013
Madras Cafe,Shoojit Sircar,"John Abraham, Nargis Fakhri, Raashii Khanna",2013
Satyagraha,Prakash Jha,"Amitabh Bachchan, Ajay Devgn, Kareena Kapoor, Arjun Rampal, Amrita Rao, Manoj Bajpai[80]",2013
Zanjeer,Apoorva Lakhia,"Ram Charan, Priyanka Chopra, Sanjay Dutt, Mahie Gill, Prakash Raj, Atul Kulkarni[81]",2013
Shuddh Desi Romance,Maneesh Sharma,"Sushant Singh Rajput, Parineeti Chopra, Vaani Kapoor, Rishi Kapoor[82]",2013
Zindagi Jalebi,Karan Kashyap,"Avinash Bhargava, Leena, Samarth Chaturvedi",2013
Siddharth,Richie Mehta,Rajesh Tailang,2013
John Day,Ahishor Solomon,"Naseeruddin Shah, Randeep Hooda[84]",2013
Horror Story,Ayush Raina,"Karan Kundra, Nishant Singh Malkani, Ravish Desai, Hasan Zaidi, Sheetal Singh, Aparna Bajpai, Radhika Menon, Nandini Vaid[85]",2013
Phata Poster Nikhla Hero,Rajkumar Santoshi,"Shahid Kapoor, Ileana D'Cruz, Parul Yadav, Padmini Kolhapure, Darshan Jariwala[86]",2013
The Lunchbox,Ritesh Batra,"Irrfan Khan, Nawazuddin Siddiqui, Bharati Achrekar[87]",2013
Warning,Gurmmeet Singh,"Santosh Barmola, Suzana Rodrigues, Manjari Fadnis, Varun Sharma, Jitin Gulati, Sumit Suri, Madhurima Tuli[88]",2013
Maazii,Jaideep Chopra,"Sumeet Nijhawan, Mona Wasu, Pankaj Tripathi, Mohd. Zeeshan Ayyub, Manish Chaudhary[89]",2013
Prague,Ashish R Shukla,"Chandan Roy Sanyal, Elena Kazan, Arfi Lamba, Kumar Mayank[90]",2013
Super Model,Navin Batra,"Veena Malik, Ashmit Patel, Jackie Shroff[91]",2013
Besharam,Abhinav Kashyap,"Ranbir Kapoor, Pallavi Sharda, Rishi Kapoor, Neetu Singh[92]",2013
War Chhod Na Yaar,Faraz Haider,"Sharman Joshi, Jaaved Jaaferi, Soha Ali Khan, Sanjay Mishra[93]",2013
Baat Bann Gayi,Shuja Ali,"Ali Fazal, Gulshan Grover, Anisa[94]",2013
Ekk Thee Sanam,Monish Kaushal,"Nisha Triloki, Rajender Thakur, Gopal Thakur[95]",2013
Paapi - Ek Satya Katha,Aziz Sejawal,"Arya Babbar, Prosenjit Chatterjee, Sayantika Banerjee, Pooja Bharti, Rajesh Sharma, Harish Patel[96]",2013
Boss,Anthony D'Souza,"Akshay Kumar, Mithun Chakraborty, Danny Denzongpa, Ronit Roy, Aditi Rao Hydari, Shiv Panditt, Johny Lever[97]",2013
Shahid,Hansal Mehta,"Rajkummar Rao, Tigmanshu Dhulia, Kay Kay Menon, Prabal Panjabi[98]",2013
Wake Up India,Babloo Seshadri,"Chirag Patil, Sai Tamhankar, Manoj Joshi, Aanjjan Srivastav, Mukesh Tiwari, Mohan Joshi, Milind Gunaji, Anant Jog, Adi Irani, Mushtaq Khan, Atul Parchure, Asrani, Anjula Singh Mahor[99]",2013
Amdavad Junction,Apurv Bajpai,"Rohan Jardosh, Saurabh Singh, Gunjan Vyas, Touqeer Khan, Ishita Salot, Devendra Trivedi, Hitesh Patel, Swapna Nair[100]",2013
Dilli Gang,Ashish Tyagi,"Darshan Jariwala, Neena Kulkarni, Yashpal Sharma, Amir Dalvi, Asif Basra, Asif Ali[101]",2013
Mickey Virus,Saurabh Varma,"Manish Paul, Elli Avram, Varun Badola, Manish Chaudhary, Puja Gupta[102]",2013
Ishk Actually,Anish Khanna,"Rajeev Khandelwal, Raayo S Bakhirta, Neha Ahuja, Ann Mitchai, Neha Ghelot, Siddharth Van Shipley[103]",2013
Sooper Se Ooper,Shekhar Ghosh,"Vir Das, Kirti Kulhari, Gulshan Grover, Deepak Dobriyal, Yashpal Sharma[104]",2013
Satya 2,Ram Gopal Varma,"Puneet Singh Ratn, Anaika Soti,[106] Mahesh Thakur, Aradhna Gupta,[107][108] Raj Premi, Vikram Singh[109]",2013
Rajjo,Vishwas Patil,"Kangana Ranaut, Paras Arora, Mahesh Manjrekar, Prakash Raj, Jaya Prada",2013
Kaand: Black Scandal,Santosh K. Gupta,"Suraj K. Shah, J. B. Rana, Dipanshi",2013
Gori Tere Pyaar Mein,Punit Malhotra,"Imran Khan, Kareena Kapoor, Shraddha Kapoor, Anupam Kher[111]",2013
Singh Saab The Great,Anil Sharma,"Sunny Deol, Amrita Rao, Johny Lever, Urvashi Rautela[112]",2013
Bullett Raja,Tigmanshu Dhulia,"Saif Ali Khan, Sonakshi Sinha, Jimmy Sheirgill, Vidyut Jamwal, Chunky Pandey[113]",2013
R... Rajkumar,Prabhudeva,"Shahid Kapoor, Sonakshi Sinha, Sonu Sood, Asrani, Ashish Vidyarthi[114]",2013
Jackpot,Kaizad Gustad,"Sachiin J Joshi, Naseeruddin Shah, Sunny Leone[115]",2013
What the Fish,Gurmmet Singh,"Dimple Kapadia, Manu Rishi, Manjot Singh, Anand Tiwari",2013
PK,,,2014
Kick,,,2014
Happy New Year,,,2014
Bang Bang!,,,2014
Singham Returns,,,2014
Jai Ho,,,2014
Holiday: A Soldier Is Never Off Duty,,,2014
2 States,,,2014
Ek Villain,,,2014
Gunday,,,2014
Mr Joe B. Carvalho,Samir Tiwari,"Arshad Warsi, Soha Ali Khan, Javed Jaffrey, Vijay Raaz",2014
19th January,Sanjay Amar,"Deepti Naval, K. K. Raina, Bidita Baig, Madhuri Bhatia",2014
Sholay 3D,Ramesh Sippy,"Dharmendra, Amitabh Bachchan, Hema Malini, Jaya Bhaduri, Sanjeev Kumar, Amjad Khan, A.K. Hangal",2014
Dedh Ishqiya,Abhishek Chaubey,"Naseeruddin Shah, Arshad Warsi, Madhuri Dixit, Huma Qureshi",2014
Yaariyan,Divya Khosla Kumar,"Himansh Kohli, Shreyas Pardiwalla, Dev Sharma, Nicole Faria, Rakul Preet Singh",2014
Karle Pyaar Karle,Rajesh Pandey,"Shiv Darshan, Hasleen Kaur",2014
Miss Lovely,Ashim Ahluwalia,"Nawazuddin Siddiqui, Niharika Singh",2014
Om-Dar-B-Dar,Kamal Swaroop,"Aditya Lakhia, Manish Gupta, Anita Kanwar, Gopi Desai",2014
Paranthe Wali Gali,Sachin Gupta,"Anuj Saxena, Neha Pawar, Mohinder Gujral, Vijayant Kohli, Himanshu Thakkar, Yuvraj Haral",2014
Strings of Passion,Sanghamitra Chaudhari,"Zeenat Aman, Indrani Haldar, Shubh Mukherjee, Rajesh Sharma",2014
One by Two,Devika Bhagat,"Abhay Deol, Preeti Desai, Rati Agnihotri, Jayant Kripalani, Darshan Jariwala, Lilette Dubey, Anish Trivedi",2014
Babloo Happy Hai,Nila Madhab Panda,"Sahil Anand, Erica Fernandes, Preet Kamal, Sumit Suri, Amol Parashar, Reyhna Malhotra, Parvin Dabas, Anu Choudhury, Pooja Tawde, Khusbhoo Purohit, Mika Singh",2014
Hasee Toh Phasee,Vinil Mathew,"Sidharth Malhotra, Parineeti Chopra, Adah Sharma",2014
Heartless,Shekhar Suman,"Adhyayan Suman, Ariana Ayam, Om Puri, Deepti Naval, Madan Jain, Shekhar Suman",2014
Ya Rab,Hasnain Hyderabadwala,"Manzar Sehbai, Ajaz Khan, Akhilendra Mishra, Raju Kher, Kishori Shahane, Vikram Singh",2014
Kaho Na Kaho,Sanjay Niranjan,"Sikandar, Roshni, Raja",2014
Darr @ the Mall,Pawan Kripalani,"Jimmy Sheirgill, Nushrat Bharucha, Arif Zakaria, Asif Basra, Nivedita Bhattacharya",2014
Dee Saturday Night,Jay Prakash,"Prashant Narayanan, Arif Zakaria, Aman Verma, Mahi Khanduri, Gaurav Dixit, Nazneen Patel",2014
Gulabi Gang,Nishtha Jain,Sampat Pal Devi,2014
Highway,Imtiaz Ali,"Randeep Hooda, Alia Bhatt",2014
Karar: The Deal,Sabir,"Tarun Arora, Mahek Chahal, Jyothi Rana",2014
Pyar Ka Live Show,Shailendra Singh Rajput,"Ishrat Ali, Rudraksh Pundhir, Rajni Mehta, Upasana Singh, Mushtaq Khan, Adi Irani, Shiva Rindan",2014
The Dark Secrets Of Tonhi,Shiraz Henry,"Natasha Sikka, J. Brandon Hill, Alex Peters, Smitha Siah, Priyanka Joshi",2014
Anuradha,Raju Mavani,"Sachin Khedekar, Smita Jaykar, Disha Choudhary, Shagun Sharma, Rahul Jain, Manoj Joshi, Kishori Shahane, Hrishitaa Bhatt, Aakash Sharma, Raju Mavani, Ganesh Acharya, Manoj Tiwari, Prashant Upadhyay",2014
Shaadi Ke Side Effects,Saket Chaudhary,"Farhan Akhtar, Vidya Balan, Vir Das, Ram Kapoor, Gautami Kapoor, Purab Kohli, Rati Agnihotri",2014
Akela The Alone,Abrar Qazi,"Rizwan Qazi, Qasim Bilal, Adil Ahmed",2014
Gulaab Gang,Soumik Sen,"Madhuri Dixit, Juhi Chawla",2014
Queen,Vikas Bahl,"Kangana Ranaut, Rajkummar Rao, Lisa Haydon",2014
Total Siyapaa,E Niwas,"Ali Zafar, Yami Gautam, Sara Khan, Anupam Kher, Kiron Kher",2014
Bewakoofiyaan,Nupur Asthana,"Ayushmann Khurrana, Sonam Kapoor, Rishi Kapoor",2014
Neighbours,Shyam Ramsay,"Arbaaz Ali Khan, Roushika Reikhi, Shakti Kapoor, Gavie Chahal, Rufy Khan, Hritu Dudani, Kirti Vaidhya, Prince Sodhi, Sunny Singh",2014
W,Tarun Madan Chopra,"Danish Pandor, Raaj Singh Arora, Leslie Tripathy, Sonal Giani, Meer Ali, Abhey Attri",2014
Ankhon Dekhi,Rajat Kapoor,"Sanjay Mishra, Rajat Kapoor, Samit Das, Brijendra Kala",2014
Gang of Ghosts,Satish Kaushik,"Parambrata Chatterjee, Sharman Joshi, Mahie Gill, Anupam Kher, Meera Chopra, Saurabh Shukla, Chunky Pandey",2014
Lakshmi,Nagesh Kukunoor,"Monali Thakur, Satish Kaushik, Shefali Shetty, Ram Kapoor",2014
Ragini MMS 2,Bhushan Patel,"Sunny Leone, Parvin Dabas, Divya Dutta",2014
Dishkiyaoon,Sanamjit Talwar,"Sunny Deol, Harman Baweja, Ayesha Khanna, Prashant Narayanan",2014
O Teri,Umesh Bist,"Pulkit Samrat, Sarah-Jane Dias, Bilal Amrohi, Anupam Kher, Mandira Bedi, Vijay Raaz, Manoj Pahwa",2014
Station,Saad Khan,"Sameer Kevin Roy, Kanika Batra, Vibhinta Verma, Siddhanth Sundar",2014
Youngistaan,Syed Ahmad Afzal,"Jackky Bhagnani, Neha Sharma, Farooq Shaikh, Boman Irani",2014
Ebn-E-Batuta,Varun Middha,"Omkar Das Manikpuri, Rajeev Verma, Dev Gohar, Satyendra Khare, Nazea Sayed, Neelam Singh",2014
Honour Killing,Avtar Bhogal,"Zara Sheikh, Sandeep Singh, Tom Alter, Gulshan Grover, Prem Chopra",2014
Jal,Girish Malik,"Purab Kohli, Tannishtha Chatterjee, Kirti Kulhari, Yashpal Sharma",2014
Main Tera Hero,David Dhawan,"Varun Dhawan, Ileana D'Cruz, Nargis Fakhri, Abhimanyu Singh, Evelyn Sharma",2014
Bhoothnath Returns,Nitesh Tiwari,"Amitabh Bachchan, Parth Bhalerao, Boman Irani, Anurag Kashyap, Usha Jadhav",2014
Dekh Tamasha Dekh,Feroz Abbas Khan,"Satish Kaushik, Ganesh Yadav",2014
Lucky Kabootar,Shammi Chhabra,"Ravi Kishan, Eijaz Khan, Kulraj Randhawa, Shraddha Das, Sanjay Mishra, Madhavi Sharma",2014
Kaanchi: The Unbreakable,Subhash Ghai,"Mishti, Kartik Aaryan, Rishi Kapoor, Mithun Chakraborty",2014
Revolver Rani,Sai Kabir,"Kangana Ranaut, Vir Das, Piyush Mishra, Zakir Hussain",2014
Samrat & Co.,Kaushik Ghatak,"Rajeev Khandelwal, Madalasa Sharma",2014
Purani Jeans,Tanushri Chattrji Bassu,"Tanuj Virwani, Aditya Seal, Izabelle Leite, Sarika, Rati Agnihotri",2014
Kya Dilli Kya Lahore,Vijay Raaz,"Vijay Raaz, Manu Rishi, Raj Zutshi, Vishwajeet Pradhan",2014
Angry Young Man,Ramesh Rout,"Ajay Sinh Rathod, Prachi Sinha",2014
Kahin Hai Mera Pyar,Mahesh Vaijnath Doijode,"Abhishek Sethiya, Sonia Mann, Sanjay Kapoor, Jackie Shroff",2014
Hawaa Hawaai,Amole Gupte,"Partho Gupte, Saqib Saleem, Pragya Yadav",2014
Khwaabb,Zaid Ali Khan,"Navdip Singh, Simer Motiani, Nafisa Ali, Bajrang Bali Singh",2014
Koyelaanchal,Ashu Trikha,"Vinod Khanna, Suniel Shetty, Vipino",2014
Manjunath,Sandeep A. Varma,"Divya Dutta, Seema Biswas, Asif Basra, Yashpal Sharma",2014
Mastram,Akhilesh Jaiswal,"Rahul Bagga, Tara Alisha Berry",2014
Yeh Hai Bakrapur,Janaki Vishwanathan,"Anshuman Jha, Asif Basra, Amit Sial, Uttkarsh Majumdar, Faiz Mohammad, Suruchi Aulakh, Yaushika Verma, Shamim Khan",2014
The Xposé,Ananth Narayan Mahadevan,"Himesh Reshammiya, Sonali Raut, Yo Yo Honey Singh, Zoya Afroz, Irrfan Khan. Adil Hussain",2014
Children of War,Mrityunjay Devvrat,"Farooq Shaikh, Victor Banerjee, Pawan Malhotra, Indraneil Sengupta",2014
M3 - Midsummer Midnight Mumbai,Braj Bhushan,"Paras Chhabra, Sara Khan, M.A. Guddu, Pooja Thakur",2014
Heropanti,Sabbir Khan,"Tiger Shroff, Kriti Sanon & Prakash Raj",2014
CityLights,Hansal Mehta,"Rajkummar Rao, Patralekha",2014
Kuku Mathur Ki Jhand Ho Gayi,Aman Sachdeva,"Siddharth Gupta, Simran Kaur Mundi, Pallavi Batra",2014
Filmistaan,Nitin Kakkar,"Sharib Hashmi, Inaamulhaq, Kumud Mishra, Gopal Dutt",2014
Fugly,Kabir Sadanand,"Jimmy Sheirgill, Mohit Marwah, Kiara Advani, Vijender Singh, Arfi Lamba",2014
Machhli Jal Ki Rani Hai,Debaloy Dey,"Bhanu Uday, Swara Bhaskar, Murali Sharma, Reema Debnath, Sakha Kalyani Deepraj Rana",2014
Humshakals,Sajid Khan,"Saif Ali Khan, Esha Gupta, Riteish Deshmukh, Bipasha Basu, Ram Kapoor, Tamannaah Bhatia",2014
Bobby Jasoos,Samar Shaikh,"Vidya Balan, Ali Fazal, Arjan Bajwa, Anupriya Kapoor, Supriya Pathak, Tanvi Azmi",2014
Lekar Hum Deewana Dil,Arif Ali,"Armaan Jain, Deeksha Seth, Nikita Dutta",2014
Humpty Sharma Ki Dulhania,Shashank Khaitan,"Varun Dhawan, Alia Bhatt, Sidharth Shukla",2014
Munna Mange Memsaab,Shareeph Mansuri Saranawala,"Omkar Das Manikpuri, Razak Khan, Himani Shivpuri",2014
Hate Story 2,Vishal Pandya,"Surveen Chawla, Sushant Singh, Jay Bhanushali, Siddharth Kher, Rajesh Khera",2014
Bazaar-E-Husn,Ajay Mehra,"Om Puri, Reshmi Ghosh, Yashpal Sharma, Jeet Goshwami",2014
Riyasat,Ashok Tyagi,"Rajesh Khanna, Aryaman Ramsay, Aryan Vaid, Raja Murad, Vishwajeet Pradhan",2014
Amit Sahni Ki List,Ajay Bhuyan,"Vir Das, Vega Tamotia, Anindita Nayar, Kavi Shastri",2014
Pizza,Akshay Akkineni,"Akshay Oberoi, Parvathy Omanakuttan, Dipannita Sharma",2014
Entertainment,Sajid-Farhad,"Akshay Kumar, Tamannaah Bhatia, Prakash Raj, Sonu Sood, Mithun Chakraborty",2014
Life is Beautiful!,Manoj Amarnani,"Manoj Amarnani, Anokhi Dalvi, Nancy Brunetta, Parth Naik, Raj Zutshi",2014
Mad About Dance,Saahil Prem,"Saahil Prem, Amrit Maghera",2014
Mardaani,Pradeep Sarkar,"Rani Mukerji, Tahir Raj Bhasin, Jisshu Sengupta",2014
Mumbhai Connection,Atlanta Nagendra,"Rafiq Batcha, Srinivas, Dick Mays, Alieesa Badresia",2014
Raja Natwarlal,Kunal Deshmukh,"Emraan Hashmi, Humaima Malick, Paresh Rawal, Deepak Tijori, Kay Kay Menon",2014
Mary Kom,Omung Kumar,"Priyanka Chopra, Minakkshi Kalitaa, Zachary Coffin",2014
Creature,Vikram Bhatt,"Bipasha Basu, Imran Abbas",2014
Daawat-e-Ishq,Habib Faisal,"Aditya Roy Kapur, Parineeti Chopra, Anupam Kher",2014
Khoobsurat,Shashanka Ghosh,"Sonam Kapoor, Fawad Khan, Kiron Kher, Ratna Pathak, Aamir Raza Hussain",2014
3 A.M.,Vishal Mahadkar,"Rannvijay Singh, Anindita Nayar, Salil Acharya, Kavin Dave",2014
Chaarfutiya Chhokare,Manish Harishankar,"Soha Ali Khan, Seema Biswas, Zakir Hussain",2014
Desi Kattey,Anand Kumar,"Suniel Shetty, Akhil Kapur, Jay Bhanushali, Sasha Agha, Tia Bajpai",2014
Meinu Ek Ladki Chaahiye,Abhishek Bindal,"Raghuvir Yadav, Puru Chibber, Reecha Sinha, Zakir Hussain",2014
Balwinder Singh Famous Ho Gaya,Sunil Agnihotri,"Mika Singh, Shaan, Gabriela Bertante",2014
Haider,Vishal Bhardwaj,"Shahid Kapoor, Tabu, Kay Kay Menon, Shraddha Kapoor, Irrfan Khan",2014
Spark,V. K. Singh,"Rajniesh Duggal, Mansha Bahl, Subhashree Ganguly",2014
Jigariyaa,Raj Purohit,"Harshvardhan Deo, Cherry Mardia, Virendra Saxena, K.K. Raina, Navni Parihar, Natasha Rastogi",2014
Ekkees Toppon Ki Salaami,Ravindra Gautam,"Anupam Kher, Neha Dhupia, Divyendu Sharma, Manu Rishi, Aditi Sharma",2014
Tamanchey,Navneet Behal,"Nikhil Dwivedi, Richa Chadda",2014
Mumbai 125 KM,Hemant Madhukar,"Veena Malik, Karanvir Bohra, Vedita Pratap Singh, Aparna Bajpai",2014
Sonali Cable,Charudutt Acharya,"Rhea Chakraborty, Ali Fazal, Raghav Juyal, Anupam Kher, Smita Jaykar",2014
Fireflies,Sabal Singh Sheikhawat,"Rahul Khanna, Monica Dogra, Arjun Mathur, Shivani Ghai, Aadya Bedi",2014
Roar: Tigers of the Sundarbans,Kamal Sadanah,"Abhinav Shukla, Varinder Singh Ghuman, Himarsha Venkatsamy, Achint Kaur, Nora Fatehi",2014
Super Nani,Indra Kumar,"Rekha, Sharman Joshi, Randhir Kapoor, Shweta Kumar",2014
Rang Rasiya,Ketan Mehta,"Randeep Hooda, Nandana Sen, Paresh Rawal, Ashish Vidyarthi, Sachin Khedekar",2014
A Decent Arrangement,Sarovar Banka,"Shabana Azmi, Adam Laupus, Lethia Nall, Farid Currim, Shreya Sharma, Vikram Kapadia, Navniit Nisshan, Adhir Bhat",2014
The Shaukeens,Abhishek Sharma,"Akshay Kumar, Anupam Kher, Annu Kapoor, Lisa Haydon, Piyush Mishra",2014
6 – 5 = 2,Bharat Jain,"Prashanth Gupta, Niharica Raizada, Ashruth Jain, Gaurav Kothari, Disha Kapoor",2014
Kill Dil,Shaad Ali,"Ranveer Singh, Parineeti Chopra, Ali Zafar, Govinda",2014
Gollu Aur Pappu,Kabir Sadanand,"Vir Das, Kunaal Roy Kapur, Shobhit Rana, Dimple Kapadia, Deepak Tijori",2014
Happy Ending,Raj Nidimoru and Krishna DK,"Saif Ali Khan, Ileana D'Cruz, Govinda, Ranvir Shorey, Kalki Koechlin",2014
Titoo MBA,Amit Vats,"Nishant Dahiya, Pragya Jaiswal, Abhishek Kumar",2014
Hum Hai Teen Khurafaati (हम हैं तीन खुराफाती),Rajeshwar Chauhan,"Heena Panchal, Mausam Sharma, Pranshu Kaushal, Shrey Chhabra, Vrajesh Hirjee, Hemant Pandey, Razzak Khan, Brijendra Kala, Manoj Bakshi",2014
Ungli,Rensil D'Silva,"Sanjay Dutt, Emraan Hashmi, Randeep Hooda, Kangana Ranaut, Neha Dhupia, Neil Bhoopalam, Angad Bedi, Arunoday Singh",2014
Zed Plus,Chandraprakash Dwivedi,"Adil Hussain, Mona Singh, Mukesh Tiwari, Sanjay Mishra, Kulbhushan Kharbanda, Rahul Singh, Shivani Tanksale, K K Raina, Ekavali Khanna, Anil Rastogi",2014
Zid,Vivek Agnihotri,"Karanvir Sharma, Mannara Chopra, Shraddha Das",2014
Action Jackson,Prabhu Deva,"Ajay Devgn, Sonakshi Sinha, Yami Gautam, Manasvi Mamgai, Kunaal Roy Kapur",2014
Bhopal: A Prayer for Rain,Ravi Kumar,"Martin Sheen, Mischa Barton, Rajpal Yadav, Tannishtha Chatterjee, Akhil Mishra, Fagun Thakrar, Joy Sengupta, Kal Penn, Martin Brambach, David Brooks, Vineet Kumar, Satish Kaushik, Vasanth Santosham, Manoj Joshi",2014
Mumbai Delhi Mumbai,Satish Rajwade,"Shiv Panditt, Piaa Bajpai",2014
Sulemani Keeda,Amit Masurkar,"Naveen Kasturia, Mayank Tewari, Aditi Vasudev",2014
Badlapur Boys,Shailesh Verma,"Shashank Udapurkar, Annu Kapoor, Anupam Maanav, Kishori Shahane, Aman Verma, Saranya Mohan",2014
Life Mein Twist Hai,Dinesh Soni,Shyam Avtar Kedia,2014
LUV...Phir Kabhie,Ajay Yadav,"Saurabbh Roy, Arijita Roy, Meghna Patel, Narendra Bedi",2014
Main Aur Mr. Riight,Adeeb Rais,"Varun Khandelwal, Danny Saru, Shenaz Treasuryvala, Barun Sobti, Kavi Shastri, Maia Sethna, Anagha Mane, Neha Gosain",2014
Objection My God,Amit Khan,"Makrand Deshpande, Sanjay Mishra, Rajesh Khattar, Zarina Wahab",2014
Room – The Mystery,Faizal Khan,"Atif Jamil, Ibra Khan, Roselyn Dsouza, Eshu Gambhir, Himir Gandhi, Rohit Juneja, Shashwita Sharma",2014
Ugly,Anurag Kashyap,"Abir Goswami, Girish Kulkarni, Madhavi Singh, Ronit Roy, Anshikaa Shrivastava, Rahul Bhat, Tejaswini Kolhapure, Sandesh Jadhav",2014
Bajrangi Bhaijaan,,,2015
Prem Ratan Dhan Payo,,,2015
Dilwale,,,2015
Bajirao Mastani,,,2015
Tanu Weds Manu: Returns,,,2015
Welcome Back,,,2015
ABCD 2,,,2015
Drishyam,,,2015
Dil Dhadakne Do,,,2015
Baby,,,2015
International Hero,Sanjay Niranjan,"Nakul Vaid, Jatin Grewal, Gurleen Choter",2015
Mumbai Can Dance Saala,Sachindra Sharma,"Ashima Sharma, Prashant Narayanan, Aditya Pancholi, Mukesh Tiwari",2015
Take It Easy,Sunil Prem Vyas,"Vikram Gokhale, Dipannita Sharma, Raj Zutshi, Anang Desai, Joy Sengupta, Sulabha Arya, Vijay Kashyap",2015
Tevar,Amit Sharma,"Arjun Kapoor, Sonakshi Sinha, Raj Babbar, Manoj Bajpai",2015
Alone,Bhushan Patel,"Bipasha Basu, Karan Singh Grover",2015
Crazy Cukkad Family,Ritesh Menon,"Swanand Kirkire, Shilpa Shukla, Ninad Kamat, Kushal Punjabi, Kiran Karmarkar, Yusuf Hussain",2015
Sharafat Gayi Tel Lene,Gurmmeet Singh,"Zayed Khan, Tina Desai, Rannvijay Singh, Talia Benson, Anupam Kher",2015
Dolly Ki Doli,Abhishek Dogra,"Sonam Kapoor, Pulkit Samrat, Rajkummar Rao, Varun Sharma",2015
Chal Guru Ho Ja Shuru,Manoj Sharma,"Hemant Pandey, Chandrachur Singh, Sanjay Mishra, Manoj Pahwa",2015
Hawaizaada,Vibhu Puri,"Ayushmann Khurrana, Pallavi Sharda",2015
Khamoshiyan,Karan Dara,"Gurmeet Choudhary, Ali Fazal, Sapna Pabbi",2015
Rahasya,Manish Gupta,"Tisca Chopra, Ashish Vidyarthi, Kay Kay Menon",2015
Jai Jawaan Jai Kisaan,Milan Ajmera,"Jatin Khurana, Om Puri, Prem Chopra, Rati Agnihotri, Rishi Bhutani, Sanjay Chakraborty, Akhilesh Jain",2015
Shamitabh,R. Balki,"Amitabh Bachchan, Dhanush, Akshara Haasan",2015
MSG: The Messenger,"Gurmeet Ram Rahim Singh, Jeetu Arora","Gurmeet Ram Rahim Singh, Daniel Kaleb, Flora Saini, Jayshree Soni, Olexandra Semen, Gaurav Gera, Jay Singh Rajpoot, Himanshu Tiwari",2015
Roy,Vikramjit Singh,"Ranbir Kapoor, Jacqueline Fernandez, Arjun Rampal",2015
Badlapur,Sriram Raghavan,"Varun Dhawan, Nawazuddin Siddiqui, Huma Qureshi, Yami Gautam, Vinay Pathak, Divya Dutta",2015
Qissa,Anup Singh,"Irrfan Khan, Tillotama Shome, Tisca Chopra, Faezeh Jalali, Rasika Duggal",2015
Ab Tak Chhappan 2,Aejaz Gulab,"Nana Patekar, Ashutosh Rana, Vikram Gokhale, Gul Panag",2015
Dum Laga Ke Haisha,Sharat Katariya,"Ayushmann Khurrana, Bhumi Pednekar",2015
Badmashiyaan,Amit Khanna,"Suzzanna Mukherjee, Sidhant Gupta, Gunjan Malhotra, Sharib Hashmi, Karan Mehra",2015
Coffee Bloom,Manu Warrier,"Arjun Mathur, Sugandha Garg, Mohan Kapur",2015
Dirty Politics,K. C. Bokadia,"Mallika Sherawat, Naseeruddin Shah, Jackie Shroff, Atul Kulkarni, Anupam Kher, Ashutosh Rana",2015
Hey Bro,Ajay Chandhok,"Ganesh Acharya, Nupur Sharma, Maninder Singh",2015
NH10,Navdeep Singh,"Anushka Sharma, Neil Bhoopalam, Darshan Kumar",2015
Dilliwali Zaalim Girlfriend,Japinder Kaur,"Divyendu Sharma, Jackie Shroff, Prachi Mishra, Ira Dubey",2015
Hunterrr,Harshavardhan Kulkarni,"Gulshan Devaiah, Radhika Apte, Sai Tamhankar",2015
Barkhaa,Shadaab Mirza,"Sara Loren, Taaha Shah, Shweta Pandit, Priyanshu Chatterjee",2015
Yahaan Sabki Lagi Hai,"Satavisha Bose, Cyrus R. khambhata","Varun Thakur, Eden Shyodhi, Heerok Das, Teeshay Shah",2015
Detective Byomkesh Bakshy!,Dibakar Banerjee,"Sushant Singh Rajput, Anand Tiwari, Swastika Mukherjee, Divya Menon, Neeraj Kabi, Meiyang Chang",2015
Luckhnowi Ishq,Aanand Raut,"Adhyayan Suman, Karishma Kotak",2015
Dharam Sankat Mein,Fuwad Khan,"Naseeruddin Shah, Paresh Rawal, Annu Kapoor, Murali Sharma",2015
Ek Paheli Leela,Bobby Khan,"Sunny Leone, Jay Bhanushali, Mohit Ahlawat, Rajneesh Duggal, Rahul Dev, Jas Arora",2015
Court,Chaitanya Tamhane,"Vira Satidhar, Vivek Gombher, Geetanjali Kulkarni",2015
Margarita with a Straw,Shonali Bose,"Kalki Koechlin, Revathi, Hussain Dalal",2015
Mr. X,Vikram Bhatt,"Emraan Hashmi, Amyra Dastur",2015
NH-8 Road to Nidhivan,Munindra Gupta,"Auroshikha Dey, Ravneet Kaur, Satyakam Anand, Arjun Fauzdar, Swaroopa Ghosh",2015
Ek Adbhut Dakshina Guru Dakshina,Kiran Phadnis,"Rajeev Govinda Pillai, Rajesh Shringarpure, Sulagna Panigrahi, Girish Karnad, Roopa Ganguly",2015
Ishq Ke Parindey,Shakir Khan,"Rishi Verma, Priyanka Mehta, Manjul Aazad, Yasir Iftikhar Khan",2015
Kaagaz Ke Fools,Anil Kumar Chaudhary,"Vinay Pathak, Mugdha Godse, Raima Sen, Saurabh Shukla, Rajendra Sethi, Amit Behl",2015
Gabbar Is Back,Krish,"Akshay Kumar, Shruti Haasan, Suman",2015
Sabki Bajegi Band,Anirudh Chawla,"Sumeet Vyas, Swara Bhaskar, Alekh Sangal, Shaurya Chauhan, Amol Parashar",2015
Kuch Kuch Locha Hai,Devang Dholakia,"Ram Kapoor, Sunny Leone, Evelyn Sharma, Navdeep Chabbra",2015
Piku,Shoojit Sircar,"Amitabh Bachchan, Deepika Padukone, Irrfan Khan, Moushumi Chatterjee, Jisshu Sengupta",2015
Bombay Velvet,Anurag Kashyap,"Ranbir Kapoor, Anushka Sharma, Karan Johar, Kay Kay Menon",2015
Main Hoon Part-Time Killer,Faisal Saif,"Adithya Menon, Kavita Radheshyam",2015
Waiting,Anu Menon,"Naseeruddin Shah, Kalki Koechlin, Arjun Mathur, Rajat Kapoor, Suhasini Maniratnam",2015
I Love Desi,Pankaj Batra,"Vedant Bali, Priyanka Shah, Gulshan Grover",2015
Ishqedarriyaan,V. K. Prakash,"Mahaakshay Chakraborty, Evelyn Sharma, Kavin Dave, Mohit Dutta",2015
P Se PM Tak,Kundan Shah,"Meenakshi Dixit, Rocky Verma, Bharat Jadhav, Yashpal Sharma",2015
Welcome 2 Karachi,Ashish R Mohan,"Arshad Warsi, Jackky Bhagnani, Lauren Gottlieb, Ayub Khoso, Adnan Shah, Imran Hasnee",2015
Mere Genie Uncle,Ashish Bhavsar,"Tiku Talsania, Swati Kapoor, Shakti Kapoor, Ehsaan Qureshi",2015
Hamari Adhuri Kahani,Mohit Suri,"Emraan Hashmi, Vidya Balan, Rajkummar Rao",2015
Miss Tanakpur Haazir Ho,Vinod Kapri,"Annu Kapoor, Om Puri, Rahul Bagga, Hrishitaa Bhatt",2015
Uvaa,Jasbir Bhaati,"Om Puri, Jimmy Sheirgill, Sangram Singh, Archana Puran Singh",2015
Lion of Gujarat,Dinesh Lamba,"Dinesh Lamba, Akruti Agrawal, Homi Wadia",2015
Bezubaan Ishq,Jashwant Gangani,"Nishant Singh Malkani, Mugdha Godse, Sneha Ullal",2015
Guddu Rangeela,Subhash Kapoor,"Arshad Warsi, Aditi Rao Hydari, Amit Sadh",2015
Second Hand Husband,Smeep Kang,"Gippy Grewal, Tina Ahuja, Dharmendra",2015
I Love NY,Radhika Rao,"Sunny Deol, Kangana Ranaut",2015
Thoda Lutf Thoda Ishq,Sachin Gupta,"Hiten Tejwani, Sanjay Mishra",2015
Aisa Yeh Jahaan,Biswajeet Bora,"Palash Sen, Ira Dubey, Kymsleen Kholie, Yashpal Sharma",2015
Masaan,Neeraj Ghaywan,"Richa Chadha, Vicky Kaushal, Sanjay Mishra, Shweta Tripathi",2015
Bangistan,Karan Anshuman,"Riteish Deshmukh, Pulkit Samrat",2015
Brothers,Karan Malhotra,"Akshay Kumar, Sidharth Malhotra, Jacqueline Fernandez, Jackie Shroff, Conan Stevens",2015
Gour Hari Dastaan,Ananth Narayan Mahadevan,"Vinay Pathak, Konkona Sen Sharma, Ranvir Shorey, Tannishtha Chatterjee",2015
All Is Well,Umesh Shukla,"Abhishek Bachchan, Asin Thottumkal, Rishi Kapoor, Supriya Pathak",2015
Manjhi – The Mountain Man,Ketan Mehta,"Nawazuddin Siddiqui, Radhika Apte",2015
Rolling Dream,Maahi Kaur,Saachi Tiwari,2015
Kaun Kitney Paani Mein,Nila Madhab Panda,"Saurabh Shukla, Radhika Apte, Gulshan Grover",2015
Phantom,Kabir Khan,"Saif Ali Khan, Katrina Kaif",2015
Lakhon Hain Yahan Dilwale,Munnawar Bhagat,"Aditya Pancholi, Arun Bakshi, Kishori Shahane",2015
Hero,Nikhil Advani,"Sooraj Pancholi, Athiya Shetty, Salman Khan, Tigmanshu Dhulia, Aditya Pancholi, Sharad Kelkar",2015
Sorry Daddy,Vijay Pal and Shakur,"Shamim Khan, Mukesh Tiwari, Tinu Verma",2015
Katti Batti,Nikhil Advani,"Imran Khan, Kangana Ranaut",2015
Meeruthiya Gangster,Zeishan Quadri,"Jaideep Ahlawat, Aakash Dahiya, Shadab Kamal, Nushrat Bharucha, Ishita Sharma",2015
Kis Kisko Pyaar Karoon,Abbas–Mustan,"Kapil Sharma, Arbaz Khan, Manjari Phadnis, Simran Kaur Mundi, Elli Avram, Sai Lokur, Varun Sharma, Supriya Pathak",2015
Bhaag Johnny,Shivam Nair,"Kunal Khemu, Zoa Morani, Mandana Karimi",2015
Singh Is Bliing,Prabhu Deva,"Akshay Kumar, Amy Jackson",2015
Talvar,Meghna Gulzar,"Irrfan Khan, Konkona Sen Sharma, Tabu",2015
Jazbaa,Sanjay Gupta,"Aishwarya Rai Bachchan, Irrfan Khan, Shabana Azmi",2015
Bumper Draw,Irshad Khan,"Rajpal Yadav, Zakir Hussain, Subrat Dutta, Rushad Rana",2015
Chinar Daastaan-E-Ishq,Sharique Minhaj,"Faisal Khan, Inayat Sharma, Dalip Tahil, Shahbaz Khan",2015
Pyaar Ka Punchnama 2,Luv Ranjan,"Kartik Aaryan, Nushrat Bharucha, Sonnalli Seygall, Omkar Kapoor",2015
Wedding Pullav,Binod Pradhan,"Anushka Ranjan, Diganth Manchale, Karan Grover, Rishi Kapoor, Sonnalli Seygall",2015
Shaandaar,Vikas Bahl,"Shahid Kapoor, Alia Bhatt, Pankaj Kapur",2015
Titli,Kanu Behl,"Shashank Arora, Ranvir Shorey, Amit Sial, Lalit Behl",2015
Main Aur Charles,Prawaal Raman,"Randeep Hooda, Richa Chadha, Adil Hussain, Nandu Madhav",2015
Once Upon a Time in Bihar,Nitin Chandra,"Ashish Vidyarthi, Kranti Prakash Jha, Ajay Kumar, Arti Puri, Pankaj Jha, Deepak Singh",2015
Guddu Ki Gun,"Shantanu Ray Chhibber, Sheershak Anand","Kunal Khemu, Payel Sarkar, Aparna Sharma, Sumeet Vyas",2015
Love Exchange,Raj V Shetty,"Mohit Madan, Jyoti Sharma",2015
Prithipal Singh... A Story,Babita Puri,"Vikas Kumar, Anjali Singh",2015
Four Pillars of Basement,Giresh Naik K,"Dillzan Wadia, Bruna Abdullah, Aaliya Singh, Zakir Hussain",2015
Charlie Kay Chakkar Mein,Manish Srivasta,Naseeruddin Shah,2015
Yaara Silly Silly,Subhash Sehgal,"Paoli Dam, Parambrata Chatterjee",2015
Ranbanka,Aryeman Ramsay,"Manish Paul, Ravi Kishan, Pooja Thakur",2015
X: Past Is Present,Various Directors,"Rajat Kapoor, Huma Qureshi",2015
Angry Indian Goddesses,Pan Nalin,"Sarah-Jane Dias, Tannishtha Chatterjee, Anushka Manchanda, Sandhya Mridul",2015
Tamasha,Imtiaz Ali,"Deepika Padukone, Ranbir Kapoor",2015
Hate Story 3,Vishal Pandya,"Zarine Khan, Daisy Shah, Sharman Joshi, Karan Singh Grover",2015
Kajarya,Madhureeta Anand,"Meenu Hooda, Ridhima Sud, Kuldeep Ruhil",2015
The Silent Heroes,Mahesh Bhatt,"Maanuv Bhardawaj, Priyanka Panchal, Mann Bagga, Simran Deep, Nirmal Kumar Pant",2015
Dangal,,,2016
Sultan,,,2016
Ae Dil Hai Mushkil,,,2016
Rustom,,,2016
M.S. Dhoni: The Untold Story,,,2016
Airlift,,,2016
Housefull 3,,,2016
Fan,,,2016
Kapoor & Sons,,,2016
Shivaay,,,2016
Chhota Bheem Himalayan Adventures,Rajiv Chilaka,,2016
Wazir,Bejoy Nambiar,"Amitabh Bachchan, Farhan Akhtar, Aditi Rao Hydari, Manav Kaul, Neil Nitin Mukesh, John Abraham, Murali Sharma, Avtar Gill",2016
Chalk n Duster,Jayant Gilatar,"Shabana Azmi, Juhi Chawla, Divya Dutta, Zarina Wahab, Jackie Shroff, Arya Babbar, Richa Chadha",2016
Rebellious Flower,Krishan Hooda,"Prince Shah, Shashank Singh, Mantra Mugdha, Kirti Adarkar, Bachchan Pachera, Shaneel Sinha",2016
Jugni,Shefali Bhushan,"Sugandha Garg, Siddhant Behl, Sadhana Singh, Anuritta K Jha, Samir Sharma",2016
Kyaa Kool Hain Hum 3,Umesh Ghadge,"Tushar Kapoor, Aftab Shivdasani, Mandana Karimi, Meghna Naidu, Darshan Jariwala, Krushna Abhishek, Claudia Ciesla, Riteish Deshmukh, Gizele Thakral, VJ Andy, Danny Saru",2016
Saala Khadoos,Sudha Kongara Prasad,"R. Madhavan, Ritika Singh, Zakir Hussain",2016
Mastizaade,Milap Milan Zaveri,"Tushar Kapoor, Vir Das, Sunny Leone, Shaad Randhawa, Riteish Deshmukh, Gizele Thakral, Bruna Abdullah",2016
Sanam Teri Kasam,"Radhika Rao, Vinay Sapru","Mawra Hocane, Harshvardhan Rane, Anurag Sinha, Shraddha Das",2016
Ghayal: Once Again,Sunny Deol,"Sunny Deol, Soha Ali Khan, Aanchal Munjal, Daina Khan, Shivam Patil, Rishabh Arora, Abhilash Kumar",2016
Fitoor,Abhishek Kapoor,"Aditya Roy Kapoor, Katrina Kaif, Tabu, Ajay Devgn, Aditi Rao Hydari, Akshay Oberoi, Lara Dutta, Rahul Bhatt",2016
Sanam Re,Divya Khosla Kumar,"Pulkit Samrat, Yami Gautam, Urvashi Rautela, Rishi Kapoor, Bharti Singh, Shreyas Pardiwalla",2016
Direct Ishq,Rajiv S. Ruia,"Rajneesh Duggal, Nidhi Subbaiah, Arjun Bijlani",2016
Ishq Forever,Sameer Sippy,"Krishna Chaturvedi, Ruhi Singh, Javed Jaffrey, Lisa Ray",2016
LoveShhuda,Vaibhav Mishra,"Girish Kumar, Navneet Kaur Dhillon, Benaf Dadachandji, Yash Pandit",2016
Neerja,Ram Madhvani,"Sonam Kapoor, Shabana Azmi, Shekhar Ravjiani",2016
Dhara 302,Jitender Singh Narukal,"Rufy Khan, Dipti Dhotre, Gulshan Pandey",2016
Aligarh,Hansal Mehta,"Manoj Bajpayee, Rajkummar Rao",2016
Bollywood Diaries,K.D. Satyam,"Raima Sen, Ashish Vidyarthi, Salim Diwan, Karuna Pandey, Vineet Kumar Singh",2016
Love Shagun,Sandesh Nayak,"Anuj Sachdeva, Nidhi Subbaiah, Manit Joura",2016
Tere Bin Laden: Dead or Alive,Abhishek Sharma,"Manish Paul, Sikander Kher, Pradhuman Singh, Sugandha Ram",2016
Zubaan,Mozez Singh,"Vicky Kaushal, Sarah Jane Dias, Raghav Chanana",2016
Jai Gangaajal,Prakash Jha,"Priyanka Chopra, Anuj Aggarwal, Prakash Jha, Rahul Bhatt",2016
Global Baba,Manoj Sidheshwari Tewari,"Abhimanyu Singh, Sandeepa Dhar, Ravi Kishan, Pankaj Tripathi, Sanjay Mishra, Akhilendra Mishra",2016
Teraa Surroor,Shawn Arranha,"Himesh Reshammiya, Farah Karimi, Monica Dogra, Naseeruddin Shah, Shekhar Kapur",2016
OK Mein Dhokhe,Utpal S. Chaudhary,"Zoya Rathore, Sapan Krishna, Vaidhei Singh, Megha Verma, Ravi Thakur, Milan Singh",2016
Darling Don't Cheat,Rajkumar Hindusthani,"Gaurav Pandey, Ashish Tyagi, Neha Chaterji",2016
Rocky Handsome,Nishikant Kamat,"John Abraham, Shruti Haasan, Nathalia Kaur",2016
Ki & Ka,R. Balki,"Kareena Kapoor Khan, Arjun Kapoor, Amitabh Bachchan, Jaya Bachchan",2016
Love Games,Vikram Bhatt,"Patralekha, Tara Alisha Berry, Gaurav Arora",2016
The Blueberry Hunt,Anup Kurien,"Naseeruddin Shah, Vipin Sharma, Vinay Forrt",2016
Kaafiron Ki Namaaz,Ram Ramesh Sharma,"Alok Chaturvedi, Joydip Mukhopadhyay, Megh Pant, Priya Raina, Chandrahas Tiwari",2016
Nil Battey Sannata,Ashwini Iyer Tiwari,"Swara Bhaskar, Ratna Pathak, Pankaj Tripathi, Sanjay Suri",2016
Laal Rang,Syed Ahmad Afzal,"Randeep Hooda, Akshay Oberoi, Rajneesh Duggal, Piaa Bajpai",2016
Santa Banta Pvt Ltd,Akashdeep Sabir,"Vir Das, Boman Irani, Ram Kapoor, Neha Dhupia, Lisa Haydon",2016
Baaghi,Sabbir Khan,"Tiger Shroff, Shraddha Kapoor, Sudheer Babu, Sunil Grover",2016
Shortcut Safari,Amitabha Singh,"Jimmy Shergill, Aashi Rawal, Sharvil Patel, Mann Patel, Ugam Khetani, Stuti Dwivedi, Deah Tandon, Hardil Kanaba",2016
One Night Stand,Jasmine Moses D'Souza,"Sunny Leone, Tanuj Virwani, Nyra Banerjee",2016
Traffic,Rajesh Pillai,"Manoj Bajpayee, Jimmy Sheirgill, Divya Dutta, Kitu Gidwani, Prosenjit Chatterjee, Sachin Khedekar, Nikita Thukral, Vishal Singh, Jishnu Raghavan, Parambrata Chatterjee",2016
1920: London,Tinu Suresh Desai,"Sharman Joshi, Meera Chopra, Vishal Karwal",2016
Murari the Mad Gentleman,,,2016
Azhar,Tony D'Souza,"Emraan Hashmi, Nargis Fakhri, Prachi Desai, Gautam Gulati, Kunaal Roy Kapur, Lara Dutta, Karanvir Sharma",2016
Buddha in a Traffic Jam,Vivek Agnihotri,"Arunoday Singh, Mahie Gill, Anchal Dwivedi, Pallavi Joshi, Anupam Kher",2016
Khel Toh Ab Shuru Hoga,Kunal V Singh,"Ruslaan Mumtaz, Devshi Khanduri",2016
Dear Dad,Tanuj Bhramar,"Arvind Swamy, Himanshu Sharma, Ekavali Khanna",2016
Sarbjit,Omung Kumar,"Aishwarya Rai, Randeep Hooda, Richa Chadha",2016
Phobia,Pawan Kripalani,"Radhika Apte, Satyadeep Misra",2016
Veerappan,Ram Gopal Varma,"Sandeep Bharadwaj, Lisa Ray, Sachiin Joshi, Usha Jadhav",2016
Fredrick,Rajesh Butalia,"Prashant Narayanan, Avinash Dhyani",2016
Project Marathwada,"Prakash Patel, Bhavin Wadia","Om Puri, Dalip Tahil, Seema Biswas",2016
Do Lafzon Ki Kahani,Deepak Tijori,"Randeep Hooda, Kajal Aggarwal",2016
Dhanak,Nagesh Kukunoor,"Hetal Gadda, Krrish Chabbria, Vipin Sharma, Vibha Chibber, Vijay Maurya",2016
Te3n,Ribhu Dasgupta,"Amitabh Bachchan, Vidya Balan, Nawazuddin Siddiqui",2016
Udta Punjab,Abhishek Chaubey,"Shahid Kapoor, Alia Bhatt, Kareena Kapoor Khan, Diljit Dosanjh",2016
Raman Raghav 2.0,Anurag Kashyap,"Nawazuddin Siddiqui, Vicky Kaushal, Sobhita Dhulipala",2016
Junooniyat,Vivek Agnihotri,"Pulkit Samrat, Yami Gautam, Gulshan Devaiah, Hrishita Bhatt",2016
7 Hours To Go,Saurabh Varma,"Shiv Panditt, Sandeepa Dhar, Natasa Stankovic, Varun Badola",2016
A Scandall,Ishaan Shrivedi,"Reeth Mazumder, Manav Kaul, Tanvi Vyas",2016
Rough Book,Ananth Narayan Mahadevan,"Amaan Khan, Tannishtha Chatterjee",2016
Shorgul,"Pranav Kumar Singh, Jitendra Tiwari","Jimmy Sheirgill, Suha Gezen, Ashutosh Rana, Narendra Jha",2016
Dil Toh Deewana Hai,Raja Bundela,"Haider Khan, Sadha, Raj Babbar, Zeenat Aman, Sushmita Mukherjee, Alok Nath, Hemant Pandey",2016
Brahman Naman,Qaushiq Mukherjee,"Shashank Arora, Sid Mallya, Denzil Smith, Biswa Kalyan Rath, Tanmay Dhananiya, Vaishwath Shankar",2016
Great Grand Masti,Indra Kumar,"Vivek Oberoi, Riteish Deshmukh, Aftab Shivdasani, Urvashi Rautela, Shraddha Das, Mishti, Pooja Bose, Sonali Raut, Shreyas Talpade",2016
Madaari,Nishikant Kamat,"Irrfan Khan, Jimmy Sheirgill",2016
Ishq Click,Anil Ballani,"Adhyayan Suman, Sara Loren",2016
M Cream,Agneya Singh,"Imaad Shah, Ira Dubey, Raaghav Chanana",2016
Dishoom,Rohit Dhawan,"John Abraham, Varun Dhawan, Jacqueline Fernandez, Saqib Saleem, Ram Kapoor, Akshaye Khanna, Parineeti Chopra",2016
Love Ke Funday,Indervesh Yogee,"Shaleen Bhanot, Pooja Banerjee",2016
Mission Tiger,Dipu Karunakaran,"Vijay Raaz, T. R. Bijulal",2016
The Legend of Michael Mishra,Manish Jha,"Arshad Warsi, Aditi Rao Hydari, Boman Irani, Kayoze Irani",2016
Fever,Rajeev Jhaveri,"Rajeev Khandelwal, Gauahar Khan, Gemma Atkinson, Victor Banerjee, Caterina Murino, Ankita Makwana",2016
Hai Apna Dil Toh Awara,Monjoy Mukerji,Sahil Anand,2016
Budhia Singh – Born to Run,Soumendra Padhi,"Manoj Bajpayee, Mayur Patole",2016
Mohenjo Daro,Ashutosh Gowariker,"Hrithik Roshan, Pooja Hegde, Kabir Bedi, Arunoday Singh, Sharad Kelkar",2016
Happy Bhag Jayegi,Mudassar Aziz,"Abhay Deol, Diana Penty, Momal Sheikh, Ali Fazal, Jimmy Sheirgill",2016
Waarrior Savitri,Param Gill,"Niharica Raizada, Lucy Pinder, Rajat Barmecha",2016
A Flying Jatt,Remo D'Souza,"Tiger Shroff, Jacqueline Fernandez, Nathan Jones, Kay Kay Menon, Amrita Singh",2016
Akira,A.R. Murugadoss,"Sonakshi Sinha, Konkona Sen Sharma, Raai Laxmi, Amit Sadh, Anurag Kashyap, Atul Kulkarni",2016
Yea Toh Two Much Ho Gayaa,Anwer Khan,"Arbaaz Khan, Jimmy Sheirgill, Pooja Chopra, Bruna Abdullah, Devansh Sharma",2016
Island City,Ruchika Oberoi,"Tannishtha Chatterjee, Ashwin Mushran, Vinay Pathak, Amruta Subhash",2016
Baar Baar Dekho,Nitya Mehra,"Katrina Kaif, Sidharth Malhotra, Ram Kapoor, Taaha Shah, Sarika, Sayani Gupta",2016
Freaky Ali,Sohail Khan,"Nawazuddin Siddiqui, Arbaaz Khan, Amy Jackson, Jas Arora, Seema Biswas, Nikitin Dheer, Asif Basra, Paresh Ganatra, Alam Khan",2016
Ek Kahani Julie Ki,Aziz Zee,Rakhi Sawant,2016
Raaz: Reboot,Vikram Bhatt,"Emraan Hashmi, Kriti Kharbanda, Gaurav Arora, Suzanna Mukherjee",2016
Pink,Aniruddha Roy Chowdhury,"Amitabh Bachchan, Taapsee Pannu, Kirti Kulhari, Andrea Tariang, Angad Bedi",2016
Parched,Leena Yadav,"Tannishtha Chatterjee, Radhika Apte, Surveen Chawla, Sayani Gupta",2016
Banjo,Ravi Jadhav,"Riteish Deshmukh, Nargis Fakhri, Dharmesh Yelande",2016
Days of Tafree,Krishnadev Yagnik,"Yash Soni, Nimisha Mehta",2016
Wah Taj,Ajit Sinha,"Shreyas Talpade, Manjari Phadnis, Hemant Pandey, Rajesh Sharma, Rajeev Verma",2016
Mirzya,Rakeysh Omprakash Mehra,"Harshvardhan Kapoor, Saiyami Kher, Om Puri, Art Malik, K.K. Raina",2016
MSG: The Warrior Lion Heart,"Gurmeet Ram Rahim Singh, Honeypreet Insan","Gurmeet Ram Rahim Singh, Honeypreet Insan, Charapreet Insan, Kainaat Insan, Garima Insan, Rajesh Insan, Sukhottam Insan, Ashok Insan, Bhushan Insan",2016
Tutak Tutak Tutiya,A. L. Vijay,"Prabhu Deva, Tamannaah, Sonu Sood",2016
Anna,Shashank Udapurkar,"Shashank Udapurkar, Tanishaa Mukerji, Govind Namdeo, Rajit Kapur, Sharat Saxena, Kishor Kadam",2016
Motu Patlu: King of Kings,Suhas D. Kadavand,"Saurav Chakraborty, Omi Sharma",2016
Beiimaan Love,Rajeev Chaudhary,"Sunny Leone, Rajneesh Duggal, Daniel Weber",2016
Saat Uchakkey,Sanjeev Sharma,"Manoj Bajpayee, Anupam Kher, Kay Kay Menon, Annu Kapoor, Vijay Raaz, Aditi Sharma",2016
Fuddu,Sunil Subramani,"Swati Kapoor, Monali A, Pawan Kumar Sharma, Anurag Basu",2016
Aakhir Kab Tak,Mithilesh Avinash,"Manisha Singh, Vinay Rana",2016
Final Cut of Director,Bharathiraja,"Nana Patekar, Arjun Sarja, Kajal Aggarwal, Rukmini Vijayakumar",2016
Love Day - Pyaar Ka Din,"Sandeep Choudhary, Harish Kotian","Ajaz Khan, Sahil Anand, Harsh Nagar, Anant Mahadevan, Vaibhav Mathur, Shalu Singh, Amit Khanna, Devendra Chauhan",2016
Umrika,Prashant Nair,"Prateik Babbar, Suraj Sharma, Tony Revolori, Adil Hussain, Nidhi Bisht",2016
31st October,Shivaji Lotan Patil,"Vir Das, Soha Ali Khan",2016
My Father Iqbal,Suzad Iqbal Khan,"Narendra Jha, Komal Thacker, Paresh Mehta",2016
Chaar Sahibzaade: Rise of Banda Singh Bahadur,Harry Baweja,Harman Baweja,2016
Dongri Ka Raja,Hadi Ali Abrar,"Gashmeer Mahajani, Reecha Sinha, Ronit Roy, Sachin Suvarna, Ashmit Patel",2016
Ishq Junoon,Sanjay Sharma,"Rajbeer Singh, Akshay Rangshahi, Divya Singh, Raj Aryan",2016
Rock On 2,Sujaat Saudagar,"Farhan Akhtar, Arjun Rampal, Purab Kohli, Shraddha Kapoor, Prachi Desai, Shashank Arora, Shahana Goswami",2016
Tum Bin II,Anubhav Sinha,"Neha Sharma, Aditya Seal, Aashim Gulati",2016
Force 2,Abhinay Deo,"John Abraham, Sonakshi Sinha, Tahir Raj Bhasin",2016
Dear Zindagi,Gauri Shinde,"Alia Bhatt, Shah Rukh Khan, Ira Dubey, Kunal Kapoor",2016
Saansein,Rajiv S. Ruia,"Rajneesh Duggal, Sonarika Bhadoria, Hiten Tejwani, Neetha Shetty, Sachi Ruia, Amir Dalvi, Vishal Malhotra",2016
Moh Maya Money,Munish Bharadwaj,"Ranvir Shorey, Neha Dhupia, Vidushi Mehra, Ashwat Bhatt",2016
Kahaani 2: Durga Rani Singh,Sujoy Ghosh,"Vidya Balan, Arjun Rampal, Jugal Hansraj",2016
Befikre,Aditya Chopra,"Ranveer Singh, Vaani Kapoor",2016
Wajah Tum Ho,Vishal Pandya,"Sana Khan, Sharman Joshi, Gurmeet Choudhary, Rajneesh Duggal",2016
Secret Superstar,,,2017
Tiger Zinda Hai,,,2017
Hindi Medium,,,2017
Toilet: Ek Prem Katha,,,2017
Golmaal Again,,,2017
Raees,,,2017
Judwaa 2,,,2017
Tubelight,,,2017
Kaabil,,,2017
Badrinath Ki Dulhania,,,2017
Prakash Electronic,Manoj Sharma,"Hemant Pandey, Hrishitaa Bhatt, Vrajesh Hirjee, Manoj Joshi, Sanjay Mishra, Manoj Pahwa",2017
Haraamkhor,Shlok Sharma,"Nawazuddin Siddiqui, Shweta Tripathi",2017
Ok Jaanu,Shaad Ali,"Aditya Roy Kapur, Shraddha Kapoor",2017
Coffee with D,Vishal Mishra,"Sunil Grover, Anjana Sukhani, Zakir Hussain, Dippanita Sharma",2017
Hind Ka Napak Ko Jawab: MSG Lion Heart 2,"Gurmeet Ram Rahim Singh, Honeypreet Insan","Gurmeet Ram Rahim Singh, Honeypreet Insan",2017
Jolly LLB 2,Subhash Kapoor,"Akshay Kumar, Huma Qureshi, Saurabh Shukla",2017
"U, Me Aur Ghar",Abhay Chhabra,Omkar KapoorSimran Kaur Mundi,2017
The Great Leader Kanshiram,Arjun Singh,"Raghvendra Singh, Soma Goyal",2017
Running Shaadi,Amit Roy,"Taapsee Pannu, Amit Sadh",2017
The Ghazi Attack,Sankalp Reddy,"Rana Daggubati, Taapsee Pannu, Kay Kay Menon, Atul Kulkarni",2017
Irada,Aparnaa Singh,"Naseeruddin Shah, Arshad Warsi, Sharad Kelkar, Divya Dutta",2017
Chauhar,Raghubeer Singh,"Amit Singh Kashyap, Richa Dixit, Vivek Jha",2017
Rangoon,Vishal Bhardwaj,"Kangana Ranaut, Shahid Kapoor, Saif Ali Khan",2017
Wedding Anniversary,Shekhar S Jha,"Nana Patekar, Mahie Gill, Priyanshu Chatterjee, Shruti Marathe",2017
Mona Darling,Shashi Sudigala,"Anshuman Jha, Divya Menon, Suzanna Mukherjee, Sanjay Suri",2017
Commando 2,Deven Bhojani,"Vidyut Jammwal, Adah Sharma, Esha Gupta",2017
Jeena Isi Ka Naam Hai,Keshhav Panneriy,"Arbaaz Khan, Ashutosh Rana, Himansh Kohli",2017
Aa Gaya Hero,Dipankar Senapati,"Govinda, Ashutosh Rana, Murali Sharma",2017
Trapped,Vikramaditya Motwane,"Rajkummar Rao, Geetanjali Thapa, Khushboo Upadhyay",2017
Mantra,Nicholas Kharkongor,"Rajat Kapoor, Lushin Dubey, Kalki Koechlin, Shiv Panditt, Adil Hussain",2017
Machine,Abbas–Mustan,"Mustafa Burmawalla, Kiara Advani",2017
Phillauri,Anshai Lal,"Anushka Sharma, Diljit Dosanjh, Suraj Sharma, Mehreen Pirzada",2017
Bhanwarey,Shaurya Singh,"Shaurya Singh, Karan Thakur, Jashan Singh & Priyanka Shukla",2017
Anaarkali of Aarah,Avinash Das,Swara Bhaskar,2017
Naam Shabana,Shivam Nair,"Taapsee Pannu, Prithviraj Sukumaran & Akshay Kumar",2017
Poorna: Courage Has No Limit,Rahul Bose,"Aditi Inamdar, Rahul Bose & Heeba Shah",2017
Laali Ki Shaadi Mein Laaddoo Deewana,Manish Harishankar,"Vivaan Shah, Akshara Haasan, Gurmeet Choudhary & Kavita Verma",2017
Mirza Juuliet,Rajesh Ram Singh,"Darshan Kumar, Pia Bajpai & Chandan Roy Sanyal",2017
Mukti Bhawan,Shubhashish Bhutiani,"Adil Hussain, Lalit Behl & Navnindra Behl",2017
Saanjh,Ajay Saklani,"Aditi Charak, Vishal Parpagga & Rupeshwari Sharma",2017
Begum Jaan,Srijit Mukherji,"Vidya Balan, Ila Arun, Gauahar Khan, Sumit Nijhawan & Chunky Pandey",2017
Romeo-N-Bullet,Aditya Kumar,"Vije Bhatia, Rishi Verma, Mohit Baisla, Raj Kumar",2017
Noor,Sunhil Sippy,"Sonakshi Sinha, Purab Kohli & Manish Chaudhary",2017
Ek Thi Rani Aisi Bhi,Gulbahar Singh,"Hema Malini, Vinod Khanna, Sachin Khedekar",2017
Maatr,Ashtar Sayed,Raveena Tandon,2017
Ajab Singh Ki Gajab Kahani,Rishi Prakash Mishra,"Yashpal Sharma, Ajay Kumar Singh, Rajesh Jais",2017
Mantostaan,Rahat Kazmi,"Raghubir Yadav, Virendra Saxena & Sonal Sehgal",2017
Meri Pyaari Bindu,Akshay Roy,Ayushmann Khurrana & Parineeti Chopra,2017
Sarkar 3,Ram Gopal Varma,"Amitabh Bachchan, Jackie Shroff, Amit Sadh & Yami Gautam",2017
Half Girlfriend,Mohit Suri,Arjun Kapoor & Shraddha Kapoor,2017
Jattu Engineer,"Gurmeet Ram Rahim Singh, Honeypreet Insan","Gurmeet Ram Rahim Singh, Sukhottam Insan",2017
Chakallaspur,Rajnish Jaiswal,"Mukesh Manas, Urmilaa Mahanta",2017
Sachin: A Billion Dreams,James Erskine,Sachin Tendulkar,2017
Thodi Thodi Si Manmaaniyan,Aditya Sarpotdar,"Arsh Sehrawat, Shrenu Parikh, Shilpa Tulaskar & Mukesh Tiwari",2017
A Death in the Gunj,Konkona Sen Sharma,"Vikrant Massey, Ranvir Shorey, Kalki Koechlin, Tillotama Shome, Gulshan Devaiah, Tanuja, Om Puri, Jim Sarbh, Arya Mitra Sharma",2017
Hanuman: Da' Damdaar,Ruchi Narain,"Salman Khan, Raveena Tandon & Kunal Khemu",2017
Sweetiee Weds NRI,Hasnain Hyderabadwala,"Himansh Kohli, Zoya Afroz & Darshan Jariwala",2017
Dobaara: See Your Evil,Prawaal Raman,Huma Qureshi & Saqib Saleem,2017
Flat 211,Sunil Sanjan,Jayesh Raj & Sonal Singh,2017
Dear Maya,Sunaina Bhatnagar,Manisha Koirala,2017
Raabta,Dinesh Vijan,"Sushant Singh Rajput, Kriti Sanon & Jim Sarbh",2017
Behen Hogi Teri,Ajay K Pannalal,Rajkummar Rao & Shruti Haasan,2017
Bachche Kachche Sachche,Ravi Sadasiv,"Ekta Singh, Ashish Vidyarthi & Mukesh Tiwari",2017
Love You Family,Sachindra Sharma,"Salman Yusuff Khan, Aksha Pardasany & Shakti Kapoor",2017
G Kutta Se,Rahul Dahiya,Rajbeer Singh & Neha Chauhan,2017
Bank Chor,Bumpy,"Riteish Deshmukh, Vivek Oberoi & Rhea Chakraborty",2017
Ek Haseena Thi Ek Deewana Tha,Suneel Darshan,"Shiv Darshan, Natasha Fernandez & Upen Patel",2017
Mom,Ravi Udyawar,"Sridevi, Akshaye Khanna, Sajal Ali & Nawazuddin Siddiqui",2017
Guest iin London,Ashwni Dhir,"Kartik Aaryan, Kriti Kharbanda, Paresh Rawal & Tanvi Azmi",2017
Jagga Jasoos,Anurag Basu,Ranbir Kapoor & Katrina Kaif,2017
Shab,Onir,"Raveena Tandon, Sanjay Suri, Ashish Bisht, Arpita Pal, Simon Frenay, Raj Suri, Gaurav Nanda",2017
Lipstick Under My Burkha,Alankrita Shrivastava,"Konkona Sen Sharma, Ratna Pathak Shah & Aahana Kumra",2017
Munna Michael,Sabbir Khan,"Tiger Shroff, Nawazuddin Siddiqui & Nidhi Agerwal",2017
Raag Desh,Tigmanshu Dhulia,"Kunal Kapoor, Amit Sadh & Mohit Marwah",2017
Indu Sarkar,Madhur Bhandarkar,"Anupam Kher, Neil Nitin Mukesh, Kirti Kulhari, Tota Roy Chowdhury, Supriya Vinod, Sheeba Chaddha, Parvin Dabas",2017
Mubarakan,Anees Bazmee,"Anil Kapoor, Arjun Kapoor, Ileana D'Cruz, Neha Sharma & Athiya Shetty",2017
Gurgaon,Shanker Raman,"Akshay Oberoi, Ragini Khanna, Pankaj Tripathi, Aamir Bashir, Shalini Vatsa, Srinivas Sunderrajan",2017
Jab Harry Met Sejal,Imtiaz Ali,"Shah Rukh Khan, Anushka Sharma, Evelyn Sharma & Chandan Roy Sanyal",2017
Partition: 1947,Gurinder Chadha,"Hugh Bonneville, Gillian Anderson, Manish Dayal, Huma Qureshi, Michael Gambon",2017
Bareilly Ki Barfi,Ashwini Iyer Tiwari,"Ayushmann Khurrana, Rajkummar Rao, Kriti Sanon",2017
Shreelancer,Sandeep Mohan,"Arjun Radhakrishnan, Salmin Sheriff",2017
A Gentleman,Raj and D.K.,"Sidharth Malhotra, Jacqueline Fernandez, Darshan Kumar, Suniel Shetty",2017
Babumoshai Bandookbaaz,Kushan Nandy,"Nawazuddin Siddiqui, Bidita Bag, Jatin Goswami, Shraddha Das, Anil George, Bhagwan Tiwari, Jeetu Shivhare, Murali Sharma, Divya Dutta, Sachin Chaubey",2017
Yadvi – The Dignified Princess,Jyoti Singh,"Chandrachur Singh, Charu Vyas, Rahul Godara, Jyoti Singh, Vibhu Raghave, Namya Saxena, Nikkitasha Marwaha, Reshaa Sabarawal, Mini Pandit, Ashwarya Singh",2017
Qaidi Band,Habib Faisal,"Aadar Jain, Anya Singh, Sachin, Prince Parvinder Singh",2017
Sniff,Amole Gupte,"Khushmeet Gill, Monica Sehgal, Vijay Patkar",2017
Baadshaho,Milan Luthria,"Ajay Devgn, Emraan Hashmi, Vidyut Jammwal, Ileana D'Cruz, Esha Gupta, Sanjay Mishra, Sunny Leone Guest appearance in song, Sharad Kelkar, Ravi Kale",2017
Shubh Mangal Saavdhan,R. S. Prasanna,"Ayushmann Khurrana, Bhumi Pednekar, Brijendra Kala, Shubhankar Tripathi, Anshul Chauhan, Anmol Bajaj",2017
Poster Boys,Shreyas Talpade,"Sunny Deol, Shreyas Talpade, Bobby Deol, Sonali Kulkarni, Randheer Rai, Dilip Prabhavalkar, Elli AvrRam Special Appearance In A Song, Samiksha Bhatnagar, Bharati Achrekar",2017
Daddy,Ashim Ahluwalia,"Arjun Rampal, Aishwarya Rajesh, Nishikant Kamat, Anand Ingale, Rajesh Shringarpure, Purnanand Wandekar, Anupriya Goenka, Shruti Bapna, Usha Naik, Shrikant Yadav, Deepak Damle, Raj Arjun, Vijay Sanap, Abhimanyu Arun",2017
Simran,Hansal Mehta,"Kangana Ranaut, Sohum Shah, Hiten Kumar, Kishori Shahane, Rupinder Nagra",2017
Lucknow Central,Ranjit Tiwari,"Farhan Akhtar, Diana Penty, Deepak Dobriyal, Gippy Grewal, Ronit Roy, Inaamulhaq, Rajesh Sharma",2017
Patel Ki Punjabi Shaadi,Sanjay Chhel,"Rishi Kapoor, Paresh Rawal, Vir Das, Prem Chopra, Payal Ghosh, Jinal Belani, Divya Seth, Bharati Achrekar, Tiku Talsania",2017
Newton,Amit Masurkar,"Rajkummar Rao, Pankaj Tripathi, Anjali Patil, Raghuvir Yadav",2017
Bhoomi,Omung Kumar,"Sanjay Dutt, Aditi Rao Hydari, Sidhant Gupta",2017
The Final Exit,Dhwanil Mehta,"Kunaal Roy Kapur, Archana Shastry, Elena Kazan, Reyhna Malhotra, Scarlett Wilson",2017
JD,Shailendra Pandey,"Govind Namdev, Aman Verma, Vedita Pratap Singh, Lalit Bisht, Arvind Gaur",2017
Haseena Parkar,Apoorva Lakhia,"Shraddha Kapoor, Sharman Joshi, Siddhanth Kapoor, Rajesh Tailang, Satendra Bagasi, Ankur Bhatia",2017
ISIS: Enemies of Humanity,Yuvraj Kumar,"Yuvraj Kumar, Harish Bhimani, Rasheed Naz, Rahul Dev",2017
Tu Hai Mera Sunday,Milind Dhaimade,Barun Sobti & Vishal Malhotra,2017
Chef,Raja Krishna Menon,"Saif Ali Khan, Padmapriya Janakiraman & Dhanish Karthik",2017
Babuji Ek Ticket Bambai,Arvind Tripathi,"Rajpal Yadav, Sudha Chandran, Bharati Sharma, Milind Gunaji",2017
Main Terrorist Nahi Hoon,Arjin Uppal,"Gulshan Grover, Rahul Dev, Afiq Muiz, Chacha Maembong, Farida Jalal",2017
Ranchi Diaries,Sattwik Mohanty,"Jimmy Sheirgill, Taaha Shah & Himansh Kohli",2017
Jia aur Jia,Howard Rosemeyer,"Kalki Koechlin, Richa Chaddha",2017
Rukh,Atanu Mukherjee,"Manoj Bajpayee, Smita Tambe, Kumud Mishra, Adarsh Gourav",2017
Ittefaq,Abhay Chopra,"Sidharth Malhotra, Sonakshi Sinha & Akshaye Khanna",2017
The House Next Door,Milind Rau,"Siddharth, Andrea Jeremiah & Atul Kulkarni",2017
Ribbon,Rakhee Sandilya,"Kalki Koechlin, Sumeet Vyas, Hitesh Malhan",2017
Shaadi Mein Zaroor Aana,Ratnaa Sinha,"Rajkummar Rao, Kriti Kharbanda",2017
Qarib Qarib Singlle,Tanuja Chandra,"Irrfan Khan, Parvathy, Brijendra Kala",2017
The Window,VK Choudhary,"Amit Kumar Vashisth, Teena Singh & Preeti Sharma",2017
Aksar 2,Ananth Narayan Mahadevan,"Zareen Khan, Gautam Rode, Abhinav Shukla, Mohit Madaan",2017
Panchlait,Prem Prakash Modi,"Amitosh Nagpal, Anuradha Mukherjee & Yashpal Sharma",2017
Tumhari Sulu,Suresh Triveni,Vidya Balan & Manav Kaul,2017
Dil Jo Na Keh Saka,Naresh Lalwani,"Himansh Kohli, Priya Banerjee",2017
A Daughter's Tale Pankh,Premraaj,"Nishigandha Wad, Mehul Buch, Sudhir Pandey",2017
Julie 2,Deepak Shivdasani,"Raai Laxmi, Ravi Kishan & Aditya Srivastava",2017
Ajji,Devashish Makhija,"Sudhir Pandey, Sushma Deshpande",2017
Kadvi Hawa,Nila Madhab Panda,"Sanjay Mishra, Ranvir Shorey, Tillotama Shome, Bupesh Singh, Ekta Sawant",2017
Saankal,Dedipya Joshii,"Tanima Bhattacharya, Chetan Sharma, Harish Hariaudh",2017
Tera Intezaar,Raajeev Waalia,Arbaaz Khan & Sunny Leone,2017
Firangi,Rajiv Dhingra,"Kapil Sharma, Varun Badola & Edward Sonnenblick",2017
Fukrey Returns,Mrighdeep Singh Lamba,"Pulkit Samrat, Priya Anand, Ali Fazal, Varun Sharma",2017
Game Over,Paresh Vinodray Savani,"Rajesh Sharma, Yashpal Sharma, Gurleen Chopra",2017
Sallu Ki Shaadi,Mohammad Israr Ansari,"Zeenat Aman, Kiran Kumar, Asrani, Kshayp, Arshin and Sandeep Anand",2017
Monsoon Shootout,Amit Kumar,"Nawazuddin Siddiqui, Vijay Varma & Tannishtha Chatterjee",2017
Sanju,,,2018
Padmaavat,,,2018
Andhadhun,,,2018
Simmba,,,2018
Thugs of Hindostan,,,2018
Race 3,,,2018
Baaghi 2,,,2018
Hichki,,,2018
Badhaai Ho,,,2018
Pad Man,,,2018
1921,Vikram Bhatt,"Zareen Khan, Karan Kundra, Tobby Hinston, Sonia Armstrong",2018
Kaalakaandi,Akshat Verma,"Saif Ali Khan, Isha Talwar, Shenaz Treasury, Akshay Oberoi, Vijay Raaz, Deepak Dobriyal, Sobhita Dhulipala, Kunaal Roy Kapur, Nary Singh",2018
Mukkabaaz,Anurag Kashyap,"Vineet Kumar Singh, Zoya Hussain, Ravi Kishan, Jimmy Sheirgill",2018
Phir Se...,Kunal Kohli,"Jennifer Winget, Kunal Kohli, Rajit Kapur",2018
My Birthday Song,Samir Soni,"Sanjay Suri, Nora Fatehi, Pitobash",2018
Vodka Diaries,Kushal Srivastava,"Kay Kay Menon, Mandira Bedi, Raima Sen, Sharib Hashmi",2018
Nirdosh,Pradeep Rangwani,"Arbaaz Khan, Manjari Fadnis, Ashmit Patel, Mukul Dev, Mahek Chahal",2018
Union Leader,Sanjay Patel,"Rahul Bhat, Tillotama Shome",2018
Love per Square Foot,Anand Tiwari,"Vicky Kaushal, Angira Dhar, Alankrita Sahai, Raghubir Yadav",2018
Aiyaary,Neeraj Pandey,"Sidharth Malhotra, Manoj Bajpayee, Rakul Preet Singh, Pooja Chopra, Anupam Kher, Naseeruddin Shah",2018
Kuchh Bheege Alfaaz,Onir,"Zain Khan Durrani, Geetanjali Thapa",2018
Jaane Kyun De Yaaron,Akshay Anand,"Raghu Raja, Abhishek Sharma, Kabir Bedi, Chetna Pande, Viju Khote",2018
Sonu Ke Titu Ki Sweety,Luv Ranjan,"Kartik Aaryan, Nushrat Bharucha, Sunny Nijar",2018
Pari,Prosit Roy,"Anushka Sharma, Parambrata Chatterjee, Rajat Kapoor, Ritabhari Chakraborty, Mansi Multani",2018
Veerey Ki Wedding,Ashu Trikha,"Pulkit Samrat, Jimmy Sheirgill, Kriti Kharbanda, Satish Kaushik, Yuvika Chaudhary, Supriya Karnik",2018
Hate Story IV,Vishal Pandya,"Urvashi Rautela, Vivan Bhatena, Karan Wahi, Ihana Dhillon, Gulshan Grover, Tia Bajpai, Shaad Randhawa",2018
Dil Juunglee,Aleya Sen,"Saqib Saleem, Tapsee Pannu, Abhilash Thapleyal, Nidhi Singh, Srishti Srivastava, Ayesha Khaduskar",2018
3 Storeys,Arjun Mukerjee,"Richa Chaddha, Pulkit Samrat, Sharman Joshi, Renuka Shahane, Masumeh Makhija, Laksh Singh, Aisha Ahmed, Ankit Rathi",2018
Raid,Raj Kumar Gupta,"Ajay Devgn, Ileana D'Cruz, Saurabh Shukla",2018
Shaadi Teri Bajayenge Hum Band,Gurpreet Sondh,"Rajpal Yadav, Mushtaq Khan, Rahul Bagga, Rohit Kumar, Dilbagh Singh, Naresh Gosain, Afreen Alvi, Radha Bhatt",2018
Blackmail,Abhinay Deo,"Irrfan Khan, Kirti Kulhari, Arunoday Singh, Divya Dutta, Omi Vaidya",2018
Missing,Mukul Abhyankar,"Tabu, Manoj Bajpayee, Annu Kapoor",2018
October,Shoojit Sircar,"Varun Dhawan, Banita Sandhu, Gitanjali Rao",2018
Mercury,Karthik Subbaraj,"Prabhu Deva, Sananth Reddy, Remya Nambeesan",2018
Zoo,Shlok Sharma,"Shweta Tripathi, Shashank Arora, Rahul Kumar",2018
Beyond the Clouds,Majid Majidi,"Ishaan Khatter, Malavika Mohanan",2018
Nanu Ki Jaanu,Faraz Haider,"Patralekhaa, Abhay Deol, Sapna Chaudhary",2018
Daas Dev,Sudhir Mishra,"Richa Chaddha, Aditi Rao Hydari, Rahul Bhat, Saurabh Shukla, Vipin Sharma, Vineet Kumar Singh, Dalip Tahil, Anurag Kashyap",2018
Meri Nimmo,M.M Shanklya,"Anjali Patil, Karan Dave",2018
102 Not Out,Umesh Shukla,"Amitabh Bachchan, Rishi Kapoor",2018
Omerta,Hansal Mehta,Rajkummar Rao,2018
Raazi,Meghna Gulzar,"Vicky Kaushal, Alia Bhatt",2018
Hope Aur Hum,Sudip Bandyopadhyay,"Naseeruddin Shah, Sonali Kulkarni, Aamir Bashir",2018
Falooda,Dhiraj Singh,"Aarav Negi, Goonj Chand, Azhar, Pihu Sharma, Dhiraj Singh",2018
High Jack,Akash Khurana,"Sumeet Vyas, Sonnalli Seygall, Mantra, Taaruk Raina, Priyanshu Painyuli, Kumud Mishra, Natasha Rastogi",2018
Khajoor Pe Atke,Harsh Chhaya,"Vinay Pathak, Manoj Pahwa, Seema Pahwa, Dolly Ahluwalia, Sabah Kapoor",2018
Parmanu: The Story Of Pokhran,Abhishek Sharma,"John Abraham, Diana Penty, Boman Irani",2018
"Danny Denzongpa, Geetanjali Thapa, Tisca Chopra, Adil Hussain",Fox Star Studios,[65],2018
Veere Di Wedding,Shashanka Ghosh,"Kareena Kapoor, Sonam Kapoor, Swara Bhaskar, Shikha Talsania, Sumeet Vyas",2018
Bhavesh Joshi Superhero,Vikramaditya Motwane,"Harshvardhan Kapoor, Priyanshu Painyuli, Nishikant Kamat",2018
Phamous,Karan Lalit Butani,"Jackie Shroff, Jimmy Sheirgill, Kay Kay Menon, Shriya Saran, Mahie Gill, Pankaj Tripathi",2018
Lust Stories,"Anurag Kashyap, Karan Johar, Zoya Akhtar, Dibakar Banerjee","Radhika Apte, Sanjay Kapoor, Kiara Advani, Vicky Kaushal, Neha Dhupia, Neil Bhoopalam, Bhumi Pednekar, Manisha Koirala, Akash Thosar",2018
Hanuman vs Mahiravana,Ezhil Vendan,,2018
Soorma,Shaad Ali,"Diljit Dosanjh, Taapsee Pannu, Angad Bedi",2018
When Obama Loved Osama,Sudhish Kumar Sharma,"Mousam Sharma, Swati Bakshi, Rahul Avana, Mohit Baghel, Heena Panchal, Hemant Pandey, Vikas Giri Manoj Bakshi, Himani Shivpuri,",2018
Dhadak,Shashank Khaitan,"Ishaan Khatter, Jhanvi Kapoor",2018
"Saheb, Biwi Aur Gangster 3",Tigmanshu Dhulia,"Sanjay Dutt, Jimmy Sheirgill, Mahi Gill, Chitrangada Singh, Soha Ali Khan",2018
Nawabzaade,Jayesh Pradhan,"Raghav Juyal, Punit Pathak, Dharmesh Yelande, Isha Rikhi",2018
Fanney Khan,Atul Manjrekar,"Anil Kapoor, Aishwarya Rai Bachchan, Rajkummar Rao, Karan Singh Chhabra, Divya Dutta",2018
Mulk,Anubhav Sinha,"Rishi Kapoor, Prateik Babbar, Rajat Kapoor, Taapsee Pannu, Ashutosh Rana, Manoj Pahwa, Neena Gupta",2018
Brij Mohan Amar Rahe!,Nikhil Bhatt,"Arjun Mathur, Nidhi Singh, Vijayant Kohli, Sunny Hinduja",2018
Laxmi and Tikli Bomb,Aditya Kripalani,"Vibhawari Deshpande, Suchitra Pillai, Chitraganda Chakraborty, Upendra Limaye",2018
Karwaan,Akarsh Khurana,"Irrfan Khan, Dulquer Salman, Mithila Palkar, Kriti Kharbanda",2018
Gold,Reema Kagti,"Akshay Kumar, Kunal Kapoor, Mouni Roy, Amit Sadh",2018
Satyameva Jayate,Milap Zaveri,"John Abraham, Manoj Bajpayee, Aisha Sharma, Amruta Khanvilkar",2018
Genius,Anil Sharma,"Utkarsh Sharma, Ishita Chauhan, Nawazuddin Siddiqui, Ayesha Jhulka",2018
Happy Phirr Bhag Jayegi,Mudassar Aziz,"Sonakshi Sinha, Diana Penty, Ali Fazal, Jimmy Shergill, Jassi Gill",2018
Toba Tek Singh,Ketan Mehta,"Pankaj Kapur, Vinay Pathak",2018
Yamla Pagla Deewana: Phir Se,Navaniat Singh,"Dharmendra, Sunny Deol, Bobby Deol, Kriti Kharbanda",2018
Stree,Amar Kaushik,"Rajkummar Rao, Shraddha Kapoor, Aparshakti Khurana, Pankaj Tripathi",2018
Once Again,Kanwal Sethi,"Shefali Shah, Neeraj Kabi",2018
Paltan,J. P. Dutta,"Jackie Shroff, Sonu Sood, Arjun Rampal, Gurmeet Choudhary, Siddhanth Kapoor, Harshvardhan Rane, Luv Sinha, Esha Gupta, Monica Gill, Sonal Chauhan, Dipika Kakar, Aditii Arya Sharma",2018
Laila Majnu,Sajid Ali,"Mir Sarwar, Avinash Tiwary, Tripti Dimri, Ruchika Kapoor",2018
Gali Guleiyan,Dipesh Jain,"Manoj Bajpayee, Ranvir Shorey, Neeraj Kabi, Shahana Goswami",2018
Halkaa,Nila Madhab Panda,"Ranvir Shorey, Paoli Dam, Tathastu, Kumud Mishra",2018
Manmarziyaan,Anurag Kashyap,"Abhishek Bachchan, Vicky Kaushal, Taapsee Pannu",2018
Love Sonia,Tabrez Noorani,"Mrunal Thakur, Freida Pinto, Manoj Bajpayee, Rajkummar Rao, Richa Chadda, Anupam Kher, Adil Hussain, Sai Tamhankar",2018
Mitron,Nitin Kakar,"Jackky Bhagnani, Kritika Kamra, Pratik Gandhi, Neeraj Sood",2018
Batti Gul Meter Chalu,Shree Narayan Singh,"Shahid Kapoor, Shraddha Kapoor, Divyendu Sharma, Yami Gautam",2018
Manto,Nandita Das,"Nawazuddin Siddiqui, Tahir Raj Bhasin, Rasika Dugal, Rajshri Deshpande",2018
Ishqeria,Prerna Wadhawan,"Neil Nitin Mukesh, Richa Chaddha",2018
Sui Dhaaga,Sharat Katariya,"Varun Dhawan, Anushka Sharma",2018
Pataakha,Vishal Bhardwaj,"Sanya Malhotra, Sunil Grover, Radhika Madan",2018
Loveyatri,Abhiraj Minawala,"Aayush Sharma, Warina Hussain",2018
Jalebi,Pushpdeep Bhardwaj,"Rhea Chakraborty, Digangana Suryavanshi, Varun Mitra",2018
Helicopter Eela,Pradeep Sarkar,"Kajol, Riddhi Sen, Neha Dhupia, Tota Roy Choudhury",2018
FryDay,Abhishek Dogra,"Govinda, Varun Sharma",2018
Tumbbad,Rahi Anil Barve,"Soham ShahHarish Khanna, Anita Date",2018
Namaste England,Vipul Shah,"Arjun Kapoor, Parineeti Chopra, Aditya Seal, Alankrita Sahai, Anil Mange, Satish Kaushik",2018
Baazaar,Gauravv K. Chawla,"Saif Ali Khan, Radhika Apte, Chitrangada Singh, Denzil Smith, Rohan Mehra, Sonia Balani",2018
5 Weddings,Namrata Singh Gujral,"Rajkummar Rao, Nargis Fakhri, Bo Derek, Candy Clark, Anneliese van der Pol, Suvinder Vicky",2018
Kaashi in Search of Ganga,Dhiraj Kumar,"Sharman Joshi, Aishwarya Devan, Govind Namdev, Manoj Joshi, Manoj Pahwa, Akhilendra Mishra",2018
Dassehra,Manish Vatsalya,"Neil Nitin Mukesh, Tina Desai, Govind Namdev",2018
Mohalla Assi,Chandraprakash Dwivedi,"Sunny Deol, Sakshi Tanwar, Ravi Kishan, Saurabh Shukla, Mukesh Tiwari, Rajendra Gupta, Mithilesh Chaturvedi",2018
Pihu,Vinod Kapri,"Myra Vishwakarma, Prerna Sharma",2018
Hotel Milan,Vishal Mishra,"Kunaal Roy Kapur, Karishma Sharma, Zeishan Quadri, Jaideep Ahlawat, Rajesh Sharma, Zakir Hussain",2018
Tigers,Danis Tanović,"Emraan Hashmi, Khalid Abdalla, Geetanjali Thapa, Supriya Pathak",2018
Bhaiaji Superhit,Neerraj Pathak,"Sunny Deol, Preity Zinta, Ameesha Patel, Arshad Warsi, Shreyas Talpade, Evelyn Sharma",2018
2,S Shankar,"Rajnikanth, Amy Jackson, Akshay Kumar, Adil Hussain, Sudhanshu Pandey",2018
Rajma Chawal,Leena Yadav,"Rishi Kapoor, Anirudh Tanwar, Amyra Dastur",2018
Kedarnath,Abhishek Kapoor,"Sushant Singh Rajput, Sara Ali Khan",2018
Ascharyachakit!,Samit Kakkad,"Priyanka Bose, Vaibhav Raj Gupta, Ankit Raaj, Anangsha Biswas, Santosh Juvekar",2018
Zero,Aanand L. Rai,"Shah Rukh Khan, Katrina Kaif, Anushka Sharma, Abhay Deol, Tigmanshu Dhulia",2018
War,,,2019
Saaho,,,2019
Kabir Singh,,,2019
Uri: The Surgical Strike,,,2019
Bharat,,,2019
Good Newwz,,,2019
Housefull 4,,,2019
Mission Mangal,,,2019
Gully Boy,,,2019
Dabangg 3,,,2019
Salt Bridge,Abhijit Deonath,Rajeev KhandelwalChelsie Preston CrayfordUsha Jadhav,2019
Cabaret,Kaustav Narayan Niyogi,Richa ChaddaGulshan DevaiahS. Sreesanth,2019
Battalion 609,Brijesh Batuknath Tripathi,Shoaib IbrahimElena KazanFarnaz ShettyVishwas KiniVicky AhujaVikas SrivastavaChandraprakash Thakur,2019
The Accidental Prime Minister,Vijay Ratnakar Gutte,Anupam KherAkshaye KhannaSuzanne BernertAahana KumraArjun Mathur,2019
Evening Shadows,Sridhar Rangayan,Mona AmbegaonkarAnanth Narayan MahadevanDevansh DoshiArpit Chaudhary,2019
Why Cheat India,Soumik Sen,Emraan HashmiShreya Dhanwanthary,2019
SP Chauhan,Manoj K Jha,Jimmy ShergillYuvika ChaudharyYashpal Sharma,2019
Fraud Saiyaan,Sourabh Shrivastava,Arshad WarsiSara LorenSaurabh Shukla,2019
Soni,Ivan Ayr,Geetika Vidhya OlyanSaloni Batra,2019
72 Hours: Martyr Who Never Died,Avinash Dhyani,Avinash DhyaniMukesh TiwariVirendra SaxenaAlka Amin Shishir SharmaGireesh SahdevPrashil Rawat,2019
Bombairiya,Pia Sukanya,Radhika ApteSiddhanth KapoorAkshay OberoiShilpa ShuklaAdil HussainAmit SialRavi Kishan,2019
Rangeela Raja,Sikander Bharti,GovindaShakti KapoorPrem ChopraGovind NamdevShyamlal YadavMishika ChourasiaAnupama AgnihotriDigangana SuryavanshiKarishma HarshadaArti Gupta,2019
Thackeray,Abhijit Panse,Nawazuddin SiddiquiAmrita Rao,2019
Manikarnika: The Queen of Jhansi,Radha Krishna JagarlamudiKangana Ranaut,Kangana RanautJisshu SenguptaSuresh OberoiAnkita LokhandeDanny DenzongappaAtul KulkarniMohammed Zeeshan Ayyub,2019
Ek Ladki Ko Dekha Toh Aisa Laga,Shelly Chopra Dhar,Anil KapoorSonam KapoorJuhi ChawlaRajkummar Rao,2019
The Fakir of Venice,Anand Surapur,Farhan AkhtarAnnu Kapoor,2019
Dosti Ke Side Effects,Hadi Ali Abrar,Sapna ChoudhryVikrant AnandNeel MotwaniZuber K. KhanAnju Jadhav,2019
Amavas,Bhushan Patel,Sachiin JoshiVivan BhatenaNargis Fakhri,2019
Hum Chaar,Abhishek Dixit,Prit KamaniSimran SharmaAnshuman MalhotraTushar Pandey,2019
Total Dhamaal,Indra Kumar,Ajay DevgnMadhuri DixitArshad WarsiJaved JaffreyAnil KapoorRiteish DeshmukhSanjay MishraEsha Gupta,2019
Goopi Gawaiya Bagha Bajaiya,Shilpa Ranade,Manish BhawanRajeev RajShailendra Pande,2019
Luka Chuppi,Laxman Utekar,Kartik AaryanKriti SanonAparshakti KhuranaPankaj TripathiVinay Pathak,2019
Sonchiriya,Abhishek Chaubey,Sushant Singh RajputBhumi PednekarManoj BajpayeeRanvir ShoreyAshutosh Rana,2019
Badla,Sujoy Ghosh,Amitabh BachchanTaapsee Pannu,2019
The Sholay Girl,Aditya Sarpotdar,Bidita BagChandan Roy Sanyal,2019
Hamid,Aijaz Khan,Talha Arshad ReshiRasika DugalVikas KumarSumit Kaul,2019
Photograph,Ritesh Batra,Nawazuddin SiddiquiSanya Malhotra,2019
Milan Talkies,Tigmanshu Dhulia,Ali FazalShraddha SrinathReecha SinhaAshutosh RanaSanjay MishraSikandar Kher,2019
Risknamaa,Aarun Nagar,Sachin KhariAarun NagarShahbaz KhanPramod MouthoRavi Verma,2019
Mere Pyare Prime Minister,Rakeysh Omprakash Mehra,Anjali PatilMakarand DeshpandeRasika AagasheSonia AlbizuriSyna AnandAdarsh BhartiOm Kanojiya,2019
22 Yards,Mitali Ghoshal,Barun SobtiAmartya RayPanchi BoraRajit KapurRajesh SharmaChaiti GhoshalGeetika Tyagi,2019
377 Ab Normal,Faruk Kabir,Shashank AroraMohammed Zeeshan AyyubTanvi AzmiMaanvi Gagroo,2019
Kesari,Anurag Singh,Akshay KumarParineeti ChopraMir SarwarAshwath Bhatt,2019
Mard Ko Dard Nahi Hota,Vasan Bala,Abhimanyu DassaniRadhika MadanGulshan DevaiahMahesh ManjrekarJimit TrivediShweta Basu Prasad,2019
Ram Ki Janmabhoomi,Sanoj Mishra,Govind NamdeoManoj JoshiNajneen PatniRajveer Singh,2019
Notebook,Nitin Kakkar,Zaheer IqbalPranutan Bahl,2019
Junglee,Chuck Russell,Vidyut JammwalPooja SawantAsha BhatAtul Kulkarni,2019
Gone Kesh,Qasim Khallow,Shweta TripathiJitendra KumarVipin SharmaDeepika AminBrijendra Kala,2019
Romeo Akbar Walter,Robbie Garewal,John AbrahamMouni RoyJackie ShroffSikander KherSuchitra Krishnamoorthi,2019
Jai Chhathi Maa,Murari Sinha,"Ravi Kishan, Gurleen Chopra, Preeti Jhangiani",2019
Albert Pinto Ko Gussa Kyun Aata Hai?,Soumitra Ranade,Manav KaulNandita DasSaurabh ShuklaKishor Kadam,2019
The Tashkent Files,Vivek Agnihotri,Mithun ChakrabortyNaseeruddin ShahShweta Basu PrasadPankaj TripathiVinay PathakMandira BediPallavi JoshiAnkur RatheePrakash Belawadi,2019
Blackboard vs Whiteboard,Tarun S. Bisht,"Raghubir Yadav, Ashok Samarth, Akhilendra Mishra",2019
Kalank,Abhishek Varman,Madhuri DixitSonakshi SinhaAlia BhattVarun DhawanAditya Roy KapurSanjay Dutt,2019
Music Teacher,Sarthak Dasgupta,Manav KaulDivya DuttaNeena Gupta,2019
Blank,Behzad Khambata,Sunny DeolKaran KapadiaIshita Dutta,2019
Setters,Ashwini Chaudhary,Aftab ShivdasaniShreyas TalpadeSonnalli SeygallIshita DuttaPavan MalhotraVijay RaazJameel KhanManu Rishi,2019
Yours Truly,Sanjoy Nag,Soni RazdanAahana KumraPankaj Tripathi,2019
Badnaam Gali,Ashwin Shetty,Patralekha PaulDivyendu Sharma,2019
Chhota Bheem Kung Fu Dhamaka[a],Rajiv Chilaka,Parigna Pandya ShahJulie TejwaniPinky RajputRajesh Kava,2019
Student of the Year 2,Punit Malhotra,Tiger ShroffTara SutariaAnanya Panday,2019
Chhoriyan Chhoron Se Kam Nahi Hoti,Rajesh Amarlal Babbar,Satish KaushikRashmi Somvanshi,2019
Gunwali Dulhaniya,Shantanu Anant Tambe,Kanchan AwasthiMayur KumarElvis ChaturvediGovind NamdevBrijendra Kala,2019
De De Pyaar De,Akiv Ali,Ajay DevgnTabuRakul Preet SinghJimmy Sheirgill,2019
India's Most Wanted,Rajkumar Gupta,Arjun KapoorSudev NairRajesh SharmaPrashanth AlexanderShantilal Mukherjee,2019
PM Narendra Modi,Omung Kumar,Vivek OberoiBoman IraniManoj JoshiBarkha SenguptaAanjjan SrivastavZarina WahabSuresh Oberoi,2019
Yeh Hai India,Lomharsh,Gavie ChahalMohan AghasheMohan Joshi,2019
Chopsticks,Sachin Yardi,Abhay DeolMithila PalkarVijay Raaz,2019
Khamoshi,Chakri Toleti,Prabhu DevaTamannaahBhumika Chawla,2019
Kissebaaz,Annant Jaaitpaal,Pankaj TripathiAnupriya GoenkaEvelyn SharmaRahul BaggaMouli GangulyZakir HussainRajesh Sharma,2019
Jaoon Kahan Bata Ae Dil,Aadish Keluskar,Khushboo UpadhyayRohit Kokate,2019
Article 15,Anubhav Sinha,Ayushmann KhurranaIsha TalwarNassarManoj PahwaSayani GuptaKumud MishraMohammed Zeeshan Ayyub,2019
Malaal,Mangesh Hadawale,Meezaan JafferySharmin Segal,2019
One Day: Justice Delivered,Ashok Nanda,Anupam KherEsha GuptaKumud Mishra,2019
Hume Tumse Pyaar Kitna,Lalit Mohan,Karanvir BohraPriya BanerjeeSamir KochharMahesh Balraj,2019
Marudhar Express,Vishal Mishra,Kunaal Roy KapurTara Alisha BerryRajesh Sharma,2019
Super 30,Vikas Bahl,Hrithik RoshanMrunal ThakurAmit SadhPankaj Tripathi,2019
Family of Thakurganj,Manoj K. Jha,Jimmy SheirgillMahie GillSaurabh ShuklaSudhir PandeySupriya PilgaonkarPavan MalhotraMukesh TiwariNandish SinghYashpal SharmaPranati Rai PrakashRaj ZutshiSalil AcharyaManoj Pahwa,2019
Jhootha Kahin Ka,Smeep Kang,Rishi KapoorOmkar KapoorSunny SinghJimmy SheirgillLillete DubeyManoj Joshi,2019
Judgementall Hai Kya,Prakash Kovelamudi,Kangana RanautRajkummar RaoJimmy SheirgillAmyra DasturAmrita Puri,2019
Arjun Patiala,Rohit Jugraj,Diljit DosanjhKriti SanonVarun SharmaRonit Roy,2019
Khandaani Shafakhana,Shilpi Dasgupta,Sonakshi SinhaVarun SharmaAnnu KapoorBadshah,2019
Barot House,Bugs Bhargava,Amit SadhManjari Fadnis,2019
Jabariya Jodi,Prashant Singh,Sidharth MalhotraParineeti Chopra,2019
Chicken Curry Law,Shekhar Sirrinn,Ashutosh RanaNivedita BhattacharyaMakrand DeshpandeZakir HussainAman VermaNatalia Janoszek,2019
Pranaam,Sanjiv Jaiswal,Rajeev KhandelwalSamekshaShaji ChaudharyAtul KulkarniAbhimanyu SinghVikram Gokhale,2019
Batla House,Nikhil Advani,John AbrahamMrunal Thakur,2019
Posham Pa,Suman Mukhopadhyay,Mahie GillSayani GuptaRagini Khanna,2019
Saaho[b],Sujeeth,PrabhasNeil Nitin MukeshShraddha KapoorJackie Shroff,2019
Chhichhore,Nitesh Tiwari,Sushant Singh RajputShraddha KapoorVarun SharmaPrateik BabbarTahir Raj BhasinNaveen PolishettyTushar PandeySaharsh Shukla,2019
Dream Girl,Raaj Shaandilyaa,Ayushmann KhurranaNushrat Bharucha,2019
Section 375,Ajay Bahl,Akshaye KhannaRicha ChadhaRahul BhatMeera Chopra,2019
Main Zaroor Aaunga,Chandrakant Singh,"Arbaaz Khan, Aindrita Ray, Vikas Verma, Govind Namdev",2019
The Zoya Factor,Abhishek Sharma,Sonam KapoorDulquer SalmaanSanjay Kapoor,2019
Pal Pal Dil Ke Paas,Sunny Deol,Karan DeolSahher Bambba,2019
Prassthanam,Deva Katta,Sanjay DuttManisha KoiralaJackie ShroffChunky PandeyAli FazalAmyra DasturSatyajeet Dubey,2019
The Sky Is Pink,Shonali Bose,Priyanka ChopraFarhan AkhtarZaira WasimRohit Suresh Saraf,2019
Chappad Phaad Ke,Sameer Hemant Joshi,Vinay PathakSiddharth MenonAyesha Raza MishraSheetal Thakur,2019
Ghost,Vikram Bhatt,Sanaya IraniShivam Bhaargava,2019
Laal Kaptaan,Navdeep Singh,Saif Ali KhanManav VijZoya HussainDeepak DobriyalSimone Singh,2019
P Se Pyaar F Se Faraar,Manoj Tiwari,Jimmy SheirgillKumud MishraBhavesh Kumar,2019
Upstarts,Udai Singh Pawar,Priyanshu PainyuliChandrachoor RaiShadab KamalSheetal Thakur,2019
Yaaram,Ovais Khan,Prateik BabbarSiddhanth KapoorIshita Raj Sharma,2019
Officer Arjun Singh IPS Batch 2000,Arshad Siddiqui,Priyanshu ChatterjeeRaai Laxmi,2019
Jacqueline I Am Coming,Banty Dubey,"Raghubir Yadav, Diiva Dhanoya, Shakti Kumar",2019
Kanpuriye,Ashish Aryan,Aparshakti KhuranaDivyennduHarsh MayarVijay RaazRajshri DeshpandeHarshita Gaur,2019
Made in China,Mikhil Musale,Rajkummar RaoMouni RoyBoman IraniGajraj RaoSumeet VyasAmyra DasturParesh Rawal,2019
Saand Ki Aankh,Tushar Hiranandani,Bhumi PednekarTaapsee PannuPrakash JhaVineet Kumar Singh,2019
Drive,Tarun Mansukhani,Sushant Singh RajputJacqueline FernandezVikramjeet VirkSapna PabbiBoman IraniPankaj Tripathi,2019
Ujda Chaman,Abhishek Pathak,Sunny SinghMaanvi GagrooKarishma SharmaAishwarya Sakhuja,2019
Bala,Amar Kaushik,Ayushmann KhurranaBhumi PednekarYami GautamSaurabh ShuklaJaved JaffreySeema Pahwa,2019
Bypass Road,Naman Nitin Mukesh,Neil Nitin MukeshAdah SharmaShama SikanderGul PanagRajit KapurSudhanshu Pandey,2019
Moothon[c],Geetu Mohandas,Nivin PaulySanjana DipuShashank AroraSobhita DhulipalaDileesh PothanJim SarbhRoshan Mathew,2019
Satellite Shankar,Irfan Kamal,Sooraj PancholiMegha Akash,2019
Jhalki,Brahmanand S. Siingh,Boman IraniTannishtha ChatterjeeDivya DuttaSanjay SuriYatin KaryekarAkhilendra MishraGovind NamdevJoy Sengupta,2019
House Arrest,Shashanka Ghosh and Samit Basu,Ali FazalShriya PilgaonkarJim Sarbh,2019
Keep Safe Distance,Raama Mehra,Kiran KumarShahbaz Khan,2019
Marjaavaan,Milap Milan Zaveri,Sidharth MalhotraRiteish DeshmukhTara SutariaRakul Preet Singh,2019
Motichoor Chaknachoor,Debamitra Biswal,Nawazuddin SiddiquiAthiya Shetty,2019
Marne Bhi Do Yaaron,Kashmera Shah,Krishna AbhishekKashmera ShahRishaab Chauhaan,2019
Pagalpanti,Anees Bazmee,Anil KapoorJohn AbrahamIleana D'CruzArshad WarsiPulkit SamratKriti KharbandaUrvashi RautelaSaurabh Shukla,2019
Commando 3,Aditya Datt,Vidyut JammwalAdah SharmaAngira DharGulshan Devaiah,2019
Yeh Saali Aashiqui,Cherag Ruparel,Vardhan PuriShivaleeka Oberoi,2019
Panipat,Ashutosh Gowariker,Sanjay DuttArjun KapoorKriti SanonMohnish Bahl,2019
Pati Patni Aur Woh,Mudassar Aziz,Kartik AaryanBhumi PednekarAnanya Panday,2019
Mardaani 2,Gopi Puthran,Rani MukerjiVishal JethwaJisshu Sengupta,2019
The Body,Jeethu Joseph,Emraan HashmiRishi KapoorVedhikaSobhita Dhulipala,2019
Line of Descent[d],Rohit Karn Batra,Brendan FraserAbhay DeolRonit RoyNeeraj KabiPrem ChopraAli Haji,2019
Happi,Bhavna Talwar,Pankaj KapoorSupriya PathakHrishitaa Bhatt,2019
Tanhaji,,,2020
Baaghi 3,,,2020
Street Dancer 3D,,,2020
Shubh Mangal Zyada Saavdhan,,,2020
Malang,,,2020
Chhapaak,,,2020
Love Aaj Kal,,,2020
Jawaani Jaaneman,,,2020
Thappad,,,2020
Panga,,,2020
Ghost Stories,Karan JoharDibakar BanerjeeZoya AkhtarAnurag Kashyap,Sobhita DhulipalaMrunal ThakurAvinash TiwaryJanhvi KapoorSurekha SikriRaghuvir YadavGulshan DevaiahVijay VarmaPavail GulatiJyoti SubhashEva Ameet PardeshiKitu GidwaniSumit Tandon,2020
Beautiful,Agastya Manju,Naina GangulyK K BinojeeParth Suri,2020
Bhangra Paa Le,Sneha Taurani,Sunny KaushalRukshar DhillonShriya Pilgaonkar,2020
Sab Kushal Mangal,Karan Vishwanath Kashyap,Akshaye KhannaRiva KishanPriyank Sharma,2020
Shimla Mirchi,Ramesh Sippy,Hema MaliniRajkummar RaoRakul Preet Singh,2020
Half Widow,Danish Renzu,Neelofar HamidShahnawaz BhatMir SarwarHaseena Sofi,2020
Bunker,Jugal Raja,Abhijeet SinghArindita Kalita,2020
Jai Mummy Di,Navjot Gulati,Sunny SinghSonnalli SeygallPoonam DhillonSupriya Pathak,2020
Gul Makai,H.E. Amjad khan,Reem ShaikhAtul KulkarniDivya DuttaOm PuriArif ZakariaMukesh RishiAbhimanyu SinghPankaj Tripathi,2020
Happy Hardy and Heer,Raka,Himesh ReshammiyaSonia Mann,2020
Pagleaazam,"Vikas P Kavvthekaar, Aps Raghuvanshi",Aditya Pratap SinghMandeep Kaur MannnatSonia SharmaLiliputFaruqueRavi MannAbhinaye SharmaSahil PatelAmber Upadhyay,2020
Operation Parindey,Sanjay Gadhvi,Amit SadhRahul DevAakash DahiyaRucha Inamdar,2020
Hacked,Vikram Bhatt,Hina KhanRohan ShahMohit MalhotraSid Makkar,2020
Kaanchli Life in a Slough,Dedipya Joshii,Sanjay MishraShikha Malhotra,2020
Yahan Sabhi Gyani Hain,Anant Tripathi,Neeraj SoodApoorva AroraAtul Srivastav,2020
Shikara,Vidhu Vinod Chopra,Aadil KhanSadia Khateeb,2020
Khawab Sare Jhoothey,Deepak Baldev Thakur,Harsh KumarTullika Singh,2020
Shukranu,Bishnu Dev Halder,DivyennduShweta Basu PrasadSheetal Thakur,2020
Bhoot – Part One: The Haunted Ship,Bhanu Pratap Singh,Vicky KaushalBhumi Pednekar,2020
The Hundred Bucks,Dushyant Pratap Singh,Kavita TripathiDinesh BawraJaid Shaikh,2020
Yeh Ballet,Sooni Taraporevala,Julian SandsAchintya BoseManish Chauhan,2020
Doordarshan,Gagan Puri,Mahie GillManu Rishi ChaddhaDolly AhluwaliaSupriya ShuklaRajesh SharmaMehak ManwaniSumit Gulati,2020
Guns of Banaras,Sekhar Suri,Karan NathNathalia KaurAbhimanyu SinghGanesh VenkatramanShilpa ShirodkarZarina WahabMohan AgasheTej Sapru,2020
Haunted Hills,Sanjeev Kumar Rajput,Zuber K. KhanDiana Khan,2020
O Pushpa I Hate Tears,Dinkar Kapoor,Krushna AbhishekKarthik JayaramArjumman Mughal,2020
Dheet Patangey,Ravi Adhikari,Shivin NarangChandan Roy SanyalAli MuradHardik SanghaniTillotama ShomePriya Banerjee,2020
Guilty,Ruchi Narain,Kiara AdvaniAkansha Ranjan KapoorGurfateh Singh PirzadaTaher ShabbirDalip TahilKunal VijaykarManu RishiJanya JoshiChayan Chopra,2020
Kaamyaab,Hardik Mehta,Sanjay MishraDeepak Dobriyal,2020
Angrezi Medium,Homi Adajania,Irrfan KhanKareena KapoorRadhika MadanDeepak DobriyalPankaj Tripathi,2020
Maska,Neeraj Udhwani,Manisha KoiralaNikita DuttaJaved JaffreyPrit KamaniShirley Setia,2020
Bamfaad,Ranjan Chandel,Aditya RawalShalini PandeyVijay Varma,2020
Ateet,Tanuj Bhramar,PriyamaniSanjay SuriRajeev Khandelwal,2020
Mrs. Serial Killer,Shirish Kunder,Jacqueline FernandezManoj BajpayeeMohit RainaZayn Marie,2020
Court Martial,Sourabh Srivastava,Rajeev KhandelwalSaksham DaymaSwapnil Kotiwar,2020
What Are the Odds,Megha Ramaswamy,Yashaswini DayamaKaranvir MalhotraAbhay Deol,2020
Ghoomketu,Pushpendra Nath Misra,Nawazuddin SiddiquiRagini KhannaRicha ChadhaAnurag KashyapDeepika AminRaghuvir YadavIla ArunSwanand Kirkire,2020
Chippa,Safdar Rehman,Sunny PawarJoyraj BhattacharyaSumeet ThakurGautam SarkarMasood AkhtarKalpan Mitra,2020
Chintu Ka Birthday,Devanshu KumarSatyanshu Singh,Vinay PathakTillotama ShomeNate Scholz,2020
Choked,Anurag Kashyap,Saiyami KherRoshan MathewAmruta SubhashRajshri Deshpande,2020
Axone,Nicholas Kharkongor,Dolly AhluwaliaSayani GuptaTenzin DalhaVinay PathakLin LaishramAsenla JamirLanuakum Ao,2020
Gulabo Sitabo,Shoojit Sircar,Farrukh JaffarAmitabh BachchanAyushmann KhurranaVijay RaazBrijendra KalaNalneesh Neel,2020
Kadakh,Rajat Kapoor,Kalki KoechlinRanvir ShoreyShruti SethManoj PahwaTara SharmaCyrus SahukarMansi Multani,2020
Chaman Bahaar,Apurva Dhar Badgaiyann,Jitendra KumarRitika Badiani,2020
Bulbbul,Anvita Dutt,Tripti DimriAvinash TiwaryRahul BoseParambrata ChatterjeePaoli Dam,2020
Bhonsle,Devashish Makhija,Manoj BajpayeeSantosh JuvekarIpshita Chakraborty SinghAbhishek Banerjee,2020
Unlock,Debatma Mandal,Kushal TandonHina KhanRishabh SinhaAditi Arya,2020
Virgin Bhanupriya,Ajay Lohan,Urvashi RautelaGautam Gulati,2020
Dil Bechara,Mukesh Chhabra,Sushant Singh RajputSanjana SanghiSaif Ali KhanSahil VaidSaswata Chatterjee,2020
Yaara,Tigmanshu Dhulia,Vidyut JammwalShruti HaasanAmit SadhVijay VarmaKenny Basumatary,2020
Shakuntala Devi,Anu Menon,Vidya BalanJisshu SenguptaSanya MalhotraAmit Sadh,2020
Lootcase,Rajesh Krishnan,Kunal KhemuRasika DugalVijay RaazRanvir ShoreyGajraj RaoAryan PrajapatiShashi RanjanSumit Nijhawan,2020
Raat Akeli Hai,Honey Trehan,Nawazuddin SiddiquiRadhika ApteShweta TripathiIla ArunShivani RaghuvanshiAditya SrivastavaTigmanshu DhuliaSwanand Kirkire,2020
Pareeksha,Prakash Jha,Adil HussainPriyanka BoseSanjay Suri,2020
Gunjan Saxena: The Kargil Girl,Sharan Sharma,Janhvi KapoorPankaj TripathiAngad BediVineet Kumar SinghManav Vij,2020
Khuda Haafiz,Faruk Kabir,Vidyut JammwalShivaleeka OberoiAnnu KapoorShiv PandittAahana Kumra,2020
Captain Vidyut,Atish Tipathi,Namit DasSuresh MenonTrisha KaleRaghuvir Yadav,2020
Class of '83,Atul Sabharwal,Bobby DeolBhupendra JadawatHitesh BhojrajAnup SoniJoy SenguptaSameer ParanjapeNinad MahajaniPrithvik Pratap,2020
Mee Raqsam,Baba Azmi,Naseeruddin ShahDanish HusainAditi SubediShradha KaulRakesh Chaturvedi,2020
Sadak 2,Mahesh Bhatt,Sanjay DuttPooja BhattAlia BhattAditya Roy Kapur,2020
Ram Singh Charlie,Nitin Kakkar,Kumud MishraDivya DuttaAkarsh KhuranaFarrukh SeyerSalima RazaRohit Rokhade,2020
Atkan Chatkan,Shiv Hare,Sachin ChaudharyYash RaneTamanna Dipak,2020
Cargo,Arati Kadav,Vikrant MasseyShweta Tripathi,2020
Dolly Kitty Aur Woh Chamakte Sitare,Alankrita Shrivastava,Konkona Sen SharmaBhumi PednekarAmol ParasharAamir BashirKubbra SaitKaran KundraVikrant MasseyMushtaq Khan,2020
London Confidential,Kanwal Sethi,Mouni RoyPurab KohliKulraj RandhawaSagar AryaParvesh RanaJas BinagDiljohn SinghKiren Jog,2020
Halahal,Randeep Jha,Sachin KhedekarBarun Sobti,2020
Khaali Peeli,Maqbool Khan,Ishaan KhatterAnanya PandayJaideep Ahlawat,2020
Serious Men,Sudhir Mishra,Nawazuddin SiddiquiAakshath DasShweta Basu PrasadNassarIndira Tiwari,2020
Bahut Hua Samman,Ashish R Shukla,Raghav JuyalAbhishek ChauhanSanjay MishraRam KapoorNidhi SinghNamit DasFlora Saini,2020
Ginny Weds Sunny,Puneet Khanna,Yami GautamVikrant Massey,2020
The Pickup Artist,Rohit Arora,Dev ChauhanPankaj Uniyal,2020
Comedy Couple,Nachiket Samant,Saqib SaleemShweta Basu Prasad,2020
Kasaai,Gajendra Shrotriya,Mita VasishtMayur MoreAmit Bimrot,2020
Taish,Bejoy Nambiar,Pulkit SamratKriti KharbandaJim SarbhHarshvardhan RaneZoa MoraniSanjeeda SheikhAbhimanyu SinghAnkur Rathee,2020
Kaali Khuhi,Terrie Samundra,Shabana AzmiSatyadeep MishraRiva AroraSanjeeda Sheikh,2020
Pepper Chicken,Ratan Sil Ram,Dipannita SharmaBoloram DasBaharul IslamRavi SarmaMonuj Borkotoky,2020
Laxmii,Raghava Lawrence,Akshay KumarKiara Advani,2020
Ludo,Anurag Basu,Abhishek BachchanRajkummar RaoAditya Roy KapurFatima Sana ShaikhSanya MalhotraPankaj TripathiRohit Suresh SarafPearle MaaneyAsha NegiInayat VermaShalini Vats,2020
Chhalaang,Hansal Mehta,Rajkummar RaoNushrratt Bharuccha,2020
Namumkin Tere Bin Jeena,Hidayat Khan,Anmol ChopraChristeenaBiju Rehana Khan,2020
Sir,Rohena Gera,Tillotama ShomeVivek Gomber,2020
Suraj Pe Mangal Bhari,Abhishek Sharma,Manoj BajpayeeDiljit DosanjhFatima Sana Shaikh,2020
Anwar Ka Ajab Kissa,Buddhadeb Dasgupta,Nawazuddin SiddiquiAnanya ChatterjeePankaj TripathiNiharika Singh,2020
It's My Life,Anees Bazmee,Nana PatekarHarman BawejaGenelia D'Souza,2020
Darbaan,Bipin Nadkarni,Sharib HashmiSharad KelkarFlora SainiRasika Dugal,2020
Durgamati,G. Ashok,Bhumi PednekarArshad WarsiJisshu SenguptaMahie GillKaran Kapadia,2020
Indoo Ki Jawani,Abir Sengupta,Kiara AdvaniAditya Seal,2020
Nirvana Inn,Vijay Jayapal,Adil HussainRajshri DeshpandeSandhya Mridul,2020
Torbaaz,Girish Malik,Sanjay DuttNargis FakhriRahul DevGavie ChahalRahul MittraPransh Chopra,2020
Eeb Allay Ooo!,Prateek Vats,Shardul BharadwajMahender NathNutan SinhaShashi BhushanNaina Sareen,2020
Sayonee,Nitin Kumar GuptaAbhay Singhal,Tanmay SsinghMusskan SethiRahul RoyYograj SinghUpasana Singh,2020
Omprakash Zindabad,Ranjeet Gupta,Kulbhushan KharbandaJagdeepShweta BhardwajSeema AzmiAbhay JoshiIshtiyak KhanZakir HussainOm Puri,2020
Unpaused,Raj & D.KNitya MehraNikkhil AdvaniTannishtha ChatterjeeAvinash Arun,Gulshan DevaiahSumeet VyasSaiyami KherRicha ChaddaAbhishek BanerjeeRatna Pathak ShahIshwak Singh,2020
AK vs AK,Vikramaditya Motwane,Anil KapoorAnurag Kashyap,2020
Coolie No. 1,David Dhawan,Varun DhawanSara Ali KhanRajat Rawail,2020
Shakeela,Indrajit Lankesh,Richa ChaddaPankaj TripathiRajeev Pillai,2020
Sooryavanshi,,,2021
83,,,2021
Antim: The Final Truth,,,2021
Bell Bottom,,,2021
Chandigarh Kare Aashiqui,,,2021
Tadap,,,2021
Roohi,,,2021
Mumbai Saga,,,2021
Bunty Aur Babli 2,,,2021
Radhe,,,2021
Nail Polish,Bugs Bhargava Krishna,Arjun RampalManav KaulMadhooAnand TiwariSamreen Kaur,2021
Ramprasad Ki Tehrvi,Seema Pahwa,Naseeruddin ShahVinay PathakVikrant MasseyKonkona Sen SharmaVineet KumarManoj PahwaParambrata ChattopadhyaySupriya PathakDeepika AminNinad Kamat,2021
Kaagaz,Satish Kaushik,Pankaj TripathiMonal GajjarAmar UpadhyayTina AhujaLankesh Bhardwaj,2021
12 'O' Clock,Ram Gopal Varma,Mithun ChakrabortyMakarand DeshpandeFlora SainiManav KaulKrishna Gautam,2021
The Power,Mahesh Manjrekar,Vidyut JammwalShruti HaasanMahesh ManjrekarZakir HussainSachin KhedekarJisshu SenguptaPrateik BabbarYuvika Chaudhary,2021
Tribhanga,Renuka Shahane,KajolTanvi AzmiMithila PalkarKunaal Roy KapurVaibhav TatwawaadiManav GohilKanwaljit Singh,2021
Jamun,Gaurav Mehra,Raghubir YadavShweta Basu PrasadSunny HindujaSaurabh GoyalKrishna Singh BishtBijou ThaangjamSusheel Parashar,2021
Madam Chief Minister,Subhash Kapoor,Richa ChaddaManav KaulAkshay OberoiSaurabh Shukla,2021
Machaan,Nitesh Tiwari,Pawan WavalRicha KalraPrateek GoyalShubham SrivastavMahmood HashmiPrem Sagar SinghMishti Singh,2021
Maassab,Aditya Om,Shiva SuryavanshiSheetal SinghKritika SinghChandrabhushan Singh,2021
Main Mulayam Singh Yadav,Suvendu Raj Ghosh,Amyth SethiSana Amin SheikhGovind Namdeo,2021
Satya Sai Baba,Vicky Ranawat,Anup JalotaJackie Shroff,2021
Lahore Confidential,Kunal Kohli,Richa ChadhaKarishma TannaArunoday Singh,2021
Sakshi,Ajay Ram,Vikram MastalMadhumita BishwasGehana Vasisth,2021
Bawri Chhori,Kartik Ramalingam,Aahana KumraRumana MollaVikram KoccherNiki WaliaSohaila Kapoor,2021
Tuesdays and Fridays,Taranveer Singh,Anmol DhillonJhataleka MalhotraZoa MoraniReem SheikhIbraheem ChoudhryNiki WaliaParmeet Sethi,2021
Tank Cleaner,Parvinder Singh Wraich,Vinamarjot Singh WraichMoney SabharwalMridula Mahajan,2021
The Girl on the Train,Ribhu Dasgupta,Parineeti ChopraAditi Rao HydariKirti KulhariAvinash Tiwary,2021
Bombay Rose,Gitanjali Rao,Cyli KhareAmit DeondiAnurag KashyapMakrand Deshpande,2021
Mera Fauji Calling,Aaryaan Saxena,Sharman JoshiVikram SinghBidita BagMugdha GodseZarina WahabShishir Sharma,2021
Time to Dance,Stanley D'Costa,Sooraj PancholiIsabelle KaifWaluscha De Sousa,2021
Ahaan,Nikhil Pherwani,Arif ZakariaAbuli MamajiNiharika SinghPlabita BorthakurRajit Kapur,2021
Sandeep Aur Pinky Faraar,Dibakar Banerjee,Arjun KapoorParineeti Chopra,2021
The Wife,Sarmad Khan,Gurmeet ChoudharySayani Datta,2021
Switchh,Mustufa Raj,Vikrant MasseyNaren KumarMadhu SnehaTanvi VyasVeer AryanNiten Mirani,2021
D Company,Ram Gopal Varma,Ashwat Kanth Sharma.Abhilash ChaudharyPranay DixitRudra KanthNaina GangulyIrra Mor,2021
Pagglait,Umesh Bist,Sanya MalhotraShruti SharmaSayani GuptaAshutosh RanaRaghubir YadavRajesh TailangSheeba ChaddhaMeghna Malik,2021
Raag,Arvind Tripathi,Rajpal YadavHeena PanchalMilind GunajiMohan JoshiYashpal SharmaRakesh BediSudha ChandranMushtaq KhanBharti Soni,2021
Saina,Amole Gupte,Parineeti ChopraManav KaulParesh Rawal,2021
Silence... Can You Hear It?,Aban Bharucha Deohans,Manoj BajpayeePrachi DesaiArjun MathurSahil VaidVaquarBarkha SinghShirish SharmaSohaila KapoorAmit ThakkarGarima Yagnik,2021
Flight,Suraj Joshi,Mohit ChaddaPavan MalhotraZakir HussainVivek VaswaniShibani BediPritam Singh,2021
Koi Jaane Na,Amin Hajee,Kunal KapoorAmyra Dastur,2021
The Big Bull,Kookie Gulati,Abhishek BachchanIleana D'CruzSohum ShahNikita Dutta,2021
Hello Charlie,Pankaj Saraswat,Aadar JainJackie ShroffElnaaz NorouziShlokka Pandit,2021
99 Songs,Vishwesh Krishnamoorthy,Ehan BhatEdilsy VargasTenzin DalhaAditya SealLisa RayManisha Koirala,2021
Aa Bhi Ja O Piya,Rajesh Harivansh Mishra,Dev SharmaSmriti KashyapMukul NagRakesh ShrivastavSanjeeb Dasgupta,2021
Ajeeb Daastaans,Shashank KhaitanRaj MehtaNeeraj GhaywanKayoze Irani,Fatima Sana ShaikhJaideep AhlawatNushrratt BharucchaAbhishek BanerjeeInayat VermaKonkona Sen SharmaAditi Rao HydariShefali ShahManav KaulTota Roy Chowdhury,2021
Bansuri: The Flute,Hari Viswanath,Anurag KashyapRituparna SenguptaUpendra Limaye,2021
Raat Baaki Hai,Avinash Das,Paoli DamAnup SoniRahul DevDipannita Sharma,2021
B.A. Pass 3,Narendra Singh,Sunny SachdevaAnkita ChouhanArmaan SandhuAnkita SahuArjun FauzdarNamish AnandAmanda BhogalYash Gulati,2021
Meel Patthar,Ivan Ayr,Suvinder VickyLakshvir Saran,2021
Hum Bhi Akele Tum Bhi Akele,Harish Vyas,Zareen KhanAnshuman JhaGurfateh PirzadaJahnvi RawatDenzil Smith,2021
Sardar Ka Grandson,Kaashvie Nair,Arjun KapoorRakul Preet SinghNeena GuptaJohn AbrahamAditi Rao HydariSoni RazdanKanwaljit SinghKumud Mishra,2021
Shaadisthan,Raj Singh Chaudhary,Kirti KulhariMedha ShankrNivedita Bhattacharya,2021
Skater Girl,Manjari Makijany,Rachel Sanchita GuptaShraddha GaikwadAmrit MagheraWaheeda Rehman,2021
Sherni,Amit V. Masurkar,Vidya BalanSharat SaxenaMukul ChaddhaVijay RaazIla ArunBrijendra KalaNeeraj Kabi,2021
Haseen Dillruba,Vinil Mathew,Taapsee PannuVikrant MasseyHarshvardhan Rane,2021
Collar Bomb,Dnyanesh Zoting,Jimmy SheirgillAsha NegiRajshri Deshpande,2021
State of Siege: Temple Attack,Ken Ghosh,Akshaye KhannaAbhimanyu SinghGautam RodeVivek DahiyaAkshay OberoiParvin DabasSamir SoniMir SarwarManjari Fadnis,2021
Toofaan,Rakeysh Omprakash Mehra,Farhan AkhtarParesh RawalMrunal Thakur,2021
14 Phere,Devanshu Singh,Vikrant MasseyKriti Kharbanda,2021
Hungama 2,Priyadarshan,Paresh RawalShilpa ShettyMeezaan JafriPranitha SubhashRajpal YadavTiku TalsaniaAshutosh RanaManoj JoshiJohny Lever,2021
Mimi,Laxman Utekar,Kriti SanonPankaj TripathiSai TamhankarManoj PahwaSupriya Pathak,2021
Dial 100,Rensil D'Silva,Manoj BajpayeeNeena GuptaSakshi Tanwar,2021
Oye Mamu,Vikram Singh,Ruslaan MumtazKulraj Randhawa,2021
Shershaah,Vishnuvardhan,Sidharth MalhotraKiara AdvaniShiv PandittRaj ArjunPranay PachauriHimmanshoo A. MalhotraNikitin DheerAnkita GorayaAnil CharanjeettSahil VaidShataf FigarPawan Chopra,2021
Bhuj: The Pride of India,Abhishek Dudhaiya,Ajay DevgnSanjay DuttSharad KelkarSonakshi SinhaAmmy VirkPranitha SubhashNora FatehiIhana Dhillon,2021
200 – Halla Ho,Sarthak Dasgupta,Amol PalekarBarun SobtiRinku RajguruSahil KhattarSaloni BatraIndraneil SenguptaUpendra Limaye,2021
Chehre,Rumi Jafry,Amitabh BachchanEmraan HashmiKrystle D'SouzaRhea ChakrabortySiddhanth KapoorAnnu KapoorDhritiman ChatterjeeRaghubir Yadav,2021
Helmet,Satramm Ramani,Aparshakti KhuranaPranutan BahlAbhishek BanerjeeAshish VermaDino MoreaSharib Hashmi,2021
Faactory,Faisal Khan,Faisal KhanRoaleey RyanRajkumar KanojiaRibbhu MehraSharad SinghAsha Singh,2021
Bhoot Police,Pavan Kirpalani,Saif Ali KhanArjun KapoorJacqueline FernandezYami GautamJaved Jaffrey,2021
Kya Meri Sonam Gupta Bewafa Hai?,Ssaurabh Tyagi,Jassie GillSurbhi JyotiSurekha SikriVijay RaazBrijendra KalaAtul Shrivastava,2021
Thalaivii[b],A. L. Vijay,Kangana RanautArvind Swami,2021
Urf Ghanta,Aayush Saxena,Jitu ShivhareRavi Kishan,2021
Ankahi Kahaniya,Ashwiny Iyer TiwariAbhishek ChaubeySaket Chaudhary,Abhishek BanerjeeRinku RajguruDelzad HiwaleKunal KapoorZoya HussainNikhil DwivediPalomi Ghosh,2021
Haathi Mere Saathi[c],Prabhu Solomon,Rana DaggubatiPulkit SamratShriya Pilgaonkar,2021
Shiddat,Kunal Deshmukh,Sunny KaushalRadhika MadanMohit RainaDiana Penty,2021
Sumeru,Avinash Dhyani,Avinash DhyaniSanskriti BhattShagufta Ali,2021
Rashmi Rocket,Akarsh Khurana,Taapsee PannuPriyanshu PainyuliAbhishek BanerjeeShweta TripathiSupriya Pathak,2021
Sanak,Kanishk Varma,Vidyut JammwalRukmini MaitraNeha DhupiaChandan Roy SanyalChandan RoyAmole Gupte,2021
Sardar Udham,Shoojit Sircar,Vicky KaushalBanita Sandhu,2021
Bhavai,Hardik Gajjar,Pratik GandhiAindrita Ray,2021
Babloo Bachelor,Agnidev Chatterjee,Sharman JoshiPooja ChopraTejashri Pradhan,2021
Aafat-E-Ishq,Indrajit Nattoji,Neha SharmaDeepak DobriyalNamit DasIla ArunAmit Sial,2021
Bekhudi,Amit Kasaria,Adhyayan SumanAngelGulki Joshi,2021
Dybbuk,Jay K,Emraan HashmiNikita DuttaManav Kaul,2021
Hum Do Hamare Do,Abhishek Jain,Rajkummar RaoKriti SanonParesh RawalRatna Pathak Shah,2021
Meenakshi Sundareshwar,Vivek Soni,Abhimanyu DassaniSanya Malhotra,2021
Squad,Nilesh Sahay,Rinzing DenzongpaMalvika RaajPooja BatraMohan KapoorAmit Gaur,2021
Dhamaka,Ram Madhvani,Kartik Aaryan Mrunal ThakurAmruta SubhashVikas KumarVishwajeet Pradhan,2021
Cash,Rishab Seth,Amol ParasharSmiriti KalraSwanand KirkireGulshan GroverKavin Dave,2021
Ye Mard Bechara,Anuup Thapa,Veeraj RaoManukriti PahwaSeema PahwaManikk ChaudharyBrijendra KalaAtul SrivastavaSapna Sand,2021
Satyameva Jayate 2,Milap Zaveri,John AbrahamDivya Khosla Kumar,2021
Chhorii,Vishal Furia,Nushrratt Bharuccha,2021
Bob Biswas,Diya Annapurna Ghosh,Abhishek BachchanChitrangada Singh,2021
Velle,Deven Munjal,Karan DeolAbhay DeolMouni RoyAnya Singh,2021
Code Name Abdul,Eshwar Gunturu,Tanishaa Mukerji,2021
420 IPC,Manish Gupta,Vinay PathakRanvir ShoreyGul PanagRohan Mehra,2021
Atrangi Re,Aanand L. Rai,DhanushSara Ali KhanAkshay Kumar,2021
Murder at Teesri Manzil 302,Navneet Baj Saini,Irrfan KhanRanvir ShoreyDeepal ShawLucky Ali,2021
Waah Zindagi,Dinesh S Yadav,Naveen KasturiaPlabita BorthakurVijay RaazSanjay MishraDharmesh VyasManoj Joshi,2021
Brahmāstra: Part One – Shiva,,,2022
Drishyam 2,,,2022
The Kashmir Files,,,2022
Bhool Bhulaiyaa 2,,,2022
Gangubai Kathiawadi,,,2022
Radhe Shyam[a],,,2022
Jugjugg Jeeyo,,,2022
Vikram Vedha,,,2022
Laal Singh Chaddha,,,2022
Ram Setu,,,2022
36 Farmhouse,Ram Ramesh Sharm,Vijay RaazSanjay MishraAmol ParasharBarkha SinghAshwini Kalsekar,2022
Hai Tujhe Salaam India,Avanish Kumar,Aarya BabbarAjaz KhanSmita GondkarKanwalpreet SinghSalamn Bhatt,2022
Looop Lapeta,Aakash Bhatia,Taapsee PannuTahir Raj Bhasin,2022
Gehraiyaan,Shakun Batra,Deepika PadukoneSiddhant ChaturvediAnanya PandayDhairya Karwa,2022
Badhaai Do,Harshavardhan Kulkarni,Rajkummar RaoBhumi Pednekar,2022
A Thursday,Behzad Khambata,Yami GautamNeha DhupiaAtul KulkarniDimple Kapadia,2022
Love Hostel,Shanker Raman,Sanya MalhotraVikrant MasseyBobby Deol,2022
Jhund,Nagraj Manjule,Amitabh BachchanAkash ThosarRinku Rajguru,2022
Toolsidas Junior,Mridul,Sanjay DuttRajiv KapoorVarun Buddhadev,2022
Bachchhan Paandey,Farhad Samji,Akshay KumarKriti SanonJacqueline FernandezArshad Warsi,2022
Jalsa,Suresh Triveni,Vidya BalanShefali Shah,2022
Sharmaji Namkeen,Hitesh Bhatia,Rishi KapoorParesh RawalJuhi Chawla,2022
Attack: Part 1,Lakshya Raj Anand,John AbrahamJacqueline FernandezRakul Preet Singh,2022
Kaun Pravin Tambe?,Jayprad Desai,Shreyas Talpade,2022
Cobalt Blue,Sachin Kundalkar,Prateik BabbarNeelay MehendaleAnjali SivaramanNeil BhoopalamAnant V JoshiPoornima Indrajith,2022
Dasvi,Tushar Jalota,Abhishek BachchanYami GautamNimrat Kaur,2022
Hurdang,Nikhil Nagesh Bhat,Sunny KaushalNushrratt BharucchaVijay Varma,2022
Jersey,Gowtam Tinnanuri,Shahid KapoorMrunal ThakurPankaj Kapur,2022
Operation Romeo,Shashant Shah,Sidhant GuptaVedika PintoSharad KelkarBhumika ChawlaKishor Kadam,2022
Runway 34,Ajay Devgn,Amitabh BachchanAjay DevgnRakul Preet SinghBoman Irani,2022
Heropanti 2,Ahmed Khan,Tiger ShroffNawazuddin SiddiquiTara Sutaria,2022
Mere Desh Ki Dharti,Faraz Haider,DivyennduAnupriya GoenkaAnant VidhaatInaamulhaqBrijendra Kala,2022
Thar,Raj Singh Chaudhary,Anil KapoorHarshvardhan KapoorFatima Sana Shaikh,2022
Jayeshbhai Jordaar,Divyang Thakkar,Ranveer SinghShalini PandeyBoman IraniRatna Pathak Shah,2022
Dhaakad,Razy Ghai,Kangana RanautArjun RampalDivya Dutta,2022
Anek,Anubhav Sinha,Ayushmann Khurrana,2022
Love In Ukraine,Nitin Kumar Gupta,Vipin KaushikAnastasia,2022
Dehati Disco,Manoj Sharma,Ganesh AcharyaRavi KishanManoj JoshiRajesh SharmaRemo D'Souza,2022
Haemolymph,Sudarshan Gamare,Riyaz AnwarRuchira JadhavRohit KokateNeelam Kulkarni,2022
Samrat Prithviraj,Chandraprakash Dwivedi,Akshay KumarSanjay DuttSonu SoodManushi Chhillar,2022
Major[a],Sashi Kiran Tikka,Adivi SeshSobhita DhulipalaSaiee ManjrekarPrakash RajRevathi,2022
Janhit Mein Jaari,Jai Basantu Singh,Nushrratt Bharuccha,2022
Ardh,Palash Muchhal,Rajpal YadavRubina Dilaik,2022
Nikamma,Sabbir Khan,Abhimanyu DassaniShirley SetiaShilpa Shetty,2022
Sherdil,Srijit Mukherji,Pankaj TripathiNeeraj KabiSayani Gupta,2022
Forensic,Vishal Furia,Vikrant MasseyRadhika AptePrachi DesaiRohit Roy,2022
Rashtra Kavach Om,Kapil Verma,Aditya Roy KapurSanjana SanghiAshutosh Rana,2022
Rocketry: The Nambi Effect[c],R. Madhavan,R. MadhavanSimran,2022
Khuda Haafiz: Chapter 2 – Agni Pariksha,Faruk Kabir,Vidyut JammwalShivaleeka Oberoi,2022
HIT: The First Case,Shailesh Kolanu,Rajkummar RaoSanya Malhotra,2022
Ladki: Dragon Girl,Ram Gopal Varma,Pooja BhalekarAbhimanyu Singh,2022
Jaadugar,Sameer Saxena,Jitendra KumarJaaved JaaferiAarushi Sharma,2022
Judaa Hoke Bhi,Vikram Bhatt,Akshay OberoiAindrita RayMeherzan Mazda,2022
Shabaash Mithu,Srijit Mukherji,Taapsee Pannu,2022
RK/RKay,Rajat Kapoor,Rajat KapoorMallika SherawatKubbra SaitRanvir ShoreyManu Rishi,2022
Shamshera,Karan Malhotra,Ranbir KapoorSanjay DuttVaani Kapoor,2022
Ek Villain Returns,Mohit Suri,John AbrahamArjun KapoorDisha PataniTara Sutaria,2022
Good Luck Jerry,Sidharth Sengupta,Janhvi KapoorDeepak DobriyalMita VashishtNeeraj SoodSaurabh SachdevaSushant Singh,2022
Odd Couple,Prashant Johari,DivyennduSuchitra KrishnamoorthiVijay RaazPranati Rai Prakash,2022
Darlings,Jasmeet K Reen,Alia BhattShefali ShahVijay Varma,2022
Raksha Bandhan,Aanand L. Rai,Akshay KumarBhumi Pednekar,2022
Dobaaraa,Anurag Kashyap,Taapsee PannuPavail Gulati,2022
Liger[a],Puri Jagannadh,Vijay DeverakondaAnanya PandeyRonit RoyRamya KrishnaMike Tyson,2022
Holy Cow,Sai Kabir,Sanjay MishraTigmanshu DhuliaNawazuddin SiddiquiSadiya Siddiqui,2022
Cuttputlli,Ranjit M Tewari,Akshay KumarRakul Preet SinghChandrachur SinghSargun Mehta,2022
Jahaan Chaar Yaar,Kamal Pandey,Swara BhaskerMeher VijPooja ChopraShikha Talsania,2022
Jogi,Ali Abbas Zafar,Diljit DosanjhKumud MishraMohammed Zeeshan AyyubHiten TejwaniAmyra Dastur,2022
Matto Ki Saikil,M. Gani,Prakash Jha,2022
Middle Class Love,Rantnaa Sinha,Prit KamaniKavya ThaparEisha SinghManoj Pahwa,2022
Saroj Ka Rishta,Abhishek Saxena,Sanah KapurKumud MishraGaurav PandeyRandeep Rai,2022
Siya,Manish Mundra,Viineet Kumar SinghPooja PandeyRashmi Somvanshi,2022
Atithi Bhooto Bhava,Hardik Gajjar,Jackie ShroffPratik GandhiSharmin Segal,2022
Babli Bouncer,Madhur Bhandarkar,Tamannaah,2022
Chup: Revenge of the Artist,R Balki,Sunny DeolDulquer SalmaanPooja BhattShreya Dhanwanthary,2022
Dhokha: Round D Corner,Kookie Gulati,R. MadhavanAparshakti KhuranaDarshan KumarKhushalii Kumar,2022
Ishq Pashmina,Arvind Pandey,Bhavin BhanushaliMalti ChaharZarina Wahab,2022
Plan A Plan B,Shashanka Ghosh,Riteish DeshmukhTamannaahPoonam DhillonKusha Kapila,2022
Maja Ma,Anand Tiwari,Madhuri DixitGajraj RaoRitwik BhowmikBarkha Singh,2022
Goodbye,Vikas Bahl,Amitabh BachchanNeena GuptaRashmika Mandanna,2022
Nazar Andaaz,Vikrant Deshmukh,Kumud MishraDivya DuttaAbhishek Banerjee,2022
Doctor G,Anubhuti Kashyap,Ayushmann KhurranaRakul Preet SinghShefali Shah,2022
Code Name: Tiranga,Ribhu Dasgupta,Parineeti ChopraHarrdy SandhuSharad Kelkar,2022
Thank God,Indra Kumar,Ajay DevgnSidharth MalhotraRakul Preet Singh,2022
Tara Vs Bilal,Samar Iqbal,Harshvardhan RaneSonia Rathee,2022
Phone Bhoot,Gurmmeet Singh,Katrina KaifIshaan KhatterSiddhant Chaturvedi,2022
Double XL,Satramm Ramani,Sonakshi SinhaHuma QureshiZaheer IqbalMahat Raghavendra,2022
Mili,Mathukutty Xavier,Janhvi KapoorManoj PahwaSunny Kaushal,2022
Tadka,Prakash Raj,Nana PatekarShriya SaranAli FazalTaapsee Pannu,2022
Rocket Gang,Bosco Martis,Aditya SealNikita Dutta,2022
Uunchai,Sooraj Barjatya,Amitabh BachchanAnupam KherBoman IraniDanny DenzongpaParineeti ChopraNeena GuptaSarika,2022
"Monica, O My Darling",Vasan Bala,Rajkummar RaoHuma QureshiRadhika ApteSikandar Kher,2022
Thai Massage,Mangesh Hadawale,Gajraj RaoDivyennduSunny HindujaRajpal YadavVibha Chibber,2022
Mister Mummy,Shaad Ali,Riteish DeshmukhGenelia DeshmukhMahesh Manjrekar,2022
Bhediya,Amar Kaushik,Varun DhawanKriti Sanon,2022
Qala,Anvita Dutt,Tripti DimriSwastika MukherjeeBabil Khan,2022
An Action Hero,Anirudh Iyer,Ayushmann KhurranaJaideep Ahlawat,2022
Freddy,Shashanka Ghosh,Kartik AaryanAlaya F,2022
India Lockdown,Madhur Bhandarkar,Shweta Basu PrasadAahana KumraPrateik BabbarSai TamhankarPrakash Belawadi,2022
Salaam Venky,Revathi,KajolVishal Jethwa,2022
Vadh,Jaspal Singh Sandhu,Sanjay MishraNeena Gupta,2022
Maarrich,Dhruv Lather,Tusshar KapoorNaseeruddin ShahRahul DevSeerat KapoorAnita Hassanandani,2022
Josef – Born in Grace,Susant Mishra,Victor BanerjeeSubrat Dutta,2022
Blurr,Ajay Bahl,Taapsee PannuGulshan Devaiah,2022
Govinda Naam Mera,Shashank Khaitan,Vicky KaushalKiara AdvaniBhumi Pednekar,2022
Ajay Wardhan,Pragati Agarwal,Ruslaan MumtazArjumman Mughal,2022
Trahimam,Dushyant Pratap Singh,Arshi KhanPankaj Berry,2022
Cirkus,Rohit Shetty,Ranveer SinghPooja HegdeJacqueline FernandezVarun Sharma,2022
Dedh Lakh Ka Dulha,Abhay Pratap Singh,Akhilendra MishraIshtiyak KhanHarshita Panwar,2022
Jawan,,,2023
Pathaan,,,2023
Animal,,,2023
Gadar 2,,,2023
Dunki,,,2023
Tiger 3,,,2023
Rocky Aur Rani Kii Prem Kahaani,,,2023
Adipurush[β],,,2023
The Kerala Story,,,2023
Tu Jhoothi Main Makkaar,,,2023
Kuttey,Aasmaan Bhardwaj,Arjun KapoorTabuKonkona Sen SharmaRadhika MadanShardul Bhardwaj,2023
Lakadbaggha,Victor Mukherjee,Anshuman JhaRiddhi DograMilind Soman,2023
Mission Majnu,Shantanu Bagchi,Sidharth MalhotraRashmika MandannaKumud MishraSharib Hashmi,2023
Chhatriwali,Tejas Deoskar,Rakul Preet SinghSumeet VyasSatish KaushikRajesh TailangDolly Ahluwalia,2023
Gandhi Godse – Ek Yudh,Rajkumar Santoshi,Deepak AntaniChinmay Mandlekar,2023
Operation Fryday,Vishram Sawant,Randeep Hooda,2023
Almost Pyaar with DJ Mohabbat,Anurag Kashyap,Alaya F,2023
Faraaz,Hansal Mehta,Zahan KapoorAditya RawalAamir AliJuhi Babbar,2023
Shiv Shastri Balboa,Ajayan Venugopalan,Anupam KherNeena GuptaJugal HansrajNargis FakhriSharib Hashmi,2023
The Tenant[γ],Sushrut Jain,"Shamita Shetty, Rudhraksh Jaiswal",2023
Lost,Aniruddha Roy Chowdhury,Yami GautamRahul KhannaNeil BhoopalamPia BajpieeTushar Pandey,2023
Shehzada,Rohit Dhawan,Kartik AaryanKriti SanonParesh RawalManisha Koirala,2023
Selfiee,Raj Mehta,Akshay KumarEmraan HashmiDiana PentyNushrratt Bharuccha,2023
Rabia & Olivia,Shadab Khan,Sheeba ChadhaNayab KhanHelena Prinzen Klague,2023
Gulmohar,Rahul V. Chittella,Manoj BajpayeeSharmila TagoreSimranSuraj Sharma,2023
InCar,Harsh Warrdhan,Ritika SinghManish JhanjholiaSandeep GoyatSunil SoniGyan Prakash,2023
Mrs. Chatterjee vs Norway,Ashima Chibber,Rani Mukerji,2023
Zwigato,Nandita Das,Kapil SharmaShahana Goswami,2023
Am I Next,Rahat Kazmi,Anushka SenNeelu DograPooja DarganTariq KhanAhmer Haider,2023
Chor Nikal Ke Bhaga,Ajay Singh,Yami GautamSharad Kelkar,2023
Bheed,Anubhav Sinha,Rajkummar RaoBhumi PednekarDia MirzaAshutosh RanaPankaj Kapur,2023
Operation Mayfair,Sudipto Sarkar,Jimmy ShergillHritiqa ChheberLee Nicholas HarrisVedieka DuttAnkur BhatiaSneha Singh,2023
Kanjoos Makhichoos,Vipul Mehta,Kunal KhemuShweta TripathiPiyush MishraAlka AminRaju Srivastav,2023
Bholaa,Ajay Devgn,Ajay DevgnTabu,2023
Gaslight,Pawan Kripalani,Vikrant MasseySara Ali KhanChitrangda Singh,2023
Gumraah,Vardhan Ketkar,Aditya Roy KapurMrunal ThakurRonit Roy,2023
Mrs. Undercover,Anushree Mehta,Radhika ApteRajesh SharmaSumeet VyasAngana RoyAmrita ChattopadhyayIndrasish Roy,2023
Sir Madam Sarpanch,Praveen Morchhale,Seema BiswasAriana SajnaniHemant DeolekarJyoti DubeyShubhangini Srivas,2023
Pinky Beauty Parlour,Akshay Singh,Akshay SinghSulagna PanigrahiKhushboo GuptaVishwanath Chatterjee,2023
Kisi Ka Bhai Kisi Ki Jaan,Farhad Samji,Salman KhanPooja HegdeVenkateshShehnaaz GillJagapathi Babu,2023
Bad Boy,Rajkumar Santoshi,Namashi ChakrabortyAmrin QureshiSaswata ChatterjeeDarshan JariwalaJohnny Lever,2023
U-Turn,Arif Khan,Alaya FPriyanshu PainyuliAashim GulatiManu Rishi Rajesh Sharma,2023
Mother Teresa & Me,Kamal Musale,Deepti NavalJacqueline Fitschi-CornazBanita Sandhu,2023
Afwaah,Sudhir Mishra,Nawazuddin SiddiquiBhumi PednekarSumeet VyasSharib Hashmi,2023
Chatrapathi,V. V. Vinayak,Bellamkonda SreenivasNushrratt BharucchaSahil Vaid,2023
Music School,Papa Rao Biyyala,Sharman JoshiPrakash RajShriya SaranSuhasini MulayMona AmbegaonkarGracy Goswami,2023
IB71,Sankalp Reddy,Vidyut JammwalAnupam KherVishal JethwaNiharica Raizada,2023
Kathal,Yashowardhan Mishra,Sanya MalhotraAnant V JoshiVijay RaazRajpal YadavBrijendra Kala,2023
Aazam,Shravan Tiwari,Jimmy ShergillAbhimanyu SinghIndraneil SenguptaRaza MuradSayaji Shinde,2023
8 A.M. Metro,Raj R,Gulshan DevaiahSaiyami Kher,2023
Kacchey Limbu,Shubham Yogi,Radhika MadanRajat BarmechaAyush Mehra,2023
Sirf Ek Bandaa Kaafi Hai,Apoorva Singh Karki,Manoj BajpayeeKaustav SinhaNikhil Pandey,2023
Jogira Sara Ra Ra,Kushan Nandy,Nawazuddin SiddiquiNeha SharmaSanjay MishraMahaakshay Chakraborty,2023
Coat,Akshay Ditti,Sanjay MishraVivaan ShahPooja PandeySonal Jha,2023
Zara Hatke Zara Bachke,Laxman Utekar,Vicky KaushalSara Ali Khan,2023
Mumbaikar,Santosh Sivan,Vikrant MasseyVijay SethupathiTanya ManiktalaRanvir ShoreySachin Khedekar,2023
Bloody Daddy,Ali Abbas Zafar,Rajeev KhandelwalAmy AelaShahid KapoorSanjay KapoorDiana PentyRonit RoyVivan Bhatena,2023
I Love You,Nikhil Mahajan,Rakul Preet SinghAkshay OberoiPavail Gulati,2023
1920: Horrors of the Heart,Krishna Bhatt,Avika GorRahul DevBarkha BishtRandheer Rai,2023
Tiku Weds Sheru,Sai Kabir,Nawazuddin SiddiquiAvneet Kaur,2023
Aseq,Sarim Momin,Sonnalli SeygallVardhan PuriSiddhanth Kapoor,2023
Satyaprem Ki Katha,Sameer Vidwans,Kartik AaryanKiara AdvaniGajraj RaoSupriya Pathak,2023
Lust Stories 2,R. BalkiKonkona Sen SharmaAmit Ravindernath SharmaSujoy Ghosh,Amruta SubhashAngad BediNeena GuptaMrunal ThakurKumud MishraTamannaah BhatiaKajolTillotama ShomeVijay Varma,2023
Sergeant,Prawaal Raman,Randeep HoodaAdil HussainSapna PabbiArun GovilSonia Goswami,2023
Neeyat,Anu Menon,Vidya BalanRam KapoorRahul BoseShahana GoswamiNeeraj KabiPrajakta KoliShashank AroraAmrita Puri,2023
Tarla,Piyush Gupta,Huma QureshiSharib HashmiVeenah Naair,2023
Blind,Shome Makhija,Sonam KapoorPurab KohliVinay PathakLillete Dubey,2023
72 Hoorain,Sanjay Puran Singh Chauhan,Saru MainiAamir BashirRasheed NazPawan Malhotra,2023
Ishq-e-Nadaan,Avishek Ghosh,Lara DuttaNeena GuptaKanwaljit SinghShriya PilgaonkarMohit RainaSuhail Nayyar,2023
Bawaal,Nitesh Tiwari,Varun DhawanJanhvi Kapoor,2023
Trial Period,Aleya Sen,Genelia DeshmukhManav KaulShakti KapoorSheeba ChadhaGajraj Rao,2023
Minus 31: The Nagpur Files,Pratik Moitro,Shivankit Singh PariharRaghubir YadavRajesh SharmaRucha InamdarSantosh JuvekarJaya Bhattacharya,2023
Ajmer 92,Pushpendra Singh,Karan VermaRajesh SharmaSayaji ShindeBrijendra KalaZarina WahabManoj JoshiAlka Amin,2023
One Friday Night,Manish Gupta,Raveena TandonMilind SomanVidhi Chitalia,2023
Panch Kriti,Sannjoy Bhargv,Brijendra KalaUmesh BajpaiSagar WahiPurva ParagMahi Soni,2023
Lafzon Mein Pyaar,Raja Randeep GiriDhiraj Mishra,Anita RajZarina WahabVivek Anand MishraKanchan AgnihotriMir Sarwar,2023
OMG 2,Amit Rai,Akshay KumarYami GautamPankaj TripathiArun Govil,2023
Ghoomer,R. Balki,Abhishek BachchanSaiyami KherShabana AzmiAngad Bedi,2023
Non Stop Dhamaal,Irshad Khan,Annu KapoorRajpal YadavAsraniManoj JoshiPriyanshu ChatterjeeVeronica Vanij,2023
Dream Girl 2,Raaj Shaandilyaa,Ayushmann KhurranaAnanya PandayAnnu KapoorParesh RawalVijay RaazManoj JoshiRajpal YadavAsraniSeema PahwaManjot SinghAbhishek Banerjee,2023
Akelli,Pranay Meshram,Nushrratt BharucchaNishant DahiyaTsahi HaleviAmir Boutrous,2023
Goldfish,Pushan Kripalani,Kalki KoechlinDeepti NavalRajit KapoorGordon Warnecke,2023
Friday Night Plan,Vatsal Neelakantan,Juhi ChawlaBabil KhanAmrith JayanMedha RanaAadhya AnandNinad Kamat,2023
Mystery of the Tattoo,Kalaiarasi SathappanGanesh Mahadevan,Rohit RaajDaisy ShahAmeesha PatelArjun Rampal,2023
Love All,Sudhanshu Sharma,Kay Kay MenonSwastika MukherjeeShriswaraRobin DasSumit Arora,2023
Haddi,Akshat Ajay Sharma,Nawazuddin SiddiquiAnurag KashyapIla Arun,2023
Jaane Jaan,Sujoy Ghosh,Kareena Kapoor KhanJaideep AhlawatVijay Varma,2023
The Great Indian Family,Vijay Krishna Acharya,Vicky KaushalManushi Chhillar,2023
Sukhee,Sonal Joshi,Shilpa ShettyAmit SadhKusha KapilaDilnaz Irani,2023
The Purvanchal Files,Swarup Ghosh,Siddharth PandeyShivani ThakurZarina WahabMukesh TiwariGovind Namdeo,2023
The Rise Of Sudarshan Chakra,Anil Kulchainiya,Yashpal SharmaPreeti JhangianiMilind GunajiRakesh Bedi,2023
The Vaccine War,Vivek Agnihotri,Anupam KherNana PatekarRaima SenPallavi Joshi,2023
Fukrey 3,Mrighdeep Singh,Pankaj TripathiPulkit SamratVarun SharmaRicha ChadhaManjot Singh,2023
Pyaar Hai Toh Hai,Pradeep R.K. Chaudhary,Karan HariharanPaanie Kashyap,2023
Dvand: The Internal Conflict,Ishtiyak Khan,Ishtiyak KhanSanjay MishraVikram KochharIpshita Chakraborty SinghFaiz Mohammed Khan,2023
Tumse Na Ho Payega,Abhishek Sinha,Ishwak SinghMahima MakwanaGaurav PandeyAmala AkkineniGurpreet Saini,2023
Dono,Avnish S. Barjatya,Rajveer DeolPaloma,2023
Khufiya,Vishal Bharadwaj,TabuAli FazalWamiqa GabbiAshish VidyarthiAzmeri Haque BadhonAlexx O'Nell,2023
Mission Raniganj,Tinu Suresh Desai,Akshay KumarParineeti Chopra,2023
Thank You for Coming,Karan Boolani,Bhumi PednekarShehnaaz GillDolly SinghKusha KapilaShibani BediKaran KundrraTejaswi Dev ChaudharySaloni Daini,2023
Yaatris,Harish Vyas,Raghubir YadavSeema PahwaAnuraag MalhanJamie LeverChahatt Khanna,2023
Dhak Dhak,Tarun Dudeja,Ratna Pathak ShahDia MirzaFatima Sana ShaikhSanjana Sanghi,2023
Guthlee Ladoo,Ishrat R. Khan,Sanjay MishraHeet SharmaSubrat DuttaKalyanee Mulay,2023
Darran Chhoo,Bharat Ratan,Karan PatelAnkita Bhargava PatelAshutosh RanaManoj JoshiSaanand VermaSmiriti Kalra,2023
Bhagwan Bharose,Shiladitya Bora,Vinay PathakMasumeh MakhijaManurishi ChaddhaShrikant VermaSatendra SoniSparsh Suman,2023
Ganapath,Vikas Bahl,Amitabh BachchanTiger ShroffKriti SanonElli AvrRam,2023
Yaariyan 2,Radhika RaoVinay Sapru,Divya Khosla KumarYash DaasguptaaPearl V PuriMeezaan JafriAnaswara RajanPriya Prakash VarrierWarina Hussain,2023
12th Fail,Vidhu Vinod Chopra,Vikrant MasseyMedha ShankarPriyanshu ChatterjeeHarish Khanna,2023
Tejas,Sarvesh Mewara,Kangana Ranaut,2023
Sajini Shinde Ka Viral Video,Mikhil Musale,Nimrat KaurRadhika MadanBhagyashreeSumeet VyasSubodh BhaveChinmay Mandlekar,2023
Mujib: The Making of a Nation,Shyam Benegal,Arifin ShuvooNusrat Imrose TishaNusraat FariaFazlur Rahman BabuShahidul Alam SachchuDeepak Antani,2023
Pyar Ki Policy,Sudhish Kumar Sharma,Manoj BakshiGirish ThaparVikas GiriJolly BhatiaMegha SaxsenaSunny Prajapati,2023
Mandali,Rakesh Chaturvedi Om,Abhishek DuhanRajniesh DuggallBrijendra KalaVineet KumarAanchal Munjal,2023
Aankh Micholi,Umesh Shukla,Abhimanyu DassaniMrunal ThakurParesh RawalSharman JoshiDivya DuttaAbhishek BanerjeeDarshan JariwalaVijay Raaz,2023
The Lady Killer,Ajay Bahl,Arjun KapoorBhumi Pednekar,2023
Lakeerein,Durgesh Pathak,Ashutosh RanaBidita BagTia BajpaiRajesh Jais,2023
Hukus Bukus,Vinay BharadwajSaumitra Singh,Darsheel SafaryArun GovilSajjad DelafroozGautam VijMir Sarwar,2023
UT69,Shahnawaz Ali,Raj KundraKumar Saurabh,2023
Three of Us,Avinash Arun Dhaware,Shefali ShahJaideep AhlawatSwanand Kirkire,2023
Shastry Viruddh Shastry,Shiboprosad MukherjeeNandita Roy,Paresh RawalShiv PandittNeena KulkarniMimi Chakraborty,2023
Pippa,Raja Krishna Menon,Ishaan KhatterMrunal ThakurPriyanshu PainyuliSoni Razdan,2023
Apurva,Nikhil Nagesh Bhat,Tara SutariaAbhishek BanerjeeRajpal YadavDhairya Karwa,2023
Khichdi 2: Mission Paanthukistan,Aatish Kapadia,Supriya PathakRajeev MehtaAnang DesaiVandana PathakKirti KulhariJamnadas Majethia,2023
Sab Moh Maaya Hai,Abhinav Pareek,Sharman JoshiAnnu Kapoor,2023
Farrey,Soumendra Padhi,Alizeh AgnihotriZeyn ShawSahil MehtaPrasanna BishtRonit RoyJuhi Babbar,2023
Starfish,Akhilesh Jaiswal,Khushalii KumarMilind SomanEhan BhatTusharr Khanna,2023
Do Ajnabee,Sanjeev Kumar Rajput,Aarya BabbarAnkit BathlaAnu MitraAman Yatan Verma,2023
Sam Bahadur,Meghna Gulzar,Vicky KaushalSanya MalhotraFatima Sana Shaikh,2023
The Archies,Zoya Akhtar,Mihir AhujaSuhana KhanKhushi KapoorAgastya NandaVedang RainaAditi SaigalYuvraj Menda,2023
Joram,Devashish Makhija,Manoj BajpayeeMohammed Zeeshan AyyubSmita Tambe,2023
Kadak Singh,Aniruddha Roy Chowdhury,Pankaj TripathiParvathy ThiruvothuJaya AhsanSanjana SanghiDilip ShankarParesh PahujaVarun Buddhadev,2023
Mast Mein Rehne Ka,Vijay Maurya,Jackie ShroffNeena GuptaAbhishek ChauhanMonika PanwarRakhi SawantFaisal Malik,2023
Kaisi Ye Dor,Ratna Neelam Pandey Sandeep S. Choudhary,Nikhil PandeyJashn AgnihotriRatna Neelam PandeyBrijendra Kala,2023
Dry Day,Saurabh Shukla,Jitendra KumarAnnu KapoorShriya Pilgaonkar,2023
Kho Gaye Hum Kahan,Arjun Varain Singh,Adarsh GouravSiddhant ChaturvediAnanya Panday,2023
Safed,Sandeep Singh,Abhay VermaMeera Chopra,2023
Stree 2,,,2024
Bhool Bhulaiyaa 3,,,2024
Singham Again,,,2024
Fighter,,,2024
Shaitaan,,,2024
Crew,,,2024
Teri Baaton Mein Aisa Uljha Jiya,,,2024
Munjya,,,2024
Bad Newz,,,2024
Article 370,,,2024
Tauba Tera Jalwa,Akashaditya Lama,Jatin KhuranaAmeesha PatelAngela Krislinzki,2024
Main Paapi Hoon,Jay Dogra,Ankur Nayyar,2024
Merry Christmas[b],Sriram Raghavan,Katrina KaifVijay Sethupathi,2024
Main Atal Hoon,Ravi Jadhav,Pankaj Tripathi,2024
Bhakshak,Pulkit,Bhumi PednekarSanjay MishraSai TamhankarAditya Srivastava,2024
Lantrani,Gurvinder SinghKaushik GangulyBhaskar Hazarika,Jitendra KumarJisshu SenguptaJohnny LeverNimisha SajayanSanjay MahanandBoloram Das,2024
Mirg,Tarun Sharma,Satish KaushikAnup SoniShwetaabh SinghRaj Babbar,2024
Dashmi,Shantanu Anant Tambe,Vardhan PuriGaurav SareenSanjay PandeyRajesh Jais,2024
Kuch Khattaa Ho Jaay,G. Ashok,Guru RandhawaSaiee ManjrekarAnupam KherIla Arun,2024
Crakk,Aditya Datt,Vidyut JammwalNora FatehiArjun RampalAmy Jackson,2024
All India Rank,Varun Grover,Bodhisattva SharmaSamta SudikshaSheeba ChaddhaGeeta AgrawalNeeraj Ayush PandeySaadat Khan,2024
Chote Nawab,Kumud Chaudhary,Akshay OberoiPlabita BorthakurSvar KambleShataf FigarEkavali KhannaRajshri DeshpandeFalaq NaazSadiya SiddiquiLalit TiwariSohaila KapurAyush TandonNeeraj Sood,2024
Laapataa Ladies,Kiran Rao,Ravi KishanNitanshi GoelPratibha RantaSparsh SrivastavChhaya Kadam,2024
Dange[b],Bejoy Nambiar,Harshvardhan RaneEhan BhatNikita DuttaTJ Bhanu,2024
Operation Valentine[c],Shakti Pratap Singh Hada,Varun TejManushi Chhillar,2024
Kaagaz 2,V. K. Prakash,Anupam KherDarshan KumarSmiriti KalraSatish KaushikNeena Gupta,2024
Fairy Folk,Karan Gour,Rasika DuggalMukul ChaddaChandrachoor Rai,2024
Tera Kya Hoga Lovely,Balwinder Singh Janjua,Randeep HoodaIleana D'CruzKaran Kundrra,2024
Alpha Beta Gamma,Shankar Srikumar,NishanAmit Kumar VashisthReena Aggarwal,2024
Yodha,Sagar AmbrePushkar Ojha,Sidharth MalhotraRaashii KhannaDisha Patani,2024
Bastar: The Naxal Story,Sudipto Sen,Adah SharmaShilpa ShuklaYashpal SharmaSubrat DuttaRaima Sen,2024
Murder Mubarak,Homi Adajania,Sara Ali KhanPankaj TripathiVijay VarmaDimple KapadiaKarisma KapoorSanjay KapoorTisca ChopraSuhail Nayyar,2024
Ae Watan Mere Watan,Kannan Iyer,Sara Ali KhanSparsh SrivastavAnand TiwariBenedict GarrettAlexx O'NellAbhay Verma,2024
Madgaon Express,Kunal Khemu,DivyennduPratik GandhiAvinash TiwaryNora FatehiUpendra LimayeChhaya Kadam,2024
Swatantrya Veer Savarkar,Randeep Hooda,Randeep HoodaAnkita LokhandeAmit Sial,2024
Woh Bhi Din The,Sajid Ali,Rohit SarafAdarsh GouravSanjana Sanghi,2024
Patna Shuklla,Vivek Budakoti,Raveena TandonManav Vij,2024
Bengal 1947,Akashaditya Lama,Devoleena BhattacharjeeOmkar Das ManikpuriAditya LakhiaSohaila Kapur,2024
Dukaan,Siddharth–Garima,Monika PanwarSikandar KherMonali Thakur,2024
Bade Miyan Chote Miyan,Ali Abbas Zafar,Akshay KumarTiger ShroffPrithviraj SukumaranManushi ChhillarAlaya FSonakshi SinhaRonit Bose Roy,2024
Maidaan,Amit Sharma,Ajay DevgnPriyamaniGajraj Rao,2024
Amar Singh Chamkila,Imtiaz Ali,Diljit DosanjhParineeti Chopra,2024
Ameena,Kumar Raj,Rekha RanaAnant Mahadevan,2024
Gauraiya Live,Gabriel Vats,Ada SinghRandhir Singh ThakurOmkar Das ManikpuriShagufta AliPankaj JhaSeema Saini,2024
Silence 2: The Night Owl Bar Shootout,Aban Bharucha Deohans,Manoj BajpayeePrachi DesaiSahil VaidParul GulatiShruti Bapna,2024
Love Sex Aur Dhokha 2,Dibakar Banerjee,Mouni RoyNimrit Kaur AhluwaliaTusshar KapoorUrfi JavedSophie Choudry,2024
Do Aur Do Pyaar,Shirsha Guha Thakurta,Vidya BalanPratik GandhiIleana D'CruzSendhil Ramamurthy,2024
Kaam Chalu Hai,Palash Muchhal,Rajpal YadavGiaa ManekKurangi Nagraj,2024
Appu,Prosenjit Ganguly,Arjun BajwaRupa BhimaniAbhijit Bhunia,2024
Luv You Shankar,Rajiv S. Ruia,Shreyas TalpadeTanishaa MukerjiAbhimanyu SinghHemant Pandey,2024
The Legacy of Jineshwar,Pradeep P. JadhavVivek Iyer,Shubham VyasSurendra PalAnil LalwaniManish Bishla,2024
Ruslaan,Karan Butani,Aayush SharmaSushrii Shreya MishraaJagapathi BabuVidya Malvade,2024
Main Ladega,Gaurav Rana,Akash Pratap Singh,2024
Srikanth,Tushar Hiranandani,Rajkummar RaoJyothikaAlaya FSharad Kelkar,2024
Tipppsy,Deepak Tijori,Deepak TijoriNatasha SuriKainaat AroraNazia HussainAlankrita SahaiSonia Birje,2024
Kartam Bhugtam,Soham P. Shah,Shreyas TalpadeVijay RaazMadhooAksha Pardasany,2024
Bhaiyya Ji,Apoorva Singh Karki,Manoj BajpayeeSuvinder VickyJatin GoswamiVipin SharmaZoya Hussain,2024
Mr. & Mrs. Mahi,Sharan Sharma,Rajkummar RaoJanhvi Kapoor,2024
Savi,Abhinay Deo,Anil KapoorDivya Khosla KumarHarshvardhan Rane,2024
Chhota Bheem and the Curse of Damyaan,Rajiv Chilaka,Anupam KherMakrand DeshpandeSanjay BishnoiSurbhi TiwariYagya Bhasin,2024
Dedh Bigha Zameen,Pulkit,Pratik GandhiKhushalii Kumar,2024
House of Lies,Saumitra Singh,Sanjay KapoorSsmilley SuriSimran Kaur SuriHiten Paintal,2024
Malhar[d],Vishal Kumbhar,Sharib HashmiAnjali PatilRishi SaxenaMohammad SamadShrinivas Pokale,2024
Bajrang Aur Ali,Jaiveer,Sachin ParikhGaurav Shankar,2024
Blackout,Devang Shashin Bhavsar,Vikrant MasseyMouni RoySunil Grover,2024
Phooli,Avinash Dhyani,Avinash DhyaniSuruchi SaklaniRiya Baluni,2024
Chandu Champion,Kabir Khan,Kartik Aaryan,2024
Manihar,Sanjeev Kumar Rajput,Badrul IslamPankaj Berry,2024
Luv Ki Arrange Marriage,Ishrat R. Khan,Sunny SinghAvneet KaurAnnu KapoorSupriya PathakRajpal Yadav,2024
Ishq Vishk Rebound,Nipun Dharmadhikari,Rohit SarafPashmina RoshanJibraan KhanNaila Grrewal,2024
Maharaj,Siddharth P. Malhotra,Junaid KhanJaideep AhlawatShalini PandeySharvari,2024
Hamare Baarah,Kamal Chandra,Annu KapoorParth SamthaanManoj Joshi,2024
Pushtaini,Vinod Rawat,Vinod RawatHemant PandeyShashi Bhushan,2024
Jahangir National University,Vinay Sharma,Siddharth BodkeUrvashi RautelaRashami DesaiPiyush MishraRavi Kishan,2024
Rautu Ka Raaz,Anand Surapur,Nawazuddin SiddiquiRajesh KumarNarayani ShastriAtul Tiwari,2024
Sharmajee Ki Beti,Tahira Kashyap Khurana,Divya DuttaSakshi TanwarSaiyami KherSharib Hashmi,2024
Kooki,Pranab J Deka,Ritisha KhaundRajesh TailangRina RaniDipannita SharmaDevoleena Bhattacharjee,2024
Kill,Nikhil Nagesh Bhat,LakshyaRaghav JuyalTanya Maniktala,2024
Wild Wild Punjab,Simarpreet Singh,Varun SharmaSunny SinghManjot SinghJassie GillPatralekha PaulIshita Raj Sharma,2024
Sarfira,Sudha Kongara,Akshay KumarParesh RawalRadhika Madan,2024
Kakuda,Aditya Sarpotdar,Riteish DeshmukhSonakshi SinhaSaqib Saleem,2024
Accident or Conspiracy: Godhra,M.K Shivaaksh,Ranvir ShoreyManoj Joshi,2024
Bloody Ishq,Vikram Bhatt,Avika GorVardhan Puri,2024
Pride,Pankaj Kr Virat,Mimoh ChakrabortyAishwarya Raj BhakuniArif Zakaria,2024
Auron Mein Kahan Dum Tha,Neeraj Pandey,Ajay DevgnTabuJimmy SheirgillShantanu MaheshwariSaiee Manjrekar,2024
Ulajh,Sudhanshu Saria,Janhvi KapoorGulshan DevaiahRajesh TailangMeiyang ChangRoshan Mathew,2024
Aliya Basu Gayab Hai,Preeti Singh,Vinay PathakRaima SenSalim Diwan,2024
Phir Aayi Hasseen Dillruba,Jayprad Desai,Taapsee PannuVikrant MasseySunny KaushalJimmy Sheirgill,2024
Ghudchadi,Binoy Gandhi,Sanjay DuttRaveena TandonParth SamthaanKhushalii Kumar,2024
Ghuspaithiya,Susi Ganeshan,Urvashi RautelaVineet Kumar SinghAkshay Oberoi,2024
Khel Khel Mein,Mudassar Aziz,Akshay KumarTaapsee PannuFardeen KhanVaani KapoorAmmy VirkPragya JaiswalAditya Seal,2024
Vedaa,Nikkhil Advani,John AbrahamSharvariAbhishek BanerjeeAshish Vidyarthi,2024
Tikdam,Vivek Anchalia,Amit SialArisht JainAarohi SaudDivyansh DwivediNayan Bhatt,2024
A Wedding Story,Abhinav Pareek,Vaibhav TatwawadiMukti MohanLakshvir Singh SaranMonica Chaudhary Akshay Anand,2024
Pad Gaye Pange,Santosh Kumar,Samarpan SinghRajpal YadavRajesh SharmaFaisal MalikVarsha RekhateRrajesh Yadav,2024
Visfot,Kookie Gulati,Riteish DeshmukhFardeen KhanPriya BapatKrystle D'Souza,2024
The Buckingham Murders,Hansal Mehta,Kareena Kapoor KhanAsh TandonRanveer BrarKeith Allen,2024
Sector 36,Aditya Nimbalkar,Vikrant MasseyDeepak Dobriyal,2024
Berlin,Atul Sabharwal,Ishwak SinghAparshakti KhuranaRahul BoseAnupriya GoenkaKabir Bedi,2024
Adbhut,Sabbir Khan,Nawazuddin SiddiquiDiana PentyShreya DhanwantharyRohan Mehra,2024
Kahan Shuru Kahan Khatam,Saurabh Dasgupta,Dhvani BhanushaliAashim GulatiSupriya PilgaonkarRakesh BediSonali SachdevRajesh SharmaAkhilendra MishraChittranjan TripathyVikram KochharHimansh KohliVikas Verma,2024
Yudhra,Ravi Udyawar,Siddhant ChaturvediMalavika MohananRaghav JuyalGajraj RaoRam Kapoor,2024
Nasha Jurm Aur Gangsters,Rajkumar Patra,Rajkumar PatraRocky Rupkumar PatraYudiMunni PankajAbhijit Acharjee,2024
Jo Tera Hai Woh Mera Hai,Raj Trivedi,Paresh RawalAmit SialFaisal MalikSonali KulkarniSonnalli Seygall,2024
"Love, Sitara",Vandana Kataria,Sobhita DhulipalaRajeev SiddharthaSonali KulkarniB. JayashreeVirginia RodriguesSanjay BhutianiTamara D’SouzaRijul Ray,2024
Binny And Family,Ssanjay Tripaathy,Anjini DhawanPankaj KapurRajesh KumarCharu ShankarHimani ShivpuriNaman Tripathy,2024
CTRL,Vikramaditya Motwane,Ananya PandayVihaan Samat,2024
Amar Prem Ki Prem Kahani,Hardik Gajjar,Sunny SinghAditya SealPranutan Bahl,2024
The Signature,Gajendra Ahire,Anupam KherMahima ChaudhryNeena KulkarniAnnu KapoorRanvir Shorey,2024
Jigra,Vasan Bala,Alia BhattVedang Raina,2024
Vicky Vidya Ka Woh Wala Video,Raaj Shaandilyaa,Rajkummar RaoTriptii Dimri,2024
Aayushmati Geeta Matric Pass,Prradip Khairwar,Kashika KapoorAnuj SainiAtul SrivastavAlka Amin,2024
Do Patti,Shashanka Chaturvedi,KajolKriti SanonShaheer SheikhTanvi AzmiBrijendra KalaVivek MushranPrachi Shah,2024
Bandaa Singh Chaudhary,Abhishek Saxena,Arshad WarsiMeher Vij,2024
The Miranda Brothers,Sanjay Gupta,Harshvardhan RaneMeezaan Jafri,2024
Navras Katha Collage,Praveen Hingonia,Praveen HingoniaSheeba ChaddhaRajesh SharmaAlka AminRevathi Pillai,2024
Vijay 69,Akshay Roy,Anupam KherChunky PandayMihir Ahuja,2024
Ella,Roshan Fernandes,Isha TalwarMakarand DeshpandeSaranya Sharma,2024
Khwaabon Ka Jhamela,Danish Aslam,Prateik BabbarSayani GuptaKubbra Sait,2024
The Sabarmati Report,Dheeraj Sarna,Vikrant MasseyRaashii KhannaRiddhi Dogra,2024
Naam,Anees Bazmee,Ajay DevgnSameera ReddyBhumika ChawlaRahul Dev,2024
I Want to Talk,Shoojit Sircar,Abhishek BachchanAhilya BamrooJohny Lever,2024
Sikandar Ka Muqaddar,Neeraj Pandey,Jimmy ShergillTamannaah BhatiaAvinash Tiwary,2024
Agni,Rahul Dholakia,Pratik GandhiDivyennduSaiyami KherJitendra JoshiSai Tamhankar,2024
Zero Se Restart,Vidhu Vinod Chopra,Vikrant MasseyMedha ShankarAnant V Joshi,2024
Despatch,Kanu Behl,Manoj BajpayeeShahana Goswami,2024
Vanvaas,Anil Sharma,Nana PatekarUtkarsh SharmaSimrat KaurRajpal Yadav,2024
OutHouse,Sunil Sukthankar,Sunil AbhyankarSharmila TagoreSonali KulkarniMohan AgasheJihan Jeetendra Hodar,2024
Baby John,Kalees,Varun DhawanKeerthy SureshWamiqa GabbiJackie ShroffSanya Malhotra,2024
Kisko Tha Pata,Ratnaa Sinha,Ashnoor KaurAkshay OberoiAadil Khan,2024